step,time_s,region,occ_frac,patch_cells,pool_cells,births_cum,washout_cum,contraction_cum,edge_cum,reseeds_cum,distal_cum,external_cum,mean_cfu_ml,lumen_cells,lumen_lineages,lumen_mu_per_s,lumen_carbon_mol_m3,lumen_acetate_mol_m3,stool_cum,deaths_cum,purged_cum,stocks,expected,ledger_ok,hapc
10,600,cecum,0.01,44,19,2,0,19,0,0,0,1,8099.42,3273.81,1,0.000169231,0.008,9.34608e-10,45.3606,16.1953,0,9888.31,9888.31,1,0
10,600,transverse,0.025,99,7,1,2,5,0,0,0,5,18018.7,3227.84,1,0.000138262,0.00506185,8.69816e-10,45.3606,16.1953,0,9888.31,9888.31,1,0
10,600,descending,0.01,25,17,0,1,16,0,0,0,2,4656.72,3175.66,1,9.2581e-05,0.00254178,6.72997e-10,45.3606,16.1953,0,9888.31,9888.31,1,0
20,1200,cecum,0.0125,36,30,4,2,27,1,0,0,2,6556.44,3572.66,1,0.000169231,0.008,1.94151e-09,93.3722,33.5702,0,10638.2,10638.2,1,0
20,1200,transverse,0.0275,71,41,5,4,35,2,0,0,7,12969.3,3478.79,1,0.000139082,0.00512243,1.81324e-09,93.3722,33.5702,0,10638.2,10638.2,1,0
20,1200,descending,0.015,24,21,0,1,20,0,0,0,5,4553.15,3363.75,1,9.35936e-05,0.00258389,1.39649e-09,93.3722,33.5702,0,10638.2,10638.2,1,0
30,1800,cecum,0.0125,34,36,7,3,31,2,0,0,3,6142.89,3898.86,1,0.000169231,0.008,3.02753e-09,144.282,52.237,0,11449.3,11449.3,1,0
30,1800,transverse,0.02,48,65,5,5,58,2,0,0,8,8784.4,3752.84,1,0.000139877,0.00518176,2.83752e-09,144.282,52.237,0,11449.3,11449.3,1,0
30,1800,descending,0.0125,15,31,0,1,30,0,0,0,6,2866.23,3568.6,1,9.46021e-05,0.00262629,2.17545e-09,144.282,52.237,0,11449.3,11449.3,1,0
40,2400,cecum,0.02,38,28,9,3,35,2,0,12,9,6863.57,4262.24,13,0.000169231,0.008,4.20118e-09,198.318,72.3135,0,12329.9,12329.9,1,0
40,2400,transverse,0.0175,26,87,5,5,80,2,0,0,8,4782.67,4052.12,13,0.000140645,0.00523986,3.95012e-09,198.318,72.3135,0,12329.9,12329.9,1,0
40,2400,descending,0.0075,12,35,0,1,34,0,0,0,7,2292.98,3789.52,13,9.56058e-05,0.00266896,3.01472e-09,198.318,72.3135,0,12329.9,12329.9,1,0
50,3000,cecum,0.025,39,31,11,3,39,2,0,13,12,7009.52,4650.64,14,0.000169231,0.00799999,5.47096e-09,255.703,93.9153,0,13289.2,13289.2,1,0
50,3000,transverse,0.035,27,96,7,6,87,3,0,0,16,5006.27,4369.77,14,0.00014139,0.00529677,5.15845e-09,255.703,93.9153,0,13289.2,13289.2,1,0
50,3000,descending,0.0225,17,35,0,2,34,0,0,1,13,3204.64,4023.81,14,9.66042e-05,0.00271188,3.91917e-09,255.703,93.9153,0,13289.2,13289.2,1,0
60,3600,cecum,0.03,40,40,15,4,47,3,0,14,19,7145.07,5070.39,15,0.000169231,0.00799999,6.84346e-09,316.678,117.152,0,14332,14332,1,0
60,3600,transverse,0.0375,24,102,7,6,94,3,0,1,20,4549.54,4720.78,16,0.000142111,0.0053525,6.46973e-09,316.678,117.152,0,14332,14332,1,0
60,3600,descending,0.02,15,39,1,4,38,0,0,3,16,2800.59,4280.85,18,9.75967e-05,0.00275502,4.89412e-09,316.678,117.152,0,14332,14332,1,0
70,4200,cecum,0.0325,46,45,22,4,51,4,0,14,23,8213.68,5530.7,15,0.000169231,0.00799999,8.32818e-09,381.6,142.186,0,15467.3,15467.3,1,0
70,4200,transverse,0.04,22,108,7,7,101,3,0,3,26,4179.3,5102.08,18,0.00014281,0.00540709,7.89464e-09,381.6,142.186,0,15467.3,15467.3,1,0
70,4200,descending,0.0175,12,43,1,4,42,0,0,3,17,2227.35,4558.57,20,9.85827e-05,0.00279836,5.94683e-09,381.6,142.186,0,15467.3,15467.3,1,0
80,4800,cecum,0.0325,48,44,24,4,54,4,0,18,26,8576.83,6038.44,19,0.000169231,0.00799999,9.93672e-09,450.763,169.178,0,16697.9,16697.9,1,0
80,4800,transverse,0.065,33,99,8,7,101,3,0,12,36,6214.72,5520.71,30,0.000143487,0.00546055,9.44395e-09,450.763,169.178,0,16697.9,16697.9,1,0
80,4800,descending,0.03,14,43,1,4,46,0,0,7,23,2525.86,4857.78,35,9.95619e-05,0.00284188,7.08378e-09,450.763,169.178,0,16697.9,16697.9,1,0
90,5400,cecum,0.03,44,49,25,4,62,4,0,21,29,7835.33,6591.59,22,0.000169231,0.00799999,1.16809e-08,524.502,198.287,0,18034.4,18034.4,1,0
90,5400,transverse,0.0775,36,101,8,8,104,3,0,14,43,6756.29,5972.49,35,0.000144144,0.0055129,1.11273e-08,524.502,198.287,0,18034.4,18034.4,1,0
90,5400,descending,0.03,13,49,1,4,53,0,0,8,29,2415.19,5178.35,40,0.000100534,0.00288556,8.31231e-09,524.502,198.287,0,18034.4,18034.4,1,0
100,6000,cecum,0.035,48,51,28,5,63,5,0,22,33,8545.59,7192.33,23,0.000169231,0.00799999,1.35731e-08,603.148,229.706,0,19492,19492,1,0
100,6000,transverse,0.05,23,114,9,9,120,3,0,18,46,4406.85,6471.23,39,0.000144781,0.00556418,1.29587e-08,603.148,229.706,0,19492,19492,1,0
100,6000,descending,0.0175,8,55,1,5,60,0,0,10,32,1529.27,5529.46,45,0.000101498,0.00292936,9.6399e-09,603.148,229.706,0,19492,19492,1,0
110,6600,cecum,0.03,47,61,29,5,73,5,0,22,41,8318,7842.81,23,0.000169231,0.00799998,1.56253e-08,687.152,263.643,0,21075.4,21075.4,1,0
110,6600,transverse,0.0375,17,117,9,10,126,3,0,22,47,3327.64,7016.86,43,0.000145398,0.0056144,1.49525e-08,687.152,263.643,0,21075.4,21075.4,1,0
110,6600,descending,0.03,13,54,1,5,60,0,0,11,37,2408.1,5906.68,49,0.000102454,0.00297329,1.10762e-08,687.152,263.643,0,21075.4,21075.4,1,0
120,7200,cecum,0.0325,41,72,29,6,85,5,0,24,48,7290.2,8556.04,23,0.000169231,0.00799998,1.78525e-08,776.973,300.32,0,22802.1,22802.1,1,0
120,7200,transverse,0.0475,24,117,12,10,129,3,0,25,54,4746.81,7604.39,46,0.000145998,0.00566358,1.71229e-08,776.973,300.32,0,22802.1,22802.1,1,0
120,7200,descending,0.045,20,50,2,5,60,0,0,15,43,3716.71,6317.66,56,0.000103402,0.00301731,1.26312e-08,776.973,300.32,0,22802.1,22802.1,1,0
130,7800,cecum,0.0375,44,76,31,7,89,6,0,26,55,7824.1,9334.68,23,0.000169231,0.00799998,2.02713e-08,873.01,339.961,0,24680.8,24680.8,1,0
130,7800,transverse,0.055,26,121,13,11,134,4,0,28,62,5105.23,8244.19,48,0.000146579,0.00571175,1.94852e-08,873.01,339.961,0,24680.8,24680.8,1,0
130,7800,descending,0.06,26,52,2,5,62,0,0,15,51,4849.02,6756.94,58,0.000104341,0.00306141,1.43142e-08,873.01,339.961,0,24680.8,24680.8,1,0
140,8400,cecum,0.045,51,77,34,7,91,6,0,27,61,9078.66,10184.6,23,0.000169231,0.00799998,2.28992e-08,975.787,382.832,0,26729.5,26729.5,1,0
140,8400,transverse,0.0475,22,129,15,12,146,4,0,33,69,4440.65,8945.2,53,0.000147144,0.00575893,2.2057e-08,975.787,382.832,0,26729.5,26729.5,1,0
140,8400,descending,0.055,26,57,3,7,65,0,0,15,55,4816.21,7237.68,63,0.000105271,0.00310557,1.6137e-08,975.787,382.832,0,26729.5,26729.5,1,0
150,9000,cecum,0.035,48,86,35,7,102,6,0,29,68,8550.39,11112.3,23,0.000169231,0.00799997,2.57554e-08,1085.96,429.233,0,28958.8,28958.8,1,0
150,9000,transverse,0.045,20,134,16,13,153,4,0,36,74,4070.41,9709.95,54,0.000147692,0.00580513,2.48583e-08,1085.96,429.233,0,28958.8,28958.8,1,0
150,9000,descending,0.06,27,59,5,8,67,2,0,18,59,4985.41,7762.58,64,0.000106192,0.00314977,1.81137e-08,1085.96,429.233,0,28958.8,28958.8,1,0
160,9600,cecum,0.0425,49,97,38,7,114,7,0,31,79,8777.16,12120.8,23,0.000169231,0.00799997,2.88606e-08,1204.16,479.479,0,31387.6,31387.6,1,0
160,9600,transverse,0.045,21,138,17,15,158,4,1,38,80,4301.9,10542.4,54,0.000148224,0.00585038,2.79101e-08,1204.16,479.479,0,31387.6,31387.6,1,0
160,9600,descending,0.065,29,58,5,9,67,2,0,20,62,5356.64,8332.47,65,0.000107103,0.00319399,2.02586e-08,1204.16,479.479,0,31387.6,31387.6,1,0
170,10200,cecum,0.0375,40,104,40,8,127,7,0,38,82,7159.45,13235.2,28,0.000169231,0.00799997,3.2239e-08,1331.1,533.913,0,34033.3,34033.3,1,0
170,10200,transverse,0.06,27,138,18,15,165,5,1,46,93,5400.8,11449.7,67,0.000148741,0.00589469,3.12343e-08,1331.1,533.913,0,34033.3,34033.3,1,0
170,10200,descending,0.0575,25,65,5,10,75,2,0,22,67,4607.1,8949.45,79,0.000108005,0.00323823,2.25873e-08,1331.1,533.913,0,34033.3,34033.3,1,0
180,10800,cecum,0.03,34,105,41,8,137,7,0,47,85,6081.25,14453.9,35,0.00016923,0.00799996,3.59189e-08,1467.47,592.927,0,36919.5,36919.5,1,0
180,10800,transverse,0.065,32,142,21,15,173,6,1,51,104,6453.66,12439.5,75,0.000149243,0.0059381,3.4858e-08,1467.47,592.927,0,36919.5,36919.5,1,0
180,10800,descending,0.05,22,74,5,10,84,2,0,22,73,4125.21,9617.04,87,0.000108898,0.00328246,2.5116e-08,1467.47,592.927,0,36919.5,36919.5,1,0
190,11400,cecum,0.04,38,107,42,9,148,7,0,57,100,6790.69,15772.6,39,0.00016923,0.00799996,3.99253e-08,1614.13,656.921,0,40064.3,40064.3,1,0
190,11400,transverse,0.0625,31,148,21,15,184,6,1,56,114,6266.58,13521.4,84,0.000149731,0.0059806,3.88081e-08,1614.13,656.921,0,40064.3,40064.3,1,0
190,11400,descending,0.055,24,72,6,10,84,3,0,25,75,4496.44,10350.2,96,0.00010978,0.00332667,2.78637e-08,1614.13,656.921,0,40064.3,40064.3,1,0
200,12000,cecum,0.06,48,109,44,10,151,8,0,60,113,8608.72,17207.3,41,0.00016923,0.00799996,4.42877e-08,1771.98,726.349,0,43499.8,43499.8,1,0
200,12000,transverse,0.075,38,152,26,16,196,6,1,65,129,7593.02,14702,91,0.000150205,0.00602223,4.31156e-08,1771.98,726.349,0,43499.8,43499.8,1,0
200,12000,descending,0.06,28,74,7,12,87,3,0,28,83,5341.8,11141.6,103,0.000110653,0.00337084,3.08512e-08,1771.98,726.349,0,43499.8,43499.8,1,0
210,12600,cecum,0.075,58,113,45,11,157,8,0,63,129,10422,18770.1,41,0.00016923,0.00799995,4.90364e-08,1941.99,801.686,0,47238.4,47238.4,1,0
210,12600,transverse,0.055,26,173,26,19,217,6,1,68,141,5262.04,15988.2,92,0.000150667,0.00606301,4.7813e-08,1941.99,801.686,0,47238.4,47238.4,1,0
210,12600,descending,0.075,34,73,7,12,90,3,0,32,92,6396.93,12003.1,108,0.000111515,0.00341497,3.41005e-08,1941.99,801.686,0,47238.4,47238.4,1,0
220,13200,cecum,0.08,64,118,47,11,163,8,0,64,139,11536.2,20480.2,41,0.00016923,0.00799995,5.42064e-08,2125.18,883.445,0,51319.1,51319.1,1,0
220,13200,transverse,0.0675,33,176,27,19,225,6,1,73,155,6536.21,17392.9,93,0.000151115,0.00610294,5.29348e-08,2125.18,883.445,0,51319.1,51319.1,1,0
220,13200,descending,0.0775,35,85,9,12,103,4,0,34,105,6577.68,12935,109,0.000112367,0.00345903,3.76354e-08,2125.18,883.445,0,51319.1,51319.1,1,0
230,13800,cecum,0.1125,80,120,51,11,168,9,0,68,157,14493.2,22341.7,42,0.00016923,0.00799994,5.98374e-08,2322.69,972.231,0,55773.2,55773.2,1,0
230,13800,transverse,0.09,42,177,29,19,234,8,1,83,173,8261.53,18928.9,95,0.000151551,0.00614204,5.85238e-08,2322.69,972.231,0,55773.2,55773.2,1,0
230,13800,descending,0.085,41,88,11,12,107,5,0,36,114,7684.27,13954.5,111,0.000113209,0.00350302,4.14821e-08,2322.69,972.231,0,55773.2,55773.2,1,0
240,14400,cecum,0.1,76,142,55,12,190,9,0,69,172,13712.6,24373.9,42,0.00016923,0.00799993,6.59709e-08,2535.9,1068.7,0,60632.5,60632.5,1,0
240,14400,transverse,0.0775,35,192,30,19,257,8,1,91,188,6995.24,20608.5,98,0.000151975,0.00618034,6.46237e-08,2535.9,1068.7,0,60632.5,60632.5,1,0
240,14400,descending,0.055,30,99,14,12,123,5,0,41,116,5658.94,15076,114,0.000114041,0.00354692,4.56721e-08,2535.9,1068.7,0,60632.5,60632.5,1,0
250,15000,cecum,0.1125,84,154,56,12,211,9,0,78,200,15173.9,26587,45,0.00016923,0.00799993,7.26523e-08,2766.27,1173.53,0,65930.1,65930.1,1,0
250,15000,transverse,0.095,45,195,32,19,265,8,1,96,204,8907.65,22439.7,103,0.000152387,0.00621785,7.12807e-08,2766.27,1173.53,0,65930.1,65930.1,1,0
250,15000,descending,0.075,39,99,15,12,125,5,0,43,126,7254.5,16287.4,120,0.000114862,0.00359073,5.02389e-08,2766.27,1173.53,0,65930.1,65930.1,1,0
260,15600,cecum,0.125,84,169,59,13,231,9,0,84,218,15182.7,29010.3,45,0.00016923,0.00799992,7.99326e-08,3015.22,1287.5,0,71714.2,71714.2,1,0
260,15600,transverse,0.14,67,199,35,20,272,10,1,102,233,13094.8,24429.2,104,0.000152788,0.00625459,7.85474e-08,3015.22,1287.5,0,71714.2,71714.2,1,0
260,15600,descending,0.0925,46,103,16,12,131,5,0,45,138,8600.39,17606.7,122,0.000115673,0.00363442,5.52163e-08,3015.22,1287.5,0,71714.2,71714.2,1,0
270,16200,cecum,0.1225,79,201,63,14,262,10,0,85,242,14302.5,31644.1,45,0.00016923,0.00799991,8.78655e-08,3284.44,1411.4,0,78027.7,78027.7,1,0
270,16200,transverse,0.135,65,219,39,22,298,10,1,110,255,12668.4,26613.3,111,0.000153178,0.00629057,8.64778e-08,3284.44,1411.4,0,78027.7,78027.7,1,0
270,16200,descending,0.0925,43,117,17,13,145,6,0,47,150,8205.4,19046.3,129,0.000116474,0.00367799,6.06432e-08,3284.44,1411.4,0,78027.7,78027.7,1,0
280,16800,cecum,0.1325,88,215,66,15,280,11,0,91,268,15949.8,34522.1,45,0.00016923,0.0079999,9.65098e-08,3575.77,1546.17,0,84916.1,84916.1,1,0
280,16800,transverse,0.1775,84,225,41,23,312,10,1,119,287,16273.5,28992,111,0.000153558,0.0063258,9.51364e-08,3575.77,1546.17,0,84916.1,84916.1,1,0
280,16800,descending,0.1025,51,126,19,13,158,6,0,51,169,9833.11,20613,130,0.000117264,0.00372143,6.6563e-08,3575.77,1546.17,0,84916.1,84916.1,1,0
290,17400,cecum,0.1375,83,244,69,15,315,11,0,97,295,15054.4,37662.8,45,0.00016923,0.00799989,1.05931e-07,3891.2,1692.8,0,92435.5,92435.5,1,0
290,17400,transverse,0.1675,80,250,43,23,353,11,1,136,323,15552.7,31597.5,118,0.000153928,0.00636031,1.04592e-07,3891.2,1692.8,0,92435.5,92435.5,1,0
290,17400,descending,0.105,55,137,21,15,168,6,0,52,183,10495.7,22326.2,137,0.000118044,0.00376473,7.30224e-08,3891.2,1692.8,0,92435.5,92435.5,1,0
300,18000,cecum,0.165,100,257,76,19,325,12,0,99,320,18151.8,41088.7,45,0.00016923,0.00799988,1.162e-07,4232.98,1852.38,0,100649,100649,1,0
300,18000,transverse,0.17,84,264,47,26,370,11,1,142,343,16490.5,34451.8,118,0.000154288,0.0063941,1.14919e-07,4232.98,1852.38,0,100649,100649,1,0
300,18000,descending,0.12,65,139,21,15,175,6,0,57,200,12389.2,24199.1,137,0.000118813,0.00380788,8.00739e-08,4232.98,1852.38,0,100649,100649,1,0
310,18600,cecum,0.145,95,278,78,21,355,12,0,110,345,17257.2,44837.9,46,0.00016923,0.00799987,1.27396e-07,4603.52,2026.11,0,109619,109619,1,0
310,18600,transverse,0.155,81,298,51,28,407,11,1,147,375,16186.6,37560,119,0.000154638,0.0064272,1.26201e-07,4603.52,2026.11,0,109619,109619,1,0
310,18600,descending,0.125,71,154,28,15,195,7,0,63,220,13591.6,26243.9,139,0.000119573,0.00385087,8.77748e-08,4603.52,2026.11,0,109619,109619,1,0
320,19200,cecum,0.1675,102,293,82,23,372,13,0,115,368,18576.6,48926.7,46,0.00016923,0.00799986,1.39606e-07,5005.54,2215.35,0,119414,119414,1,0
320,19200,transverse,0.17,90,304,57,29,432,11,1,167,404,18020.4,40979.1,124,0.00015498,0.00645961,1.38528e-07,5005.54,2215.35,0,119414,119414,1,0
320,19200,descending,0.1225,68,170,28,16,215,7,0,68,238,12847.1,28480.7,147,0.000120322,0.00389368,9.61887e-08,5005.54,2215.35,0,119414,119414,1,0
330,19800,cecum,0.2025,118,308,86,24,392,14,0,122,402,21445.6,53380.8,46,0.00016923,0.00799985,1.5292e-07,5441.91,2421.48,0,130110,130110,1,0
330,19800,transverse,0.195,103,322,59,30,456,12,1,175,441,20437.9,44698.1,125,0.000155312,0.00649135,1.51998e-07,5441.91,2421.48,0,130110,130110,1,0
330,19800,descending,0.1475,80,177,30,18,222,8,0,71,258,14947.7,30923,148,0.00012106,0.00393632,1.05384e-07,5441.91,2421.48,0,130110,130110,1,0
340,20400,cecum,0.1725,105,348,94,25,434,15,0,126,425,19068.8,58251.1,46,0.000169229,0.00799983,1.67439e-07,5915.86,2646.08,0,141804,141804,1,0
340,20400,transverse,0.2375,136,331,63,32,474,13,1,187,491,26672.3,48757.8,129,0.000155636,0.00652244,1.66717e-07,5915.86,2646.08,0,141804,141804,1,0
340,20400,descending,0.15,85,187,36,18,240,11,0,82,278,16060.7,33602.9,161,0.000121789,0.00397878,1.15438e-07,5915.86,2646.08,0,141804,141804,1,0
350,21000,cecum,0.15,97,391,100,28,479,16,0,132,460,17536.3,63556.9,46,0.000169229,0.00799982,1.83273e-07,6431.04,2890.87,0,154573,154573,1,0
350,21000,transverse,0.2075,113,389,67,34,541,13,1,198,533,22475.6,53207.5,129,0.000155951,0.00655288,1.82804e-07,6431.04,2890.87,0,154573,154573,1,0
350,21000,descending,0.1675,95,193,38,19,250,11,0,87,297,17994,36530.5,161,0.000122507,0.00402104,1.26436e-07,6431.04,2890.87,0,154573,154573,1,0
360,21600,cecum,0.17,102,407,101,31,510,16,0,150,498,18493.3,69358.8,48,0.000169229,0.0079998,2.00545e-07,6991.21,3157.76,0,168524,168524,1,0
360,21600,transverse,0.2375,129,396,68,38,560,13,1,214,571,25426.8,58086.6,132,0.000156258,0.0065827,2.00391e-07,6991.21,3157.76,0,168524,168524,1,0
360,21600,descending,0.1725,106,210,45,23,269,11,0,93,324,20192.3,39728.3,164,0.000123216,0.0040631,1.38469e-07,6991.21,3157.76,0,168524,168524,1,0
370,22200,cecum,0.1775,111,431,107,32,541,17,0,159,534,20080.6,75684.1,48,0.000169229,0.00799978,2.19383e-07,7600.62,3448.77,0,183777,183777,1,0
370,22200,transverse,0.285,162,415,73,41,585,14,1,224,628,31898.9,63399.9,132,0.000156557,0.0066119,2.19617e-07,7600.62,3448.77,0,183777,183777,1,0
370,22200,descending,0.1625,100,247,52,27,304,13,0,97,352,18863.1,43227.2,165,0.000123914,0.00410495,1.51638e-07,7600.62,3448.77,0,183777,183777,1,0
380,22800,cecum,0.195,116,466,112,35,585,18,0,172,582,21018.5,82580.4,48,0.000169229,0.00799976,2.3993e-07,8263.97,3766.13,0,200440,200440,1,0
380,22800,transverse,0.33,190,439,80,44,617,14,1,235,684,36834.8,69217.2,132,0.000156849,0.00664049,2.40633e-07,8263.97,3766.13,0,200440,200440,1,0
380,22800,descending,0.19,111,254,52,29,322,13,0,110,383,20979.8,47066,165,0.000124602,0.00414659,1.66056e-07,8263.97,3766.13,0,200440,200440,1,0
390,23400,cecum,0.235,136,482,116,38,613,20,0,189,631,24773,90112.1,48,0.000169229,0.00799974,2.62344e-07,8986.38,4112.36,0,218660,218660,1,0
390,23400,transverse,0.335,192,485,89,49,666,16,1,245,733,37358,75591.6,132,0.000157133,0.00666849,2.63616e-07,8986.38,4112.36,0,218660,218660,1,0
390,23400,descending,0.1675,100,288,58,31,356,14,0,113,403,19151.4,51273.1,165,0.000125281,0.00418801,1.81845e-07,8986.38,4112.36,0,218660,218660,1,0
400,24000,cecum,0.24,135,522,123,40,665,21,0,204,678,24611,98333.6,50,0.000169228,0.00799971,2.86796e-07,9773.43,4490.15,0,238576,238576,1,0
400,24000,transverse,0.3575,218,492,97,53,692,17,1,269,782,42326.1,82583.7,135,0.00015741,0.00669592,2.88752e-07,9773.43,4490.15,0,238576,238576,1,0
400,24000,descending,0.1875,110,317,61,34,387,15,0,119,445,20796.4,55864.4,168,0.00012595,0.00422919,1.99141e-07,9773.43,4490.15,0,238576,238576,1,0
410,24600,cecum,0.1975,118,586,129,41,742,23,0,220,735,21396.8,107299,50,0.000169228,0.00799969,3.1347e-07,10631.3,4902.5,0,260345,260345,1,0
410,24600,transverse,0.4025,244,518,101,56,734,17,1,288,849,47354.3,90214.7,135,0.00015768,0.00672277,3.16249e-07,10631.3,4902.5,0,260345,260345,1,0
410,24600,descending,0.2375,137,317,64,34,398,15,0,130,480,25974.3,60911.2,170,0.000126609,0.00427015,2.18094e-07,10631.3,4902.5,0,260345,260345,1,0
420,25200,cecum,0.205,113,636,133,42,806,25,0,237,793,20462.9,117085,50,0.000169228,0.00799966,3.42569e-07,11567,5352.6,0,284149,284149,1,0
420,25200,transverse,0.4125,253,571,109,62,795,17,1,302,917,49087.5,98562.9,135,0.000157943,0.00674907,3.46325e-07,11567,5352.6,0,284149,284149,1,0
420,25200,descending,0.27,154,333,69,36,427,17,0,147,525,29106.2,66441.2,170,0.000127259,0.00431087,2.38867e-07,11567,5352.6,0,284149,284149,1,0
430,25800,cecum,0.2875,159,650,138,43,835,25,0,253,864,28966.1,127753,50,0.000169228,0.00799963,3.74313e-07,12587.8,5844.01,0,310182,310182,1,0
430,25800,transverse,0.48,319,583,117,65,819,18,1,318,1003,61327.6,107687,135,0.0001582,0.00677482,3.79225e-07,12587.8,5844.01,0,310182,310182,1,0
430,25800,descending,0.27,163,356,78,38,458,19,0,159,560,30710.7,72511.9,170,0.000127899,0.00435134,2.61644e-07,12587.8,5844.01,0,310182,310182,1,0
440,26400,cecum,0.2725,160,701,147,46,907,26,0,278,932,29117.7,139412,53,0.000169227,0.00799959,4.08947e-07,13702,6380.62,0,338650,338650,1,0
440,26400,transverse,0.45,283,669,123,74,923,18,1,345,1074,54985.5,117705,140,0.00015845,0.00680004,4.15215e-07,13702,6380.62,0,338650,338650,1,0
440,26400,descending,0.3225,202,374,85,40,476,20,0,162,613,37810.8,79144.2,175,0.000128529,0.00439156,2.86622e-07,13702,6380.62,0,338650,338650,1,0
450,27000,cecum,0.305,178,728,153,48,958,26,0,304,997,32414,152142,53,0.000169227,0.00799955,4.46734e-07,14918.5,6966.69,0,369783,369783,1,0
450,27000,transverse,0.38,241,777,128,78,1047,19,1,366,1156,47826.7,128657,140,0.000158694,0.00682473,4.54597e-07,14918.5,6966.69,0,369783,369783,1,0
450,27000,descending,0.3075,201,423,96,40,534,23,0,174,662,37716.2,86436.5,175,0.000129151,0.00443153,3.14018e-07,14918.5,6966.69,0,369783,369783,1,0
460,27600,cecum,0.33,201,775,161,51,1017,29,0,322,1077,36656,166014,53,0.000169227,0.00799951,4.87962e-07,16247.4,7606.91,0,403835,403835,1,0
460,27600,transverse,0.4525,301,794,138,86,1078,20,1,389,1246,59167.9,140644,140,0.000158932,0.00684891,4.97688e-07,16247.4,7606.91,0,403835,403835,1,0
460,27600,descending,0.345,220,446,100,46,562,24,0,186,712,41116.4,94439.6,175,0.000129763,0.00447124,3.44076e-07,16247.4,7606.91,0,403835,403835,1,0
470,28200,cecum,0.3625,238,807,177,58,1062,33,1,345,1153,43319,181167,53,0.000169226,0.00799947,5.32945e-07,17699.5,8306.4,0,441098,441098,1,0
470,28200,transverse,0.4425,300,852,147,94,1151,20,1,412,1317,59290.5,153791,141,0.000159164,0.00687258,5.44846e-07,17699.5,8306.4,0,441098,441098,1,0
470,28200,descending,0.4125,275,457,113,51,578,25,0,197,776,51617.4,103211,176,0.000130366,0.00451069,3.77063e-07,17699.5,8306.4,0,441098,441098,1,0
480,28800,cecum,0.3775,245,889,187,66,1158,36,1,370,1257,44466.4,197680,53,0.000169226,0.00799942,5.82024e-07,19286.9,9070.81,0,481856,481856,1,0
480,28800,transverse,0.445,299,934,159,98,1254,22,2,438,1412,59188.3,168169,143,0.00015939,0.00689577,5.96462e-07,19286.9,9070.81,0,481856,481856,1,0
480,28800,descending,0.4525,317,469,123,59,595,27,0,212,835,59590.6,112853,179,0.00013096,0.00454986,4.13273e-07,19286.9,9070.81,0,481856,481856,1,0
490,29400,cecum,0.3825,262,944,199,68,1239,39,1,401,1348,47447.7,215726,54,0.000169226,0.00799936,6.35574e-07,21023,9906.23,0,526452,526452,1,0
490,29400,transverse,0.475,338,998,172,108,1322,24,2,454,1518,66687.3,183894,145,0.000159611,0.00691846,6.5295e-07,21023,9906.23,0,526452,526452,1,0
490,29400,descending,0.4375,318,530,139,65,659,30,0,224,893,59869,123442,181,0.000131545,0.00458877,4.5303e-07,21023,9906.23,0,526452,526452,1,0
500,30000,cecum,0.4475,318,990,217,73,1301,44,1,427,1458,57738.6,235400,54,0.000169225,0.00799931,6.94004e-07,22922.5,10819.4,0,575241,575241,1,0
500,30000,transverse,0.4275,297,1115,178,112,1459,27,2,481,1615,59260.9,201139,145,0.000159826,0.00694069,7.14778e-07,22922.5,10819.4,0,575241,575241,1,0
500,30000,descending,0.4575,330,561,153,68,706,32,0,245,943,62168.3,135091,181,0.000132121,0.00462741,4.96697e-07,22922.5,10819.4,0,575241,575241,1,0
510,30600,cecum,0.4375,314,1055,224,77,1395,46,1,462,1547,56978.8,256908,54,0.000169225,0.00799924,7.57762e-07,25001.5,11817.9,0,628617,628617,1,0
510,30600,transverse,0.4475,297,1200,184,117,1579,28,2,522,1735,59201.8,220019,145,0.000160036,0.00696245,7.8246e-07,25001.5,11817.9,0,628617,628617,1,0
510,30600,descending,0.37,263,688,167,71,851,34,0,268,1012,49878.1,147873,181,0.000132689,0.00466576,5.44666e-07,25001.5,11817.9,0,628617,628617,1,0
520,31200,cecum,0.4375,317,1144,239,85,1507,47,1,494,1656,57518.3,280360,54,0.000169224,0.00799917,8.27334e-07,27277.6,12909.6,0,687034,687034,1,0
520,31200,transverse,0.49,341,1244,195,127,1646,31,3,557,1847,67918.4,240701,145,0.000160241,0.00698375,8.56549e-07,27277.6,12909.6,0,687034,687034,1,0
520,31200,descending,0.4275,304,713,177,72,894,35,0,288,1088,57446.1,161910,181,0.000133248,0.00470383,5.97372e-07,27277.6,12909.6,0,687034,687034,1,0
530,31800,cecum,0.44,318,1232,251,90,1613,49,1,519,1758,57778.7,305962,54,0.000169223,0.0079991,9.03254e-07,29770,14103.5,0,750974,750974,1,0
530,31800,transverse,0.58,429,1268,213,138,1698,34,4,598,1982,84614.9,263340,145,0.000160441,0.0070046,9.37662e-07,29770,14103.5,0,750974,750974,1,0
530,31800,descending,0.475,354,759,191,76,941,38,0,296,1178,66857.2,177311,181,0.000133798,0.00474162,6.55284e-07,29770,14103.5,0,750974,750974,1,0
540,32400,cecum,0.415,320,1356,264,96,1756,53,1,548,1900,58037.1,333871,54,0.000169223,0.00799901,9.86098e-07,32500.3,15409.3,0,820947,820947,1,0
540,32400,transverse,0.5825,438,1366,229,148,1831,37,4,646,2121,86665.6,288144,145,0.000160636,0.00702502,1.02647e-06,32500.3,15409.3,0,820947,820947,1,0
540,32400,descending,0.4875,351,817,203,80,1024,38,1,324,1249,66393.9,194284,181,0.000134341,0.00477912,7.18936e-07,32500.3,15409.3,0,820947,820947,1,0
550,33000,cecum,0.4875,369,1407,279,101,1841,57,1,591,2028,67043.8,364366,54,0.000169222,0.00799892,1.0765e-06,35492.4,16837.7,0,897540,897540,1,0
550,33000,transverse,0.57,447,1472,244,159,1959,39,4,681,2256,88886.1,315308,145,0.000160826,0.007045,1.1237e-06,35492.4,16837.7,0,897540,897540,1,0
550,33000,descending,0.455,341,910,218,88,1127,44,1,348,1341,64936,212921,181,0.000134874,0.00481632,7.88913e-07,35492.4,16837.7,0,897540,897540,1,0
560,33600,cecum,0.495,378,1514,291,109,1974,57,1,625,2166,68585.5,397633,54,0.000169221,0.00799882,1.17515e-06,38772,18400.4,0,981371,981371,1,0
560,33600,transverse,0.605,504,1556,256,163,2077,41,4,721,2425,99597,345036,145,0.000161012,0.00706456,1.23016e-06,38772,18400.4,0,981371,981371,1,0
560,33600,descending,0.52,398,944,234,91,1186,48,1,380,1448,75407.4,233407,181,0.0001354,0.00485324,8.65849e-07,38772,18400.4,0,981371,981371,1,0
570,34200,cecum,0.525,409,1598,306,114,2086,62,1,663,2304,74183.9,433953,54,0.00016922,0.00799872,1.2828e-06,42367.6,20110.2,0,1.07316e+06,1.07316e+06,1,0
570,34200,transverse,0.635,561,1603,280,174,2168,45,4,780,2564,110642,377657,145,0.000161193,0.0070837,1.34673e-06,42367.6,20110.2,0,1.07316e+06,1.07316e+06,1,0
570,34200,descending,0.56,448,988,252,99,1241,49,1,400,1544,84539.1,255939,181,0.000135917,0.00488985,9.50451e-07,42367.6,20110.2,0,1.07316e+06,1.07316e+06,1,0
580,34800,cecum,0.64,534,1586,319,119,2104,66,1,702,2443,97328,473598,54,0.000169219,0.0079986,1.40028e-06,46311,21981.2,0,1.17363e+06,1.17363e+06,1,0
580,34800,transverse,0.6275,542,1760,302,179,2355,48,4,818,2718,108239,413359,145,0.000161369,0.00710244,1.47438e-06,46311,21981.2,0,1.17363e+06,1.17363e+06,1,0
580,34800,descending,0.545,463,1058,270,103,1327,52,1,423,1634,87111.9,280733,181,0.000136427,0.00492617,1.0435e-06,46311,21981.2,0,1.17363e+06,1.17363e+06,1,0
590,35400,cecum,0.515,445,1810,339,130,2363,72,1,754,2610,80753.9,516860,54,0.000169218,0.00799847,1.52849e-06,50637.1,24028.8,0,1.28365e+06,1.28365e+06,1,0
590,35400,transverse,0.5975,536,1914,324,187,2540,51,4,860,2886,107604,452465,145,0.000161541,0.00712078,1.61417e-06,50637.1,24028.8,0,1.28365e+06,1.28365e+06,1,0
590,35400,descending,0.57,482,1145,290,113,1422,55,1,444,1741,90921.9,307991,181,0.000136928,0.00496218,1.14586e-06,50637.1,24028.8,0,1.28365e+06,1.28365e+06,1,1
600,36000,cecum,0.5275,449,1965,356,136,2567,74,1,811,2809,81501.9,564055,54,0.000169217,0.00799833,1.6684e-06,55383.8,26270,0,1.4041e+06,1.4041e+06,1,0
600,36000,transverse,0.68,659,1951,356,194,2630,58,5,926,3080,131296,495308,145,0.00016171,0.00713872,1.76725e-06,55383.8,26270,0,1.4041e+06,1.4041e+06,1,0
600,36000,descending,0.57,481,1244,311,122,1539,58,1,474,1848,90869.8,337991,181,0.000137422,0.00499789,1.25848e-06,55383.8,26270,0,1.4041e+06,1.4041e+06,1,0
610,36600,cecum,0.545,494,2076,373,143,2732,80,1,878,3015,89660.7,615576,56,0.000169216,0.00799818,1.82108e-06,60593.5,28723.1,0,1.53598e+06,1.53598e+06,1,0
610,36600,transverse,0.695,659,2125,386,211,2830,65,5,976,3274,131412,542234,147,0.000161873,0.00715627,1.93489e-06,60593.5,28723.1,0,1.53598e+06,1.53598e+06,1,0
610,36600,descending,0.555,465,1376,326,139,1684,59,1,505,1980,87630.4,370980,183,0.000137908,0.00503329,1.38239e-06,60593.5,28723.1,0,1.53598e+06,1.53598e+06,1,0
620,37200,cecum,0.62,564,2158,394,154,2857,84,1,936,3204,102507,671824,56,0.000169215,0.00799801,1.98771e-06,66312.5,31408.7,0,1.68039e+06,1.68039e+06,1,0
620,37200,transverse,0.6925,666,2272,409,221,3025,69,6,1037,3466,132792,593664,148,0.000162033,0.00717344,2.11849e-06,66312.5,31408.7,0,1.68039e+06,1.68039e+06,1,0
620,37200,descending,0.5775,470,1496,339,143,1842,61,1,549,2136,88752.3,407276,184,0.000138386,0.00506839,1.51875e-06,66312.5,31408.7,0,1.68039e+06,1.68039e+06,1,0
630,37800,cecum,0.6175,604,2275,419,161,3020,90,2,994,3394,109956,733222,56,0.000169213,0.00799783,2.16956e-06,72591.6,34349,0,1.83853e+06,1.83853e+06,1,0
630,37800,transverse,0.7425,746,2365,435,236,3155,76,8,1094,3670,148473,649999,149,0.000162189,0.00719024,2.31957e-06,72591.6,34349,0,1.83853e+06,1.83853e+06,1,0
630,37800,descending,0.63,553,1557,357,149,1941,64,1,596,2309,103745,447211,185,0.000138857,0.00510317,1.66882e-06,72591.6,34349,0,1.83853e+06,1.83853e+06,1,0
640,38400,cecum,0.67,660,2354,440,167,3169,93,2,1073,3587,120397,800263,56,0.000169212,0.00799763,2.36803e-06,79487.7,37568.5,0,2.01172e+06,2.01172e+06,1,0
640,38400,transverse,0.73,695,2584,463,250,3416,85,8,1159,3875,138643,711735,149,0.000162342,0.00720667,2.5398e-06,79487.7,37568.5,0,2.01172e+06,2.01172e+06,1,0
640,38400,descending,0.7025,651,1558,376,154,1976,67,1,638,2431,122131,491221,185,0.000139321,0.00513763,1.83401e-06,79487.7,37568.5,0,2.01172e+06,2.01172e+06,1,0
650,39000,cecum,0.6225,613,2571,472,180,3428,96,2,1131,3783,111486,873417,56,0.00016921,0.00799742,2.58464e-06,87063.7,41094.2,0,2.20142e+06,2.20142e+06,1,0
650,39000,transverse,0.7075,714,2739,495,258,3636,89,8,1236,4094,143278,779380,149,0.00016249,0.00722273,2.78103e-06,87063.7,41094.2,0,2.20142e+06,2.20142e+06,1,0
650,39000,descending,0.68,638,1624,394,161,2093,69,1,698,2526,120038,539719,185,0.000139777,0.00517178,2.01589e-06,87063.7,41094.2,0,2.20142e+06,2.20142e+06,1,0
660,39600,cecum,0.675,700,2658,499,190,3593,99,2,1222,4021,127420,953262,56,0.000169208,0.00799718,2.82104e-06,95388.2,44955.6,0,2.40919e+06,2.40919e+06,1,0
660,39600,transverse,0.78,866,2738,530,276,3699,95,9,1323,4297,172249,853528,149,0.000162635,0.00723844,3.04525e-06,95388.2,44955.6,0,2.40919e+06,2.40919e+06,1,0
660,39600,descending,0.7325,721,1675,426,166,2186,75,2,750,2680,135801,593045,185,0.000140226,0.00520561,2.21615e-06,95388.2,44955.6,0,2.40919e+06,2.40919e+06,1,0
670,40200,cecum,0.7475,789,2696,535,205,3703,109,2,1319,4209,143579,1.04048e+06,58,0.000169206,0.00799692,3.07906e-06,104536,49184.9,0,2.63678e+06,2.63678e+06,1,0
670,40200,transverse,0.7775,897,2904,562,287,3920,97,9,1391,4530,179386,934727,151,0.000162776,0.00725379,3.33467e-06,104536,49184.9,0,2.63678e+06,2.63678e+06,1,0
670,40200,descending,0.715,728,1781,450,179,2347,77,2,820,2839,136997,651777,187,0.000140667,0.00523912,2.43667e-06,104536,49184.9,0,2.63678e+06,2.63678e+06,1,0
680,40800,cecum,0.69,726,2944,565,211,4012,114,2,1391,4436,131910,1.13561e+06,58,0.000169204,0.00799664,3.36068e-06,114591,53817.6,0,2.88606e+06,2.88606e+06,1,0
680,40800,transverse,0.785,939,3029,588,304,4118,101,10,1484,4764,188463,1.02373e+06,151,0.000162913,0.00726879,3.65169e-06,114591,53817.6,0,2.88606e+06,2.88606e+06,1,0
680,40800,descending,0.695,751,1918,478,189,2522,83,3,873,3024,141668,716409,187,0.000141102,0.00527231,2.67952e-06,114591,53817.6,0,2.88606e+06,2.88606e+06,1,0
690,41400,cecum,0.7,794,3095,595,219,4240,117,3,1478,4712,144202,1.23942e+06,58,0.000169201,0.00799633,3.66804e-06,125644,58892.3,0,3.15913e+06,3.15913e+06,1,0
690,41400,transverse,0.795,943,3246,632,322,4390,111,11,1566,5023,190333,1.12122e+06,151,0.000163047,0.00728344,3.99896e-06,125644,58892.3,0,3.15913e+06,3.15913e+06,1,0
690,41400,descending,0.7575,807,2036,500,196,2677,88,4,921,3224,152127,787569,187,0.000141529,0.00530517,2.94698e-06,125644,58892.3,0,3.15913e+06,3.15913e+06,1,0
700,42000,cecum,0.7125,864,3263,625,234,4478,120,3,1566,5008,156939,1.35272e+06,58,0.000169198,0.007996,4.00348e-06,137796,64451.6,0,3.45826e+06,3.45826e+06,1,0
700,42000,transverse,0.7425,883,3570,674,341,4770,121,13,1649,5328,180414,1.22799e+06,152,0.000163178,0.00729775,4.37935e-06,137796,64451.6,0,3.45826e+06,3.45826e+06,1,0
700,42000,descending,0.725,736,2275,527,206,2950,91,4,968,3412,139166,865956,188,0.00014195,0.0053377,3.24156e-06,137796,64451.6,0,3.45826e+06,3.45826e+06,1,0
710,42600,cecum,0.7525,891,3441,654,252,4759,127,6,1691,5309,161810,1.47643e+06,58,0.000169196,0.00799563,4.36959e-06,151160,70542.3,0,3.78596e+06,3.78596e+06,1,0
710,42600,transverse,0.8775,1126,3564,728,368,4826,132,15,1747,5609,227029,1.34504e+06,152,0.000163305,0.00731172,4.79602e-06,151160,70542.3,0,3.78596e+06,3.78596e+06,1,0
710,42600,descending,0.78,856,2301,556,218,3016,99,4,1028,3589,161869,952321,188,0.000142364,0.0053699,3.56605e-06,151160,70542.3,0,3.78596e+06,3.78596e+06,1,0
720,43200,cecum,0.765,918,3659,699,266,5047,136,7,1783,5601,166475,1.61143e+06,58,0.000169192,0.00799523,4.76916e-06,165857,77215.8,0,4.14499e+06,4.14499e+06,1,0
720,43200,transverse,0.8175,1089,3761,770,379,5105,140,16,1847,5827,221576,1.47336e+06,152,0.000163429,0.00732536,5.25246e-06,165857,77215.8,0,4.14499e+06,4.14499e+06,1,0
720,43200,descending,0.83,976,2305,587,235,3066,106,4,1098,3752,184260,1.04748e+06,188,0.000142771,0.00540176,3.92354e-06,165857,77215.8,0,4.14499e+06,4.14499e+06,1,0
730,43800,cecum,0.73,920,3880,741,278,5356,145,8,1891,5890,166820,1.75882e+06,58,0.000169189,0.00799479,5.20527e-06,182025,84528.4,0,4.53833e+06,4.53833e+06,1,0
730,43800,transverse,0.795,1142,3993,819,398,5422,148,18,1957,6173,233117,1.61386e+06,152,0.00016355,0.00733866,5.75248e-06,182025,84528.4,0,4.53833e+06,4.53833e+06,1,0
730,43800,descending,0.7775,915,2484,616,248,3312,107,4,1179,3922,173057,1.15232e+06,188,0.000143171,0.00543329,4.3174e-06,182025,84528.4,0,4.53833e+06,4.53833e+06,1,0
740,44400,cecum,0.7525,924,4181,788,292,5746,152,10,1999,6256,167576,1.91962e+06,58,0.000169185,0.00799432,5.68125e-06,199812,92541.6,0,4.96929e+06,4.96929e+06,1,0
740,44400,transverse,0.8,1175,4227,872,414,5770,159,19,2097,6527,240152,1.76783e+06,152,0.000163667,0.00735163,6.30021e-06,199812,92541.6,0,4.96929e+06,4.96929e+06,1,0
740,44400,descending,0.83,1030,2537,650,261,3428,112,4,1260,4137,194382,1.26776e+06,188,0.000143564,0.00546447,4.75136e-06,199812,92541.6,0,4.96929e+06,4.96929e+06,1,0
750,45000,cecum,0.8725,1223,4098,830,311,5746,158,10,2107,6538,222700,2.09522e+06,58,0.000169181,0.0079938,6.20073e-06,219382,101323,0,5.44147e+06,5.44147e+06,1,0
750,45000,transverse,0.8575,1289,4363,925,437,5986,166,20,2206,6833,262431,1.93657e+06,152,0.000163781,0.00736427,6.90021e-06,219382,101323,0,5.44147e+06,5.44147e+06,1,0
750,45000,descending,0.845,1090,2640,694,283,3588,118,4,1345,4341,205253,1.39497e+06,188,0.000143951,0.00549531,5.22954e-06,219382,101323,0,5.44147e+06,5.44147e+06,1,0
760,45600,cecum,0.855,1184,4304,873,324,6062,167,10,2239,6794,215252,2.28696e+06,58,0.000169176,0.00799323,6.76774e-06,240918,110947,0,5.95884e+06,5.95884e+06,1,0
760,45600,transverse,0.875,1357,4540,974,461,6266,175,20,2342,7165,276178,2.12148e+06,152,0.000163892,0.00737657,7.5575e-06,240918,110947,0,5.95884e+06,5.95884e+06,1,0
760,45600,descending,0.84,1072,2829,738,297,3836,131,5,1430,4553,202305,1.53512e+06,189,0.000144331,0.0055258,5.75646e-06,240918,110947,0,5.95884e+06,5.95884e+06,1,0
770,46200,cecum,0.8475,1190,4486,919,341,6357,173,10,2375,7072,216031,2.49622e+06,58,0.000169171,0.00799261,7.38662e-06,264619,121496,0,6.52575e+06,6.52575e+06,1,0
770,46200,transverse,0.89,1516,4603,1034,487,6428,187,21,2478,7463,307282,2.32413e+06,152,0.000164,0.00738855,8.27753e-06,264619,121496,0,6.52575e+06,6.52575e+06,1,0
770,46200,descending,0.8175,1063,3041,779,307,4113,137,8,1508,4793,200490,1.6895e+06,189,0.000144705,0.00555594,6.33712e-06,264619,121496,0,6.52575e+06,6.52575e+06,1,0
780,46800,cecum,0.84,1207,4727,973,357,6684,179,12,2481,7382,218870,2.72458e+06,59,0.000169166,0.00799194,8.0621e-06,290706,133058,0,7.14697e+06,7.14697e+06,1,0
780,46800,transverse,0.84,1341,5076,1095,509,6999,199,22,2609,7831,275878,2.54611e+06,153,0.000164104,0.0074002,9.06631e-06,290706,133058,0,7.14697e+06,7.14697e+06,1,0
780,46800,descending,0.8375,1149,3188,826,322,4323,143,8,1592,5063,217074,1.8596e+06,190,0.000145072,0.00558571,6.97705e-06,290706,133058,0,7.14697e+06,7.14697e+06,1,0
790,47400,cecum,0.8375,1230,4949,1015,377,7035,186,12,2637,7741,223123,2.97383e+06,59,0.00016916,0.0079912,8.79934e-06,319421,145731,0,7.82767e+06,7.82767e+06,1,0
790,47400,transverse,0.9025,1567,5068,1145,533,7112,212,23,2766,8156,318851,2.78941e+06,153,0.000164206,0.00741151,9.93039e-06,319421,145731,0,7.82767e+06,7.82767e+06,1,0
790,47400,descending,0.835,1209,3416,889,343,4613,158,9,1689,5385,228180,2.04699e+06,190,0.000145432,0.00561512,7.68228e-06,319421,145731,0,7.82767e+06,7.82767e+06,1,0
800,48000,cecum,0.8475,1342,5143,1072,391,7317,198,12,2751,8104,243373,3.24585e+06,59,0.000169153,0.0079904,9.604e-06,351031,159623,0,8.5736e+06,8.5736e+06,1,0
800,48000,transverse,0.875,1510,5361,1193,558,7514,217,23,2905,8483,309587,3.05599e+06,153,0.000164304,0.0074225,1.0877e-05,351031,159623,0,8.5736e+06,8.5736e+06,1,0
800,48000,descending,0.825,1279,3585,945,360,4858,166,9,1790,5669,241455,2.25354e+06,190,0.000145786,0.00564416,8.45955e-06,351031,159623,0,8.5736e+06,8.5736e+06,1,0
810,48600,cecum,0.9,1470,5329,1126,406,7621,212,13,2897,8510,266886,3.54274e+06,59,0.000169146,0.00798952,1.04822e-05,385833,174851,0,9.39099e+06,9.39099e+06,1,0
810,48600,transverse,0.9,1656,5598,1249,581,7887,235,23,3082,8987,336687,3.34793e+06,153,0.000164399,0.00743314,1.19139e-05,385833,174851,0,9.39099e+06,9.39099e+06,1,0
810,48600,descending,0.8725,1400,3698,1001,381,5068,182,12,1921,5978,264215,2.48117e+06,190,0.000146134,0.00567283,9.31623e-06,385833,174851,0,9.39099e+06,9.39099e+06,1,0
820,49200,cecum,0.87,1501,5593,1167,418,8027,218,13,3057,8924,272477,3.86681e+06,59,0.000169138,0.00798856,1.14407e-05,424153,191546,0,1.02867e+07,1.02867e+07,1,0
820,49200,transverse,0.8875,1495,6117,1318,618,8517,255,23,3250,9444,306867,3.66787e+06,153,0.000164491,0.00744345,1.30497e-05,424153,191546,0,1.02867e+07,1.02867e+07,1,0
820,49200,descending,0.87,1467,3886,1064,408,5338,194,14,2040,6289,277178,2.73201e+06,190,0.000146475,0.00570111,1.02605e-05,424153,191546,0,1.02867e+07,1.02867e+07,1,0
830,49800,cecum,0.9125,1711,5587,1231,433,8186,225,14,3243,9250,310812,4.22064e+06,59,0.00016913,0.00798751,1.24869e-05,466350,209848,0,1.12684e+07,1.12684e+07,1,0
830,49800,transverse,0.89,1507,6487,1386,634,9052,276,24,3451,9959,311435,4.01839e+06,153,0.00016458,0.00745341,1.4294e-05,466350,209848,0,1.12684e+07,1.12684e+07,1,0
830,49800,descending,0.885,1646,3924,1119,436,5448,205,15,2150,6561,310318,3.00848e+06,190,0.000146809,0.00572899,1.13013e-05,466350,209848,0,1.12684e+07,1.12684e+07,1,0
840,50400,cecum,0.91,1721,5759,1290,452,8481,236,15,3395,9525,312137,4.60685e+06,60,0.000169121,0.00798637,1.36287e-05,512819,229914,0,1.23441e+07,1.23441e+07,1,0
840,50400,transverse,0.9075,1587,6786,1464,660,9504,287,24,3641,10450,327010,4.40247e+06,154,0.000164665,0.00746302,1.56569e-05,512819,229914,0,1.23441e+07,1.23441e+07,1,0
840,50400,descending,0.89,1551,4224,1170,460,5823,216,15,2260,6825,292679,3.31319e+06,192,0.000147138,0.00575648,1.24486e-05,512819,229914,0,1.23441e+07,1.23441e+07,1,0
850,51000,cecum,0.875,1626,6177,1356,465,9057,249,16,3578,9965,294601,5.02825e+06,60,0.000169111,0.00798513,1.48749e-05,563997,251914,0,1.35231e+07,1.35231e+07,1,0
850,51000,transverse,0.9225,1810,7085,1537,679,9948,303,25,3820,11078,368117,4.82313e+06,154,0.000164747,0.00747228,1.71498e-05,563997,251914,0,1.35231e+07,1.35231e+07,1,0
850,51000,descending,0.9075,1630,4421,1229,470,6106,226,15,2366,7148,307509,3.64895e+06,192,0.000147459,0.00578356,1.37133e-05,563997,251914,0,1.35231e+07,1.35231e+07,1,0
860,51600,cecum,0.9025,1668,6407,1434,487,9445,264,19,3770,10351,302480,5.48825e+06,60,0.0001691,0.00798376,1.6235e-05,620365,276035,0,1.48151e+07,1.48151e+07,1,0
860,51600,transverse,0.9425,1943,7194,1615,710,10221,313,26,4024,11446,393837,5.28432e+06,154,0.000164826,0.00748117,1.87851e-05,620365,276035,0,1.48151e+07,1.48151e+07,1,0
860,51600,descending,0.9,1525,4773,1295,492,6573,236,15,2513,7476,288986,4.01903e+06,192,0.000147774,0.00581021,1.51074e-05,620365,276035,0,1.48151e+07,1.48151e+07,1,0
870,52200,cecum,0.8925,1581,6841,1496,505,10021,274,19,3940,10806,286275,5.99021e+06,60,0.000169088,0.00798228,1.77194e-05,682453,302484,0,1.62311e+07,1.62311e+07,1,0
870,52200,transverse,0.91,1760,7766,1674,742,10993,327,26,4270,12022,360456,5.78943e+06,154,0.000164902,0.00748969,2.05763e-05,682453,302484,0,1.62311e+07,1.62311e+07,1,0
870,52200,descending,0.89,1577,4969,1363,514,6875,249,15,2654,7797,298576,4.42691e+06,192,0.000148083,0.00583643,1.66442e-05,682453,302484,0,1.62311e+07,1.62311e+07,1,0
880,52800,cecum,0.8975,1668,7231,1565,525,10579,285,19,4139,11413,302497,6.53794e+06,60,0.000169075,0.00798066,1.93395e-05,750843,331484,0,1.77828e+07,1.77828e+07,1,0
880,52800,transverse,0.9475,2071,7704,1746,773,11111,344,26,4498,12427,419429,6.34298e+06,154,0.000164974,0.00749782,2.25383e-05,750843,331484,0,1.77828e+07,1.77828e+07,1,0
880,52800,descending,0.8925,1765,5268,1429,539,7271,263,16,2789,8353,333317,4.87621e+06,192,0.000148384,0.0058622,1.83382e-05,750843,331484,0,1.77828e+07,1.77828e+07,1,0
890,53400,cecum,0.92,1880,7440,1637,549,10950,291,19,4331,11954,341631,7.13578e+06,60,0.00016906,0.00797889,2.11075e-05,826179,363283,0,1.94835e+07,1.94835e+07,1,0
890,53400,transverse,0.9425,2100,8047,1839,803,11642,354,30,4722,12930,425793,6.9493e+06,154,0.000165042,0.00750556,2.46874e-05,826179,363283,0,1.94835e+07,1.94835e+07,1,0
890,53400,descending,0.9075,1736,5563,1491,565,7714,279,16,2979,8747,328498,5.37162e+06,192,0.000148679,0.00588751,2.02055e-05,826179,363283,0,1.94835e+07,1.94835e+07,1,0
900,54000,cecum,0.925,1908,7705,1713,572,11399,304,19,4551,12391,346387,7.7884e+06,60,0.000169045,0.00797696,2.3037e-05,909171,398153,0,2.13473e+07,2.13473e+07,1,0
900,54000,transverse,0.9325,2051,8400,1910,834,12190,372,31,4965,13406,416869,7.61359e+06,154,0.000165107,0.00751289,2.70412e-05,909171,398153,0,2.13473e+07,2.13473e+07,1,0
900,54000,descending,0.935,2064,5600,1569,594,7838,293,17,3108,9163,389987,5.91755e+06,192,0.000148967,0.00591235,2.2264e-05,909171,398153,0,2.13473e+07,2.13473e+07,1,0
910,54600,cecum,0.9175,1741,8138,1796,600,12048,320,19,4811,12834,315613,8.50068e+06,60,0.000169028,0.00797486,2.51427e-05,1.0006e+06,436390,0,2.33899e+07,2.33899e+07,1,0
910,54600,transverse,0.9575,2111,8697,1990,862,12702,387,33,5221,13939,429419,8.34125e+06,154,0.000165168,0.0075198,2.96193e-05,1.0006e+06,436390,0,2.33899e+07,2.33899e+07,1,0
910,54600,descending,0.925,1979,5958,1648,630,8322,307,17,3284,9533,374575,6.51933e+06,192,0.000149249,0.00593668,2.45332e-05,1.0006e+06,436390,0,2.33899e+07,2.33899e+07,1,0
920,55200,cecum,0.92,1737,8545,1862,618,12678,331,19,5063,13423,314864,9.27785e+06,61,0.000169009,0.00797256,2.74407e-05,1.10133e+06,478321,0,2.56284e+07,2.56284e+07,1,0
920,55200,transverse,0.955,2055,9015,2082,891,13226,416,33,5485,14373,419261,9.13847e+06,155,0.000165225,0.00752627,3.24429e-05,1.10133e+06,478321,0,2.56284e+07,2.56284e+07,1,0
920,55200,descending,0.95,2082,6208,1723,658,8686,320,18,3438,9965,393835,7.18247e+06,192,0.000149523,0.0059605,2.70345e-05,1.10133e+06,478321,0,2.56284e+07,2.56284e+07,1,0
930,55800,cecum,0.9075,1865,8937,1932,640,13269,347,19,5300,14110,338117,1.01259e+07,61,0.000168989,0.00797005,2.99485e-05,1.21231e+06,524303,0,2.80817e+07,2.80817e+07,1,0
930,55800,transverse,0.9675,2183,9185,2153,922,13590,437,37,5727,14842,443825,1.00117e+07,155,0.000165278,0.00753227,3.55352e-05,1.21231e+06,524303,0,2.80817e+07,2.80817e+07,1,0
930,55800,descending,0.9625,2188,6330,1802,695,8918,336,18,3601,10277,413819,7.91344e+06,193,0.000149789,0.00598378,2.97918e-05,1.21231e+06,524303,0,2.80817e+07,2.80817e+07,1,0
940,56400,cecum,0.9325,1909,9367,2001,670,13923,361,19,5568,14783,346063,1.10514e+07,61,0.000168966,0.00796731,3.2685e-05,1.33459e+06,574728,0,3.07702e+07,3.07702e+07,1,0
940,56400,transverse,0.9675,2236,9601,2242,955,14237,455,39,6007,15502,454355,1.0968e+07,155,0.000165327,0.0075378,3.89218e-05,1.33459e+06,574728,0,3.07702e+07,3.07702e+07,1,0
940,56400,descending,0.9225,1968,6930,1888,722,9676,353,18,3803,10773,373715,8.71888e+06,194,0.000150048,0.0060065,3.28311e-05,1.33459e+06,574728,0,3.07702e+07,3.07702e+07,1,0
950,57000,cecum,0.9325,1926,9830,2077,691,14618,378,20,5837,15456,348536,1.20613e+07,61,0.000168942,0.00796433,3.56712e-05,1.46932e+06,630026,0,3.37165e+07,3.37165e+07,1,0
950,57000,transverse,0.9375,2067,10169,2332,991,15032,471,39,6286,16090,424998,1.20155e+07,155,0.000165371,0.00754282,4.26304e-05,1.46932e+06,630026,0,3.37165e+07,3.37165e+07,1,0
950,57000,descending,0.9475,2159,7181,1971,742,10079,371,19,3992,11321,408891,9.60642e+06,194,0.0001503,0.00602862,3.61812e-05,1.46932e+06,630026,0,3.37165e+07,3.37165e+07,1,0
960,57600,cecum,0.9625,2098,10157,2158,719,15177,391,22,6108,16145,380130,1.31633e+07,61,0.000168916,0.00796107,3.89297e-05,1.61777e+06,690667,0,3.69453e+07,3.69453e+07,1,0
960,57600,transverse,0.97,2316,10383,2415,1022,15507,485,39,6592,16776,473323,1.31627e+07,156,0.000165411,0.0075473,4.66914e-05,1.61777e+06,690667,0,3.69453e+07,3.69453e+07,1,0
960,57600,descending,0.9425,2257,7461,2083,781,10506,385,19,4192,11787,427540,1.05846e+07,195,0.000150543,0.00605013,3.98737e-05,1.61777e+06,690667,0,3.69453e+07,3.69453e+07,1,0
970,58200,cecum,0.975,2329,10150,2281,748,15414,410,26,6396,16534,422317,1.43662e+07,61,0.000168887,0.00795751,4.24854e-05,1.78133e+06,757169,0,4.04836e+07,4.04836e+07,1,0
970,58200,transverse,0.9675,2479,10584,2521,1056,15961,503,39,6897,17339,505611,1.44192e+07,156,0.000165446,0.00755123,5.11382e-05,1.78133e+06,757169,0,4.04836e+07,4.04836e+07,1,0
970,58200,descending,0.9575,2442,7712,2177,812,10932,404,21,4415,12352,462244,1.16624e+07,195,0.000150778,0.00607098,4.39435e-05,1.78133e+06,757169,0,4.04836e+07,4.04836e+07,1,0
980,58800,cecum,0.935,2180,10840,2365,782,16324,428,26,6668,17263,394635,1.56784e+07,61,0.000168855,0.00795363,4.6365e-05,1.96156e+06,830099,0,4.43608e+07,4.43608e+07,1,0
980,58800,transverse,0.955,2327,11251,2616,1092,16834,527,40,7162,18024,478026,1.57951e+07,156,0.000165475,0.00755456,5.60072e-05,1.96156e+06,830099,0,4.43608e+07,4.43608e+07,1,0
980,58800,descending,0.975,2646,7730,2274,859,11118,418,22,4643,12705,500312,1.28503e+07,195,0.000151005,0.00609114,4.84289e-05,1.96156e+06,830099,0,4.43608e+07,4.43608e+07,1,0
990,59400,cecum,0.9325,2325,11237,2469,816,16995,447,27,6994,18027,420962,1.71101e+07,61,0.000168821,0.0079494,5.05981e-05,2.16014e+06,910077,0,4.86093e+07,4.86093e+07,1,0
990,59400,transverse,0.955,2371,11810,2719,1140,17669,551,40,7510,18872,487117,1.73017e+07,159,0.000165499,0.00755725,6.1338e-05,2.16014e+06,910077,0,4.86093e+07,4.86093e+07,1,0
990,59400,descending,0.94,2378,8377,2377,894,11921,435,22,4851,13189,450646,1.4159e+07,198,0.000151223,0.00611057,5.33722e-05,2.16014e+06,910077,0,4.86093e+07,4.86093e+07,1,0
1000,60000,cecum,0.955,2330,11739,2553,845,17774,464,28,7316,18772,421802,1.86723e+07,61,0.000168784,0.00794478,5.52165e-05,2.37895e+06,997784,0,5.32645e+07,5.32645e+07,1,0
1000,60000,transverse,0.9775,2565,12202,2815,1172,18371,570,40,7871,19723,525408,1.89514e+07,159,0.000165518,0.00755928,6.71742e-05,2.37895e+06,997784,0,5.32645e+07,5.32645e+07,1,0
1000,60000,descending,0.9575,2435,8916,2476,922,12646,450,22,5080,13915,461546,1.56006e+07,198,0.000151431,0.00612923,5.88197e-05,2.37895e+06,997784,0,5.32645e+07,5.32645e+07,1,0
1010,60600,cecum,0.945,2465,12101,2663,888,18423,483,29,7664,19507,446678,2.03766e+07,61,0.000168743,0.00793974,6.02551e-05,2.62004e+06,1.09396e+06,0,5.8365e+07,5.8365e+07,1,0
1010,60600,transverse,0.975,2690,12647,2903,1218,19115,585,42,8229,20563,549709,2.07577e+07,159,0.00016553,0.0075606,7.35631e-05,2.62004e+06,1.09396e+06,0,5.8365e+07,5.8365e+07,1,0
1010,60600,descending,0.975,2596,9166,2575,959,13092,467,25,5327,14474,491463,1.71891e+07,198,0.00015163,0.00614706,6.48224e-05,2.62004e+06,1.09396e+06,0,5.8365e+07,5.8365e+07,1,0
1020,61200,cecum,0.9725,2691,12108,2763,921,18726,502,31,8010,19986,488099,2.22362e+07,61,0.000168698,0.00793425,6.57521e-05,2.88568e+06,1.19944e+06,0,6.39533e+07,6.39533e+07,1,0
1020,61200,transverse,0.9725,2898,12826,3007,1244,19644,608,45,8625,21242,589705,2.27354e+07,159,0.000165535,0.00756114,8.05567e-05,2.88568e+06,1.19944e+06,0,6.39533e+07,6.39533e+07,1,0
1020,61200,descending,0.9675,2670,9438,2694,991,13577,491,26,5595,14969,505676,1.8939e+07,198,0.000151818,0.00616401,7.14364e-05,2.88568e+06,1.19944e+06,0,6.39533e+07,6.39533e+07,1,0
1030,61800,cecum,0.955,2730,12739,2886,959,19654,529,32,8371,20894,494715,2.42645e+07,61,0.000168649,0.00792825,7.17486e-05,3.17836e+06,1.3151e+06,0,7.00757e+07,7.00757e+07,1,0
1030,61800,transverse,0.9675,2654,13559,3107,1289,20726,632,49,9039,22045,543872,2.49004e+07,159,0.000165534,0.00756088,8.82116e-05,3.17836e+06,1.3151e+06,0,7.00757e+07,7.00757e+07,1,0
1030,61800,descending,0.9775,2915,9403,2805,1034,13760,512,30,5873,15346,550861,2.08668e+07,198,0.000151996,0.00618002,7.87235e-05,3.17836e+06,1.3151e+06,0,7.00757e+07,7.00757e+07,1,0
1040,62400,cecum,0.9625,2863,13324,2989,1003,20529,555,34,8729,21867,518836,2.64769e+07,61,0.000168596,0.00792171,7.82897e-05,3.50084e+06,1.44193e+06,0,7.67827e+07,7.67827e+07,1,0
1040,62400,transverse,0.9825,2755,13778,3234,1332,21269,660,51,9432,22631,564205,2.72705e+07,159,0.000165525,0.00755973,9.65896e-05,3.50084e+06,1.44193e+06,0,7.67827e+07,7.67827e+07,1,0
1040,62400,descending,0.9725,2889,9695,2919,1075,14289,529,36,6162,15787,546451,2.299e+07,198,0.000152162,0.00619502,8.67514e-05,3.50084e+06,1.44193e+06,0,7.67827e+07,7.67827e+07,1,0
1050,63000,cecum,0.97,2776,13979,3093,1044,21493,576,34,9100,22702,502843,2.88903e+07,61,0.000168537,0.00791458,8.54244e-05,3.85612e+06,1.58101e+06,0,8.41295e+07,8.41295e+07,1,0
1050,63000,transverse,0.97,2597,14715,3335,1380,22601,678,55,9889,23766,535611,2.9864e+07,159,0.000165507,0.00755765,0.000105758,3.85612e+06,1.58101e+06,0,8.41295e+07,8.41295e+07,1,0
1050,63000,descending,0.96,2742,10273,3033,1111,15080,552,40,6430,16372,520125,2.53281e+07,198,0.000152316,0.00620895,9.55943e-05,3.85612e+06,1.58101e+06,0,8.41295e+07,8.41295e+07,1,0
1060,63600,cecum,0.98,3074,13983,3207,1078,21848,588,34,9497,23287,557789,3.15228e+07,61,0.000168474,0.00790679,9.32061e-05,4.24753e+06,1.73351e+06,0,9.21767e+07,9.21767e+07,1,0
1060,63600,transverse,0.9875,2903,14903,3458,1416,23145,702,60,10300,24548,594529,3.27027e+07,159,0.000165481,0.00755456,0.000115791,4.24753e+06,1.73351e+06,0,9.21767e+07,9.21767e+07,1,0
1060,63600,descending,0.9775,3115,10399,3151,1149,15469,575,41,6753,17076,589792,2.79028e+07,198,0.000152456,0.00622173,0.000105334,4.24753e+06,1.73351e+06,0,9.21767e+07,9.21767e+07,1,0
1070,64200,cecum,0.98,2780,14798,3363,1108,23029,612,38,9913,24068,503064,3.43937e+07,61,0.000168404,0.00789831,0.000101693,4.67873e+06,1.90072e+06,0,1.0099e+08,1.0099e+08,1,0
1070,64200,transverse,0.99,3200,14822,3580,1457,23492,719,60,10786,25128,653756,3.58093e+07,159,0.000165446,0.00755038,0.000126767,4.67873e+06,1.90072e+06,0,1.0099e+08,1.0099e+08,1,0
1070,64200,descending,0.9775,3207,10627,3279,1186,15996,606,47,7114,17629,608542,3.07378e+07,198,0.000152584,0.00623325,0.00011606,4.67873e+06,1.90072e+06,0,1.0099e+08,1.0099e+08,1,0
1080,64800,cecum,0.9725,3093,14991,3491,1139,23535,636,39,10280,24813,560597,3.75244e+07,61,0.000168328,0.00788905,0.000110948,5.15372e+06,2.08405e+06,0,1.10642e+08,1.10642e+08,1,0
1080,64800,transverse,0.9775,3341,15334,3694,1498,24348,736,61,11187,26068,685333,3.92079e+07,159,0.0001654,0.00754503,0.000138776,5.15372e+06,2.08405e+06,0,1.10642e+08,1.10642e+08,1,0
1080,64800,descending,0.98,3505,10929,3428,1230,16578,633,48,7464,18430,663573,3.38585e+07,198,0.000152696,0.00624344,0.00012787,5.15372e+06,2.08405e+06,0,1.10642e+08,1.10642e+08,1,0
1090,65400,cecum,0.9825,3115,15637,3628,1175,24508,654,40,10660,25724,563795,4.0938e+07,61,0.000168245,0.00787896,0.000121039,5.67693e+06,2.28505e+06,0,1.21211e+08,1.21211e+08,1,0
1090,65400,transverse,0.9825,3186,16248,3801,1534,25634,750,64,11606,27139,655893,4.29258e+07,159,0.000165343,0.00753841,0.000151912,5.67693e+06,2.28505e+06,0,1.21211e+08,1.21211e+08,1,0
1090,65400,descending,0.98,3327,11785,3565,1280,17647,665,48,7759,19266,630427,3.72935e+07,199,0.000152793,0.00625218,0.000140872,5.67693e+06,2.28505e+06,0,1.21211e+08,1.21211e+08,1,0
1100,66000,cecum,0.9825,3129,15791,3751,1217,25070,679,45,11130,26239,565823,4.46604e+07,61,0.000168155,0.00786796,0.000132042,6.2532e+06,2.50541e+06,0,1.32782e+08,1.32782e+08,1,0
1100,66000,transverse,0.9825,3449,16458,3959,1581,26240,780,66,12077,27925,707840,4.69928e+07,159,0.000165275,0.00753043,0.000166278,6.2532e+06,2.50541e+06,0,1.32782e+08,1.32782e+08,1,0
1100,66000,descending,0.98,3525,12237,3716,1319,18409,687,48,8130,20136,668282,4.10739e+07,199,0.000152872,0.00625936,0.000155185,6.2532e+06,2.50541e+06,0,1.32782e+08,1.32782e+08,1,0
1110,66600,cecum,0.9925,3394,15772,3908,1267,25403,707,52,11553,26751,614316,4.87184e+07,61,0.000168056,0.00785596,0.000144037,6.88786e+06,2.74697e+06,0,1.45449e+08,1.45449e+08,1,0
1110,66600,transverse,0.9875,3332,17388,4091,1637,27627,812,70,12618,29147,685790,5.14404e+07,159,0.000165193,0.00752097,0.000181987,6.88786e+06,2.74697e+06,0,1.45449e+08,1.45449e+08,1,0
1110,66600,descending,0.9925,3776,12396,3867,1372,18834,717,48,8479,20744,714721,4.52338e+07,199,0.000152934,0.00626485,0.000170936,6.88786e+06,2.74697e+06,0,1.45449e+08,1.45449e+08,1,0
1120,67200,cecum,0.9825,3230,16324,4034,1300,26392,728,54,12042,27502,583557,5.31417e+07,61,0.000167948,0.00784289,0.000157112,7.58677e+06,3.01177e+06,0,1.59313e+08,1.59313e+08,1,0
1120,67200,transverse,0.9875,3526,17797,4232,1682,28467,849,73,13128,30119,722202,5.63037e+07,159,0.000165098,0.00750992,0.000199163,7.58677e+06,3.01177e+06,0,1.59313e+08,1.59313e+08,1,0
1120,67200,descending,0.975,3278,13486,4003,1410,20249,747,48,8872,21593,623065,4.981e+07,199,0.000152975,0.00626851,0.000188267,7.58677e+06,3.01177e+06,0,1.59313e+08,1.59313e+08,1,0
1130,67800,cecum,0.98,3474,16576,4185,1331,27110,755,62,12558,28363,627890,5.79626e+07,61,0.00016783,0.00782864,0.000171362,8.35636e+06,3.302e+06,0,1.74486e+08,1.74486e+08,1,0
1130,67800,transverse,0.995,3711,17804,4377,1731,28922,886,76,13659,30697,758339,6.1621e+07,159,0.000164987,0.00749714,0.000217938,8.35636e+06,3.302e+06,0,1.74486e+08,1.74486e+08,1,0
1130,67800,descending,0.995,3645,13333,4153,1460,20438,773,50,9288,22073,691545,5.48435e+07,199,0.000152996,0.00627018,0.000207332,8.35636e+06,3.302e+06,0,1.74486e+08,1.74486e+08,1,0
1140,68400,cecum,0.9825,3628,16971,4312,1374,27873,785,67,12994,29221,655726,6.32161e+07,61,0.000167702,0.00781311,0.000186892,9.20366e+06,3.62009e+06,0,1.91087e+08,1.91087e+08,1,0
1140,68400,transverse,0.99,3413,18427,4521,1779,30083,910,77,14268,31487,703381,6.74327e+07,159,0.000164859,0.0074825,0.000238457,9.20366e+06,3.62009e+06,0,1.91087e+08,1.91087e+08,1,0
1140,68400,descending,0.9925,3520,13919,4294,1503,21398,800,50,9732,22837,668219,6.0378e+07,199,0.000152993,0.00626972,0.000228299,9.20366e+06,3.62009e+06,0,1.91087e+08,1.91087e+08,1,0
1150,69000,cecum,0.9825,3819,17433,4485,1421,28733,812,67,13466,30173,690543,6.89401e+07,61,0.000167561,0.00779619,0.000203812,1.01364e+07,3.96867e+06,0,2.09247e+08,2.09247e+08,1,0
1150,69000,transverse,0.99,3899,18542,4700,1837,30675,943,79,14834,32475,796470,7.37833e+07,159,0.000164714,0.00746583,0.000260878,1.01364e+07,3.96867e+06,0,2.09247e+08,2.09247e+08,1,0
1150,69000,descending,0.9925,3594,14133,4439,1537,21953,834,52,10139,23387,682086,6.64623e+07,199,0.000152966,0.00626692,0.000251352,1.01364e+07,3.96867e+06,0,2.09247e+08,2.09247e+08,1,0
1160,69600,cecum,0.9925,3925,17861,4653,1466,29626,843,69,14005,31078,709860,7.51758e+07,61,0.000167407,0.00777775,0.000222245,1.11631e+07,4.35062e+06,0,2.29109e+08,2.29109e+08,1,0
1160,69600,transverse,0.9875,3736,18945,4865,1890,31544,978,82,15385,33101,769729,8.07216e+07,159,0.000164549,0.00744697,0.000285371,1.11631e+07,4.35062e+06,0,2.29109e+08,2.29109e+08,1,0
1160,69600,descending,0.9725,3640,14411,4592,1585,22567,870,54,10557,23976,691346,7.31487e+07,199,0.000152911,0.0062616,0.000276691,1.11631e+07,4.35062e+06,0,2.29109e+08,2.29109e+08,1,0
1170,70200,cecum,0.985,4054,18297,4785,1512,30491,864,69,14501,32007,733547,8.19677e+07,61,0.000167239,0.00775768,0.000242322,1.2293e+07,4.76909e+06,0,2.50825e+08,2.50825e+08,1,0
1170,70200,transverse,0.995,3943,19434,5014,1927,32553,1012,84,15974,34237,809275,8.8299e+07,159,0.000164363,0.00742574,0.000312119,1.2293e+07,4.76909e+06,0,2.50825e+08,2.50825e+08,1,0
1170,70200,descending,0.995,4159,14688,4749,1629,23186,894,55,10966,25024,787646,8.04938e+07,199,0.000152826,0.00625353,0.000304533,1.2293e+07,4.76909e+06,0,2.50825e+08,2.50825e+08,1,0
1180,70800,cecum,0.985,4065,18862,4949,1559,31537,891,75,15050,32968,735244,8.93638e+07,61,0.000167056,0.00773582,0.000264185,1.35362e+07,5.22751e+06,0,2.74564e+08,2.74564e+08,1,0
1180,70800,transverse,0.99,3762,20041,5171,1994,33618,1041,87,16525,35057,775408,9.65729e+07,159,0.000164153,0.00740194,0.000341323,1.35362e+07,5.22751e+06,0,2.74564e+08,2.74564e+08,1,0
1180,70800,descending,0.99,4032,15006,4922,1674,23929,917,55,11459,25535,764804,8.8561e+07,199,0.00015271,0.00624249,0.000335113,1.35362e+07,5.22751e+06,0,2.74564e+08,2.74564e+08,1,0
1190,71400,cecum,0.99,3848,19802,5115,1616,32940,928,82,15600,34075,694741,9.74159e+07,61,0.000166856,0.00771201,0.000287987,1.49039e+07,5.72962e+06,0,3.00504e+08,3.00504e+08,1,0
1190,71400,transverse,0.9925,3956,20818,5339,2046,34906,1078,90,17122,36457,816255,1.05603e+08,159,0.000163917,0.00737536,0.000373198,1.49039e+07,5.72962e+06,0,3.00504e+08,3.00504e+08,1,0
1190,71400,descending,0.9875,3928,15782,5086,1727,25060,947,60,11892,26476,747186,9.74164e+07,199,0.000152558,0.00622822,0.000368688,1.49039e+07,5.72962e+06,0,3.00504e+08,3.00504e+08,1,0
1200,72000,cecum,0.9825,3763,20767,5305,1656,34404,963,83,16173,35338,679283,1.0618e+08,61,0.000166637,0.00768611,0.000313894,1.64082e+07,6.27947e+06,0,3.28841e+08,3.28841e+08,1,0
1200,72000,transverse,0.9975,4031,21197,5502,2111,35834,1097,95,17750,37376,836068,1.15457e+08,159,0.000163654,0.00734577,0.000407975,1.64082e+07,6.27947e+06,0,3.28841e+08,3.28841e+08,1,0
1200,72000,descending,0.9975,4381,16074,5255,1771,25737,978,61,12351,27511,831251,1.07133e+08,199,0.000152368,0.00621045,0.000405535,1.64082e+07,6.27947e+06,0,3.28841e+08,3.28841e+08,1,0
1210,72600,cecum,0.9875,4004,21919,5506,1706,36008,999,89,16705,37062,723724,1.15716e+08,61,0.000166397,0.00765791,0.000342085,1.80623e+07,6.88151e+06,0,3.59785e+08,3.59785e+08,1,0
1210,72600,transverse,0.9975,4393,20868,5665,2160,36064,1122,95,18383,37879,908394,1.26206e+08,159,0.00016336,0.00731292,0.000445906,1.80623e+07,6.88151e+06,0,3.59785e+08,3.59785e+08,1,0
1210,72600,descending,0.9975,4360,16289,5450,1828,26267,1007,61,12752,27911,827573,1.17791e+08,199,0.000152136,0.00618888,0.000445952,1.80623e+07,6.88151e+06,0,3.59785e+08,3.59785e+08,1,0
1220,73200,cecum,0.9875,4072,22441,5671,1753,37152,1028,96,17396,38178,736518,1.26091e+08,61,0.000166136,0.00762725,0.000372752,1.98807e+07,7.54055e+06,0,3.93562e+08,3.93562e+08,1,0
1220,73200,transverse,0.995,4370,20907,5839,2229,36577,1155,96,18958,38296,907682,1.37924e+08,159,0.000163032,0.00727654,0.000487259,1.98807e+07,7.54055e+06,0,3.93562e+08,3.93562e+08,1,0
1220,73200,descending,0.995,4609,17013,5612,1887,27422,1031,63,13264,29234,873981,1.29474e+08,199,0.000151858,0.00616318,0.000490262,1.98807e+07,7.54055e+06,0,3.93562e+08,3.93562e+08,1,0
1230,73800,cecum,0.985,4041,23366,5859,1802,38754,1054,96,18148,39636,730178,1.37372e+08,61,0.00016585,0.0075939,0.000406101,2.18792e+07,8.26183e+06,0,4.30414e+08,4.30414e+08,1,0
1230,73800,transverse,0.9975,4761,20640,6016,2282,36829,1187,99,19559,38844,984823,1.50694e+08,159,0.000162668,0.00723634,0.000532322,2.18792e+07,8.26183e+06,0,4.30414e+08,4.30414e+08,1,0
1230,73800,descending,0.9975,5110,16647,5811,1950,27422,1064,71,13718,29624,968012,1.42273e+08,199,0.000151529,0.00613302,0.000538811,2.18792e+07,8.26183e+06,0,4.30414e+08,4.30414e+08,1,0
1240,74400,cecum,0.9975,4385,23589,6064,1853,39609,1094,97,18870,40720,793565,1.49637e+08,61,0.000165538,0.00755765,0.000442354,2.40748e+07,9.05102e+06,0,4.70601e+08,4.70601e+08,1,0
1240,74400,transverse,0.9975,4532,20745,6222,2340,37444,1228,99,20168,39123,944501,1.64602e+08,159,0.000162264,0.00719203,0.000581404,2.40748e+07,9.05102e+06,0,4.70601e+08,4.70601e+08,1,0
1240,74400,descending,1,5456,16576,6028,2029,27690,1115,71,14187,30151,1.03265e+06,1.56286e+08,199,0.000151146,0.00609803,0.00059197,2.40748e+07,9.05102e+06,0,4.70601e+08,4.70601e+08,1,0
1250,75000,cecum,0.99,4233,23667,6253,1912,40284,1120,100,19549,41136,764172,1.62965e+08,61,0.000165196,0.00751825,0.000481749,2.64863e+07,9.91429e+06,0,5.14401e+08,5.14401e+08,1,0
1250,75000,transverse,0.9975,4768,20959,6426,2401,38195,1259,103,20793,39994,991696,1.79742e+08,159,0.000161816,0.00714327,0.000634834,2.64863e+07,9.91429e+06,0,5.14401e+08,5.14401e+08,1,0
1250,75000,descending,0.995,5002,16968,6229,2096,28515,1151,73,14721,30422,948559,1.71618e+08,199,0.000150701,0.00605781,0.000650134,2.64863e+07,9.91429e+06,0,5.14401e+08,5.14401e+08,1,0
1260,75600,cecum,0.9925,4614,24589,6437,1966,41799,1164,101,20239,42945,834528,1.77441e+08,61,0.000164823,0.00747546,0.000524541,2.91338e+07,1.08583e+07,0,5.62111e+08,5.62111e+08,1,0
1260,75600,transverse,0.9975,4550,21770,6621,2449,39543,1290,109,21403,41002,953095,1.96213e+08,159,0.000161319,0.00708972,0.000692962,2.91338e+07,1.08583e+07,0,5.62111e+08,5.62111e+08,1,0
1260,75600,descending,0.995,4748,17538,6441,2156,29477,1192,75,15212,31017,902997,1.88379e+08,199,0.000150191,0.00601194,0.000713723,2.91338e+07,1.08583e+07,0,5.62111e+08,5.62111e+08,1,0
1270,76200,cecum,0.995,4640,24961,6636,2019,42839,1199,101,20995,43900,838776,1.93158e+08,61,0.000164414,0.007429,0.000570999,3.20392e+07,1.18903e+07,0,6.14043e+08,6.14043e+08,1,0
1270,76200,transverse,0.9975,4788,22144,6837,2505,40464,1326,112,22039,42034,1.0031e+06,2.14119e+08,159,0.00016077,0.007031,0.00075616,3.20392e+07,1.18903e+07,0,6.14043e+08,6.14043e+08,1,0
1270,76200,descending,0.995,5020,17659,6666,2205,30044,1242,75,15757,31730,954897,2.06686e+08,199,0.000149606,0.00595999,0.000783183,3.20392e+07,1.18903e+07,0,6.14043e+08,6.14043e+08,1,0
1280,76800,cecum,0.995,5105,25461,6838,2077,43904,1237,103,21654,45322,924710,2.10213e+08,61,0.000163968,0.00737859,0.000621412,3.52261e+07,1.3018e+07,0,6.70529e+08,6.70529e+08,1,0
1280,76800,transverse,0.995,4671,22875,7026,2553,41764,1354,116,22680,43100,977778,2.33572e+08,159,0.000160162,0.00696673,0.000824819,3.52261e+07,1.3018e+07,0,6.70529e+08,6.70529e+08,1,0
1280,76800,descending,0.9975,5075,18772,6878,2273,31481,1282,77,16187,33116,965443,2.26663e+08,199,0.000148941,0.00590148,0.000858981,3.52261e+07,1.3018e+07,0,6.70529e+08,6.70529e+08,1,0
1290,77400,cecum,0.9975,4660,26091,7060,2141,45186,1273,111,22398,46029,841551,2.28709e+08,61,0.00016348,0.00732391,0.000676085,3.87201e+07,1.42498e+07,0,7.31919e+08,7.31919e+08,1,0
1290,77400,transverse,0.9975,5253,23406,7224,2624,42903,1384,122,23383,44718,1.08531e+06,2.54686e+08,159,0.000159491,0.00689649,0.000899353,3.87201e+07,1.42498e+07,0,7.31919e+08,7.31919e+08,1,0
1290,77400,descending,0.995,5369,19346,7120,2349,32551,1328,86,16796,34351,1.02004e+06,2.48439e+08,199,0.000148188,0.00583593,0.000941607,3.87201e+07,1.42498e+07,0,7.31919e+08,7.31919e+08,1,0
1300,78000,cecum,0.995,4754,26632,7254,2196,46340,1307,118,23093,47165,857838,2.48757e+08,61,0.000162945,0.00726466,0.000735344,4.25485e+07,1.55947e+07,0,7.98576e+08,7.98576e+08,1,0
1300,78000,transverse,1,5197,23948,7426,2691,44075,1417,123,24112,45731,1.0758e+06,2.77585e+08,159,0.000158749,0.00681986,0.000980193,4.25485e+07,1.55947e+07,0,7.98576e+08,7.98576e+08,1,0
1300,78000,descending,0.9975,4811,20494,7321,2415,34097,1370,88,17300,35244,916149,2.72149e+08,199,0.000147336,0.00576283,0.00103157,4.25485e+07,1.55947e+07,0,7.98576e+08,7.98576e+08,1,0
1310,78600,cecum,0.9925,4695,27324,7440,2257,47689,1339,121,23840,48359,846775,2.7047e+08,61,0.000162361,0.00720047,0.000799527,4.67409e+07,1.70624e+07,0,8.70882e+08,8.70882e+08,1,0
1310,78600,transverse,1,5036,23888,7642,2757,44583,1463,130,24785,45967,1.05001e+06,3.02394e+08,159,0.000157929,0.00673639,0.00106779,4.67409e+07,1.70624e+07,0,8.70882e+08,8.70882e+08,1,0
1310,78600,descending,0.9975,5486,20795,7559,2465,34910,1408,89,17899,36581,1.04199e+06,2.97931e+08,199,0.000146377,0.00568167,0.00112938,4.67409e+07,1.70624e+07,0,8.70882e+08,8.70882e+08,1,0
1320,79200,cecum,0.9975,5248,27762,7654,2305,48843,1393,121,24658,49954,948769,2.9397e+08,61,0.000161721,0.00713101,0.000868992,5.13287e+07,1.86633e+07,0,9.49226e+08,9.49226e+08,1,0
1320,79200,transverse,0.9975,5095,24996,7864,2827,46228,1494,130,25423,47550,1.06387e+06,3.29241e+08,159,0.000157025,0.00664562,0.0011626,5.13287e+07,1.86633e+07,0,9.49226e+08,9.49226e+08,1,0
1320,79200,descending,0.9975,4948,21987,7761,2527,36575,1449,91,18473,37607,941808,3.25925e+08,199,0.000145299,0.00559191,0.00123558,5.13287e+07,1.86633e+07,0,9.49226e+08,9.49226e+08,1,0
1330,79800,cecum,1,4944,27885,7879,2370,49657,1431,127,25446,50336,891400,3.19384e+08,61,0.000161021,0.00705589,0.000944112,5.63455e+07,2.04083e+07,0,1.03401e+09,1.03401e+09,1,0
1330,79800,transverse,0.9975,5486,25560,8085,2908,47426,1541,132,26183,49044,1.13883e+06,3.5826e+08,159,0.000156027,0.00654707,0.0012651,5.63455e+07,2.04083e+07,0,1.03401e+09,1.03401e+09,1,0
1330,79800,descending,0.9975,5320,22287,7989,2606,37430,1499,93,19155,38733,1.01088e+06,3.56272e+08,199,0.000144089,0.00549304,0.00135069,5.63455e+07,2.04083e+07,0,1.03401e+09,1.03401e+09,1,0
1340,80400,cecum,0.9975,5026,28346,8109,2424,50880,1471,138,26291,51494,906070,3.46842e+08,61,0.000160255,0.00697473,0.00102527,6.18269e+07,2.23093e+07,0,1.12563e+09,1.12563e+09,1,0
1340,80400,transverse,0.9975,5385,25968,8352,2982,48423,1597,132,26902,49803,1.12251e+06,3.89584e+08,159,0.000154927,0.00644027,0.00137578,6.18269e+07,2.23093e+07,0,1.12563e+09,1.12563e+09,1,0
1340,80400,descending,0.995,5122,22942,8234,2672,38685,1542,96,19861,39651,975684,3.89112e+08,199,0.000142735,0.00538453,0.00147523,6.18269e+07,2.23093e+07,0,1.12563e+09,1.12563e+09,1,0
1350,81000,cecum,0.9975,4843,29390,8305,2471,52659,1514,138,27116,52984,873459,3.76478e+08,61,0.000159417,0.00688713,0.00111287,6.78105e+07,2.43786e+07,0,1.2245e+09,1.2245e+09,1,0
1350,81000,transverse,0.9975,5461,27024,8601,3047,50143,1638,133,27671,51455,1.138e+06,4.23346e+08,159,0.000153712,0.00632474,0.0014951,6.78105e+07,2.43786e+07,0,1.2245e+09,1.2245e+09,1,0
1350,81000,descending,0.9975,5126,23441,8474,2724,39651,1590,98,20426,40479,976079,4.24578e+08,199,0.000141222,0.00526589,0.00160971,6.78105e+07,2.43786e+07,0,1.2245e+09,1.2245e+09,1,0
1360,81600,cecum,0.9975,5024,29530,8524,2529,53530,1551,141,27939,53909,906516,4.0843e+08,61,0.000158499,0.00679268,0.00120732,7.43358e+07,2.66294e+07,0,1.331e+09,1.331e+09,1,0
1360,81600,transverse,1,5717,27732,8839,3131,51612,1678,134,28555,53065,1.1876e+06,4.59674e+08,159,0.000152374,0.00620002,0.00162353,7.43358e+07,2.66294e+07,0,1.331e+09,1.331e+09,1,0
1360,81600,descending,0.995,5104,23694,8724,2797,40441,1637,100,21081,41115,973067,4.62795e+08,199,0.000139533,0.00513666,0.00175458,7.43358e+07,2.66294e+07,0,1.331e+09,1.331e+09,1,0
1370,82200,cecum,1,5203,29474,8762,2578,54368,1595,143,28924,54779,938552,4.42838e+08,61,0.000157493,0.00669097,0.00130903,8.1444e+07,2.90754e+07,0,1.4455e+09,1.4455e+09,1,0
1370,82200,transverse,1,5705,28787,9090,3205,53399,1718,140,29395,54697,1.18957e+06,4.98693e+08,159,0.000150897,0.00606565,0.00176154,8.1444e+07,2.90754e+07,0,1.4455e+09,1.4455e+09,1,0
1370,82200,descending,1,5362,23979,8963,2867,41318,1683,104,21785,42123,1.02038e+06,5.03875e+08,199,0.00013765,0.00499642,0.00191025,8.1444e+07,2.90754e+07,0,1.4455e+09,1.4455e+09,1,0
1380,82800,cecum,1,5872,30049,8997,2640,55652,1631,152,29722,56586,1.06167e+06,4.79839e+08,61,0.000156393,0.0065816,0.0014184,8.91778e+07,3.17311e+07,0,1.56837e+09,1.56837e+09,1,0
1380,82800,transverse,1,5717,29073,9308,3284,54298,1770,144,30135,55517,1.19209e+06,5.40517e+08,159,0.00014927,0.00592123,0.00190953,8.91778e+07,3.17311e+07,0,1.56837e+09,1.56837e+09,1,0
1380,82800,descending,0.9975,5868,24901,9230,2945,42894,1726,108,22556,44055,1.11445e+06,5.47909e+08,199,0.000135555,0.00484486,0.00207706,8.91778e+07,3.17311e+07,0,1.56837e+09,1.56837e+09,1,0
1390,83400,cecum,1,5210,31178,9215,2718,57587,1671,153,30645,57758,939578,5.19572e+08,61,0.000155187,0.00646415,0.00153585,9.75812e+07,3.46113e+07,0,1.69988e+09,1.69988e+09,1,0
1390,83400,transverse,1,5979,29937,9530,3358,55874,1822,147,30970,57256,1.24059e+06,5.85243e+08,159,0.000147476,0.00576636,0.00206788,9.75812e+07,3.46113e+07,0,1.69988e+09,1.69988e+09,1,0
1390,83400,descending,0.9975,5701,25744,9474,3008,44415,1786,111,23354,45285,1.08388e+06,5.94964e+08,199,0.000133227,0.00468174,0.00225522,9.75812e+07,3.46113e+07,0,1.69988e+09,1.69988e+09,1,0
1400,84000,cecum,1,5516,31411,9451,2777,58613,1714,160,31533,58949,995590,5.62166e+08,61,0.000153868,0.00633825,0.00166175,1.06699e+08,3.77313e+07,0,1.8403e+09,1.8403e+09,1,0
1400,84000,transverse,1,6395,30375,9814,3437,57164,1879,149,31956,58812,1.31955e+06,6.32953e+08,159,0.000145501,0.00560076,0.0022369,1.06699e+08,3.77313e+07,0,1.8403e+09,1.8403e+09,1,0
1400,84000,descending,1,5572,26818,9710,3073,46131,1824,124,24086,46726,1.05886e+06,6.45072e+08,199,0.000130643,0.00450698,0.00244484,1.06699e+08,3.77313e+07,0,1.8403e+09,1.8403e+09,1,0
1410,84600,cecum,1,5583,32106,9678,2852,60118,1755,163,32456,60407,1.00633e+06,6.07747e+08,61,0.000152422,0.00620352,0.00179648,1.16575e+08,4.11069e+07,0,1.98978e+09,1.98978e+09,1,0
1410,84600,transverse,1,5661,30569,10060,3509,58202,1926,150,32918,58988,1.18348e+06,6.83704e+08,159,0.000143325,0.00542419,0.00241682,1.16575e+08,4.11069e+07,0,1.98978e+09,1.98978e+09,1,0
1410,84600,descending,0.9975,5250,27089,9948,3136,47038,1851,133,24803,47154,1.00075e+06,6.98226e+08,199,0.00012778,0.00432065,0.00264584,1.16575e+08,4.11069e+07,0,1.98978e+09,1.98978e+09,1,0
1420,85200,cecum,0.995,5952,32810,9918,2917,61648,1798,166,33387,62171,1.0748e+06,6.56424e+08,61,0.00015084,0.00605963,0.00194037,1.27254e+08,4.47538e+07,0,2.14841e+09,2.14841e+09,1,0
1420,85200,transverse,1,6356,30808,10304,3586,59200,1965,152,33791,60551,1.31536e+06,7.37515e+08,159,0.000140929,0.00523653,0.00260775,1.27254e+08,4.47538e+07,0,2.14841e+09,2.14841e+09,1,0
1420,85200,descending,1,5735,26767,10199,3201,47312,1896,136,25506,47769,1.09213e+06,7.54363e+08,199,0.000124616,0.00412301,0.00285795,1.27254e+08,4.47538e+07,0,2.14841e+09,2.14841e+09,1,0
1430,85800,cecum,0.9975,5959,33678,10161,2990,63337,1842,170,34321,63737,1.07541e+06,7.08292e+08,61,0.000149108,0.00590631,0.00209369,1.38779e+08,4.86876e+07,0,2.31614e+09,2.31614e+09,1,0
1430,85800,transverse,1,6024,31669,10563,3674,60892,2014,158,34753,61783,1.26104e+06,7.94372e+08,159,0.000138295,0.00503781,0.00280969,1.38779e+08,4.86876e+07,0,2.31614e+09,2.31614e+09,1,0
1430,85800,descending,1,6531,27089,10485,3274,48184,1943,139,26173,49268,1.24101e+06,8.13362e+08,199,0.000121126,0.00391459,0.00308067,1.38779e+08,4.86876e+07,0,2.31614e+09,2.31614e+09,1,0
1440,86400,cecum,1,5811,34317,10443,3060,64746,1902,176,35215,64840,1.04632e+06,7.63425e+08,61,0.000147213,0.00574334,0.00225666,1.5119e+08,5.29238e+07,0,2.49278e+09,2.49278e+09,1,0
1440,86400,transverse,1,6391,32117,10810,3757,62145,2053,162,35676,63274,1.33517e+06,8.54208e+08,159,0.000135401,0.00482819,0.00302245,1.5119e+08,5.29238e+07,0,2.49278e+09,2.49278e+09,1,0
1440,86400,descending,1,6418,27948,10752,3369,49661,2000,144,26938,50512,1.21984e+06,8.75029e+08,199,0.000117288,0.00369617,0.0033132,1.5119e+08,5.29238e+07,0,2.49278e+09,2.49278e+09,1,0
1450,87000,cecum,0.9975,6322,35019,10747,3135,66280,1954,177,36173,66707,1.14049e+06,8.21867e+08,61,0.00014514,0.0055706,0.0024294,1.64525e+08,5.74772e+07,0,2.67798e+09,2.67798e+09,1,0
1450,87000,transverse,1,6484,32696,11091,3844,63564,2109,166,36655,64644,1.35804e+06,9.16901e+08,159,0.000132225,0.00460805,0.00324567,1.64525e+08,5.74772e+07,0,2.67798e+09,2.67798e+09,1,0
1450,87000,descending,1,6766,28241,11005,3442,50603,2053,144,27713,51675,1.28494e+06,9.39092e+08,199,0.000113082,0.00346886,0.00355443,1.64525e+08,5.74772e+07,0,2.67798e+09,2.67798e+09,1,0
1460,87600,cecum,1,5957,35667,11046,3216,67849,1999,179,37218,67736,1.07166e+06,8.83627e+08,61,0.000142874,0.00538804,0.00261196,1.78815e+08,6.23616e+07,0,2.87119e+09,2.87119e+09,1,0
1460,87600,transverse,1,6769,32531,11345,3903,64131,2162,167,37498,65353,1.41845e+06,9.82263e+08,159,0.000128745,0.004378,0.00347874,1.78815e+08,6.23616e+07,0,2.87119e+09,2.87119e+09,1,0
1460,87600,descending,1,7339,29072,11295,3534,52175,2114,150,28601,53677,1.38969e+06,1.00519e+09,199,0.000108492,0.00323412,0.00380293,1.78815e+08,6.23616e+07,0,2.87119e+09,2.87119e+09,1,0
1470,88200,cecum,0.9975,7104,35258,11309,3276,68347,2042,182,38225,69218,1.28332e+06,9.48673e+08,61,0.000140399,0.00519577,0.00280423,1.94087e+08,6.75895e+07,0,3.07168e+09,3.07168e+09,1,0
1470,88200,transverse,1,6241,33437,11598,3984,65908,2208,169,38494,66474,1.3092e+06,1.05003e+09,159,0.000124943,0.00413887,0.00372081,1.94087e+08,6.75895e+07,0,3.07168e+09,3.07168e+09,1,0
1470,88200,descending,1,7130,28713,11594,3644,52522,2165,150,29468,53677,1.35283e+06,1.07286e+09,199,0.00010351,0.00299375,0.00405687,1.94087e+08,6.75895e+07,0,3.07168e+09,3.07168e+09,1,0
1480,88800,cecum,0.9975,6547,36694,11636,3337,70701,2103,189,39258,70803,1.17888e+06,1.01692e+09,61,0.000137701,0.00499403,0.00300597,2.10359e+08,7.31717e+07,0,3.27845e+09,3.27845e+09,1,0
1480,88800,transverse,1,6346,34325,11860,4071,67623,2258,170,39457,68168,1.32785e+06,1.11984e+09,159,0.000120797,0.00389183,0.00397075,2.10359e+08,7.31717e+07,0,3.27845e+09,3.27845e+09,1,0
1480,88800,descending,1,7307,29767,11865,3720,54393,2228,157,30417,55586,1.38514e+06,1.14157e+09,199,9.8137e-05,0.00274991,0.0043141,2.10359e+08,7.31717e+07,0,3.27845e+09,3.27845e+09,1,0
1490,89400,cecum,0.9975,7084,37744,11954,3414,72702,2159,193,40338,73152,1.27705e+06,1.08823e+09,61,0.000134761,0.00478325,0.00321675,2.27642e+08,7.91168e+07,0,3.4903e+09,3.4903e+09,1,0
1490,89400,transverse,1,5820,35167,12144,4167,69210,2309,174,40345,69088,1.23049e+06,1.19127e+09,159,0.000116296,0.00363831,0.0042271,2.27642e+08,7.91168e+07,0,3.4903e+09,3.4903e+09,1,0
1490,89400,descending,1,6604,30161,12154,3792,55515,2277,163,31260,55831,1.25515e+06,1.21067e+09,199,9.23864e-05,0.00250512,0.00457211,2.27642e+08,7.91168e+07,0,3.4903e+09,3.4903e+09,1,0
1500,90000,cecum,1,6906,38678,12251,3498,74687,2211,234,41484,74757,1.24459e+06,1.16239e+09,61,0.000131566,0.00456404,0.00343596,2.45936e+08,8.54309e+07,0,3.70576e+09,3.70576e+09,1,0
1500,90000,transverse,1,6241,35824,12407,4240,70843,2365,182,41442,71000,1.30874e+06,1.26378e+09,159,0.000111428,0.00338009,0.0044881,2.45936e+08,8.54309e+07,0,3.70576e+09,3.70576e+09,1,0
1500,90000,descending,1,6844,31433,12446,3863,57541,2332,167,32136,57927,1.2999e+06,1.27947e+09,199,8.62887e-05,0.00226213,0.00482815,2.45936e+08,8.54309e+07,0,3.70576e+09,3.70576e+09,1,0
1510,90600,cecum,1,7031,40145,12561,3579,77137,2271,242,42600,77155,1.26661e+06,1.23912e+09,61,0.000128102,0.00433724,0.00366276,2.6523e+08,9.21171e+07,0,3.9232e+09,3.9232e+09,1,0
1510,90600,transverse,1,6439,37203,12657,4333,73104,2409,207,42436,73321,1.34975e+06,1.33674e+09,159,0.000106192,0.00311923,0.00475167,2.6523e+08,9.21171e+07,0,3.9232e+09,3.9232e+09,1,0
1510,90600,descending,1,6896,31789,12733,3960,58708,2406,171,33114,59026,1.31099e+06,1.34721e+09,199,7.98932e-05,0.0020239,0.00507925,2.6523e+08,9.21171e+07,0,3.9232e+09,3.9232e+09,1,0
1520,91200,cecum,0.9975,7609,40171,12840,3659,78301,2321,243,43867,78747,1.3719e+06,1.31804e+09,61,0.000124357,0.00410394,0.00389606,2.85502e+08,9.91752e+07,0,4.14075e+09,4.14075e+09,1,0
1520,91200,transverse,1,6567,38076,12918,4416,74910,2464,211,43503,75128,1.36955e+06,1.40946e+09,159,0.0001006,0.00285812,0.00501545,2.85502e+08,9.91752e+07,0,4.14075e+09,4.14075e+09,1,0
1520,91200,descending,1,6731,32495,13033,4041,60200,2465,175,34036,60189,1.28087e+06,1.41312e+09,199,7.32703e-05,0.00179344,0.00532243,2.85502e+08,9.91752e+07,0,4.14075e+09,4.14075e+09,1,0
1530,91800,cecum,0.9975,7700,42317,13177,3745,81462,2391,250,45031,81811,1.38987e+06,1.39872e+09,61,0.000120323,0.00386548,0.00413452,3.0672e+08,1.06602e+08,0,4.35646e+09,4.35646e+09,1,0
1530,91800,transverse,1,6992,38766,13207,4489,76573,2527,219,44604,77055,1.44693e+06,1.48115e+09,159,9.46727e-05,0.00259934,0.00527684,3.0672e+08,1.06602e+08,0,4.35646e+09,4.35646e+09,1,0
1530,91800,descending,1,8495,33066,13323,4127,61563,2515,179,34960,63158,1.60832e+06,1.47645e+09,199,6.65106e-05,0.00157364,0.00555477,3.0672e+08,1.06602e+08,0,4.35646e+09,4.35646e+09,1,0
1540,92400,cecum,1,7434,43069,13543,3864,83154,2462,255,46156,83056,1.33908e+06,1.4806e+09,61,0.000115999,0.00362344,0.00437656,3.2884e+08,1.14389e+08,0,4.56828e+09,4.56828e+09,1,0
1540,92400,transverse,1,6491,40010,13475,4569,78797,2579,227,45708,78634,1.3554e+06,1.551e+09,159,8.84505e-05,0.00234564,0.00553309,3.2884e+08,1.14389e+08,0,4.56828e+09,4.56828e+09,1,0
1540,92400,descending,1,7365,34143,13626,4229,63433,2583,185,35917,63759,1.40019e+06,1.53653e+09,199,5.97225e-05,0.00136712,0.00577367,3.2884e+08,1.14389e+08,0,4.56828e+09,4.56828e+09,1,0
1550,93000,cecum,1,7202,43315,13892,3946,84415,2534,262,47318,83883,1.29519e+06,1.56307e+09,61,0.000111389,0.00337967,0.00462033,3.5181e+08,1.22526e+08,0,4.77419e+09,4.77419e+09,1,0
1550,93000,transverse,1,6379,40608,13768,4635,80312,2632,235,46736,79855,1.33508e+06,1.61819e+09,159,8.19899e-05,0.00209983,0.00578139,3.5181e+08,1.22526e+08,0,4.77419e+09,4.77419e+09,1,0
1550,93000,descending,1,6452,34451,13950,4307,64529,2648,187,36846,63759,1.233e+06,1.59279e+09,199,5.30258e-05,0.00117606,0.00597695,3.5181e+08,1.22526e+08,0,4.77419e+09,4.77419e+09,1,0
1560,93600,cecum,1,7476,44419,14226,4025,86565,2587,266,48492,86101,1.34615e+06,1.64542e+09,61,0.000106505,0.00313625,0.00486375,3.7557e+08,1.30998e+08,0,4.97227e+09,4.97227e+09,1,0
1560,93600,transverse,1,6753,40946,14042,4701,81749,2687,243,47948,81505,1.40666e+06,1.68192e+09,159,7.53656e-05,0.00186462,0.00601905,3.7557e+08,1.30998e+08,0,4.97227e+09,4.97227e+09,1,0
1560,93600,descending,1,7556,34710,14270,4393,65576,2710,191,37778,65734,1.43872e+06,1.64479e+09,199,4.65435e-05,0.00100205,0.00616301,3.7557e+08,1.30998e+08,0,4.97227e+09,4.97227e+09,1,0
1570,94200,cecum,1,7922,44673,14584,4093,88071,2658,275,49874,87825,1.42821e+06,1.7269e+09,61,0.000101373,0.0028954,0.0051046,4.00056e+08,1.39789e+08,0,5.16078e+09,5.16078e+09,1,0
1570,94200,transverse,1,7048,40323,14351,4800,82093,2746,247,49069,81989,1.46949e+06,1.74146e+09,159,6.86688e-05,0.00164248,0.00624359,4.00056e+08,1.39789e+08,0,5.16078e+09,5.16078e+09,1,0
1570,94200,descending,1,7562,35707,14594,4463,67494,2775,196,38829,67464,1.43887e+06,1.69228e+09,199,4.0391e-05,0.000846036,0.00633092,4.00056e+08,1.39789e+08,0,5.16078e+09,5.16078e+09,1,0
1580,94800,cecum,1,7462,46565,14902,4189,91139,2720,294,51189,90254,1.34328e+06,1.80671e+09,61,9.60283e-05,0.00265949,0.00534051,4.252e+08,1.48878e+08,0,5.33823e+09,5.33823e+09,1,0
1580,94800,transverse,1,5939,41009,14635,4884,83827,2805,261,50246,82459,1.26462e+06,1.7962e+09,159,6.20026e-05,0.00143552,0.00645291,4.252e+08,1.48878e+08,0,5.33823e+09,5.33823e+09,1,0
1580,94800,descending,1,6928,35591,14863,4546,68264,2827,198,39848,67464,1.32383e+06,1.73517e+09,199,3.46667e-05,0.00070826,0.00648043,4.252e+08,1.48878e+08,0,5.33823e+09,5.33823e+09,1,0
1590,95400,cecum,0.9975,7284,46406,15227,4254,92120,2788,301,52455,90858,1.30939e+06,1.88405e+09,61,9.05187e-05,0.00243088,0.00556912,4.50935e+08,1.58242e+08,0,5.50342e+09,5.50342e+09,1,0
1590,95400,transverse,1,6573,41365,14929,4976,85257,2850,265,51453,84362,1.38288e+06,1.84569e+09,159,5.54761e-05,0.00124533,0.0066454,4.50935e+08,1.58242e+08,0,5.50342e+09,5.50342e+09,1,0
1590,95400,descending,0.9975,7661,35885,15201,4624,69591,2890,205,41015,69320,1.4583e+06,1.77353e+09,199,2.94445e-05,0.000588337,0.00661194,4.50935e+08,1.58242e+08,0,5.50342e+09,5.50342e+09,1,0
1600,96000,cecum,1,6956,47766,15579,4349,94635,2855,304,53769,92852,1.2494e+06,1.95815e+09,61,8.49059e-05,0.00221186,0.00578814,4.77197e+08,1.67859e+08,0,5.6555e+09,5.6555e+09,1,0
1600,96000,transverse,1,7036,40938,15226,5056,85976,2890,265,52719,85367,1.47218e+06,1.88964e+09,159,4.9196e-05,0.00107293,0.00682005,4.77197e+08,1.67859e+08,0,5.6555e+09,5.6555e+09,1,0
1600,96000,descending,1,7808,35844,15537,4728,70381,2958,237,41986,70061,1.48678e+06,1.80756e+09,199,2.4769e-05,0.000485351,0.00672635,4.77197e+08,1.67859e+08,0,5.6555e+09,5.6555e+09,1,0
1610,96600,cecum,1,7743,48806,15919,4434,96896,2915,306,55133,95703,1.39602e+06,2.02828e+09,61,7.92617e-05,0.00200454,0.00599546,5.03924e+08,1.77705e+08,0,5.79396e+09,5.79396e+09,1,0
1610,96600,transverse,1,6394,41637,15524,5144,87770,2950,268,53959,86366,1.35948e+06,1.92796e+09,159,4.32587e-05,0.000918742,0.00697644,5.03924e+08,1.77705e+08,0,5.79396e+09,5.79396e+09,1,0
1610,96600,descending,0.9975,7723,36735,15905,4819,72241,3027,237,43115,71628,1.47196e+06,1.83757e+09,199,2.06559e-05,0.000397985,0.006825,5.03924e+08,1.77705e+08,0,5.79396e+09,5.79396e+09,1,0
1620,97200,cecum,1,7247,48210,16263,4508,97587,2992,308,56569,95703,1.30248e+06,2.09386e+09,61,7.36659e-05,0.00181072,0.00618928,5.31061e+08,1.87755e+08,0,5.91866e+09,5.91866e+09,1,0
1620,97200,transverse,1,7728,42293,15818,5224,89560,3007,270,55228,89331,1.61228e+06,1.96072e+09,159,3.77429e-05,0.000782582,0.00711476,5.31061e+08,1.87755e+08,0,5.91866e+09,5.91866e+09,1,0
1620,97200,descending,1,8550,36731,16291,4933,73143,3088,244,44189,73139,1.62461e+06,1.86392e+09,199,1.70951e-05,0.000324677,0.00690943,5.31061e+08,1.87755e+08,0,5.91866e+09,5.91866e+09,1,0
1630,97800,cecum,1,6891,48715,16598,4595,99290,3049,313,57906,96854,1.23633e+06,2.15439e+09,61,6.82015e-05,0.0016318,0.0063682,5.58557e+08,1.97986e+08,0,6.02973e+09,6.02973e+09,1,0
1630,97800,transverse,1,7143,43418,16147,5317,91880,3075,283,56571,90885,1.50568e+06,1.98817e+09,159,3.27047e-05,0.000663763,0.0072357,5.58557e+08,1.97986e+08,0,6.02973e+09,6.02973e+09,1,0
1630,97800,descending,1,8388,36235,16634,5030,73503,3148,256,45190,73139,1.59661e+06,1.88703e+09,199,1.40562e-05,0.000263751,0.00698134,5.58557e+08,1.97986e+08,0,6.02973e+09,6.02973e+09,1,0
1640,98400,cecum,0.9625,5777,48873,16897,4651,100733,3117,317,59311,97004,1.03142e+06,2.20956e+09,61,6.29491e-05,0.00146872,0.00653128,5.86368e+08,2.08375e+08,0,6.12764e+09,6.12764e+09,1,0
1640,98400,transverse,1,7413,44317,16467,5390,93852,3128,286,57767,92930,1.55376e+06,2.01065e+09,159,2.81753e-05,0.000561193,0.00734034,5.86368e+08,2.08375e+08,0,6.12764e+09,6.12764e+09,1,0
1640,98400,descending,1,8943,35699,16995,5116,73958,3226,258,46343,73950,1.70102e+06,1.90728e+09,199,1.1495e-05,0.000213531,0.00704239,5.86368e+08,2.08375e+08,0,6.12764e+09,6.12764e+09,1,0
1650,99000,cecum,0.9625,5791,48274,17195,4698,101400,3174,327,60671,97481,1.03394e+06,2.25922e+09,61,5.79818e-05,0.00132194,0.00667806,6.14456e+08,2.18901e+08,0,6.21303e+09,6.21303e+09,1,0
1650,99000,transverse,1,7853,44381,16791,5491,95132,3182,287,59137,94480,1.64139e+06,2.0286e+09,159,2.41627e-05,0.000473498,0.00743007,6.14456e+08,2.18901e+08,0,6.21303e+09,6.21303e+09,1,0
1650,99000,descending,1,8397,36094,17376,5213,75123,3300,258,47284,74359,1.60146e+06,1.92506e+09,199,9.3594e-06,0.000172423,0.00709418,6.14456e+08,2.18901e+08,0,6.21303e+09,6.21303e+09,1,0
1660,99600,cecum,0.9275,5462,48266,17471,4740,102633,3221,328,62000,98197,974083,2.30338e+09,61,5.33595e-05,0.00119141,0.00680859,6.42786e+08,2.29545e+08,0,6.28677e+09,6.28677e+09,1,0
1660,99600,transverse,1,7882,44633,17146,5594,96383,3244,300,60288,95557,1.6457e+06,2.04251e+09,159,2.06544e-05,0.000399152,0.0075064,6.42786e+08,2.29545e+08,0,6.28677e+09,6.28677e+09,1,0
1660,99600,descending,1,8604,36497,17744,5305,76338,3370,261,48255,75572,1.63937e+06,1.94073e+09,199,7.5948e-06,0.00013897,0.00713818,6.42786e+08,2.29545e+08,0,6.28677e+09,6.28677e+09,1,0
1670,100200,cecum,0.93,5724,47675,17728,4788,103394,3260,329,63438,99049,1.02239e+06,2.34219e+09,61,4.91261e-05,0.00107669,0.00692331,6.71332e+08,2.40289e+08,0,6.34981e+09,6.34981e+09,1,0
1670,100200,transverse,1,7519,44738,17452,5686,97459,3309,305,61411,96116,1.58093e+06,2.05287e+09,159,1.76225e-05,0.000336576,0.00757092,6.71332e+08,2.40289e+08,0,6.34981e+09,6.34981e+09,1,0
1670,100200,descending,1,7917,37589,18107,5388,78479,3439,268,49449,76808,1.51295e+06,1.9546e+09,199,6.14775e-06,0.000111877,0.00717567,6.71332e+08,2.40289e+08,0,6.34981e+09,6.34981e+09,1,0
1680,100800,cecum,0.955,5887,47312,17992,4839,104182,3303,333,64679,99826,1.05198e+06,2.37594e+09,61,4.53075e-05,0.000976937,0.00702306,7.00068e+08,2.51117e+08,0,6.40321e+09,6.40321e+09,1,0
1680,100800,transverse,1,6763,45039,17731,5778,98899,3354,314,62678,96649,1.43872e+06,2.06017e+09,159,1.50287e-05,0.000284228,0.00762518,7.00068e+08,2.51117e+08,0,6.40321e+09,6.40321e+09,1,0
1680,100800,descending,1,8766,37592,18429,5448,79499,3491,302,50544,78433,1.67093e+06,1.96695e+09,199,4.96849e-06,9.00199e-05,0.00720779,7.00068e+08,2.51117e+08,0,6.40321e+09,6.40321e+09,1,0
1690,101400,cecum,0.915,5524,47653,18283,4885,105730,3360,336,65986,100820,986304,2.40499e+09,61,4.19117e-05,0.000891058,0.00710894,7.28975e+08,2.62014e+08,0,6.44801e+09,6.44801e+09,1,0
1690,101400,transverse,1,6770,46232,18026,5851,101260,3397,318,63958,98834,1.43326e+06,2.06487e+09,159,1.28285e-05,0.000240658,0.00767062,7.28975e+08,2.62014e+08,0,6.44801e+09,6.44801e+09,1,0
1690,101400,descending,1,8493,38333,18815,5543,81228,3567,305,51700,79671,1.62081e+06,1.978e+09,199,4.01232e-06,7.24422e-05,0.00723549,7.28975e+08,2.62014e+08,0,6.44801e+09,6.44801e+09,1,0
1700,102000,cecum,0.92,5415,47762,18570,4923,107184,3406,340,67411,101958,967715,2.42978e+09,61,3.89315e-05,0.000817786,0.00718221,7.58034e+08,2.7297e+08,0,6.48527e+09,6.48527e+09,1,0
1700,102000,transverse,1,7593,46594,18348,5936,102762,3452,321,65235,100974,1.58561e+06,2.06738e+09,159,1.09757e-05,0.000204544,0.00770856,7.58034e+08,2.7297e+08,0,6.48527e+09,6.48527e+09,1,0
1700,102000,descending,1,8694,38250,19205,5652,82075,3625,309,52793,80492,1.65849e+06,1.98796e+09,199,3.24018e-06,5.83412e-05,0.00725958,7.58034e+08,2.7297e+08,0,6.48527e+09,6.48527e+09,1,0
1710,102600,cecum,0.9225,5224,47998,18868,4965,108740,3466,341,68832,103126,933475,2.45076e+09,61,3.63468e-05,0.000755767,0.00724423,7.87232e+08,2.83972e+08,0,6.51597e+09,6.51597e+09,1,0
1710,102600,transverse,1,6560,48121,18644,6030,105575,3511,323,66672,102609,1.3928e+06,2.06807e+09,159,9.42488e-06,0.000174712,0.00774018,7.87232e+08,2.83972e+08,0,6.51597e+09,6.51597e+09,1,0
1710,102600,descending,1,8194,38670,19582,5730,83621,3695,311,54065,81307,1.56624e+06,1.99698e+09,199,2.61865e-06,4.70507e-05,0.00728072,7.87232e+08,2.83972e+08,0,6.51597e+09,6.51597e+09,1,0
1720,103200,cecum,0.9425,5173,47727,19118,5001,109774,3520,347,70221,103943,924394,2.4684e+09,61,3.41287e-05,0.000703641,0.00729636,8.16556e+08,2.95013e+08,0,6.54104e+09,6.54104e+09,1,0
1720,103200,transverse,1,7462,48289,18920,6091,107032,3562,334,68062,104793,1.55297e+06,2.06727e+09,159,8.13329e-06,0.000150138,0.00776651,8.16556e+08,2.95013e+08,0,6.54104e+09,6.54104e+09,1,0
1720,103200,descending,1,8887,38928,19970,5831,84761,3765,321,55108,82913,1.696e+06,2.00521e+09,199,2.11963e-06,3.80238e-05,0.00729946,8.16556e+08,2.95013e+08,0,6.54104e+09,6.54104e+09,1,0
1730,103800,cecum,0.94,4923,47409,19376,5039,110884,3567,347,71734,104630,879923,2.48313e+09,61,3.22428e-05,0.000660095,0.0073399,8.45995e+08,3.06084e+08,0,6.5613e+09,6.5613e+09,1,0
1730,103800,transverse,1,6358,48926,19222,6184,108855,3620,341,69392,105354,1.3513e+06,2.06525e+09,159,7.06203e-06,0.00012994,0.00778843,8.45995e+08,3.06084e+08,0,6.5613e+09,6.5613e+09,1,0
1730,103800,descending,1,8800,39681,20406,5949,86301,3856,321,56104,84139,1.68269e+06,2.01276e+09,199,1.71972e-06,3.08143e-05,0.00731626,8.45995e+08,3.06084e+08,0,6.5613e+09,6.5613e+09,1,0
1740,104400,cecum,0.9625,5437,46580,19639,5075,111279,3611,351,73034,105352,974115,2.49537e+09,61,3.06522e-05,0.000623908,0.00737609,8.75541e+08,3.17178e+08,0,6.5775e+09,6.5775e+09,1,0
1740,104400,transverse,1,7477,49749,19513,6256,111036,3666,371,70838,108451,1.56152e+06,2.06224e+09,159,6.17653e-06,0.000113368,0.00780668,8.75541e+08,3.17178e+08,0,6.5775e+09,6.5775e+09,1,0
1740,104400,descending,1,8785,40619,20773,6028,88205,3941,328,57227,85818,1.67975e+06,2.01972e+09,199,1.39969e-06,2.50605e-05,0.00733147,8.75541e+08,3.17178e+08,0,6.5775e+09,6.5775e+09,1,0
1750,105000,cecum,0.9425,5206,46483,19880,5116,112437,3655,357,74368,106117,931503,2.5055e+09,61,2.93198e-05,0.000593968,0.00740603,9.05184e+08,3.28291e+08,0,6.59028e+09,6.59028e+09,1,0
1750,105000,transverse,1,7582,50134,19809,6345,112691,3719,376,72245,110052,1.57308e+06,2.05845e+09,159,5.44663e-06,9.97923e-05,0.00782191,9.05184e+08,3.28291e+08,0,6.59028e+09,6.59028e+09,1,0
1750,105000,descending,1,9550,41512,21169,6120,90164,4007,329,58450,88303,1.8227e+06,2.02617e+09,199,1.14386e-06,2.04707e-05,0.00734538,9.05184e+08,3.28291e+08,0,6.59028e+09,6.59028e+09,1,0
1760,105600,cecum,0.9625,5397,45882,20137,5169,113051,3708,359,75687,106769,965371,2.51385e+09,61,2.82103e-05,0.00056929,0.00743071,9.34918e+08,3.39418e+08,0,6.60022e+09,6.60022e+09,1,0
1760,105600,transverse,1,7356,50798,20119,6453,114631,3775,390,73671,111606,1.52999e+06,2.05404e+09,159,4.84641e-06,8.86845e-05,0.00783463,9.34918e+08,3.39418e+08,0,6.60022e+09,6.60022e+09,1,0
1760,105600,descending,1,9038,41134,21576,6218,90912,4084,333,59747,88303,1.7286e+06,2.03216e+09,199,9.3949e-07,1.68103e-05,0.00735824,9.34918e+08,3.39418e+08,0,6.60022e+09,6.60022e+09,1,0
1770,106200,cecum,0.9525,5096,45654,20423,5218,114038,3761,364,76999,107266,910248,2.52071e+09,61,2.72908e-05,0.000549013,0.00745099,9.64737e+08,3.50555e+08,0,6.60777e+09,6.60777e+09,1,0
1770,106200,transverse,0.9975,7498,50932,20410,6554,116191,3831,395,75249,113169,1.55285e+06,2.04914e+09,159,4.35379e-06,7.9606e-05,0.00784529,9.64737e+08,3.50555e+08,0,6.60777e+09,6.60777e+09,1,0
1770,106200,descending,1,9442,42618,22008,6305,93357,4152,336,60860,90872,1.80683e+06,2.03775e+09,199,7.76291e-07,1.38913e-05,0.00737024,9.64737e+08,3.50555e+08,0,6.60777e+09,6.60777e+09,1,0
1780,106800,cecum,0.9225,5029,45525,20679,5255,115311,3807,367,78481,108296,898904,2.52634e+09,61,2.65319e-05,0.000532395,0.0074676,9.94636e+08,3.617e+08,0,6.61336e+09,6.61336e+09,1,0
1780,106800,transverse,1,7447,50871,20690,6673,117380,3878,402,76658,114186,1.54639e+06,2.04387e+09,159,3.9502e-06,7.21933e-05,0.00785425,9.94636e+08,3.617e+08,0,6.61336e+09,6.61336e+09,1,0
1780,106800,descending,1,8951,42171,22417,6394,94098,4229,343,62207,90872,1.71625e+06,2.04299e+09,199,6.45996e-07,1.15632e-05,0.00738151,9.94636e+08,3.617e+08,0,6.61336e+09,6.61336e+09,1,0
1790,107400,cecum,0.92,5189,45424,20924,5288,116478,3849,371,79820,109449,928115,2.53093e+09,61,2.59077e-05,0.000518806,0.00748119,1.02461e+09,3.72848e+08,0,6.61731e+09,6.61731e+09,1,0
1790,107400,transverse,1,6999,50906,21004,6766,118524,3948,408,77924,114725,1.46999e+06,2.03833e+09,159,3.62004e-06,6.61465e-05,0.00786182,1.02461e+09,3.72848e+08,0,6.61731e+09,6.61731e+09,1,0
1790,107400,descending,1,9327,42643,22806,6464,95733,4315,355,63514,92638,1.78665e+06,2.04789e+09,199,5.41973e-07,9.70612e-06,0.0073922,1.02461e+09,3.72848e+08,0,6.61731e+09,6.61731e+09,1,0
1800,108000,cecum,0.9375,5246,45261,21170,5340,117558,3886,380,81143,110420,939138,2.53469e+09,61,2.53958e-05,0.000507713,0.00749229,1.05465e+09,3.83999e+08,0,6.61992e+09,6.61992e+09,1,0
1800,108000,transverse,1,7270,51779,21325,6851,120681,3993,412,79334,116958,1.51759e+06,2.03257e+09,159,3.35037e-06,6.12187e-05,0.00786823,1.05465e+09,3.83999e+08,0,6.61992e+09,6.61992e+09,1,0
1800,108000,descending,1,9064,43136,23199,6545,97151,4394,356,64598,93559,1.73496e+06,2.0525e+09,199,4.58915e-07,8.22425e-06,0.00740239,1.05465e+09,3.83999e+08,0,6.61992e+09,6.61992e+09,1,0
1810,108600,cecum,0.9525,5297,45049,21420,5382,118418,3922,384,82289,111155,947740,2.53775e+09,61,2.49769e-05,0.000498671,0.00750133,1.08476e+09,3.9515e+08,0,6.62142e+09,6.62142e+09,1,0
1810,108600,transverse,1,7451,52083,21639,6930,122295,4051,414,80779,118574,1.55382e+06,2.02668e+09,159,3.13041e-06,5.72071e-05,0.00787369,1.08476e+09,3.9515e+08,0,6.62142e+09,6.62142e+09,1,0
1810,108600,descending,1,9346,42030,23627,6618,97151,4467,356,65850,93559,1.7897e+06,2.05683e+09,199,3.9258e-07,7.04136e-06,0.00741216,1.08476e+09,3.9515e+08,0,6.62142e+09,6.62142e+09,1,0
1820,109200,cecum,0.9575,5208,44622,21691,5431,119228,3976,396,83617,111696,931505,2.54024e+09,61,2.46348e-05,0.000491309,0.00750869,1.11493e+09,4.063e+08,0,6.62201e+09,6.62201e+09,1,0
1820,109200,transverse,1,7864,51538,21951,7018,123119,4107,420,82286,119637,1.63156e+06,2.0207e+09,159,2.95127e-06,5.39452e-05,0.00787838,1.11493e+09,4.063e+08,0,6.62201e+09,6.62201e+09,1,0
1820,109200,descending,1,9368,41784,24047,6705,98226,4552,361,67338,94403,1.79574e+06,2.06092e+09,199,3.39586e-07,6.09673e-06,0.00742157,1.11493e+09,4.063e+08,0,6.62201e+09,6.62201e+09,1,0
1830,109800,cecum,0.9575,5233,44235,21966,5469,120144,4025,398,85005,112447,936570,2.54227e+09,61,2.43558e-05,0.000485322,0.00751468,1.14516e+09,4.17449e+08,0,6.62185e+09,6.62185e+09,1,0
1830,109800,transverse,1,7482,52744,22252,7122,125741,4164,428,83855,121729,1.56273e+06,2.01466e+09,159,2.80562e-06,5.12966e-05,0.00788242,1.14516e+09,4.17449e+08,0,6.62185e+09,6.62185e+09,1,0
1830,109800,descending,1,9786,42448,24489,6785,99798,4644,362,68417,96122,1.87248e+06,2.06476e+09,199,2.97235e-07,5.34203e-06,0.00743068,1.14516e+09,4.17449e+08,0,6.62185e+09,6.62185e+09,1,0
1840,110400,cecum,0.9525,5378,43494,22204,5510,120789,4066,405,86466,113074,962207,2.54391e+09,61,2.41286e-05,0.000480456,0.00751954,1.17544e+09,4.28594e+08,0,6.62107e+09,6.62107e+09,1,0
1840,110400,transverse,1,7523,52689,22579,7204,126950,4232,440,85257,122790,1.57447e+06,2.00861e+09,159,2.68742e-06,4.91496e-05,0.00788594,1.17544e+09,4.28594e+08,0,6.62107e+09,6.62107e+09,1,0
1840,110400,descending,1,9389,43040,24930,6892,101338,4725,365,69550,97009,1.80033e+06,2.06838e+09,199,2.63376e-07,4.73882e-06,0.00743952,1.17544e+09,4.28594e+08,0,6.62107e+09,6.62107e+09,1,0
1850,111000,cecum,0.93,5046,43560,22429,5564,122076,4105,408,87777,113894,902042,2.54525e+09,61,2.39438e-05,0.000476505,0.0075235,1.20577e+09,4.39735e+08,0,6.61977e+09,6.61977e+09,1,0
1850,111000,transverse,1,8594,52490,22887,7303,128095,4291,449,86750,124847,1.78292e+06,2.00256e+09,159,2.5917e-06,4.74127e-05,0.00788901,1.20577e+09,4.39735e+08,0,6.61977e+09,6.61977e+09,1,0
1850,111000,descending,1,9802,43140,25399,6992,102508,4802,365,70797,98300,1.87748e+06,2.0718e+09,199,2.36297e-07,4.25648e-06,0.00744812,1.20577e+09,4.39735e+08,0,6.61977e+09,6.61977e+09,1,0
1860,111600,cecum,0.91,5190,43648,22688,5613,123219,4151,420,88915,115005,928656,2.54634e+09,61,2.37936e-05,0.000473297,0.0075267,1.23616e+09,4.50871e+08,0,6.61806e+09,6.61806e+09,1,0
1860,111600,transverse,1,7495,52393,23212,7405,129370,4350,461,88271,124847,1.58048e+06,1.99655e+09,159,2.51439e-06,4.60112e-05,0.00789173,1.23616e+09,4.50871e+08,0,6.61806e+09,6.61806e+09,1,0
1860,111600,descending,0.9975,11388,44468,25848,7086,105102,4884,370,72234,102202,2.16846e+06,2.07501e+09,199,2.14633e-07,3.87065e-06,0.00745652,1.23616e+09,4.50871e+08,0,6.61806e+09,6.61806e+09,1,0
1870,112200,cecum,0.915,4983,44113,22913,5657,124802,4201,422,90125,116248,892221,2.54722e+09,61,2.36716e-05,0.000470695,0.00752931,1.26658e+09,4.62003e+08,0,6.616e+09,6.616e+09,1,0
1870,112200,transverse,1,10192,52301,23564,7522,130527,4433,465,89716,128545,2.08114e+06,1.99058e+09,159,2.45215e-06,4.48839e-05,0.00789414,1.26658e+09,4.62003e+08,0,6.616e+09,6.616e+09,1,0
1870,112200,descending,0.9975,10514,45368,26324,7202,107132,4967,388,73545,103063,2.00828e+06,2.07804e+09,199,1.97298e-07,3.56194e-06,0.00746472,1.26658e+09,4.62003e+08,0,6.616e+09,6.616e+09,1,0
1880,112800,cecum,0.965,5161,43855,23142,5698,125659,4245,425,91322,117136,925484,2.54793e+09,61,2.35725e-05,0.000468584,0.00753142,1.29706e+09,4.73128e+08,0,6.61365e+09,6.61365e+09,1,0
1880,112800,transverse,1,9326,52128,23954,7661,131588,4499,475,91145,128545,1.92951e+06,1.98467e+09,159,2.40224e-06,4.39807e-05,0.0078963,1.29706e+09,4.73128e+08,0,6.61365e+09,6.61365e+09,1,0
1880,112800,descending,1,10708,44813,26813,7307,107695,5046,401,74834,103502,2.04524e+06,2.08089e+09,199,1.83423e-07,3.3149e-06,0.00747276,1.29706e+09,4.73128e+08,0,6.61365e+09,6.61365e+09,1,0
1890,113400,cecum,0.9325,4753,43733,23368,5734,126685,4282,427,92541,117599,850101,2.54851e+09,61,2.34921e-05,0.000466872,0.00753313,1.32757e+09,4.84248e+08,0,6.61107e+09,6.61107e+09,1,0
1890,113400,transverse,1,7288,53005,24329,7773,133819,4578,484,92681,128545,1.55152e+06,1.97883e+09,159,2.36242e-06,4.32606e-05,0.00789825,1.32757e+09,4.84248e+08,0,6.61107e+09,6.61107e+09,1,0
1890,113400,descending,1,9734,44987,27298,7405,108979,5125,403,76119,103502,1.86648e+06,2.08357e+09,199,1.72319e-07,3.1172e-06,0.00748064,1.32757e+09,4.84248e+08,0,6.61107e+09,6.61107e+09,1,0
1900,114000,cecum,0.9675,4969,43264,23595,5782,127296,4322,434,93702,118280,889505,2.54898e+09,61,2.34269e-05,0.000465485,0.00753452,1.35812e+09,4.95361e+08,0,6.60829e+09,6.60829e+09,1,0
1900,114000,transverse,1,8184,54456,24685,7854,136747,4639,484,94300,132155,1.71982e+06,1.97306e+09,159,2.33084e-06,4.26902e-05,0.00790003,1.35812e+09,4.95361e+08,0,6.60829e+09,6.60829e+09,1,0
1900,114000,descending,1,11336,46124,27776,7513,111110,5210,410,77299,106943,2.1661e+06,2.08608e+09,199,1.63434e-07,2.95902e-06,0.00748837,1.35812e+09,4.95361e+08,0,6.60829e+09,6.60829e+09,1,0
1910,114600,cecum,0.935,4855,43082,23846,5818,128178,4365,438,94841,118872,868212,2.54936e+09,61,2.3374e-05,0.00046436,0.00753564,1.38871e+09,5.06468e+08,0,6.60535e+09,6.60535e+09,1,0
1910,114600,transverse,1,8254,54078,25007,7958,137818,4686,487,95897,133122,1.74222e+06,1.96738e+09,159,2.30601e-06,4.2242e-05,0.00790165,1.38871e+09,5.06468e+08,0,6.60535e+09,6.60535e+09,1,0
1910,114600,descending,1,11645,45591,28326,7625,111535,5323,412,78480,107350,2.22485e+06,2.08844e+09,199,1.56328e-07,2.83253e-06,0.00749597,1.38871e+09,5.06468e+08,0,6.60535e+09,6.60535e+09,1,0
1920,115200,cecum,0.9375,5122,42598,24099,5869,128835,4410,442,96074,119635,917305,2.54967e+09,61,2.33312e-05,0.000463449,0.00753655,1.41933e+09,5.17568e+08,0,6.60227e+09,6.60227e+09,1,0
1920,115200,transverse,1,7701,53227,25352,8031,138580,4757,495,97646,133122,1.64573e+06,1.96179e+09,159,2.28668e-06,4.18937e-05,0.00790316,1.41933e+09,5.17568e+08,0,6.60227e+09,6.60227e+09,1,0
1920,115200,descending,1,11850,46038,28881,7744,112998,5431,414,79721,108688,2.26488e+06,2.09064e+09,199,1.50649e-07,2.73146e-06,0.00750344,1.41933e+09,5.17568e+08,0,6.60227e+09,6.60227e+09,1,0
1930,115800,cecum,0.935,5122,42300,24335,5919,129704,4451,453,97321,120348,916621,2.54992e+09,61,2.32964e-05,0.00046271,0.00753729,1.44998e+09,5.28661e+08,0,6.59908e+09,6.59908e+09,1,0
1930,115800,transverse,1,7754,53433,25671,8115,140287,4810,499,99280,134696,1.65799e+06,1.95629e+09,159,2.27185e-06,4.1627e-05,0.00790456,1.44998e+09,5.28661e+08,0,6.59908e+09,6.59908e+09,1,0
1930,115800,descending,1,11640,46095,29414,7855,114374,5538,426,81246,109527,2.22772e+06,2.0927e+09,199,1.46116e-07,2.65081e-06,0.00751078,1.44998e+09,5.28661e+08,0,6.59908e+09,6.59908e+09,1,0
1940,116400,cecum,0.93,5104,42123,24590,5958,130631,4491,456,98501,121078,913256,2.55012e+09,61,2.32683e-05,0.000462112,0.00753789,1.48066e+09,5.39747e+08,0,6.59579e+09,6.59579e+09,1,0
1940,116400,transverse,1,8149,53805,26030,8204,142081,4876,503,100853,136677,1.72683e+06,1.95088e+09,159,2.26068e-06,4.14267e-05,0.00790587,1.48066e+09,5.39747e+08,0,6.59579e+09,6.59579e+09,1,0
1940,116400,descending,1,12305,46462,29937,7970,115769,5626,434,82469,111259,2.35469e+06,2.09462e+09,199,1.42505e-07,2.58657e-06,0.00751801,1.48066e+09,5.39747e+08,0,6.59579e+09,6.59579e+09,1,0
1950,117000,cecum,0.96,5213,41766,24818,6015,131489,4535,461,99812,121913,934236,2.55029e+09,61,2.32455e-05,0.000461627,0.00753837,1.51137e+09,5.50826e+08,0,6.59243e+09,6.59243e+09,1,0
1950,117000,transverse,1,7981,53266,26342,8304,142904,4922,510,102354,137159,1.69539e+06,1.94557e+09,159,2.25252e-06,4.12807e-05,0.0079071,1.51137e+09,5.50826e+08,0,6.59243e+09,6.59243e+09,1,0
1950,117000,descending,1,10716,47588,30475,8078,118142,5743,434,83941,111730,2.0591e+06,2.0964e+09,199,1.39635e-07,2.53553e-06,0.00752512,1.51137e+09,5.50826e+08,0,6.59243e+09,6.59243e+09,1,0
1960,117600,cecum,0.965,5285,41321,25047,6054,132115,4579,463,100964,122463,946500,2.55042e+09,61,2.3227e-05,0.000461234,0.00753877,1.5421e+09,5.61897e+08,0,6.58901e+09,6.58901e+09,1,0
1960,117600,transverse,1,8383,53320,26700,8399,144198,4993,514,103756,138659,1.77653e+06,1.94036e+09,159,2.24679e-06,4.11788e-05,0.00790827,1.5421e+09,5.61897e+08,0,6.58901e+09,6.58901e+09,1,0
1960,117600,descending,1,12432,47171,31010,8179,118927,5879,437,85377,113930,2.37747e+06,2.09806e+09,199,1.37363e-07,2.49513e-06,0.00753212,1.5421e+09,5.61897e+08,0,6.58901e+09,6.58901e+09,1,0
1970,118200,cecum,0.9275,5024,41395,25308,6080,133282,4628,467,102128,123179,898495,2.55053e+09,61,2.3212e-05,0.000460916,0.00753908,1.57285e+09,5.72961e+08,0,6.58552e+09,6.58552e+09,1,0
1970,118200,transverse,1,8964,53001,27081,8502,145373,5048,519,105403,140187,1.89178e+06,1.93524e+09,159,2.24304e-06,4.11128e-05,0.00790938,1.57285e+09,5.72961e+08,0,6.58552e+09,6.58552e+09,1,0
1970,118200,descending,1,11797,47151,31567,8302,119914,5973,449,86589,113930,2.26189e+06,2.09958e+09,199,1.35572e-07,2.46331e-06,0.00753902,1.57285e+09,5.72961e+08,0,6.58552e+09,6.58552e+09,1,0
1980,118800,cecum,0.955,5362,41100,25580,6127,134003,4685,470,103245,124067,960137,2.55062e+09,61,2.31999e-05,0.000460659,0.00753934,1.60363e+09,5.84017e+08,0,6.582e+09,6.582e+09,1,0
1980,118800,transverse,1,8406,52919,27468,8589,146680,5135,526,106959,140716,1.79545e+06,1.93022e+09,159,2.24091e-06,4.10761e-05,0.00791043,1.60363e+09,5.84017e+08,0,6.582e+09,6.582e+09,1,0
1980,118800,descending,1,12208,46664,32116,8390,120782,6070,456,88122,114838,2.33998e+06,2.10099e+09,199,1.34169e-07,2.43841e-06,0.00754581,1.60363e+09,5.84017e+08,0,6.582e+09,6.582e+09,1,0
1990,119400,cecum,0.935,4976,41372,25829,6185,135197,4748,478,104280,124739,889724,2.55069e+09,61,2.319e-05,0.00046045,0.00753955,1.63443e+09,5.95066e+08,0,6.57843e+09,6.57843e+09,1,0
1990,119400,transverse,1,7810,53234,27838,8676,148451,5203,536,108560,141666,1.68805e+06,1.9253e+09,159,2.24008e-06,4.1063e-05,0.00791145,1.63443e+09,5.95066e+08,0,6.57843e+09,6.57843e+09,1,0
1990,119400,descending,1,11271,47632,32665,8483,123026,6166,525,89518,115716,2.16763e+06,2.10228e+09,199,1.3308e-07,2.4191e-06,0.0075525,1.63443e+09,5.95066e+08,0,6.57843e+09,6.57843e+09,1,0
2000,120000,cecum,0.8975,4835,41655,26045,6230,136483,4791,483,105366,125751,864905,2.55074e+09,61,2.31821e-05,0.000460281,0.00753972,1.66525e+09,6.06107e+08,0,6.57484e+09,6.57484e+09,1,0
2000,120000,transverse,1,8064,53622,28188,8760,150405,5267,558,110252,143650,1.73283e+06,1.92047e+09,159,2.24032e-06,4.1069e-05,0.00791242,1.66525e+09,6.06107e+08,0,6.57484e+09,6.57484e+09,1,0
2000,120000,descending,1,12897,47909,33225,8589,124338,6278,525,90771,118312,2.46701e+06,2.10345e+09,199,1.32245e-07,2.40431e-06,0.00755909,1.66525e+09,6.06107e+08,0,6.57484e+09,6.57484e+09,1,0
2010,120600,cecum,0.9425,4976,41554,26279,6276,137482,4843,497,106550,126741,891512,2.55079e+09,61,2.31756e-05,0.000460144,0.00753986,1.69608e+09,6.1714e+08,0,6.57122e+09,6.57122e+09,1,0
2010,120600,transverse,1,7683,53423,28561,8847,151537,5332,594,111699,144144,1.66117e+06,1.91574e+09,159,2.2414e-06,4.10905e-05,0.00791336,1.69608e+09,6.1714e+08,0,6.57122e+09,6.57122e+09,1,0
2010,120600,descending,1,11799,48041,33790,8692,125793,6388,530,92302,118312,2.26604e+06,2.10452e+09,199,1.31615e-07,2.39317e-06,0.00756559,1.69608e+09,6.1714e+08,0,6.57122e+09,6.57122e+09,1,0
2020,121200,cecum,0.9375,5036,41260,26506,6316,138365,4881,498,107804,127534,902400,2.55083e+09,61,2.31704e-05,0.000460033,0.00753997,1.72693e+09,6.28166e+08,0,6.56758e+09,6.56758e+09,1,0
2020,121200,transverse,1,7908,53039,28900,8920,152510,5396,600,113187,145134,1.70205e+06,1.9111e+09,159,2.24317e-06,4.11243e-05,0.00791426,1.72693e+09,6.28166e+08,0,6.56758e+09,6.56758e+09,1,0
2020,121200,descending,1,11470,47629,34302,8788,126453,6481,538,93555,118312,2.20705e+06,2.10548e+09,199,1.31151e-07,2.385e-06,0.00757199,1.72693e+09,6.28166e+08,0,6.56758e+09,6.56758e+09,1,0
2030,121800,cecum,0.9475,4737,41487,26750,6373,139492,4929,504,108803,128217,848109,2.55086e+09,61,2.31662e-05,0.000459943,0.00754006,1.75779e+09,6.39184e+08,0,6.56392e+09,6.56392e+09,1,0
2030,121800,transverse,1,9278,54031,29279,9008,154872,5475,604,114720,148650,1.95331e+06,1.90655e+09,159,2.24549e-06,4.11681e-05,0.00791514,1.75779e+09,6.39184e+08,0,6.56392e+09,6.56392e+09,1,0
2030,121800,descending,1,12056,47139,34882,8864,127128,6612,542,94923,119196,2.31709e+06,2.10634e+09,199,1.30822e-07,2.37923e-06,0.00757831,1.75779e+09,6.39184e+08,0,6.56392e+09,6.56392e+09,1,0
2040,122400,cecum,0.9375,4900,41356,26973,6414,140369,4973,513,109887,129110,878438,2.55088e+09,61,2.31627e-05,0.00045987,0.00754013,1.78866e+09,6.50195e+08,0,6.56025e+09,6.56025e+09,1,0
2040,122400,transverse,1,8144,54440,29614,9083,156712,5533,613,116275,149145,1.73789e+06,1.90209e+09,159,2.24825e-06,4.12198e-05,0.00791599,1.78866e+09,6.50195e+08,0,6.56025e+09,6.56025e+09,1,0
2040,122400,descending,1,12200,48150,35482,8972,129157,6730,548,96161,120989,2.34271e+06,2.1071e+09,199,1.30602e-07,2.37541e-06,0.00758452,1.78866e+09,6.50195e+08,0,6.56025e+09,6.56025e+09,1,0
2050,123000,cecum,0.93,4795,41249,27171,6455,141347,5020,518,111055,129868,858456,2.5509e+09,61,2.316e-05,0.000459811,0.00754019,1.81954e+09,6.61197e+08,0,6.55657e+09,6.55657e+09,1,0
2050,123000,transverse,1,8201,54487,29967,9169,158338,5602,635,117987,150608,1.74333e+06,1.89773e+09,159,2.25135e-06,4.12776e-05,0.00791681,1.81954e+09,6.61197e+08,0,6.55657e+09,6.55657e+09,1,0
2050,123000,descending,1,12229,47312,36071,9066,129520,6835,550,97559,120989,2.35126e+06,2.10777e+09,199,1.30471e-07,2.37317e-06,0.00759065,1.81954e+09,6.61197e+08,0,6.55657e+09,6.55657e+09,1,0
2060,123600,cecum,0.9475,4604,41263,27394,6499,142461,5059,518,112238,130651,823061,2.55092e+09,61,2.31577e-05,0.000459764,0.00754024,1.85043e+09,6.72192e+08,0,6.55288e+09,6.55288e+09,1,0
2060,123600,transverse,1,8503,55805,30335,9286,161148,5687,648,119668,153541,1.78861e+06,1.89345e+09,159,2.25472e-06,4.13404e-05,0.00791761,1.85043e+09,6.72192e+08,0,6.55288e+09,6.55288e+09,1,0
2060,123600,descending,1,12566,47526,36637,9160,130875,6953,550,98912,122327,2.417e+06,2.10834e+09,199,1.30412e-07,2.37221e-06,0.0075967,1.85043e+09,6.72192e+08,0,6.55288e+09,6.55288e+09,1,0
2070,124200,cecum,0.965,4743,40860,27620,6531,143099,5106,519,113357,131280,848220,2.55094e+09,61,2.31559e-05,0.000459725,0.00754028,1.88133e+09,6.83179e+08,0,6.54919e+09,6.54919e+09,1,0
2070,124200,transverse,1,8160,56871,30663,9373,163651,5753,656,121250,155518,1.71613e+06,1.88925e+09,159,2.2583e-06,4.14068e-05,0.00791839,1.88133e+09,6.83179e+08,0,6.54919e+09,6.54919e+09,1,0
2070,124200,descending,1,12982,46927,37220,9258,131297,7058,557,100129,122778,2.49662e+06,2.10883e+09,199,1.30412e-07,2.3723e-06,0.00760265,1.88133e+09,6.83179e+08,0,6.54919e+09,6.54919e+09,1,0
2080,124800,cecum,0.9175,4514,41052,27839,6565,144488,5149,525,114625,132292,807771,2.55095e+09,61,2.31544e-05,0.000459694,0.00754031,1.91224e+09,6.94159e+08,0,6.54549e+09,6.54549e+09,1,0
2080,124800,transverse,1,7824,56368,30995,9465,164685,5820,675,122927,156024,1.66239e+06,1.88515e+09,159,2.26203e-06,4.14761e-05,0.00791915,1.91224e+09,6.94159e+08,0,6.54549e+09,6.54549e+09,1,0
2080,124800,descending,0.9975,12976,47016,37841,9370,132623,7179,589,101567,123678,2.4957e+06,2.10923e+09,199,1.30459e-07,2.37324e-06,0.00760852,1.91224e+09,6.94159e+08,0,6.54549e+09,6.54549e+09,1,0
2090,125400,cecum,0.9475,5158,40432,28054,6605,145058,5187,527,115891,133367,925931,2.55095e+09,61,2.31532e-05,0.000459668,0.00754033,1.94315e+09,7.0513e+08,0,6.5418e+09,6.5418e+09,1,0
2090,125400,transverse,1,7772,56232,31323,9534,165971,5876,675,124474,157055,1.65471e+06,1.88112e+09,159,2.26588e-06,4.15474e-05,0.00791989,1.94315e+09,7.0513e+08,0,6.5418e+09,6.5418e+09,1,0
2090,125400,descending,0.9975,14188,47187,38436,9476,133937,7297,593,102930,125829,2.72243e+06,2.10955e+09,199,1.30545e-07,2.37487e-06,0.0076143,1.94315e+09,7.0513e+08,0,6.5418e+09,6.5418e+09,1,0
2100,126000,cecum,0.945,5182,40202,28307,6650,145984,5228,529,117131,134148,929481,2.55096e+09,61,2.31522e-05,0.000459648,0.00754035,1.97407e+09,7.16094e+08,0,6.5381e+09,6.5381e+09,1,0
2100,126000,transverse,1,8681,57636,31696,9622,168660,5937,675,125908,160429,1.812e+06,1.87718e+09,159,2.26982e-06,4.16203e-05,0.00792062,1.97407e+09,7.16094e+08,0,6.5381e+09,6.5381e+09,1,0
2100,126000,descending,1,13414,48509,39060,9606,136426,7420,593,104350,127173,2.57709e+06,2.10979e+09,199,1.30663e-07,2.37707e-06,0.00762001,1.97407e+09,7.16094e+08,0,6.5381e+09,6.5381e+09,1,0
2110,126600,cecum,0.94,5164,40134,28562,6698,146983,5269,536,118280,134956,924995,2.55097e+09,61,2.31515e-05,0.000459631,0.00754037,2.00499e+09,7.27051e+08,0,6.53441e+09,6.53441e+09,1,0
2110,126600,transverse,0.9975,7995,57994,32041,9713,170520,6005,682,127562,161410,1.69208e+06,1.87332e+09,159,2.2738e-06,4.1694e-05,0.00792132,2.00499e+09,7.27051e+08,0,6.53441e+09,6.53441e+09,1,0
2110,126600,descending,1,13104,49206,39723,9707,137988,7559,599,105449,127996,2.52212e+06,2.10995e+09,199,1.30807e-07,2.37972e-06,0.00762563,2.00499e+09,7.27051e+08,0,6.53441e+09,6.53441e+09,1,0
2120,127200,cecum,0.935,4935,40229,28810,6736,148119,5330,543,119413,135707,882241,2.55097e+09,61,2.31508e-05,0.000459617,0.00754038,2.03591e+09,7.37999e+08,0,6.53072e+09,6.53072e+09,1,0
2120,127200,transverse,1,8503,57729,32401,9805,171749,6068,686,129207,162938,1.78998e+06,1.86954e+09,159,2.27782e-06,4.17684e-05,0.00792201,2.03591e+09,7.37999e+08,0,6.53072e+09,6.53072e+09,1,0
2120,127200,descending,1,13522,48400,40347,9805,138417,7673,600,106895,128430,2.60254e+06,2.11004e+09,199,1.30971e-07,2.38274e-06,0.00763117,2.03591e+09,7.37999e+08,0,6.53072e+09,6.53072e+09,1,0
2130,127800,cecum,0.9125,4928,40369,29048,6773,149352,5379,554,120581,136770,881020,2.55098e+09,61,2.31503e-05,0.000459606,0.00754039,2.06683e+09,7.4894e+08,0,6.52704e+09,6.52704e+09,1,0
2130,127800,transverse,1,8427,57548,32782,9908,173019,6148,694,130833,163926,1.78231e+06,1.86583e+09,159,2.28185e-06,4.18429e-05,0.00792268,2.06683e+09,7.4894e+08,0,6.52704e+09,6.52704e+09,1,0
2130,127800,descending,1,13174,48380,40947,9886,139670,7789,604,108361,128928,2.53854e+06,2.11006e+09,199,1.31152e-07,2.38607e-06,0.00763663,2.06683e+09,7.4894e+08,0,6.52704e+09,6.52704e+09,1,0
2140,128400,cecum,0.9275,5169,40333,29282,6819,150369,5427,572,121710,137870,925914,2.55098e+09,61,2.31499e-05,0.000459598,0.0075404,2.09775e+09,7.59873e+08,0,6.52337e+09,6.52337e+09,1,0
2140,128400,transverse,1,7976,57364,33156,10018,174180,6212,709,132337,164421,1.70492e+06,1.86221e+09,159,2.28589e-06,4.19174e-05,0.00792334,2.09775e+09,7.59873e+08,0,6.52337e+09,6.52337e+09,1,0
2140,128400,descending,1,14627,47873,41604,9991,140403,7919,608,109832,130688,2.81022e+06,2.11001e+09,199,1.31347e-07,2.38964e-06,0.00764201,2.09775e+09,7.59873e+08,0,6.52337e+09,6.52337e+09,1,0
2150,129000,cecum,0.9675,5534,39742,29546,6865,150915,5470,579,122929,138599,992767,2.55098e+09,61,2.31495e-05,0.00045959,0.00754041,2.12867e+09,7.70799e+08,0,6.5197e+09,6.5197e+09,1,0
2150,129000,transverse,1,10184,57980,33503,10138,176491,6276,709,134216,168777,2.11528e+06,1.85865e+09,159,2.2899e-06,4.19917e-05,0.00792398,2.12867e+09,7.70799e+08,0,6.5197e+09,6.5197e+09,1,0
2150,129000,descending,1,14595,47579,42285,10112,141285,8053,611,111260,131109,2.80742e+06,2.10989e+09,199,1.31554e-07,2.39341e-06,0.00764731,2.12867e+09,7.70799e+08,0,6.5197e+09,6.5197e+09,1,0
2160,129600,cecum,0.9525,5219,39523,29813,6914,151837,5509,579,124158,139027,933671,2.55098e+09,61,2.31493e-05,0.000459585,0.00754042,2.15959e+09,7.81717e+08,0,6.51604e+09,6.51604e+09,1,0
2160,129600,transverse,1,8684,58257,33906,10245,178216,6362,724,135842,168777,1.83568e+06,1.85517e+09,159,2.2939e-06,4.20655e-05,0.00792461,2.15959e+09,7.81717e+08,0,6.51604e+09,6.51604e+09,1,0
2160,129600,descending,1,14391,48851,42973,10228,143662,8200,618,112621,132850,2.76548e+06,2.10971e+09,199,1.31769e-07,2.39735e-06,0.00765254,2.15959e+09,7.81717e+08,0,6.51604e+09,6.51604e+09,1,0
2170,130200,cecum,0.9425,5057,39712,30075,6952,153066,5567,588,125285,139919,905199,2.55099e+09,61,2.3149e-05,0.00045958,0.00754042,2.19051e+09,7.92627e+08,0,6.51239e+09,6.51239e+09,1,0
2170,130200,transverse,1,9349,58617,34302,10354,180123,6442,730,137572,171136,1.96828e+06,1.85176e+09,159,2.29787e-06,4.21388e-05,0.00792522,2.19051e+09,7.92627e+08,0,6.51239e+09,6.51239e+09,1,0
2170,130200,descending,1,15314,47816,43671,10362,143662,8334,631,113911,133330,2.94053e+06,2.10947e+09,199,1.31991e-07,2.40141e-06,0.0076577,2.19051e+09,7.92627e+08,0,6.51239e+09,6.51239e+09,1,0
2180,130800,cecum,0.965,5242,39096,30300,6998,153510,5606,595,126423,140401,938891,2.55099e+09,61,2.31489e-05,0.000459576,0.00754042,2.22142e+09,8.0353e+08,0,6.50876e+09,6.50876e+09,1,0
2180,130800,transverse,1,8809,58883,34707,10459,181899,6506,737,139244,172129,1.86892e+06,1.84842e+09,159,2.30179e-06,4.22114e-05,0.00792582,2.22142e+09,8.0353e+08,0,6.50876e+09,6.50876e+09,1,0
2180,130800,descending,1,13644,48885,44311,10466,145748,8454,631,115152,133330,2.6287e+06,2.10918e+09,199,1.3222e-07,2.40558e-06,0.00766278,2.22142e+09,8.0353e+08,0,6.50876e+09,6.50876e+09,1,0
2190,131400,cecum,0.945,4987,39146,30559,7039,154508,5644,597,127448,140962,891717,2.55099e+09,61,2.31487e-05,0.000459573,0.00754043,2.25233e+09,8.14425e+08,0,6.50513e+09,6.50513e+09,1,0
2190,131400,transverse,1,9220,58276,35153,10578,182682,6585,740,140829,173072,1.95707e+06,1.84515e+09,159,2.30568e-06,4.22832e-05,0.00792641,2.25233e+09,8.14425e+08,0,6.50513e+09,6.50513e+09,1,0
2190,131400,descending,0.9975,13688,49781,44906,10566,147855,8558,635,116563,135086,2.63188e+06,2.10882e+09,199,1.32453e-07,2.40983e-06,0.00766778,2.25233e+09,8.14425e+08,0,6.50513e+09,6.50513e+09,1,0
2200,132000,cecum,0.9475,5141,38858,30813,7111,155145,5681,602,128477,141603,920161,2.55099e+09,61,2.31486e-05,0.00045957,0.00754043,2.28323e+09,8.25313e+08,0,6.50152e+09,6.50152e+09,1,0
2200,132000,transverse,1,8981,58351,35553,10671,184162,6663,742,142403,174082,1.917e+06,1.84195e+09,159,2.30952e-06,4.23541e-05,0.00792698,2.28323e+09,8.25313e+08,0,6.50152e+09,6.50152e+09,1,0
2200,132000,descending,1,14546,50984,45533,10690,150089,8669,638,117826,137783,2.78885e+06,2.10841e+09,199,1.3269e-07,2.41414e-06,0.00767272,2.28323e+09,8.25313e+08,0,6.50152e+09,6.50152e+09,1,0
2210,132600,cecum,0.9225,4992,38718,31074,7142,156359,5736,604,129915,142491,892098,2.55099e+09,61,2.31485e-05,0.000459568,0.00754043,2.31412e+09,8.36193e+08,0,6.49793e+09,6.49793e+09,1,0
2210,132600,transverse,1,9002,58640,35956,10759,185823,6731,753,143920,175506,1.91572e+06,1.83881e+09,159,2.31332e-06,4.24241e-05,0.00792755,2.31412e+09,8.36193e+08,0,6.49793e+09,6.49793e+09,1,0
2210,132600,descending,1,13938,50592,46146,10811,151072,8786,638,119439,137783,2.67809e+06,2.10795e+09,199,1.32929e-07,2.41851e-06,0.00767758,2.31412e+09,8.36193e+08,0,6.49793e+09,6.49793e+09,1,0
2220,133200,cecum,0.9475,5065,38616,31298,7187,157356,5780,612,131095,143418,907530,2.55099e+09,61,2.31484e-05,0.000459566,0.00754043,2.34501e+09,8.47066e+08,0,6.49434e+09,6.49434e+09,1,0
2220,133200,transverse,1,8518,59363,36311,10838,187982,6807,758,145506,176976,1.82154e+06,1.83573e+09,159,2.31706e-06,4.24932e-05,0.0079281,2.34501e+09,8.47066e+08,0,6.49434e+09,6.49434e+09,1,0
2220,133200,descending,1,13021,51714,46754,10902,153285,8910,642,120741,138682,2.50825e+06,2.10744e+09,199,1.33171e-07,2.42291e-06,0.00768237,2.34501e+09,8.47066e+08,0,6.49434e+09,6.49434e+09,1,0
2230,133800,cecum,0.94,4753,38629,31539,7233,158427,5823,619,132235,144018,850867,2.55099e+09,61,2.31484e-05,0.000459565,0.00754043,2.37589e+09,8.57932e+08,0,6.49078e+09,6.49078e+09,1,0
2230,133800,transverse,1,8333,59107,36667,10922,189354,6867,768,147268,177941,1.77962e+06,1.83272e+09,159,2.32075e-06,4.25614e-05,0.00792863,2.37589e+09,8.57932e+08,0,6.49078e+09,6.49078e+09,1,0
2230,133800,descending,1,13490,50970,47381,10995,154097,9030,642,122510,139549,2.59673e+06,2.10688e+09,199,1.33415e-07,2.42735e-06,0.0076871,2.37589e+09,8.57932e+08,0,6.49078e+09,6.49078e+09,1,0
2240,134400,cecum,0.9275,4428,39009,31783,7277,159767,5877,625,133287,144881,792091,2.55099e+09,61,2.31483e-05,0.000459564,0.00754044,2.40676e+09,8.6879e+08,0,6.48722e+09,6.48722e+09,1,0
2240,134400,transverse,1,8433,57945,37039,11004,189986,6932,780,149197,178436,1.80893e+06,1.82978e+09,160,2.32438e-06,4.26285e-05,0.00792916,2.40676e+09,8.6879e+08,0,6.48722e+09,6.48722e+09,1,0
2240,134400,descending,0.9975,13358,51120,48017,11083,155481,9163,648,123959,140380,2.57191e+06,2.10628e+09,200,1.33659e-07,2.4318e-06,0.00769175,2.40676e+09,8.6879e+08,0,6.48722e+09,6.48722e+09,1,0
2250,135000,cecum,0.9575,4887,38188,32002,7316,160117,5919,626,134538,145551,876452,2.551e+09,61,2.31483e-05,0.000459563,0.00754044,2.43762e+09,8.79641e+08,0,6.48369e+09,6.48369e+09,1,0
2250,135000,transverse,1,9104,58504,37406,11115,191910,7003,790,150734,180836,1.93748e+06,1.82689e+09,160,2.32796e-06,4.26946e-05,0.00792968,2.43762e+09,8.79641e+08,0,6.48369e+09,6.48369e+09,1,0
2250,135000,descending,1,14165,49896,48634,11212,155481,9286,653,125430,140817,2.72457e+06,2.10563e+09,200,1.33905e-07,2.43627e-06,0.00769634,2.43762e+09,8.79641e+08,0,6.48369e+09,6.48369e+09,1,0
2260,135600,cecum,0.9625,5041,37733,32241,7363,160668,5967,628,135637,146110,903655,2.551e+09,61,2.31482e-05,0.000459562,0.00754044,2.46848e+09,8.90484e+08,0,6.48017e+09,6.48017e+09,1,0
2260,135600,transverse,1,9197,59307,37798,11217,193994,7073,794,152183,182789,1.95521e+06,1.82406e+09,160,2.33148e-06,4.27596e-05,0.00793018,2.46848e+09,8.90484e+08,0,6.48017e+09,6.48017e+09,1,0
2260,135600,descending,1,15036,49713,49314,11334,156350,9406,662,126715,142110,2.88792e+06,2.10494e+09,200,1.34151e-07,2.44074e-06,0.00770086,2.46848e+09,8.90484e+08,0,6.48017e+09,6.48017e+09,1,0
2270,136200,cecum,0.945,4821,37770,32500,7411,161669,6024,632,136702,146733,863162,2.551e+09,61,2.31482e-05,0.000459562,0.00754044,2.49932e+09,9.0132e+08,0,6.47667e+09,6.47667e+09,1,0
2270,136200,transverse,1,9495,59309,38157,11313,195387,7150,795,153746,184293,2.01716e+06,1.82129e+09,160,2.33495e-06,4.28237e-05,0.00793067,2.49932e+09,9.0132e+08,0,6.47667e+09,6.47667e+09,1,0
2270,136200,descending,1,14642,49402,50001,11459,157178,9540,668,128107,142110,2.81807e+06,2.10421e+09,200,1.34397e-07,2.44522e-06,0.00770532,2.49932e+09,9.0132e+08,0,6.47667e+09,6.47667e+09,1,0
2280,136800,cecum,0.93,4828,37756,32730,7460,162692,6077,634,137839,147633,864429,2.551e+09,61,2.31482e-05,0.000459561,0.00754044,2.53015e+09,9.1215e+08,0,6.47319e+09,6.47319e+09,1,0
2280,136800,transverse,1,9224,60337,38540,11427,197758,7230,801,155277,186198,1.96561e+06,1.81858e+09,160,2.33836e-06,4.28867e-05,0.00793116,2.53015e+09,9.1215e+08,0,6.47319e+09,6.47319e+09,1,0
2280,136800,descending,1,14816,49114,50697,11564,158389,9656,673,129822,143015,2.85236e+06,2.10344e+09,200,1.34643e-07,2.4497e-06,0.00770971,2.53015e+09,9.1215e+08,0,6.47319e+09,6.47319e+09,1,0
2290,137400,cecum,0.8975,4412,38396,32910,7494,164414,6110,641,138981,148819,789541,2.551e+09,61,2.31481e-05,0.000459561,0.00754044,2.56097e+09,9.22971e+08,0,6.46973e+09,6.46973e+09,1,0
2290,137400,transverse,1,8942,59722,38988,11523,198786,7320,803,157104,186680,1.914e+06,1.81592e+09,160,2.34172e-06,4.29486e-05,0.00793163,2.56097e+09,9.22971e+08,0,6.46973e+09,6.46973e+09,1,0
2290,137400,descending,1,15678,48969,51403,11669,159353,9803,676,131180,144384,3.01538e+06,2.10263e+09,200,1.34889e-07,2.45417e-06,0.00771404,2.56097e+09,9.22971e+08,0,6.46973e+09,6.46973e+09,1,0
2300,138000,cecum,0.9275,4719,38129,33120,7548,165214,6149,645,140137,149805,845857,2.551e+09,61,2.31481e-05,0.00045956,0.00754044,2.59178e+09,9.33786e+08,0,6.46628e+09,6.46628e+09,1,0
2300,138000,transverse,1,8160,60434,39357,11598,201229,7398,812,158979,188116,1.76809e+06,1.81332e+09,160,2.34502e-06,4.30095e-05,0.00793209,2.59178e+09,9.33786e+08,0,6.46628e+09,6.46628e+09,1,0
2300,138000,descending,1,15504,49010,52146,11791,160939,9936,681,132975,145303,2.9841e+06,2.10179e+09,200,1.35134e-07,2.45864e-06,0.0077183,2.59178e+09,9.33786e+08,0,6.46628e+09,6.46628e+09,1,0
2310,138600,cecum,0.945,4926,38066,33364,7588,166041,6201,653,141111,150679,883701,2.551e+09,61,2.31481e-05,0.00045956,0.00754044,2.62257e+09,9.44594e+08,0,6.46286e+09,6.46286e+09,1,0
2310,138600,transverse,1,9120,60692,39756,11685,202929,7467,815,160574,190530,1.94587e+06,1.81077e+09,160,2.34826e-06,4.30695e-05,0.00793255,2.62257e+09,9.44594e+08,0,6.46286e+09,6.46286e+09,1,0
2310,138600,descending,1,14245,49542,52817,11897,162657,10059,698,134373,145303,2.74917e+06,2.10092e+09,200,1.35379e-07,2.46309e-06,0.00772251,2.62257e+09,9.44594e+08,0,6.46286e+09,6.46286e+09,1,0
2320,139200,cecum,0.9325,4752,38100,33587,7642,167105,6246,657,142236,151441,851521,2.551e+09,61,2.31481e-05,0.00045956,0.00754044,2.65335e+09,9.55395e+08,0,6.45945e+09,6.45945e+09,1,0
2320,139200,transverse,1,8416,61902,40146,11776,205816,7535,824,162401,192473,1.80807e+06,1.80827e+09,160,2.35145e-06,4.31283e-05,0.00793299,2.65335e+09,9.55395e+08,0,6.45945e+09,6.45945e+09,1,0
2320,139200,descending,1,14635,49765,53452,11990,164019,10172,701,135715,146623,2.81907e+06,2.10001e+09,200,1.35623e-07,2.46754e-06,0.00772665,2.65335e+09,9.55395e+08,0,6.45945e+09,6.45945e+09,1,0
2330,139800,cecum,0.9275,4650,38177,33838,7688,168144,6304,661,143298,152227,832176,2.551e+09,61,2.31481e-05,0.00045956,0.00754044,2.68412e+09,9.66188e+08,0,6.45607e+09,6.45607e+09,1,0
2330,139800,transverse,0.9975,9026,63265,40575,11880,208798,7615,831,164197,195813,1.91405e+06,1.80583e+09,160,2.35459e-06,4.31862e-05,0.00793343,2.68412e+09,9.66188e+08,0,6.45607e+09,6.45607e+09,1,0
2330,139800,descending,1,14606,49953,54114,12100,165319,10306,706,137066,147471,2.81282e+06,2.09907e+09,200,1.35866e-07,2.47196e-06,0.00773073,2.68412e+09,9.66188e+08,0,6.45607e+09,6.45607e+09,1,0
2340,140400,cecum,0.93,4754,38061,34067,7742,169157,6357,664,144531,153219,851495,2.551e+09,61,2.31481e-05,0.000459559,0.00754044,2.71488e+09,9.76975e+08,0,6.45271e+09,6.45271e+09,1,0
2340,140400,transverse,1,9757,64012,40994,12000,211076,7691,833,165922,198597,2.04526e+06,1.80343e+09,160,2.35767e-06,4.32431e-05,0.00793385,2.71488e+09,9.76975e+08,0,6.45271e+09,6.45271e+09,1,0
2340,140400,descending,1,14331,50304,54777,12196,166877,10437,711,138495,148313,2.76106e+06,2.0981e+09,200,1.36109e-07,2.47638e-06,0.00773475,2.71488e+09,9.76975e+08,0,6.45271e+09,6.45271e+09,1,0
2350,141000,cecum,0.955,5037,37656,34311,7794,169643,6410,666,145525,153847,902311,2.551e+09,61,2.31481e-05,0.000459559,0.00754044,2.74562e+09,9.87755e+08,0,6.44937e+09,6.44937e+09,1,0
2350,141000,transverse,1,9531,62820,41411,12138,211489,7789,839,167757,198597,2.01412e+06,1.80109e+09,160,2.36069e-06,4.3299e-05,0.00793427,2.74562e+09,9.87755e+08,0,6.44937e+09,6.44937e+09,1,0
2350,141000,descending,1,13822,50121,55450,12288,167824,10580,711,139860,148313,2.66836e+06,2.09711e+09,200,1.3635e-07,2.48077e-06,0.00773872,2.74562e+09,9.87755e+08,0,6.44937e+09,6.44937e+09,1,0
2360,141600,cecum,0.955,5407,37229,34579,7830,170129,6459,670,146519,154516,969231,2.551e+09,61,2.31481e-05,0.000459559,0.00754044,2.77634e+09,9.98528e+08,0,6.44605e+09,6.44605e+09,1,0
2360,141600,transverse,1,8975,62819,41790,12247,213249,7850,840,169687,199591,1.91044e+06,1.79879e+09,160,2.36367e-06,4.33539e-05,0.00793468,2.77634e+09,9.98528e+08,0,6.44605e+09,6.44605e+09,1,0
2360,141600,descending,1,14437,50206,56124,12404,169396,10713,715,141592,150071,2.78373e+06,2.09608e+09,200,1.36591e-07,2.48515e-06,0.00774262,2.77634e+09,9.98528e+08,0,6.44605e+09,6.44605e+09,1,0
2370,142200,cecum,0.9725,5356,36934,34833,7881,170801,6506,673,147581,154978,959829,2.551e+09,61,2.31481e-05,0.000459559,0.00754044,2.80705e+09,1.00929e+09,0,6.44275e+09,6.44275e+09,1,0
2370,142200,transverse,1,9033,62268,42178,12354,214372,7923,848,171533,200556,1.93097e+06,1.79654e+09,160,2.36659e-06,4.34078e-05,0.00793507,2.80705e+09,1.00929e+09,0,6.44275e+09,6.44275e+09,1,0
2370,142200,descending,1,14534,50708,56807,12516,171481,10829,718,143400,151795,2.79743e+06,2.09503e+09,200,1.3683e-07,2.4895e-06,0.00774647,2.80705e+09,1.00929e+09,0,6.44275e+09,6.44275e+09,1,0
2380,142800,cecum,0.945,4892,37074,35068,7926,171914,6552,681,148637,155475,874598,2.551e+09,61,2.31481e-05,0.000459559,0.00754044,2.83775e+09,1.02005e+09,0,6.43948e+09,6.43948e+09,1,0
2380,142800,transverse,1,8783,62140,42593,12444,215804,7984,849,173243,201473,1.89076e+06,1.79434e+09,160,2.36945e-06,4.34608e-05,0.00793547,2.83775e+09,1.02005e+09,0,6.43948e+09,6.43948e+09,1,0
2380,142800,descending,1,14202,51213,57480,12616,173088,10955,723,144723,152618,2.73775e+06,2.09396e+09,200,1.37069e-07,2.49384e-06,0.00775026,2.83775e+09,1.02005e+09,0,6.43948e+09,6.43948e+09,1,0
2390,143400,cecum,0.915,4933,37122,35296,7973,172953,6596,683,149717,156416,882826,2.551e+09,61,2.31481e-05,0.000459559,0.00754044,2.86843e+09,1.03081e+09,0,6.43623e+09,6.43623e+09,1,0
2390,143400,transverse,1,9410,62538,43025,12529,217760,8059,862,174948,203771,2.00878e+06,1.79218e+09,160,2.37227e-06,4.35128e-05,0.00793585,2.86843e+09,1.03081e+09,0,6.43623e+09,6.43623e+09,1,0
2390,143400,descending,1,14518,50755,58212,12709,174200,11082,729,146507,153528,2.79621e+06,2.09287e+09,200,1.37306e-07,2.49815e-06,0.007754,2.86843e+09,1.03081e+09,0,6.43623e+09,6.43623e+09,1,0
2400,144000,cecum,0.9325,5062,37165,35523,8009,173883,6637,687,150677,157321,907096,2.551e+09,61,2.31481e-05,0.000459559,0.00754044,2.89909e+09,1.04155e+09,0,6.433e+09,6.433e+09,1,0
2400,144000,transverse,1,9376,61923,43421,12629,218471,8140,871,176446,204224,2.01198e+06,1.79007e+09,160,2.37504e-06,4.35639e-05,0.00793622,2.89909e+09,1.04155e+09,0,6.433e+09,6.433e+09,1,0
2400,144000,descending,0.9975,15244,50777,58876,12843,175582,11204,733,148119,155224,2.92785e+06,2.09175e+09,200,1.37542e-07,2.50244e-06,0.00775768,2.89909e+09,1.04155e+09,0,6.433e+09,6.433e+09,1,0
2410,144600,cecum,0.945,5458,36942,35773,8045,174635,6675,749,151664,158231,980472,2.551e+09,61,2.31481e-05,0.000459559,0.00754044,2.92974e+09,1.05229e+09,0,6.42979e+09,6.42979e+09,1,0
2410,144600,transverse,1,8738,62553,43845,12720,220805,8205,876,178301,205647,1.89221e+06,1.788e+09,161,2.37776e-06,4.3614e-05,0.00793659,2.92974e+09,1.05229e+09,0,6.42979e+09,6.42979e+09,1,0
2410,144600,descending,1,13946,52143,59547,12977,178190,11331,745,149610,156112,2.68682e+06,2.09062e+09,201,1.37776e-07,2.50671e-06,0.00776131,2.92974e+09,1.05229e+09,0,6.42979e+09,6.42979e+09,1,0
2420,145200,cecum,0.935,4838,37719,36008,8094,176213,6729,750,152567,159056,867212,2.551e+09,61,2.31481e-05,0.000459559,0.00754044,2.96037e+09,1.06302e+09,0,6.42661e+09,6.42661e+09,1,0
2420,145200,transverse,0.9975,10046,61971,44228,12828,222014,8274,912,180233,207922,2.13475e+06,1.78597e+09,161,2.38042e-06,4.36633e-05,0.00793695,2.96037e+09,1.06302e+09,0,6.42661e+09,6.42661e+09,1,0
2420,145200,descending,1,14508,52542,60220,13098,179809,11451,753,151063,157853,2.79504e+06,2.08946e+09,201,1.38009e-07,2.51095e-06,0.00776489,2.96037e+09,1.06302e+09,0,6.42661e+09,6.42661e+09,1,0
2430,145800,cecum,0.95,4885,37526,36224,8139,176991,6771,752,153623,159750,875635,2.551e+09,61,2.31481e-05,0.000459559,0.00754044,2.99098e+09,1.07375e+09,0,6.42345e+09,6.42345e+09,1,0
2430,145800,transverse,1,9527,63425,44654,12934,224985,8362,925,181931,210129,2.02564e+06,1.78398e+09,161,2.38304e-06,4.37117e-05,0.0079373,2.99098e+09,1.07375e+09,0,6.42345e+09,6.42345e+09,1,0
2430,145800,descending,1,14987,52490,60894,13231,181031,11561,756,152577,159120,2.88643e+06,2.08829e+09,201,1.38241e-07,2.51517e-06,0.00776841,2.99098e+09,1.07375e+09,0,6.42345e+09,6.42345e+09,1,0
2440,146400,cecum,0.9325,4757,37418,36450,8180,177997,6806,753,154812,160477,851443,2.551e+09,61,2.31481e-05,0.000459559,0.00754044,3.02157e+09,1.08447e+09,0,6.42032e+09,6.42032e+09,1,0
2440,146400,transverse,1,8337,65574,45061,13033,228726,8435,928,183692,212442,1.80112e+06,1.78204e+09,161,2.38562e-06,4.37592e-05,0.00793764,3.02157e+09,1.08447e+09,0,6.42032e+09,6.42032e+09,1,0
2440,146400,descending,1,13836,53571,61548,13324,183509,11684,758,154188,160007,2.6684e+06,2.0871e+09,201,1.38472e-07,2.51936e-06,0.00777188,3.02157e+09,1.08447e+09,0,6.42032e+09,6.42032e+09,1,0
2450,147000,cecum,0.95,4812,37294,36720,8221,178800,6846,758,155815,161141,861023,2.551e+09,61,2.31481e-05,0.000459559,0.00754044,3.05215e+09,1.09518e+09,0,6.41721e+09,6.41721e+09,1,0
2450,147000,transverse,1,8722,65020,45440,13103,230043,8496,946,185676,213878,1.88042e+06,1.78014e+09,161,2.38814e-06,4.38058e-05,0.00793798,3.05215e+09,1.09518e+09,0,6.41721e+09,6.41721e+09,1,0
2450,147000,descending,1,13891,52891,62181,13433,183849,11815,760,155446,160007,2.68185e+06,2.08589e+09,201,1.38701e-07,2.52353e-06,0.0077753,3.05215e+09,1.09518e+09,0,6.41721e+09,6.41721e+09,1,0
2460,147600,cecum,0.9675,4982,36772,36982,8265,179349,6905,765,156982,161694,892087,2.551e+09,61,2.3148e-05,0.000459559,0.00754044,3.08271e+09,1.10589e+09,0,6.41412e+09,6.41412e+09,1,0
2460,147600,transverse,0.9975,9786,64547,45834,13201,231484,8566,954,187750,216149,2.0819e+06,1.77827e+09,161,2.39062e-06,4.38516e-05,0.00793831,3.08271e+09,1.10589e+09,0,6.41412e+09,6.41412e+09,1,0
2460,147600,descending,1,14342,53329,62838,13534,185532,11937,761,156913,161706,2.76588e+06,2.08467e+09,201,1.38929e-07,2.52767e-06,0.00777867,3.08271e+09,1.10589e+09,0,6.41412e+09,6.41412e+09,1,0
2470,148200,cecum,0.94,4844,36926,37189,8306,180377,6945,772,157930,162451,867149,2.551e+09,61,2.3148e-05,0.000459559,0.00754044,3.11325e+09,1.11659e+09,0,6.41106e+09,6.41106e+09,1,0
2470,148200,transverse,1,9356,64109,46280,13287,232646,8652,959,189517,216602,2.01479e+06,1.77644e+09,161,2.39305e-06,4.38966e-05,0.00793863,3.11325e+09,1.11659e+09,0,6.41106e+09,6.41106e+09,1,0
2470,148200,descending,1,14707,54116,63533,13618,187779,12070,767,158584,163834,2.83153e+06,2.08343e+09,201,1.39155e-07,2.53178e-06,0.00778199,3.11325e+09,1.11659e+09,0,6.41106e+09,6.41106e+09,1,0
2480,148800,cecum,0.955,4797,37112,37447,8349,181380,6991,780,158828,163230,858888,2.551e+09,61,2.3148e-05,0.000459558,0.00754044,3.14378e+09,1.12729e+09,0,6.40803e+09,6.40803e+09,1,0
2480,148800,transverse,1,9724,64111,46674,13381,234335,8737,968,191374,218435,2.08595e+06,1.77465e+09,161,2.39544e-06,4.39407e-05,0.00793895,3.14378e+09,1.12729e+09,0,6.40803e+09,6.40803e+09,1,0
2480,148800,descending,1,13627,54953,64117,13710,190124,12187,773,160295,164718,2.62778e+06,2.08219e+09,201,1.3938e-07,2.53587e-06,0.00778526,3.14378e+09,1.12729e+09,0,6.40803e+09,6.40803e+09,1,0
2490,149400,cecum,0.9325,4691,36925,37688,8389,182248,7037,783,159966,163834,838956,2.551e+09,61,2.3148e-05,0.000459558,0.00754044,3.17428e+09,1.13798e+09,0,6.40501e+09,6.40501e+09,1,0
2490,149400,transverse,1,9824,64005,47093,13488,235839,8817,977,193162,219798,2.11517e+06,1.7729e+09,161,2.39779e-06,4.3984e-05,0.00793926,3.17428e+09,1.13798e+09,0,6.40501e+09,6.40501e+09,1,0
2490,149400,descending,1,13671,54885,64741,13809,191343,12301,775,161793,165568,2.63896e+06,2.08093e+09,201,1.39603e-07,2.53993e-06,0.00778849,3.17428e+09,1.13798e+09,0,6.40501e+09,6.40501e+09,1,0
2500,150000,cecum,0.93,4811,37178,37917,8431,183430,7089,786,160986,164998,861292,2.551e+09,61,2.3148e-05,0.000459558,0.00754044,3.20477e+09,1.14866e+09,0,6.40203e+09,6.40203e+09,1,0
2500,150000,transverse,1,8554,65019,47554,13578,238365,8897,1033,194788,220707,1.87018e+06,1.77119e+09,161,2.40009e-06,4.40265e-05,0.00793956,3.20477e+09,1.14866e+09,0,6.40203e+09,6.40203e+09,1,0
2500,150000,descending,1,13663,54009,65402,13917,191764,12445,779,163338,165568,2.6393e+06,2.07966e+09,201,1.39824e-07,2.54396e-06,0.00779166,3.20477e+09,1.14866e+09,0,6.40203e+09,6.40203e+09,1,0
2510,150600,cecum,0.9625,4968,37009,38130,8476,184219,7129,786,162029,165816,890816,2.551e+09,61,2.3148e-05,0.000459558,0.00754044,3.23524e+09,1.15933e+09,0,6.39906e+09,6.39906e+09,1,0
2510,150600,transverse,1,8759,65005,47994,13669,240249,8979,1039,196853,222523,1.90929e+06,1.76951e+09,161,2.40235e-06,4.40682e-05,0.00793986,3.23524e+09,1.15933e+09,0,6.39906e+09,6.39906e+09,1,0
2510,150600,descending,1,13664,55517,66064,14021,194436,12572,784,164728,167805,2.63353e+06,2.07837e+09,201,1.40045e-07,2.54796e-06,0.00779479,3.23524e+09,1.15933e+09,0,6.39906e+09,6.39906e+09,1,0
2520,151200,cecum,0.935,4667,37540,38386,8522,185597,7175,788,162966,166727,834958,2.551e+09,61,2.3148e-05,0.000459558,0.00754044,3.26569e+09,1.17e+09,0,6.39613e+09,6.39613e+09,1,0
2520,151200,transverse,1,10114,64535,48398,13762,241403,9049,1046,198633,224784,2.1652e+06,1.76786e+09,161,2.40457e-06,4.41092e-05,0.00794015,3.26569e+09,1.17e+09,0,6.39613e+09,6.39613e+09,1,0
2520,151200,descending,1,14922,55287,66697,14120,195268,12687,787,166001,169473,2.86843e+06,2.07708e+09,201,1.40263e-07,2.55194e-06,0.00779787,3.26569e+09,1.17e+09,0,6.39613e+09,6.39613e+09,1,0
2530,151800,cecum,0.93,4624,37631,38576,8565,186747,7219,788,164112,167731,828820,2.551e+09,61,2.3148e-05,0.000459558,0.00754044,3.29612e+09,1.18067e+09,0,6.39321e+09,6.39321e+09,1,0
2530,151800,transverse,1,10208,64103,48831,13861,242510,9120,1053,200335,225715,2.19182e+06,1.76625e+09,161,2.40674e-06,4.41494e-05,0.00794043,3.29612e+09,1.18067e+09,0,6.39321e+09,6.39321e+09,1,0
2530,151800,descending,1,13630,56996,67381,14229,198320,12816,795,167574,170779,2.62284e+06,2.07578e+09,201,1.4048e-07,2.55589e-06,0.00780091,3.29612e+09,1.18067e+09,0,6.39321e+09,6.39321e+09,1,0
2540,152400,cecum,0.9375,4801,37653,38817,8617,187665,7263,792,165100,168677,861354,2.551e+09,61,2.3148e-05,0.000459558,0.00754044,3.32653e+09,1.19133e+09,0,6.39033e+09,6.39033e+09,1,0
2540,152400,transverse,1,10118,63407,49283,13969,243807,9201,1064,202506,226648,2.18333e+06,1.76467e+09,161,2.40888e-06,4.41888e-05,0.00794071,3.32653e+09,1.19133e+09,0,6.39033e+09,6.39033e+09,1,0
2540,152400,descending,1,13043,56240,67997,14339,199272,12958,796,169533,170779,2.51353e+06,2.07447e+09,201,1.40696e-07,2.5598e-06,0.0078039,3.32653e+09,1.19133e+09,0,6.39033e+09,6.39033e+09,1,0
2550,153000,cecum,0.9225,4574,37817,39023,8658,188885,7301,795,166232,169540,819144,2.551e+09,61,2.3148e-05,0.000459558,0.00754044,3.35692e+09,1.20198e+09,0,6.38747e+09,6.38747e+09,1,0
2550,153000,transverse,1,10036,63135,49757,14070,245051,9288,1069,204205,227519,2.17232e+06,1.76312e+09,161,2.41097e-06,4.42275e-05,0.00794098,3.35692e+09,1.20198e+09,0,6.38747e+09,6.38747e+09,1,0
2550,153000,descending,1,12695,55997,68594,14435,200446,13064,800,171148,171206,2.44874e+06,2.07316e+09,201,1.40909e-07,2.56369e-06,0.00780685,3.35692e+09,1.20198e+09,0,6.38747e+09,6.38747e+09,1,0
2560,153600,cecum,0.935,4814,37428,39250,8711,189483,7343,798,167311,170243,862622,2.551e+09,61,2.3148e-05,0.000459558,0.00754044,3.38729e+09,1.21263e+09,0,6.38463e+09,6.38463e+09,1,0
2560,153600,transverse,1,9748,63501,50189,14173,247005,9380,1073,205984,228944,2.10701e+06,1.76161e+09,161,2.41303e-06,4.42655e-05,0.00794125,3.38729e+09,1.21263e+09,0,6.38463e+09,6.38463e+09,1,0
2560,153600,descending,1,14342,55428,69210,14530,201387,13181,800,172870,173390,2.75546e+06,2.07183e+09,201,1.41122e-07,2.56755e-06,0.00780975,3.38729e+09,1.21263e+09,0,6.38463e+09,6.38463e+09,1,0
2570,154200,cecum,0.95,5058,37297,39485,8762,190291,7379,801,168334,171144,907556,2.551e+09,61,2.3148e-05,0.000459558,0.00754044,3.41764e+09,1.22327e+09,0,6.38182e+09,6.38182e+09,1,0
2570,154200,transverse,1,10215,63175,50624,14274,248186,9470,1073,207682,230348,2.19716e+06,1.76013e+09,161,2.41505e-06,4.43027e-05,0.00794151,3.41764e+09,1.22327e+09,0,6.38182e+09,6.38182e+09,1,0
2570,154200,descending,0.9975,14960,55613,69854,14640,202896,13311,802,174432,175111,2.8723e+06,2.07051e+09,201,1.41332e-07,2.57138e-06,0.00781262,3.41764e+09,1.22327e+09,0,6.38182e+09,6.38182e+09,1,0
2580,154800,cecum,0.95,4794,37333,39752,8821,191288,7435,808,169403,171718,858856,2.551e+09,61,2.3148e-05,0.000459558,0.00754044,3.44798e+09,1.2339e+09,0,6.37903e+09,6.37903e+09,1,0
2580,154800,transverse,1,10093,63821,51099,14372,250391,9574,1082,209434,232149,2.16872e+06,1.75867e+09,161,2.41703e-06,4.43393e-05,0.00794177,3.44798e+09,1.2339e+09,0,6.37903e+09,6.37903e+09,1,0
2580,154800,descending,1,13997,56081,70543,14782,204723,13436,820,176040,175535,2.69241e+06,2.06917e+09,201,1.41541e-07,2.57518e-06,0.00781543,3.44798e+09,1.2339e+09,0,6.37903e+09,6.37903e+09,1,0
2590,155400,cecum,0.9325,4610,37468,39970,8876,192392,7478,812,170466,172514,824158,2.551e+09,61,2.3148e-05,0.000459558,0.00754044,3.47829e+09,1.24453e+09,0,6.37627e+09,6.37627e+09,1,0
2590,155400,transverse,1,9528,62902,51551,14469,251217,9674,1088,211370,232149,2.06932e+06,1.75725e+09,161,2.41897e-06,4.43752e-05,0.00794202,3.47829e+09,1.24453e+09,0,6.37627e+09,6.37627e+09,1,0
2590,155400,descending,1,13940,55572,71196,14894,205634,13567,829,177694,175970,2.68383e+06,2.06784e+09,201,1.41749e-07,2.57895e-06,0.00781821,3.47829e+09,1.24453e+09,0,6.37627e+09,6.37627e+09,1,0
2600,156000,cecum,0.9425,4618,37459,40203,8912,193405,7524,818,171564,173378,826744,2.551e+09,61,2.3148e-05,0.000459558,0.00754044,3.50859e+09,1.25515e+09,0,6.37354e+09,6.37354e+09,1,0
2600,156000,transverse,1,9563,63234,51967,14566,253689,9741,1091,213671,234401,2.05876e+06,1.75586e+09,161,2.42087e-06,4.44104e-05,0.00794226,3.50859e+09,1.25515e+09,0,6.37354e+09,6.37354e+09,1,0
2600,156000,descending,1,14033,54927,71858,15007,205969,13692,833,178908,175970,2.70448e+06,2.06649e+09,201,1.41954e-07,2.5827e-06,0.00782095,3.50859e+09,1.25515e+09,0,6.37354e+09,6.37354e+09,1,0
2610,156600,cecum,0.945,4814,37157,40439,8958,194232,7562,826,172769,174241,862746,2.551e+09,61,2.3148e-05,0.000459558,0.00754044,3.53886e+09,1.26577e+09,0,6.37083e+09,6.37083e+09,1,0
2610,156600,transverse,0.9975,10747,62945,52419,14655,255022,9838,1102,215468,236641,2.28888e+06,1.75449e+09,161,2.42274e-06,4.44449e-05,0.0079425,3.53886e+09,1.26577e+09,0,6.37083e+09,6.37083e+09,1,0
2610,156600,descending,1,13956,54463,72521,15119,206933,13814,846,180557,176415,2.69067e+06,2.06515e+09,201,1.42158e-07,2.58641e-06,0.00782364,3.53886e+09,1.26577e+09,0,6.37083e+09,6.37083e+09,1,0
2620,157200,cecum,0.925,4466,37529,40664,8997,195623,7595,834,173852,175123,799353,2.551e+09,61,2.3148e-05,0.000459558,0.00754044,3.56912e+09,1.27639e+09,0,6.36814e+09,6.36814e+09,1,0
2620,157200,transverse,0.9975,10099,63034,52869,14766,256802,9930,1112,217352,237516,2.17459e+06,1.75316e+09,161,2.42458e-06,4.44788e-05,0.00794274,3.56912e+09,1.27639e+09,0,6.36814e+09,6.36814e+09,1,0
2620,157200,descending,1,13751,55040,73153,15217,208858,13960,849,182146,177744,2.65099e+06,2.0638e+09,201,1.42361e-07,2.59009e-06,0.0078263,3.56912e+09,1.27639e+09,0,6.36814e+09,6.36814e+09,1,0
2630,157800,cecum,0.91,4367,37955,40875,9033,197155,7638,839,175032,176419,783422,2.551e+09,61,2.3148e-05,0.000459558,0.00754044,3.59935e+09,1.28699e+09,0,6.36548e+09,6.36548e+09,1,0
2630,157800,transverse,0.9975,10123,63566,53260,14852,258854,10015,1121,219034,239363,2.17839e+06,1.75185e+09,161,2.42638e-06,4.4512e-05,0.00794297,3.59935e+09,1.28699e+09,0,6.36548e+09,6.36548e+09,1,0
2630,157800,descending,1,14165,55504,73843,15322,210628,14106,853,183699,179485,2.72752e+06,2.06245e+09,201,1.42561e-07,2.59374e-06,0.00782891,3.59935e+09,1.28699e+09,0,6.36548e+09,6.36548e+09,1,0
2640,158400,cecum,0.9425,4493,38011,41081,9083,198083,7674,840,175989,177352,807050,2.551e+09,61,2.3148e-05,0.000459558,0.00754044,3.62957e+09,1.2976e+09,0,6.36285e+09,6.36285e+09,1,0
2640,158400,transverse,1,10726,64346,53711,14990,261264,10090,1131,220867,242128,2.28731e+06,1.75056e+09,161,2.42814e-06,4.45446e-05,0.0079432,3.62957e+09,1.2976e+09,0,6.36285e+09,6.36285e+09,1,0
2640,158400,descending,1,13701,56463,74451,15437,212703,14237,856,185058,180731,2.63809e+06,2.0611e+09,201,1.42761e-07,2.59736e-06,0.00783149,3.62957e+09,1.2976e+09,0,6.36285e+09,6.36285e+09,1,0
2650,159000,cecum,0.9425,4238,38130,41310,9119,199101,7722,840,176972,177970,759855,2.551e+09,61,2.3148e-05,0.000459558,0.00754044,3.65976e+09,1.30819e+09,0,6.36024e+09,6.36024e+09,1,0
2650,159000,transverse,1,10003,64510,54129,15084,263111,10157,1137,222705,242989,2.15163e+06,1.74931e+09,161,2.42987e-06,4.45766e-05,0.00794342,3.65976e+09,1.30819e+09,0,6.36024e+09,6.36024e+09,1,0
2650,159000,descending,1,14672,56218,75109,15543,213875,14365,858,186707,182448,2.81643e+06,2.05975e+09,201,1.42958e-07,2.60095e-06,0.00783403,3.65976e+09,1.30819e+09,0,6.36024e+09,6.36024e+09,1,0
2660,159600,cecum,0.945,4329,37849,41499,9160,199830,7765,841,178065,178684,776715,2.551e+09,61,2.3148e-05,0.000459558,0.00754044,3.68994e+09,1.31878e+09,0,6.35766e+09,6.35766e+09,1,0
2660,159600,transverse,1,9922,63574,54547,15200,263864,10249,1138,224601,243450,2.14325e+06,1.74808e+09,161,2.43157e-06,4.4608e-05,0.00794363,3.68994e+09,1.31878e+09,0,6.35766e+09,6.35766e+09,1,0
2660,159600,descending,1,13350,57500,75743,15649,216410,14490,861,188188,183255,2.56937e+06,2.05839e+09,201,1.43154e-07,2.60451e-06,0.00783653,3.68994e+09,1.31878e+09,0,6.35766e+09,6.35766e+09,1,0
2670,160200,cecum,0.9425,4598,37542,41703,9195,200564,7811,849,179179,179556,826344,2.551e+09,61,2.3148e-05,0.000459558,0.00754044,3.72009e+09,1.32937e+09,0,6.3551e+09,6.3551e+09,1,0
2670,160200,transverse,1,10159,63735,55022,15285,265750,10339,1138,226501,245273,2.17534e+06,1.74687e+09,161,2.43324e-06,4.46388e-05,0.00794384,3.72009e+09,1.32937e+09,0,6.3551e+09,6.3551e+09,1,0
2670,160200,descending,1,13255,57587,76373,15751,217751,14601,865,189651,184080,2.55562e+06,2.05704e+09,201,1.43348e-07,2.60804e-06,0.00783899,3.72009e+09,1.32937e+09,0,6.3551e+09,6.3551e+09,1,0
2680,160800,cecum,0.9475,4490,37422,41942,9229,201566,7852,855,180370,180280,806241,2.551e+09,61,2.3148e-05,0.000459558,0.00754044,3.75023e+09,1.33995e+09,0,6.35257e+09,6.35257e+09,1,0
2680,160800,transverse,1,10086,63448,55440,15386,267405,10431,1141,228633,246627,2.15736e+06,1.74569e+09,161,2.43487e-06,4.4669e-05,0.00794405,3.75023e+09,1.33995e+09,0,6.35257e+09,6.35257e+09,1,0
2680,160800,descending,1,13179,56540,76986,15843,218248,14704,868,191387,184080,2.54314e+06,2.05569e+09,201,1.4354e-07,2.61154e-06,0.00784142,3.75023e+09,1.33995e+09,0,6.35257e+09,6.35257e+09,1,0
2690,161400,cecum,0.93,4212,37606,42133,9262,202866,7891,858,181555,181180,755455,2.551e+09,61,2.3148e-05,0.000459558,0.00754044,3.78035e+09,1.35053e+09,0,6.35006e+09,6.35006e+09,1,0
2690,161400,transverse,1,9828,64619,55839,15497,270201,10502,1150,230431,248939,2.09141e+06,1.74454e+09,161,2.43648e-06,4.46986e-05,0.00794425,3.78035e+09,1.35053e+09,0,6.35006e+09,6.35006e+09,1,0
2690,161400,descending,1,12911,56307,77648,15944,219379,14842,902,192956,184486,2.49448e+06,2.05433e+09,201,1.43731e-07,2.615e-06,0.0078438,3.78035e+09,1.35053e+09,0,6.35006e+09,6.35006e+09,1,0
2700,162000,cecum,0.945,4110,37807,42316,9305,204083,7923,863,182641,182182,738315,2.551e+09,61,2.3148e-05,0.000459558,0.00754044,3.81044e+09,1.3611e+09,0,6.34758e+09,6.34758e+09,1,0
2700,162000,transverse,1,9499,65145,56238,15589,272559,10574,1154,232423,250729,2.03469e+06,1.74341e+09,161,2.43805e-06,4.47276e-05,0.00794445,3.81044e+09,1.3611e+09,0,6.34758e+09,6.34758e+09,1,1
2700,162000,descending,1,14527,56095,78346,16072,220395,14978,917,194433,186669,2.79677e+06,2.05298e+09,201,1.4392e-07,2.61844e-06,0.00784616,3.81044e+09,1.3611e+09,0,6.34758e+09,6.34758e+09,1,1
2710,162600,cecum,0.945,4359,37574,42528,9349,204838,7951,864,183700,183045,783099,2.551e+09,61,2.3148e-05,0.000459558,0.00754044,3.84052e+09,1.37166e+09,0,6.34512e+09,6.34512e+09,1,0
2710,162600,transverse,1,9007,64823,56619,15665,274170,10654,1160,234506,251617,1.94924e+06,1.7423e+09,161,2.43959e-06,4.47561e-05,0.00794465,3.84052e+09,1.37166e+09,0,6.34512e+09,6.34512e+09,1,0
2710,162600,descending,1,14442,56242,79034,16184,222183,15123,919,196329,187939,2.78031e+06,2.05163e+09,201,1.44107e-07,2.62185e-06,0.00784848,3.84052e+09,1.37166e+09,0,6.34512e+09,6.34512e+09,1,0
2720,163200,cecum,0.9475,4426,37377,42750,9391,205561,7989,865,184699,183692,794513,2.551e+09,61,2.3148e-05,0.000459558,0.00754044,3.87058e+09,1.38222e+09,0,6.34268e+09,6.34268e+09,1,0
2720,163200,transverse,1,9735,65761,57079,15778,276850,10740,1162,236445,254762,2.08658e+06,1.74121e+09,161,2.4411e-06,4.47841e-05,0.00794484,3.87058e+09,1.38222e+09,0,6.34268e+09,6.34268e+09,1,0
2720,163200,descending,1,14225,56086,79737,16289,223341,15248,932,197860,188394,2.74368e+06,2.05028e+09,201,1.44293e-07,2.62523e-06,0.00785076,3.87058e+09,1.38222e+09,0,6.34268e+09,6.34268e+09,1,0
2730,163800,cecum,0.96,4287,37263,42952,9434,206490,8015,870,185806,184344,768415,2.551e+09,61,2.3148e-05,0.000459558,0.00754044,3.90061e+09,1.39278e+09,0,6.34028e+09,6.34028e+09,1,0
2730,163800,transverse,1,9832,65149,57530,15893,277955,10834,1177,238356,255707,2.11427e+06,1.74015e+09,161,2.44259e-06,4.48115e-05,0.00794502,3.90061e+09,1.39278e+09,0,6.34028e+09,6.34028e+09,1,0
2730,163800,descending,0.9975,14300,56806,80424,16404,225390,15382,943,199427,190069,2.75685e+06,2.04894e+09,201,1.44477e-07,2.62857e-06,0.00785301,3.90061e+09,1.39278e+09,0,6.34028e+09,6.34028e+09,1,0
2740,164400,cecum,0.9575,4363,37028,43143,9477,207293,8059,873,186928,185116,783531,2.551e+09,61,2.3148e-05,0.000459558,0.00754044,3.93063e+09,1.40333e+09,0,6.33789e+09,6.33789e+09,1,0
2740,164400,transverse,1,8691,67162,57996,15996,281566,10909,1178,240131,257888,1.87581e+06,1.73911e+09,161,2.44404e-06,4.48384e-05,0.00794521,3.93063e+09,1.40333e+09,0,6.33789e+09,6.33789e+09,1,0
2740,164400,descending,1,14588,57401,81080,16517,227224,15514,946,200908,191777,2.80827e+06,2.04759e+09,201,1.44659e-07,2.63189e-06,0.00785523,3.93063e+09,1.40333e+09,0,6.33789e+09,6.33789e+09,1,0
2750,165000,cecum,0.95,4256,37077,43350,9533,208219,8093,875,187893,185816,763871,2.551e+09,61,2.3148e-05,0.000459558,0.00754044,3.96063e+09,1.41387e+09,0,6.33553e+09,6.33553e+09,1,0
2750,165000,transverse,1,8638,65720,58438,16091,281874,11002,1179,242068,257888,1.8773e+06,1.73809e+09,161,2.44547e-06,4.48647e-05,0.00794539,3.96063e+09,1.41387e+09,0,6.33553e+09,6.33553e+09,1,0
2750,165000,descending,1,14944,57812,81730,16619,229047,15632,956,202530,193516,2.87419e+06,2.04625e+09,201,1.4484e-07,2.63518e-06,0.00785741,3.96063e+09,1.41387e+09,0,6.33553e+09,6.33553e+09,1,0
2760,165600,cecum,0.9425,4458,36942,43554,9574,208974,8134,903,188837,186623,799985,2.551e+09,61,2.3148e-05,0.000459558,0.00754044,3.99061e+09,1.42442e+09,0,6.3332e+09,6.3332e+09,1,0
2760,165600,transverse,1,9415,65890,58847,16176,283491,11083,1185,243675,260033,2.01927e+06,1.73709e+09,161,2.44687e-06,4.48906e-05,0.00794556,3.99061e+09,1.42442e+09,0,6.3332e+09,6.3332e+09,1,0
2760,165600,descending,1,14006,58613,82440,16723,230878,15782,956,203814,193953,2.70072e+06,2.04492e+09,201,1.45019e-07,2.63843e-06,0.00785956,3.99061e+09,1.42442e+09,0,6.3332e+09,6.3332e+09,1,0
2770,166200,cecum,0.9625,4280,36905,43758,9617,209838,8170,907,189813,187180,767974,2.551e+09,61,2.3148e-05,0.000459558,0.00754044,4.02057e+09,1.43495e+09,0,6.33089e+09,6.33089e+09,1,0
2770,166200,transverse,1,8893,65121,59245,16264,284693,11146,1193,245789,260458,1.92781e+06,1.73611e+09,161,2.44824e-06,4.49159e-05,0.00794573,4.02057e+09,1.43495e+09,0,6.33089e+09,6.33089e+09,1,0
2770,166200,descending,1,13609,59617,83087,16822,233530,15909,964,205680,195779,2.62349e+06,2.04359e+09,201,1.45197e-07,2.64166e-06,0.00786168,4.02057e+09,1.43495e+09,0,6.33089e+09,6.33089e+09,1,0
2780,166800,cecum,0.94,4143,36975,43948,9664,210711,8207,909,190698,187808,743085,2.551e+09,61,2.3148e-05,0.000459558,0.00754044,4.0505e+09,1.44548e+09,0,6.3286e+09,6.3286e+09,1,0
2780,166800,transverse,1,8523,65126,59658,16319,286258,11246,1203,247494,261385,1.8506e+06,1.73516e+09,161,2.44959e-06,4.49408e-05,0.0079459,4.0505e+09,1.44548e+09,0,6.3286e+09,6.3286e+09,1,0
2780,166800,descending,1,14197,59362,83753,16924,234649,16035,967,207279,197045,2.73431e+06,2.04226e+09,201,1.45372e-07,2.64485e-06,0.00786377,4.0505e+09,1.44548e+09,0,6.3286e+09,6.3286e+09,1,0
2790,167400,cecum,0.95,4025,37016,44145,9702,211584,8246,910,191606,188442,721612,2.551e+09,61,2.3148e-05,0.000459558,0.00754044,4.08042e+09,1.45601e+09,0,6.32634e+09,6.32634e+09,1,0
2790,167400,transverse,1,8729,65347,60086,16423,288171,11333,1216,249364,263254,1.88233e+06,1.73422e+09,161,2.4509e-06,4.49651e-05,0.00794607,4.08042e+09,1.45601e+09,0,6.32634e+09,6.32634e+09,1,0
2790,167400,descending,1,14253,58676,84462,17042,235057,16163,968,208618,197045,2.74787e+06,2.04093e+09,201,1.45546e-07,2.64802e-06,0.00786582,4.08042e+09,1.45601e+09,0,6.32634e+09,6.32634e+09,1,0
2800,168000,cecum,0.9125,4041,36996,44344,9742,212487,8280,915,192598,189231,724749,2.551e+09,61,2.3148e-05,0.000459558,0.00754044,4.11032e+09,1.46653e+09,0,6.3241e+09,6.3241e+09,1,0
2800,168000,transverse,1,8231,65604,60504,16490,290292,11408,1229,251357,264588,1.77715e+06,1.7333e+09,161,2.4522e-06,4.4989e-05,0.00794623,4.11032e+09,1.46653e+09,0,6.3241e+09,6.3241e+09,1,0
2800,168000,descending,1,14343,59130,85200,17145,236732,16294,968,210073,198306,2.76067e+06,2.03961e+09,201,1.45719e-07,2.65115e-06,0.00786785,4.11032e+09,1.46653e+09,0,6.3241e+09,6.3241e+09,1,0
2810,168600,cecum,0.9175,4016,37234,44527,9770,213732,8315,918,193665,190328,720908,2.551e+09,61,2.3148e-05,0.000459558,0.00754044,4.14021e+09,1.47705e+09,0,6.32189e+09,6.32189e+09,1,0
2810,168600,transverse,1,8863,64919,60897,16570,291251,11480,1238,253144,265929,1.90247e+06,1.7324e+09,161,2.45347e-06,4.50124e-05,0.00794638,4.14021e+09,1.47705e+09,0,6.32189e+09,6.32189e+09,1,0
2810,168600,descending,1,14000,59629,85885,17240,238372,16437,987,211433,199137,2.69544e+06,2.0383e+09,201,1.45889e-07,2.65425e-06,0.00786984,4.14021e+09,1.47705e+09,0,6.32189e+09,6.32189e+09,1,0
2820,169200,cecum,0.9525,4763,36657,44751,9826,214059,8360,919,194669,191278,857502,2.551e+09,61,2.3148e-05,0.000459558,0.00754044,4.17007e+09,1.48757e+09,0,6.3197e+09,6.3197e+09,1,0
2820,169200,transverse,1,9821,64417,61306,16666,292336,11551,1247,254889,267721,2.08857e+06,1.73152e+09,161,2.45471e-06,4.50354e-05,0.00794654,4.17007e+09,1.48757e+09,0,6.3197e+09,6.3197e+09,1,0
2820,169200,descending,1,14118,59133,86529,17334,239100,16578,997,212882,199564,2.7206e+06,2.03699e+09,201,1.46058e-07,2.65733e-06,0.0078718,4.17007e+09,1.48757e+09,0,6.3197e+09,6.3197e+09,1,0
2830,169800,cecum,0.9475,4681,36404,44955,9882,214749,8384,924,195687,191757,841576,2.551e+09,61,2.3148e-05,0.000459558,0.00754044,4.19991e+09,1.49807e+09,0,6.31753e+09,6.31753e+09,1,0
2830,169800,transverse,1,9480,63743,61738,16789,293372,11631,1254,256795,268180,2.03727e+06,1.73065e+09,161,2.45593e-06,4.50579e-05,0.00794669,4.19991e+09,1.49807e+09,0,6.31753e+09,6.31753e+09,1,0
2830,169800,descending,1,15724,57762,87179,17455,239550,16717,999,214961,201228,3.02078e+06,2.03569e+09,201,1.46226e-07,2.66037e-06,0.00787374,4.19991e+09,1.49807e+09,0,6.31753e+09,6.31753e+09,1,0
2840,170400,cecum,0.965,4470,36161,45178,9936,215624,8428,933,196894,192287,802203,2.551e+09,61,2.3148e-05,0.000459558,0.00754044,4.22973e+09,1.50858e+09,0,6.31539e+09,6.31539e+09,1,0
2840,170400,transverse,1,11296,64389,62148,16880,295937,11706,1255,258879,272316,2.37635e+06,1.72981e+09,161,2.45712e-06,4.508e-05,0.00794684,4.22973e+09,1.50858e+09,0,6.31539e+09,6.31539e+09,1,0
2840,170400,descending,1,14941,57930,87849,17579,241199,16821,999,216670,201652,2.87519e+06,2.03439e+09,201,1.46392e-07,2.66338e-06,0.00787564,4.22973e+09,1.50858e+09,0,6.31539e+09,6.31539e+09,1,0
2850,171000,cecum,0.92,4091,36571,45380,9968,216917,8475,938,197851,193073,733127,2.551e+09,61,2.3148e-05,0.000459558,0.00754044,4.25954e+09,1.51908e+09,0,6.31327e+09,6.31327e+09,1,0
2850,171000,transverse,1,10304,65332,62601,17014,298517,11807,1259,260747,273682,2.1912e+06,1.72898e+09,161,2.4583e-06,4.51017e-05,0.00794698,4.25954e+09,1.51908e+09,0,6.31327e+09,6.31327e+09,1,0
2850,171000,descending,1,14461,59500,88504,17694,244259,16949,1002,218400,203817,2.78222e+06,2.0331e+09,201,1.46556e-07,2.66637e-06,0.00787752,4.25954e+09,1.51908e+09,0,6.31327e+09,6.31327e+09,1,0
2860,171600,cecum,0.9525,4394,36332,45594,10004,217681,8524,939,198938,194010,789373,2.551e+09,61,2.3148e-05,0.000459558,0.00754044,4.28932e+09,1.52958e+09,0,6.31117e+09,6.31117e+09,1,0
2860,171600,transverse,1,9627,66074,63057,17095,301363,11895,1263,263016,275560,2.05591e+06,1.72817e+09,161,2.45945e-06,4.51229e-05,0.00794712,4.28932e+09,1.52958e+09,0,6.31117e+09,6.31117e+09,1,0
2860,171600,descending,1,14915,57922,89190,17800,244259,17082,1009,220210,203817,2.87012e+06,2.03181e+09,201,1.46718e-07,2.66932e-06,0.00787936,4.28932e+09,1.52958e+09,0,6.31117e+09,6.31117e+09,1,0
2870,172200,cecum,0.9475,4150,36622,45796,10049,218890,8560,940,199937,194853,744922,2.551e+09,61,2.3148e-05,0.000459558,0.00754044,4.31909e+09,1.54007e+09,0,6.3091e+09,6.3091e+09,1,0
2870,172200,transverse,1,8803,66222,63479,17182,303331,11982,1270,265003,276449,1.90504e+06,1.72737e+09,161,2.46057e-06,4.51437e-05,0.00794726,4.31909e+09,1.54007e+09,0,6.3091e+09,6.3091e+09,1,0
2870,172200,descending,1,15212,59518,89884,17938,247310,17216,1011,221935,206741,2.9241e+06,2.03053e+09,201,1.46879e-07,2.67225e-06,0.00788118,4.31909e+09,1.54007e+09,0,6.3091e+09,6.3091e+09,1,0
2880,172800,cecum,0.9675,4168,36451,45987,10096,219574,8602,942,200879,195451,748885,2.551e+09,61,2.3148e-05,0.000459558,0.00754044,4.34884e+09,1.55056e+09,0,6.30705e+09,6.30705e+09,1,0
2880,172800,transverse,1,10150,66182,63931,17288,304939,12070,1281,266834,279135,2.15982e+06,1.7266e+09,161,2.46168e-06,4.51642e-05,0.0079474,4.34884e+09,1.55056e+09,0,6.30705e+09,6.30705e+09,1,0
2880,172800,descending,0.9975,14838,59218,90598,18072,248559,17355,1016,223752,207170,2.85855e+06,2.02926e+09,201,1.47038e-07,2.67514e-06,0.00788298,4.34884e+09,1.55056e+09,0,6.30705e+09,6.30705e+09,1,0
2890,173400,cecum,0.9925,5173,36362,46192,10156,220522,8635,942,202009,197292,934216,2.55335e+08,61,2.6536e-05,0.000543164,0.00745684,4.35449e+09,1.55255e+09,5.67599e+09,6.3093e+08,6.3093e+08,1,0
2890,173400,transverse,0.9975,9341,65836,64384,17369,306416,12161,1288,268822,279515,2.02079e+06,1.72602e+08,161,2.82153e-06,5.27374e-05,0.00793998,4.35449e+09,1.55255e+09,5.67599e+09,6.3093e+08,6.3093e+08,1,0
2890,173400,descending,1,15055,58540,91365,18184,249301,17504,1030,225419,207609,2.90333e+06,2.02803e+08,201,1.76708e-07,3.28745e-06,0.00788413,4.35449e+09,1.55255e+09,5.67599e+09,6.3093e+08,6.3093e+08,1,0
2900,174000,cecum,0.9975,5230,36519,46395,10200,221722,8668,943,203128,198422,944370,2.56194e+08,61,3.05212e-05,0.000633065,0.00736694,4.35746e+09,1.5536e+09,5.67599e+09,6.31671e+08,6.31671e+08,1,0
2900,174000,transverse,0.995,8904,65873,64769,17443,308176,12238,1297,270687,280595,1.93856e+06,1.72602e+08,161,3.34478e-06,6.26172e-05,0.00793025,4.35746e+09,1.5536e+09,5.67599e+09,6.31671e+08,6.31671e+08,1,0
2900,174000,descending,0.9975,14367,58987,92043,18288,251410,17637,1031,227317,208588,2.77331e+06,2.02685e+08,201,2.19614e-07,4.08152e-06,0.00788508,4.35746e+09,1.5536e+09,5.67599e+09,6.31671e+08,6.31671e+08,1,0
2910,174600,cecum,1,5193,36543,46594,10253,222849,8703,952,204310,199392,936767,2.57651e+08,61,3.42522e-05,0.000719927,0.00728007,4.36043e+09,1.55465e+09,5.67599e+09,6.3309e+08,6.3309e+08,1,0
2910,174600,transverse,0.9925,8374,66228,65182,17516,310252,12302,1304,272538,281858,1.82861e+06,1.72674e+08,161,3.94285e-06,7.39225e-05,0.00791909,4.36043e+09,1.55465e+09,5.67599e+09,6.3309e+08,6.3309e+08,1,0
2910,174600,descending,1,14498,58547,92768,18381,252423,17797,1036,229018,209255,2.79831e+06,2.02576e+08,201,2.70021e-07,5.01432e-06,0.00788586,4.36043e+09,1.55465e+09,5.67599e+09,6.3309e+08,6.3309e+08,1,0
2920,175200,cecum,0.9975,4957,36274,46782,10309,223638,8736,952,205457,199846,892918,2.59676e+08,61,3.77504e-05,0.000803851,0.00719615,4.3634e+09,1.5557e+09,5.67599e+09,6.35175e+08,6.35175e+08,1,0
2920,175200,transverse,0.9975,8549,65650,65591,17592,311468,12372,1315,274467,282975,1.86578e+06,1.72833e+08,161,4.60853e-06,8.65369e-05,0.00790662,4.3634e+09,1.5557e+09,5.67599e+09,6.35175e+08,6.35175e+08,1,0
2920,175200,descending,0.9975,14658,58224,93431,18476,253580,17918,1041,230709,210120,2.82799e+06,2.02477e+08,201,3.28848e-07,6.10244e-06,0.00788646,4.3634e+09,1.5557e+09,5.67599e+09,6.35175e+08,6.35175e+08,1,0
2930,175800,cecum,0.9975,4700,37046,47025,10362,225375,8784,955,206520,201181,845889,2.62248e+08,61,4.10344e-05,0.000884917,0.00711508,4.36636e+09,1.55675e+09,5.67599e+09,6.37918e+08,6.37918e+08,1,0
2930,175800,transverse,0.995,8243,65324,65998,17663,313037,12448,1325,276499,283968,1.81215e+06,1.73091e+08,161,5.33494e-06,0.00010035,0.00789295,4.36636e+09,1.55675e+09,5.67599e+09,6.37918e+08,6.37918e+08,1,0
2930,175800,descending,0.995,14283,58711,94122,18555,255665,18053,1043,232519,211351,2.75844e+06,2.02391e+08,201,3.96868e-07,7.35995e-06,0.00788687,4.36636e+09,1.55675e+09,5.67599e+09,6.37918e+08,6.37918e+08,1,0
2940,176400,cecum,0.9925,5215,37306,47256,10407,226576,8824,959,207542,202747,941129,2.65349e+08,61,4.41204e-05,0.000963193,0.00703681,4.36933e+09,1.55781e+09,5.67599e+09,6.41318e+08,6.41318e+08,1,0
2940,176400,transverse,0.9975,8891,64326,66410,17721,313852,12540,1328,278459,285166,1.94001e+06,1.73459e+08,161,6.11555e-06,0.000115258,0.00787818,4.36933e+09,1.55781e+09,5.67599e+09,6.41318e+08,6.41318e+08,1,0
2940,176400,descending,0.9975,14710,57998,94769,18639,256677,18164,1046,234436,212335,2.83931e+06,2.02321e+08,201,4.74722e-07,8.79855e-06,0.00788707,4.36933e+09,1.55781e+09,5.67599e+09,6.41318e+08,6.41318e+08,1,0
2950,177000,cecum,0.9975,5249,37728,47500,10459,227979,8883,985,208608,204025,946900,2.68969e+08,61,4.70225e-05,0.00103873,0.00696127,4.37229e+09,1.55888e+09,5.67599e+09,6.45374e+08,6.45374e+08,1,0
2950,177000,transverse,0.9975,9030,63508,66859,17803,314677,12615,1335,280252,285831,1.9657e+06,1.73946e+08,161,6.94416e-06,0.000131161,0.00786241,4.37229e+09,1.55888e+09,5.67599e+09,6.45374e+08,6.45374e+08,1,0
2950,177000,descending,0.995,14684,58202,95455,18752,258205,18284,1051,235988,213379,2.83592e+06,2.0227e+08,201,5.62927e-07,1.04278e-05,0.00788705,4.37229e+09,1.55888e+09,5.67599e+09,6.45374e+08,6.45374e+08,1,0
2960,177600,cecum,0.995,5398,38294,47714,10531,229631,8923,985,209806,205724,973613,2.73097e+08,61,4.9753e-05,0.00111158,0.00688842,4.37526e+09,1.55994e+09,5.67599e+09,6.50091e+08,6.50091e+08,1,0
2960,177600,transverse,0.9975,8466,63143,67248,17884,316360,12676,1341,282436,286697,1.85265e+06,1.74564e+08,161,7.81487e-06,0.000147963,0.00784574,4.37526e+09,1.55994e+09,5.67599e+09,6.50091e+08,6.50091e+08,1,0
2960,177600,descending,0.995,14509,58327,96130,18856,259805,18421,1057,237698,214364,2.80206e+06,2.02242e+08,201,6.61888e-07,1.22552e-05,0.00788682,4.37526e+09,1.55994e+09,5.67599e+09,6.50091e+08,6.50091e+08,1,0
2970,178200,cecum,0.995,5503,38555,47955,10587,230975,8961,987,210981,207024,992546,2.77729e+08,61,5.23229e-05,0.00118176,0.00681824,4.37822e+09,1.56102e+09,5.67599e+09,6.55477e+08,6.55477e+08,1,0
2970,178200,transverse,0.9975,8425,62790,67660,17971,317532,12760,1352,284121,287576,1.84478e+06,1.7532e+08,161,8.72206e-06,0.000165572,0.00782826,4.37822e+09,1.56102e+09,5.67599e+09,6.55477e+08,6.55477e+08,1,0
2970,178200,descending,1,14582,57861,96808,18953,261131,18552,1060,239715,215310,2.81546e+06,2.0224e+08,201,7.71902e-07,1.42865e-05,0.00788635,4.37822e+09,1.56102e+09,5.67599e+09,6.55477e+08,6.55477e+08,1,0
2980,178800,cecum,0.995,5889,38598,48220,10664,232114,9019,990,212209,208416,1.06294e+06,2.82861e+08,61,5.47417e-05,0.00124931,0.00675069,4.38119e+09,1.5621e+09,5.67599e+09,6.61538e+08,6.61538e+08,1,0
2980,178800,transverse,0.995,8874,61483,68082,18037,317873,12851,1352,285926,288101,1.93586e+06,1.76223e+08,161,9.66041e-06,0.000183902,0.00781006,4.38119e+09,1.5621e+09,5.67599e+09,6.61538e+08,6.61538e+08,1,0
2980,178800,descending,0.9975,14521,57535,97473,19051,261914,18681,1062,241049,215592,2.8053e+06,2.02268e+08,201,8.93169e-07,1.65257e-05,0.00788565,4.38119e+09,1.5621e+09,5.67599e+09,6.61538e+08,6.61538e+08,1,0
2990,179400,cecum,0.9975,5947,38695,48483,10723,233530,9064,994,213628,209727,1.07261e+06,2.88493e+08,61,5.70182e-05,0.00131425,0.00668575,4.38415e+09,1.56319e+09,5.67599e+09,6.68288e+08,6.68288e+08,1,0
2990,179400,transverse,0.99,8727,61603,68506,18112,319618,12933,1361,287699,289423,1.89813e+06,1.7728e+08,161,1.06249e-05,0.000202866,0.00779122,4.38415e+09,1.56319e+09,5.67599e+09,6.68288e+08,6.68288e+08,1,0
2990,179400,descending,0.9925,14659,57416,98147,19145,263072,18799,1067,242533,216421,2.8315e+06,2.02328e+08,201,1.0258e-06,1.89751e-05,0.00788472,4.38415e+09,1.56319e+09,5.67599e+09,6.68288e+08,6.68288e+08,1,0
3000,180000,cecum,0.9925,5561,39618,48714,10785,235322,9104,996,214597,211002,1.00075e+06,2.94625e+08,61,5.91597e-05,0.00137657,0.00662343,4.38712e+09,1.56429e+09,5.67599e+09,6.75739e+08,6.75739e+08,1,0
3000,180000,transverse,0.995,8471,61277,68916,18188,320863,13013,1371,289416,290148,1.85399e+06,1.78501e+08,161,1.16106e-05,0.000222381,0.00777183,4.38712e+09,1.56429e+09,5.67599e+09,6.75739e+08,6.75739e+08,1,0
3000,180000,descending,0.9975,14687,57383,98847,19239,264489,18942,1073,244214,217397,2.83595e+06,2.02425e+08,201,1.16981e-06,2.16357e-05,0.00788356,4.38712e+09,1.56429e+09,5.67599e+09,6.75739e+08,6.75739e+08,1,0
3010,180600,cecum,0.995,5701,40144,48979,10838,236962,9147,1000,215803,212609,1.0264e+06,3.01262e+08,61,6.11731e-05,0.0014363,0.0065637,4.39008e+09,1.5654e+09,5.67599e+09,6.83906e+08,6.83906e+08,1,0
3010,180600,transverse,0.9975,8087,61078,69311,18271,322470,13078,1373,291368,291122,1.77328e+06,1.79893e+08,161,1.2613e-05,0.000242369,0.00775196,4.39008e+09,1.5654e+09,5.67599e+09,6.83906e+08,6.83906e+08,1,0
3010,180600,descending,0.9975,14717,57130,99503,19347,265669,19071,1078,245879,218183,2.84426e+06,2.02564e+08,201,1.32515e-06,2.45069e-05,0.00788216,4.39008e+09,1.5654e+09,5.67599e+09,6.83906e+08,6.83906e+08,1,0
3020,181200,cecum,0.995,5530,40636,49260,10901,238432,9200,1004,216893,213739,993246,3.08409e+08,61,6.30644e-05,0.00149342,0.00650658,4.39305e+09,1.56652e+09,5.67599e+09,6.92804e+08,6.92804e+08,1,0
3020,181200,transverse,0.9975,7862,60885,69701,18348,323853,13165,1375,293106,292052,1.72238e+06,1.81462e+08,161,1.36277e-05,0.00026275,0.0077317,4.39305e+09,1.56652e+09,5.67599e+09,6.92804e+08,6.92804e+08,1,0
3020,181200,descending,0.9975,15128,56295,100268,19446,266185,19230,1083,247483,218598,2.92248e+06,2.02747e+08,201,1.49168e-06,2.75868e-05,0.00788053,4.39305e+09,1.56652e+09,5.67599e+09,6.92804e+08,6.92804e+08,1,0
3030,181800,cecum,0.9975,6105,41154,49508,10990,239862,9249,1009,217938,215629,1.09961e+06,3.1607e+08,61,6.4839e-05,0.00154794,0.00645206,4.39603e+09,1.56765e+09,5.67599e+09,7.02452e+08,7.02452e+08,1,0
3030,181800,transverse,0.995,8502,60318,70077,18419,324651,13225,1381,294596,293239,1.84816e+06,1.83215e+08,161,1.46506e-05,0.000283447,0.00771111,4.39603e+09,1.56765e+09,5.67599e+09,7.02452e+08,7.02452e+08,1,0
3030,181800,descending,1,15309,56008,101003,19550,267085,19382,1086,248923,219197,2.95688e+06,2.0298e+08,201,1.66921e-06,3.08723e-05,0.00787867,4.39603e+09,1.56765e+09,5.67599e+09,7.02452e+08,7.02452e+08,1,0
3040,182400,cecum,0.995,5382,42077,49776,11053,241681,9302,1012,218947,216570,967218,3.24256e+08,61,6.65016e-05,0.00159985,0.00640015,4.399e+09,1.5688e+09,5.67599e+09,7.12869e+08,7.12869e+08,1,0
3040,182400,transverse,0.995,8519,59963,70497,18500,325796,13302,1391,296244,294129,1.8484e+06,1.85162e+08,161,1.56777e-05,0.000304386,0.00769029,4.399e+09,1.5688e+09,5.67599e+09,7.12869e+08,7.12869e+08,1,0
3040,182400,descending,0.9975,14569,56503,101728,19643,268896,19517,1090,250463,219767,2.8167e+06,2.03265e+08,201,1.85746e-06,3.43593e-05,0.00787659,4.399e+09,1.5688e+09,5.67599e+09,7.12869e+08,7.12869e+08,1,0
3050,183000,cecum,1,5713,41972,50031,11125,242725,9349,1017,220210,217804,1.02789e+06,3.32974e+08,61,6.80565e-05,0.00164914,0.00635086,4.40199e+09,1.56996e+09,5.67599e+09,7.24075e+08,7.24075e+08,1,0
3050,183000,transverse,0.9975,8234,59809,70869,18571,327122,13391,1394,297881,294955,1.79567e+06,1.87307e+08,161,1.67053e-05,0.000325494,0.00766929,4.40199e+09,1.56996e+09,5.67599e+09,7.24075e+08,7.24075e+08,1,0
3050,183000,descending,0.995,14789,56391,102441,19721,270566,19637,1095,252438,221137,2.85834e+06,2.03607e+08,201,2.0561e-06,3.80423e-05,0.00787429,4.40199e+09,1.56996e+09,5.67599e+09,7.24075e+08,7.24075e+08,1,0
3060,183600,cecum,0.995,5849,42332,50279,11185,244096,9384,1018,221315,219157,1.05304e+06,3.42233e+08,61,6.95075e-05,0.00169579,0.00630421,4.40497e+09,1.57113e+09,5.67599e+09,7.36089e+08,7.36089e+08,1,0
3060,183600,transverse,0.9925,7923,60084,71248,18641,329151,13459,1399,299768,296427,1.72326e+06,1.89658e+08,161,1.77297e-05,0.000346697,0.00764819,4.40497e+09,1.57113e+09,5.67599e+09,7.36089e+08,7.36089e+08,1,0
3060,183600,descending,0.995,14490,56670,103129,19803,272363,19765,1100,254161,222152,2.80128e+06,2.0401e+08,201,2.26475e-06,4.19149e-05,0.00787178,4.40497e+09,1.57113e+09,5.67599e+09,7.36089e+08,7.36089e+08,1,0
3070,184200,cecum,0.9975,5957,42309,50550,11240,245141,9435,1044,222463,220119,1.07272e+06,3.52045e+08,61,7.08579e-05,0.00173979,0.00626021,4.40797e+09,1.57233e+09,5.67599e+09,7.48935e+08,7.48935e+08,1,0
3070,184200,transverse,0.9975,8088,59985,71645,18713,330493,13542,1404,301359,297687,1.75616e+06,1.92223e+08,161,1.87475e-05,0.000367924,0.00762707,4.40797e+09,1.57233e+09,5.67599e+09,7.48935e+08,7.48935e+08,1,0
3070,184200,descending,1,14650,56094,103832,19904,273269,19920,1117,255882,222754,2.8319e+06,2.0448e+08,201,2.48296e-06,4.59695e-05,0.00786907,4.40797e+09,1.57233e+09,5.67599e+09,7.48935e+08,7.48935e+08,1,0
3080,184800,cecum,0.9975,6297,42246,50808,11317,246161,9485,1048,223669,221344,1.13514e+06,3.62419e+08,61,7.21108e-05,0.00178112,0.00621888,4.41097e+09,1.57354e+09,5.67599e+09,7.62634e+08,7.62634e+08,1,0
3080,184800,transverse,0.995,7865,60068,72017,18785,332081,13609,1409,302998,298814,1.71642e+06,1.95009e+08,161,1.97554e-05,0.000389104,0.00760599,4.41097e+09,1.57354e+09,5.67599e+09,7.62634e+08,7.62634e+08,1,0
3080,184800,descending,0.995,14093,56830,104497,19991,275187,20055,1118,257285,223671,2.72417e+06,2.05019e+08,201,2.71023e-06,5.01978e-05,0.00786616,4.41097e+09,1.57354e+09,5.67599e+09,7.62634e+08,7.62634e+08,1,0
3090,185400,cecum,0.9975,5852,43254,51096,11378,248418,9544,1050,225036,222986,1.05367e+06,3.73369e+08,61,7.32689e-05,0.00181975,0.00618025,4.41397e+09,1.57476e+09,5.67599e+09,7.77211e+08,7.77211e+08,1,0
3090,185400,transverse,0.9975,8601,58916,72415,18846,332628,13687,1419,304826,299828,1.86094e+06,1.98022e+08,161,2.07503e-05,0.000410169,0.00758503,4.41397e+09,1.57476e+09,5.67599e+09,7.77211e+08,7.77211e+08,1,0
3090,185400,descending,0.9975,13805,56740,105154,20067,276610,20177,1129,258985,224336,2.67075e+06,2.05633e+08,201,2.94601e-06,5.45904e-05,0.00786307,4.41397e+09,1.57476e+09,5.67599e+09,7.77211e+08,7.77211e+08,1,0
3100,186000,cecum,1,6002,43743,51366,11454,250046,9596,1055,226298,224617,1.08056e+06,3.84904e+08,61,7.43345e-05,0.00185568,0.00614432,4.41699e+09,1.57601e+09,5.67599e+09,7.92687e+08,7.92687e+08,1,0
3100,186000,transverse,1,8752,58314,72804,18925,333356,13770,1431,306306,300468,1.89034e+06,2.01271e+08,161,2.17291e-05,0.000431048,0.00756425,4.41699e+09,1.57601e+09,5.67599e+09,7.92687e+08,7.92687e+08,1,0
3100,186000,descending,0.9975,14375,56084,105815,20151,277623,20298,1132,260856,225460,2.77466e+06,2.06325e+08,201,3.18972e-06,5.91369e-05,0.00785981,4.41699e+09,1.57601e+09,5.67599e+09,7.92687e+08,7.92687e+08,1,0
3110,186600,cecum,0.995,5939,44092,51621,11511,251597,9648,1058,227606,225956,1.07022e+06,3.97038e+08,61,7.53097e-05,0.00188887,0.00611113,4.42002e+09,1.57728e+09,5.67599e+09,8.09087e+08,8.09087e+08,1,0
3110,186600,transverse,0.995,8637,58311,73195,19018,334786,13851,1445,307899,301552,1.86709e+06,2.04762e+08,161,2.2689e-05,0.000451674,0.00754372,4.42002e+09,1.57728e+09,5.67599e+09,8.09087e+08,8.09087e+08,1,0
3110,186600,descending,0.9975,13584,56346,106460,20261,279428,20413,1133,262623,226053,2.62731e+06,2.071e+08,201,3.44072e-06,6.38263e-05,0.00785638,4.42002e+09,1.57728e+09,5.67599e+09,8.09087e+08,8.09087e+08,1,0
3120,187200,cecum,0.995,6529,44220,51880,11574,252935,9693,1064,228918,227727,1.17879e+06,4.09782e+08,61,7.61963e-05,0.0019193,0.0060807,4.42306e+09,1.57858e+09,5.67599e+09,8.26435e+08,8.26435e+08,1,0
3120,187200,transverse,0.9975,8615,57369,73575,19089,335537,13930,1460,309727,302036,1.86604e+06,2.08503e+08,161,2.36273e-05,0.00047198,0.00752351,4.42306e+09,1.57858e+09,5.67599e+09,8.26435e+08,8.26435e+08,1,0
3120,187200,descending,1,14016,56078,107094,20358,280400,20534,1136,264078,227038,2.70582e+06,2.07963e+08,201,3.69833e-06,6.86466e-05,0.0078528,4.42306e+09,1.57858e+09,5.67599e+09,8.26435e+08,8.26435e+08,1,0
3130,187800,cecum,0.9975,6025,44804,52175,11654,254753,9762,1068,230297,228891,1.08427e+06,4.23148e+08,61,7.6996e-05,0.00194695,0.00605305,4.42612e+09,1.5799e+09,5.67599e+09,8.44753e+08,8.44753e+08,1,0
3130,187800,transverse,0.995,8365,58011,73917,19171,337742,13991,1474,311419,303778,1.80663e+06,2.12501e+08,161,2.45412e-05,0.000491898,0.00750368,4.42612e+09,1.5799e+09,5.67599e+09,8.44753e+08,8.44753e+08,1,0
3130,187800,descending,1,13829,55781,107762,20446,281644,20682,1136,265855,227663,2.6729e+06,2.08918e+08,201,3.96182e-06,7.35849e-05,0.00784909,4.42612e+09,1.5799e+09,5.67599e+09,8.44753e+08,8.44753e+08,1,0
3140,188400,cecum,1,6117,44506,52448,11724,255519,9810,1077,231470,229585,1.09978e+06,4.37148e+08,61,7.77101e-05,0.00197181,0.00602819,4.42919e+09,1.58124e+09,5.67599e+09,8.64067e+08,8.64067e+08,1,0
3140,188400,transverse,1,9189,56698,74313,19280,337742,14057,1475,312906,304380,1.97216e+06,2.16764e+08,161,2.54283e-05,0.000511363,0.00748431,4.42919e+09,1.58124e+09,5.67599e+09,8.64067e+08,8.64067e+08,1,0
3140,188400,descending,0.9975,13788,55683,108444,20528,282634,20830,1152,267157,228144,2.66639e+06,2.09969e+08,201,4.23046e-06,7.86278e-05,0.00784525,4.42919e+09,1.58124e+09,5.67599e+09,8.64067e+08,8.64067e+08,1,0
3150,189000,cecum,0.995,6412,44319,52715,11798,256555,9845,1082,232797,230753,1.15304e+06,4.51792e+08,61,7.834e-05,0.00199385,0.00600615,4.43227e+09,1.58261e+09,5.67599e+09,8.84398e+08,8.84398e+08,1,0
3150,189000,transverse,0.9975,8801,56062,74681,19371,338737,14131,1481,314696,304778,1.90583e+06,2.213e+08,161,2.62861e-05,0.00053031,0.00746545,4.43227e+09,1.58261e+09,5.67599e+09,8.84398e+08,8.84398e+08,1,0
3150,189000,descending,1,13199,56907,109101,20607,285139,20953,1225,268567,229532,2.55127e+06,2.11121e+08,201,4.50344e-06,8.3761e-05,0.00784131,4.43227e+09,1.58261e+09,5.67599e+09,8.84398e+08,8.84398e+08,1,0
3160,189600,cecum,0.995,6039,45126,53011,11861,258479,9893,1086,234021,232115,1.08484e+06,4.67089e+08,61,7.88866e-05,0.00201305,0.00598695,4.43538e+09,1.58401e+09,5.67599e+09,9.05769e+08,9.05769e+08,1,0
3160,189600,transverse,0.9975,8325,56485,75052,19435,340626,14199,1485,316290,305948,1.81334e+06,2.26115e+08,161,2.71123e-05,0.000548675,0.00744718,4.43538e+09,1.58401e+09,5.67599e+09,9.05769e+08,9.05769e+08,1,0
3160,189600,descending,0.9975,12892,56725,109671,20704,286710,21060,1230,270519,230425,2.49128e+06,2.12379e+08,201,4.77995e-06,8.89694e-05,0.00783727,4.43538e+09,1.58401e+09,5.67599e+09,9.05769e+08,9.05769e+08,1,0
3170,190200,cecum,0.995,6513,45479,53322,11939,259976,9952,1087,235301,233911,1.17241e+06,4.8305e+08,61,7.9351e-05,0.00202941,0.00597059,4.4385e+09,1.58544e+09,5.67599e+09,9.28201e+08,9.28201e+08,1,0
3170,190200,transverse,1,8651,55782,75469,19524,341205,14279,1491,317735,306599,1.88035e+06,2.31218e+08,161,2.79046e-05,0.000566395,0.00742954,4.4385e+09,1.58544e+09,5.67599e+09,9.28201e+08,9.28201e+08,1,0
3170,190200,descending,1,13277,56248,110307,20786,287607,21195,1243,272097,231275,2.56513e+06,2.13747e+08,201,5.05914e-06,9.42375e-05,0.00783315,4.4385e+09,1.58544e+09,5.67599e+09,9.28201e+08,9.28201e+08,1,0
3180,190800,cecum,0.9925,6856,46251,53658,12017,261896,10017,1096,236583,235972,1.23575e+06,4.99681e+08,61,7.97339e-05,0.0020429,0.0059571,4.44164e+09,1.58691e+09,5.67599e+09,9.51713e+08,9.51713e+08,1,0
3180,190800,transverse,1,8235,55258,75875,19576,342170,14361,1492,319357,306875,1.80521e+06,2.36615e+08,161,2.8661e-05,0.000583408,0.00741261,4.44164e+09,1.58691e+09,5.67599e+09,9.51713e+08,9.51713e+08,1,0
3180,190800,descending,0.995,13099,55990,110934,20870,288719,21319,1249,273669,231784,2.5313e+06,2.15231e+08,201,5.34013e-06,9.95488e-05,0.00782897,4.44164e+09,1.58691e+09,5.67599e+09,9.51713e+08,9.51713e+08,1,0
3190,191400,cecum,1,6830,46864,53969,12100,263652,10071,1102,237857,237522,1.23109e+06,5.16991e+08,61,8.00361e-05,0.00205353,0.00594647,4.44481e+09,1.5884e+09,5.67599e+09,9.76325e+08,9.76325e+08,1,0
3190,191400,transverse,0.995,8779,54846,76314,19643,343022,14451,1493,320777,307988,1.91566e+06,2.42314e+08,161,2.93794e-05,0.000599654,0.00739645,4.44481e+09,1.5884e+09,5.67599e+09,9.76325e+08,9.76325e+08,1,0
3190,191400,descending,0.995,12714,56775,111571,20959,291043,21437,1256,275408,233286,2.45467e+06,2.16833e+08,201,5.62202e-06,0.000104887,0.00782475,4.44481e+09,1.5884e+09,5.67599e+09,9.76325e+08,9.76325e+08,1,0
3200,192000,cecum,0.995,6268,47461,54247,12157,265475,10117,1105,239183,238605,1.12795e+06,5.34983e+08,61,8.02582e-05,0.00206129,0.00593871,4.448e+09,1.58994e+09,5.67599e+09,1.00205e+09,1.00205e+09,1,0
3200,192000,transverse,0.9975,8664,55232,76704,19721,344834,14534,1500,322357,309449,1.88948e+06,2.48321e+08,161,3.00578e-05,0.000615074,0.00738111,4.448e+09,1.58994e+09,5.67599e+09,1.00205e+09,1.00205e+09,1,0
3200,192000,descending,0.995,12904,56384,112202,21047,291920,21563,1260,276886,233932,2.49042e+06,2.18561e+08,201,5.90389e-06,0.000110233,0.0078205,4.448e+09,1.58994e+09,5.67599e+09,1.00205e+09,1.00205e+09,1,0
3210,192600,cecum,0.9975,6804,47983,54556,12231,267146,10167,1106,240455,240626,1.22762e+06,5.5366e+08,61,8.04009e-05,0.00206618,0.00593382,4.45121e+09,1.5915e+09,5.67599e+09,1.02891e+09,1.02891e+09,1,0
3210,192600,transverse,0.995,9033,55344,77130,19789,346294,14619,1503,323855,311002,1.95864e+06,2.54642e+08,161,3.06944e-05,0.000629611,0.00736665,4.45121e+09,1.5915e+09,5.67599e+09,1.02891e+09,1.02891e+09,1,0
3210,192600,descending,0.99,12977,56930,112866,21143,293460,21688,1263,278098,235099,2.50298e+06,2.20416e+08,201,6.1848e-06,0.000115571,0.00781625,4.45121e+09,1.5915e+09,5.67599e+09,1.02891e+09,1.02891e+09,1,0
3220,193200,cecum,0.9975,6690,48257,54831,12301,268762,10215,1114,241907,241963,1.20561e+06,5.73024e+08,61,8.04648e-05,0.00206821,0.00593179,4.45446e+09,1.59311e+09,5.67599e+09,1.05691e+09,1.05691e+09,1,0
3220,193200,transverse,1,9630,54305,77558,19897,346619,14694,1505,325400,311677,2.08192e+06,2.61287e+08,161,3.12875e-05,0.000643211,0.00735313,4.45446e+09,1.59311e+09,5.67599e+09,1.05691e+09,1.05691e+09,1,0
3220,193200,descending,0.9975,14048,55953,113447,21246,293851,21798,1265,279677,236191,2.70358e+06,2.22406e+08,201,6.46378e-06,0.000120882,0.007812,4.45446e+09,1.59311e+09,5.67599e+09,1.05691e+09,1.05691e+09,1,0
3230,193800,cecum,1,6251,48351,55078,12365,270345,10248,1136,243471,242935,1.1246e+06,5.93073e+08,61,8.04503e-05,0.0020674,0.0059326,4.45773e+09,1.59476e+09,5.67599e+09,1.08605e+09,1.08605e+09,1,0
3230,193800,transverse,0.9975,9471,54160,77955,19992,347889,14753,1506,326968,312544,2.06425e+06,2.68259e+08,161,3.18354e-05,0.000655821,0.00734059,4.45773e+09,1.59476e+09,5.67599e+09,1.08605e+09,1.08605e+09,1,0
3230,193800,descending,0.9975,13627,56076,114091,21347,295225,21936,1272,281160,236732,2.62599e+06,2.24534e+08,201,6.73987e-06,0.000126146,0.00780779,4.45773e+09,1.59476e+09,5.67599e+09,1.08605e+09,1.08605e+09,1,0
3240,194400,cecum,0.9975,6619,48919,55407,12436,272267,10327,1145,244966,245037,1.19254e+06,6.13802e+08,61,8.03582e-05,0.00206378,0.00593622,4.46104e+09,1.59645e+09,5.67599e+09,1.11636e+09,1.11636e+09,1,0
3240,194400,transverse,0.9975,9186,54842,78405,20080,350043,14836,1515,328602,314125,2.00149e+06,2.75563e+08,161,3.23365e-05,0.000667392,0.0073291,4.46104e+09,1.59645e+09,5.67599e+09,1.11636e+09,1.11636e+09,1,0
3240,194400,descending,0.995,12699,57565,114736,21451,297661,22073,1273,282347,237835,2.45057e+06,2.26805e+08,201,7.01209e-06,0.000131345,0.00780362,4.46104e+09,1.59645e+09,5.67599e+09,1.11636e+09,1.11636e+09,1,0
3250,195000,cecum,1,6243,48722,55689,12522,273332,10367,1155,246344,245560,1.12298e+06,6.35205e+08,61,8.01891e-05,0.00205737,0.00594263,4.46438e+09,1.59818e+09,5.67599e+09,1.14782e+09,1.14782e+09,1,0
3250,195000,transverse,0.9975,9459,54176,78822,20163,350935,14916,1515,330323,315036,2.06124e+06,2.83205e+08,161,3.27894e-05,0.000677877,0.00731868,4.46438e+09,1.59818e+09,5.67599e+09,1.14782e+09,1.14782e+09,1,0
3250,195000,descending,0.9975,12695,57202,115357,21535,299015,22197,1274,284271,238771,2.44887e+06,2.29224e+08,201,7.27945e-06,0.00013646,0.00779953,4.46438e+09,1.59818e+09,5.67599e+09,1.14782e+09,1.14782e+09,1,0
3260,195600,cecum,1,6594,49501,55973,12589,275343,10419,1163,247687,247749,1.18915e+06,6.57269e+08,61,7.99437e-05,0.00204822,0.00595178,4.46776e+09,1.59996e+09,5.67599e+09,1.18044e+09,1.18044e+09,1,0
3260,195600,transverse,0.9975,9224,54290,79243,20229,352655,14997,1524,332067,316238,2.01018e+06,2.91189e+08,161,3.31928e-05,0.000687233,0.0073094,4.46776e+09,1.59996e+09,5.67599e+09,1.18044e+09,1.18044e+09,1,0
3260,195600,descending,1,12604,56876,115970,21630,299838,22293,1281,285604,239074,2.43381e+06,2.31796e+08,201,7.54097e-06,0.00014147,0.00779552,4.46776e+09,1.59996e+09,5.67599e+09,1.18044e+09,1.18044e+09,1,0
3270,196200,cecum,1,5952,49566,56234,12660,276583,10468,1163,248982,248206,1.07065e+06,6.79984e+08,61,7.96227e-05,0.00203637,0.00596363,4.47117e+09,1.60178e+09,5.67599e+09,1.21421e+09,1.21421e+09,1,0
3270,196200,transverse,0.9975,9217,54216,79685,20303,353992,15069,1526,333622,317270,2.00996e+06,2.99517e+08,161,3.35454e-05,0.00069542,0.00730128,4.47117e+09,1.60178e+09,5.67599e+09,1.21421e+09,1.21421e+09,1,0
3270,196200,descending,0.9975,12480,56566,116553,21705,301197,22412,1282,287466,239919,2.40847e+06,2.34524e+08,201,7.79565e-06,0.000146357,0.00779162,4.47117e+09,1.60178e+09,5.67599e+09,1.21421e+09,1.21421e+09,1,0
3280,196800,cecum,0.995,6125,49631,56521,12733,277762,10527,1173,250218,249393,1.10218e+06,7.03331e+08,61,7.92272e-05,0.00202189,0.00597811,4.47463e+09,1.60366e+09,5.67599e+09,1.24912e+09,1.24912e+09,1,0
3280,196800,transverse,0.9975,9721,54523,80125,20376,355500,15134,1530,334957,318976,2.11163e+06,3.08192e+08,161,3.38463e-05,0.000702403,0.00729437,4.47463e+09,1.60366e+09,5.67599e+09,1.24912e+09,1.24912e+09,1,0
3280,196800,descending,0.9975,13014,56069,117150,21804,302075,22540,1288,289062,240955,2.50933e+06,2.37412e+08,201,8.04252e-06,0.000151101,0.00778784,4.47463e+09,1.60366e+09,5.67599e+09,1.24912e+09,1.24912e+09,1,0
3290,197400,cecum,0.9975,6177,50209,56807,12812,279567,10601,1174,251597,251116,1.11233e+06,7.27289e+08,61,7.87583e-05,0.00200486,0.00599514,4.47813e+09,1.60558e+09,5.67599e+09,1.28516e+09,1.28516e+09,1,0
3290,197400,transverse,0.9975,9924,53986,80578,20458,356407,15234,1537,336576,319808,2.16191e+06,3.17216e+08,161,3.40945e-05,0.000708151,0.00728868,4.47813e+09,1.60558e+09,5.67599e+09,1.28516e+09,1.28516e+09,1,0
3290,197400,descending,0.9975,13632,55282,117757,21902,302834,22662,1292,290824,241941,2.62544e+06,2.40466e+08,201,8.28061e-06,0.000155681,0.00778422,4.47813e+09,1.60558e+09,5.67599e+09,1.28516e+09,1.28516e+09,1,0
3300,198000,cecum,0.9975,6539,50092,57113,12871,280687,10665,1176,252955,252413,1.17795e+06,7.51833e+08,61,7.82171e-05,0.00198534,0.00601466,4.48168e+09,1.60756e+09,5.67599e+09,1.3223e+09,1.3223e+09,1,0
3300,198000,transverse,0.995,8785,54820,81017,20533,358793,15315,1549,338272,320760,1.91993e+06,3.26589e+08,161,3.42891e-05,0.000712639,0.00728426,4.48168e+09,1.60756e+09,5.67599e+09,1.3223e+09,1.3223e+09,1,0
3300,198000,descending,0.995,13282,55146,118334,22014,304232,22766,1298,292568,242622,2.56225e+06,2.4369e+08,201,8.50897e-06,0.00016008,0.00778076,4.48168e+09,1.60756e+09,5.67599e+09,1.3223e+09,1.3223e+09,1,0
3310,198600,cecum,0.9975,6049,50738,57390,12934,282789,10710,1200,254495,253832,1.08878e+06,7.76936e+08,61,7.76052e-05,0.00196345,0.00603655,4.48527e+09,1.60959e+09,5.67599e+09,1.36052e+09,1.36052e+09,1,0
3310,198600,transverse,0.995,9332,54249,81412,20612,359955,15413,1557,340174,322243,2.02706e+06,3.36309e+08,161,3.44296e-05,0.000715846,0.00728112,4.48527e+09,1.60959e+09,5.67599e+09,1.36052e+09,1.36052e+09,1,0
3310,198600,descending,1,13567,54107,118943,22091,304686,22893,1299,294264,242955,2.6176e+06,2.47087e+08,201,8.72667e-06,0.000164277,0.00777749,4.48527e+09,1.60959e+09,5.67599e+09,1.36052e+09,1.36052e+09,1,0
3320,199200,cecum,0.9975,6131,50803,57651,13003,284220,10761,1201,255980,255203,1.10433e+06,8.02563e+08,61,7.69243e-05,0.00193928,0.00606072,4.48892e+09,1.61168e+09,5.67599e+09,1.39979e+09,1.39979e+09,1,0
3320,199200,transverse,0.9975,9328,55106,81798,20704,362279,15472,1565,341784,324320,2.00558e+06,3.46374e+08,161,3.45155e-05,0.000717757,0.00727927,4.48892e+09,1.61168e+09,5.67599e+09,1.39979e+09,1.39979e+09,1,0
3320,199200,descending,0.995,12763,54261,119554,22159,306566,23024,1357,296131,243561,2.46601e+06,2.50661e+08,201,8.9328e-06,0.000168255,0.00777443,4.48892e+09,1.61168e+09,5.67599e+09,1.39979e+09,1.39979e+09,1,0
3330,199800,cecum,1,6065,50430,57915,13067,285318,10807,1215,257547,256067,1.09167e+06,8.2868e+08,61,7.61765e-05,0.00191296,0.00608704,4.49262e+09,1.61382e+09,5.67599e+09,1.44006e+09,1.44006e+09,1,0
3330,199800,transverse,0.9975,8541,55744,82257,20801,364237,15556,1568,343282,325210,1.85982e+06,3.56781e+08,161,3.45465e-05,0.000718364,0.00727872,4.49262e+09,1.61382e+09,5.67599e+09,1.44006e+09,1.44006e+09,1,0
3330,199800,descending,0.9975,13760,53409,120224,22263,307024,23151,1361,297668,244573,2.65321e+06,2.54415e+08,201,9.12649e-06,0.000171995,0.00777159,4.49262e+09,1.61382e+09,5.67599e+09,1.44006e+09,1.44006e+09,1,0
3340,200400,cecum,0.9975,6756,50751,58202,13138,286922,10864,1221,258952,258197,1.22013e+06,8.55242e+08,61,7.53639e-05,0.00188462,0.00611538,4.49637e+09,1.61603e+09,5.67599e+09,1.48131e+09,1.48131e+09,1,0
3340,200400,transverse,1,8580,55389,82651,20899,365387,15627,1575,344949,326167,1.86316e+06,3.67524e+08,161,3.45225e-05,0.000717664,0.00727948,4.49637e+09,1.61603e+09,5.67599e+09,1.48131e+09,1.48131e+09,1,0
3340,200400,descending,1,14001,52797,120857,22360,307659,23250,1362,299110,245011,2.70017e+06,2.58353e+08,201,9.30689e-06,0.00017548,0.00776899,4.49637e+09,1.61603e+09,5.67599e+09,1.48131e+09,1.48131e+09,1,0
3350,201000,cecum,1,7093,50135,58514,13214,287662,10928,1231,260438,259092,1.28173e+06,8.82209e+08,61,7.44891e-05,0.00185439,0.00614561,4.50019e+09,1.61829e+09,5.67599e+09,1.52347e+09,1.52347e+09,1,0
3350,201000,transverse,1,9067,55641,83035,20974,367029,15696,1580,346478,328051,1.95758e+06,3.78595e+08,161,3.44437e-05,0.000715662,0.00728155,4.50019e+09,1.61829e+09,5.67599e+09,1.52347e+09,1.52347e+09,1,0
3350,201000,descending,0.995,13821,53072,121538,22436,308865,23386,1372,300243,245558,2.66988e+06,2.62478e+08,201,9.47323e-06,0.000178695,0.00776664,4.50019e+09,1.61829e+09,5.67599e+09,1.52347e+09,1.52347e+09,1,0
3360,201600,cecum,1,6555,51326,58809,13298,290068,10989,1235,261794,260806,1.18098e+06,9.0953e+08,61,7.35551e-05,0.00182243,0.00617757,4.50407e+09,1.62062e+09,5.67599e+09,1.5665e+09,1.5665e+09,1,0
3360,201600,transverse,0.9975,8495,56142,83457,21064,368971,15778,1581,348090,329170,1.8432e+06,3.89988e+08,161,3.43105e-05,0.000712369,0.0072849,4.50407e+09,1.62062e+09,5.67599e+09,1.5665e+09,1.5665e+09,1,0
3360,201600,descending,0.9975,13943,52739,122121,22532,309970,23496,1382,301877,246398,2.69284e+06,2.66791e+08,201,9.62475e-06,0.000181622,0.00776457,4.50407e+09,1.62062e+09,5.67599e+09,1.5665e+09,1.5665e+09,1,0
3370,202200,cecum,1,6774,51682,59086,13361,291799,11042,1241,263279,262589,1.22185e+06,9.37154e+08,61,7.25651e-05,0.0017889,0.0062111,4.50801e+09,1.62301e+09,5.67599e+09,1.61033e+09,1.61033e+09,1,0
3370,202200,transverse,1,8350,56375,83832,21141,370674,15849,1584,349705,330498,1.81215e+06,4.01691e+08,161,3.41233e-05,0.000707803,0.00728952,4.50801e+09,1.62301e+09,5.67599e+09,1.61033e+09,1.61033e+09,1,0
3370,202200,descending,0.9975,14524,52096,122775,22640,310260,23627,1390,303041,246846,2.80463e+06,2.71296e+08,201,9.76076e-06,0.000184248,0.00776279,4.50801e+09,1.62301e+09,5.67599e+09,1.61033e+09,1.61033e+09,1,0
3380,202800,cecum,1,6765,51617,59396,13423,292985,11089,1244,264636,263562,1.22042e+06,9.65028e+08,61,7.15227e-05,0.00175397,0.00624603,4.51202e+09,1.62546e+09,5.67599e+09,1.6549e+09,1.6549e+09,1,0
3380,202800,transverse,0.9975,8568,56802,84254,21199,372528,15924,1589,351260,332276,1.85164e+06,4.13692e+08,161,3.3883e-05,0.000701992,0.00729538,4.51202e+09,1.62546e+09,5.67599e+09,1.6549e+09,1.6549e+09,1,0
3380,202800,descending,0.9975,14061,53072,123437,22747,312466,23750,1397,304494,248150,2.71395e+06,2.75993e+08,201,9.88063e-06,0.00018656,0.00776131,4.51202e+09,1.62546e+09,5.67599e+09,1.6549e+09,1.6549e+09,1,0
3390,203400,cecum,0.9975,6522,51511,59693,13491,294221,11142,1248,266095,264375,1.17504e+06,9.93093e+08,61,7.04318e-05,0.00171782,0.00628218,4.5161e+09,1.62798e+09,5.67599e+09,1.70015e+09,1.70015e+09,1,0
3390,203400,transverse,1,8633,56450,84654,21283,373645,16016,1595,352899,333228,1.87595e+06,4.25978e+08,161,3.35907e-05,0.000694967,0.00730246,4.5161e+09,1.62798e+09,5.67599e+09,1.70015e+09,1.70015e+09,1,0
3390,203400,descending,1,13261,53196,124096,22825,313871,23854,1400,305954,248275,2.56445e+06,2.80887e+08,201,9.98382e-06,0.000188546,0.00776014,4.5161e+09,1.62798e+09,5.67599e+09,1.70015e+09,1.70015e+09,1,0
3400,204000,cecum,1,6915,51222,60005,13573,295444,11193,1248,267740,265812,1.24688e+06,1.02129e+09,61,6.92966e-05,0.00168063,0.00631937,4.52025e+09,1.63057e+09,5.67599e+09,1.74599e+09,1.74599e+09,1,0
3400,204000,transverse,0.995,8402,56041,85047,21343,374703,16083,1596,354492,333788,1.83975e+06,4.38535e+08,161,3.32477e-05,0.00068677,0.00731071,4.52025e+09,1.63057e+09,5.67599e+09,1.74599e+09,1.74599e+09,1,0
3400,204000,descending,0.9975,13683,53304,124754,22916,315222,23989,1402,307421,249614,2.64136e+06,2.85974e+08,201,1.00698e-05,0.000190196,0.0077593,4.52025e+09,1.63057e+09,5.67599e+09,1.74599e+09,1.74599e+09,1,0
3410,204600,cecum,1,6925,51331,60317,13663,296794,11256,1250,269132,267011,1.24665e+06,1.04956e+09,61,6.81218e-05,0.00164259,0.00635741,4.52448e+09,1.63323e+09,5.67599e+09,1.79235e+09,1.79235e+09,1,0
3410,204600,transverse,1,9161,55163,85471,21425,375241,16165,1604,356064,334817,1.99161e+06,4.51343e+08,161,3.28555e-05,0.000677448,0.00732009,4.52448e+09,1.63323e+09,5.67599e+09,1.79235e+09,1.79235e+09,1,0
3410,204600,descending,0.9975,13791,52752,125368,23014,315825,24116,1402,308801,249936,2.66314e+06,2.91258e+08,201,1.01382e-05,0.000191502,0.00775879,4.52448e+09,1.63323e+09,5.67599e+09,1.79235e+09,1.79235e+09,1,0
3420,205200,cecum,1,7938,51455,60631,13775,298128,11317,1258,270507,269209,1.43339e+06,1.07784e+09,61,6.69123e-05,0.0016039,0.0063961,4.52878e+09,1.63595e+09,5.67599e+09,1.83915e+09,1.83915e+09,1,0
3420,205200,transverse,1,8600,55553,85881,21491,377194,16248,1617,357763,335935,1.87356e+06,4.64386e+08,161,3.2416e-05,0.000667056,0.00733053,4.52878e+09,1.63595e+09,5.67599e+09,1.83915e+09,1.83915e+09,1,0
3420,205200,descending,0.9975,13450,52979,126019,23091,317268,24260,1410,310230,250600,2.60043e+06,2.96737e+08,201,1.01887e-05,0.000192456,0.00775861,4.52878e+09,1.63595e+09,5.67599e+09,1.83915e+09,1.83915e+09,1,0
3430,205800,cecum,1,7140,51648,60948,13849,299666,11367,1265,271969,269749,1.28566e+06,1.10606e+09,61,6.5673e-05,0.00156475,0.00643525,4.53317e+09,1.63875e+09,5.67599e+09,1.88631e+09,1.88631e+09,1,0
3430,205800,transverse,1,8383,54955,86274,21567,378041,16323,1626,359350,336314,1.8406e+06,4.77642e+08,161,3.19313e-05,0.000655654,0.00734198,4.53317e+09,1.63875e+09,5.67599e+09,1.88631e+09,1.88631e+09,1,0
3430,205800,descending,0.9975,13883,52430,126664,23176,318537,24374,1415,312242,251851,2.68148e+06,3.02411e+08,201,1.0221e-05,0.000193054,0.00775879,4.53317e+09,1.63875e+09,5.67599e+09,1.88631e+09,1.88631e+09,1,0
3440,206400,cecum,1,6824,51494,61247,13917,301098,11433,1271,273683,270694,1.22631e+06,1.13418e+09,61,6.44095e-05,0.00152531,0.00647469,4.53764e+09,1.64161e+09,5.67599e+09,1.93373e+09,1.93373e+09,1,0
3440,206400,transverse,0.9975,8750,54458,86697,21656,378959,16412,1629,360940,337351,1.91342e+06,4.9109e+08,161,3.14036e-05,0.00064331,0.00735437,4.53764e+09,1.64161e+09,5.67599e+09,1.93373e+09,1.93373e+09,1,0
3440,206400,descending,0.9975,14398,51914,127343,23278,319488,24527,1415,313964,252893,2.77682e+06,3.08279e+08,201,1.0235e-05,0.000193293,0.0077593,4.53764e+09,1.64161e+09,5.67599e+09,1.93373e+09,1.93373e+09,1,0
3450,207000,cecum,0.9975,7604,51003,61545,13998,301911,11475,1281,275100,272102,1.37005e+06,1.16212e+09,61,6.31271e-05,0.0014858,0.0065142,4.5422e+09,1.64455e+09,5.67599e+09,1.98135e+09,1.98135e+09,1,0
3450,207000,transverse,0.9975,9204,54743,87105,21745,380458,16489,1634,362315,339057,1.99563e+06,5.04706e+08,161,3.08357e-05,0.000630098,0.00736763,4.5422e+09,1.64455e+09,5.67599e+09,1.98135e+09,1.98135e+09,1,0
3450,207000,descending,1,14632,50970,128024,23364,320301,24653,1420,315928,253466,2.82343e+06,3.14339e+08,201,1.02307e-05,0.000193171,0.00776017,4.5422e+09,1.64455e+09,5.67599e+09,1.98135e+09,1.98135e+09,1,0
3460,207600,cecum,0.9975,7673,51545,61858,14076,303896,11519,1285,276661,273961,1.38185e+06,1.18982e+09,61,6.18316e-05,0.00144637,0.00655363,4.54685e+09,1.64756e+09,5.67599e+09,2.02906e+09,2.02906e+09,1,0
3460,207600,transverse,1,8652,55965,87503,21819,383139,16565,1639,363919,340933,1.87386e+06,5.18468e+08,161,3.02303e-05,0.000616093,0.00738169,4.54685e+09,1.64756e+09,5.67599e+09,2.02906e+09,2.02906e+09,1,0
3460,207600,descending,0.9975,13614,52331,128698,23467,322728,24782,1427,317219,254426,2.6312e+06,3.20587e+08,201,1.0208e-05,0.000192691,0.00776139,4.54685e+09,1.64756e+09,5.67599e+09,2.02906e+09,2.02906e+09,1,0
3470,208200,cecum,1,7125,51128,62213,14155,304881,11572,1291,278189,274169,1.27908e+06,1.21724e+09,61,6.05286e-05,0.00140722,0.00659278,4.5516e+09,1.65064e+09,5.67599e+09,2.0768e+09,2.0768e+09,1,0
3470,208200,transverse,1,8603,55909,87936,21891,384397,16652,1641,365390,341866,1.87143e+06,5.32351e+08,161,2.95905e-05,0.00060138,0.00739644,4.5516e+09,1.65064e+09,5.67599e+09,2.0768e+09,2.0768e+09,1,0
3470,208200,descending,0.9975,13369,52303,129289,23548,324012,24888,1427,318718,255061,2.5836e+06,3.27021e+08,201,1.01671e-05,0.000191854,0.00776294,4.5516e+09,1.65064e+09,5.67599e+09,2.0768e+09,2.0768e+09,1,0
3480,208800,cecum,1,7826,51261,62547,14234,306282,11650,1296,279609,276089,1.40886e+06,1.24431e+09,61,5.92238e-05,0.0013685,0.0066315,4.55644e+09,1.65379e+09,5.67599e+09,2.12447e+09,2.12447e+09,1,0
3480,208800,transverse,1,7999,56637,88306,21954,386463,16734,1654,366860,343090,1.73274e+06,5.46329e+08,161,2.89194e-05,0.000586043,0.00741183,4.55644e+09,1.65379e+09,5.67599e+09,2.12447e+09,2.12447e+09,1,0
3480,208800,descending,0.9975,13245,52055,129936,23636,325411,25026,1427,320591,255915,2.56066e+06,3.33637e+08,201,1.01084e-05,0.000190668,0.00776484,4.55644e+09,1.65379e+09,5.67599e+09,2.12447e+09,2.12447e+09,1,0
3490,209400,cecum,1,7000,52227,62877,14325,308650,11698,1309,281137,277427,1.25548e+06,1.27099e+09,61,5.79227e-05,0.00133037,0.00666963,4.56137e+09,1.65702e+09,5.67599e+09,2.17199e+09,2.17199e+09,1,0
3490,209400,transverse,0.9975,7948,56339,88708,22041,387438,16811,1654,368297,343776,1.72356e+06,5.60378e+08,161,2.82206e-05,0.000570169,0.00742774,4.56137e+09,1.65702e+09,5.67599e+09,2.17199e+09,2.17199e+09,1,0
3490,209400,descending,1,14306,51126,130595,23741,325411,25165,1429,321762,256559,2.76102e+06,3.40431e+08,201,1.0032e-05,0.000189138,0.00776707,4.56137e+09,1.65702e+09,5.67599e+09,2.17199e+09,2.17199e+09,1,0
3500,210000,cecum,1,7039,51643,63170,14384,309468,11751,1318,282642,278094,1.26208e+06,1.29724e+09,61,5.66307e-05,0.00129297,0.00670703,4.56641e+09,1.66031e+09,5.67599e+09,2.21929e+09,2.21929e+09,1,0
3500,210000,transverse,0.9975,8298,56008,89093,22118,388476,16902,1666,369822,344935,1.78933e+06,5.7447e+08,161,2.74974e-05,0.000553849,0.00744411,4.56641e+09,1.66031e+09,5.67599e+09,2.21929e+09,2.21929e+09,1,0
3500,210000,descending,1,13629,51138,131251,23829,326960,25303,1436,323518,256994,2.63226e+06,3.47399e+08,201,9.93849e-06,0.000187274,0.00776963,4.56641e+09,1.66031e+09,5.67599e+09,2.21929e+09,2.21929e+09,1,0
3510,210600,cecum,1,7042,50914,63487,14442,310085,11815,1331,284097,278506,1.26165e+06,1.323e+09,61,5.53529e-05,0.00125644,0.00674356,4.57155e+09,1.66368e+09,5.67599e+09,2.2663e+09,2.2663e+09,1,0
3510,210600,transverse,1,8310,55432,89461,22215,389262,16975,1675,371345,345526,1.79646e+06,5.8858e+08,161,2.67536e-05,0.000537171,0.00746083,4.57155e+09,1.66368e+09,5.67599e+09,2.2663e+09,2.2663e+09,1,0
3510,210600,descending,0.9975,13650,51377,131936,23911,328273,25447,1436,324818,257869,2.63837e+06,3.54533e+08,201,9.82839e-06,0.000185089,0.00777249,4.57155e+09,1.66368e+09,5.67599e+09,2.2663e+09,2.2663e+09,1,0
3520,211200,cecum,1,7825,50612,63833,14511,311160,11876,1348,285587,280131,1.40626e+06,1.34825e+09,61,5.40943e-05,0.00122087,0.00677913,4.5768e+09,1.66713e+09,5.67599e+09,2.31295e+09,2.31295e+09,1,0
3520,211200,transverse,1,8711,55234,89824,22309,390310,17060,1681,372764,346785,1.87291e+06,6.02682e+08,161,2.59928e-05,0.000520227,0.00747781,4.5768e+09,1.66713e+09,5.67599e+09,2.31295e+09,2.31295e+09,1,0
3520,211200,descending,0.9975,13890,52438,132588,24016,330260,25577,1440,325975,259675,2.68009e+06,3.61827e+08,201,9.70232e-06,0.000182595,0.00777565,4.5768e+09,1.66713e+09,5.67599e+09,2.31295e+09,2.31295e+09,1,0
3530,211800,cecum,1,7753,50941,64188,14592,312857,11955,1348,287115,281561,1.39298e+06,1.37296e+09,61,5.28592e-05,0.00118638,0.00681362,4.58215e+09,1.67064e+09,5.67599e+09,2.35918e+09,2.35918e+09,1,0
3530,211800,transverse,0.9975,8394,55596,90243,22401,391881,17140,1686,374140,347787,1.81448e+06,6.16751e+08,161,2.52189e-05,0.000503103,0.00749498,4.58215e+09,1.67064e+09,5.67599e+09,2.35918e+09,2.35918e+09,1,0
3530,211800,descending,0.9975,12634,53345,133224,24093,332387,25697,1448,327384,260099,2.4416e+06,3.69278e+08,201,9.56101e-06,0.000179807,0.0077791,4.58215e+09,1.67064e+09,5.67599e+09,2.35918e+09,2.35918e+09,1,0
3540,212400,cecum,1,7092,52430,64538,14645,315724,12011,1353,288597,283521,1.27075e+06,1.39709e+09,61,5.16519e-05,0.00115304,0.00684696,4.58762e+09,1.67423e+09,5.67599e+09,2.40493e+09,2.40493e+09,1,0
3540,212400,transverse,0.9975,9298,54523,90586,22488,392504,17191,1691,375969,349104,1.99236e+06,6.30765e+08,161,2.44355e-05,0.000485887,0.00751223,4.58762e+09,1.67423e+09,5.67599e+09,2.40493e+09,2.40493e+09,1,0
3540,212400,descending,0.995,13232,52652,133775,24181,333031,25801,1453,328908,260977,2.55355e+06,3.76876e+08,201,9.40526e-06,0.000176742,0.00778281,4.58762e+09,1.67423e+09,5.67599e+09,2.40493e+09,2.40493e+09,1,0
3550,213000,cecum,0.9975,8621,53030,64874,14722,317583,12079,1366,289988,286705,1.55279e+06,1.42064e+09,61,5.0476e-05,0.00112092,0.00687908,4.59319e+09,1.67788e+09,5.67599e+09,2.45014e+09,2.45014e+09,1,0
3550,213000,transverse,0.9975,8598,55131,90991,22590,394396,17265,1694,377426,350064,1.85351e+06,6.44699e+08,161,2.36464e-05,0.000468661,0.0075295,4.59319e+09,1.67788e+09,5.67599e+09,2.45014e+09,2.45014e+09,1,0
3550,213000,descending,0.9975,13622,53083,134386,24282,334396,25936,1459,330072,262351,2.62737e+06,3.84614e+08,201,9.23594e-06,0.000173419,0.00778677,4.59319e+09,1.67788e+09,5.67599e+09,2.45014e+09,2.45014e+09,1,0
3560,213600,cecum,1,8058,53440,65285,14810,319359,12168,1369,291528,287681,1.44773e+06,1.44358e+09,61,4.93347e-05,0.00109007,0.00690993,4.59888e+09,1.68161e+09,5.67599e+09,2.49479e+09,2.49479e+09,1,0
3560,213600,transverse,0.9975,8926,56286,91383,22676,396804,17341,1704,378831,352560,1.90894e+06,6.5853e+08,161,2.28551e-05,0.000451504,0.00754669,4.59888e+09,1.68161e+09,5.67599e+09,2.49479e+09,2.49479e+09,1,0
3560,213600,descending,0.9975,12920,53876,135001,24373,336147,26043,1464,331223,262978,2.49533e+06,3.92485e+08,201,9.054e-06,0.000169856,0.00779096,4.59888e+09,1.68161e+09,5.67599e+09,2.49479e+09,2.49479e+09,1,0
3570,214200,cecum,1,7644,54481,65662,14891,321796,12226,1380,293052,289455,1.37262e+06,1.4659e+09,61,4.82306e-05,0.00106054,0.00693946,4.60469e+09,1.6854e+09,5.67599e+09,2.53882e+09,2.53882e+09,1,0
3570,214200,transverse,1,8611,56755,91807,22795,398760,17410,1706,380504,353963,1.83709e+06,6.72242e+08,161,2.20652e-05,0.000434491,0.00756374,4.60469e+09,1.6854e+09,5.67599e+09,2.53882e+09,2.53882e+09,1,0
3570,214200,descending,0.9975,13563,53560,135611,24451,337355,26159,1465,332940,264412,2.61598e+06,4.0048e+08,201,8.86045e-06,0.000166075,0.00779536,4.60469e+09,1.6854e+09,5.67599e+09,2.53882e+09,2.53882e+09,1,0
3580,214800,cecum,1,7867,54822,65999,14977,323532,12290,1382,294595,291225,1.41398e+06,1.4876e+09,61,4.7166e-05,0.00103234,0.00696766,4.61062e+09,1.68927e+09,5.67599e+09,2.5822e+09,2.5822e+09,1,0
3580,214800,transverse,0.9975,8247,57097,92173,22869,400763,17479,1709,382305,355376,1.77081e+06,6.85813e+08,161,2.12799e-05,0.000417691,0.00758058,4.61062e+09,1.68927e+09,5.67599e+09,2.5822e+09,2.5822e+09,1,0
3580,214800,descending,1,13355,53434,136270,24554,338593,26289,1472,334530,265009,2.57884e+06,4.08592e+08,201,8.65635e-06,0.000162098,0.00779995,4.61062e+09,1.68927e+09,5.67599e+09,2.5822e+09,2.5822e+09,1,0
3590,215400,cecum,1,8606,55621,66381,15073,325769,12358,1519,296060,293846,1.55065e+06,1.50868e+09,61,4.61425e-05,0.00100549,0.00699451,4.61666e+09,1.6932e+09,5.67599e+09,2.62492e+09,2.62492e+09,1,0
3590,215400,transverse,1,7981,56690,92554,22959,401799,17552,1719,383901,355918,1.72868e+06,6.99229e+08,161,2.05025e-05,0.000401167,0.00759714,4.61666e+09,1.6932e+09,5.67599e+09,2.62492e+09,2.62492e+09,1,0
3590,215400,descending,0.9975,13770,52419,136898,24638,338858,26398,1479,335996,265247,2.65939e+06,4.16812e+08,201,8.44278e-06,0.000157945,0.0078047,4.61666e+09,1.6932e+09,5.67599e+09,2.62492e+09,2.62492e+09,1,0
3600,216000,cecum,1,8217,55185,66710,15164,326849,12420,1522,297726,294358,1.47683e+06,1.52914e+09,61,4.51614e-05,0.000979971,0.00702003,4.62283e+09,1.6972e+09,5.67599e+09,2.66694e+09,2.66694e+09,1,0
3600,216000,transverse,1,8035,56251,92905,23031,402845,17615,1720,385520,356801,1.73679e+06,7.12472e+08,161,1.9736e-05,0.000384977,0.00761336,4.62283e+09,1.6972e+09,5.67599e+09,2.66694e+09,2.66694e+09,1,0
3600,216000,descending,1,14281,51744,137535,24739,339186,26520,1481,337220,265670,2.7574e+06,4.25131e+08,201,8.22087e-06,0.00015364,0.0078096,4.62283e+09,1.6972e+09,5.67599e+09,2.66694e+09,2.66694e+09,1,0
3610,216600,cecum,1,8093,55257,67084,15251,328274,12471,1523,299216,295422,1.45221e+06,1.54899e+09,61,4.42233e-05,0.000955786,0.00704421,4.62912e+09,1.70127e+09,5.67599e+09,2.70826e+09,2.70826e+09,1,0
3610,216600,transverse,1,8374,55601,93283,23105,403702,17691,1723,387174,357766,1.80779e+06,7.25529e+08,161,1.89829e-05,0.000369173,0.0076292,4.62912e+09,1.70127e+09,5.67599e+09,2.70826e+09,2.70826e+09,1,0
3610,216600,descending,0.9975,14426,51728,138224,24832,340249,26639,1485,338507,266397,2.7871e+06,4.3354e+08,201,7.99176e-06,0.000149205,0.00781461,4.62912e+09,1.70127e+09,5.67599e+09,2.70826e+09,2.70826e+09,1,0
3620,217200,cecum,1,8538,55517,67479,15333,329963,12549,1527,300801,297317,1.5348e+06,1.56824e+09,61,4.33287e-05,0.000932907,0.00706709,4.63553e+09,1.7054e+09,5.67599e+09,2.74885e+09,2.74885e+09,1,0
3620,217200,transverse,1,7961,55431,93665,23188,405087,17769,1726,388887,358514,1.72988e+06,7.38391e+08,161,1.82457e-05,0.000353798,0.00764461,4.63553e+09,1.7054e+09,5.67599e+09,2.74885e+09,2.74885e+09,1,0
3620,217200,descending,0.9975,14460,52336,138903,24921,341814,26783,1485,339697,267550,2.79401e+06,4.42031e+08,201,7.7566e-06,0.000144664,0.00781972,4.63553e+09,1.7054e+09,5.67599e+09,2.74885e+09,2.74885e+09,1,0
3630,217800,cecum,0.9975,8201,55742,67885,15423,331613,12629,1532,302391,298389,1.4715e+06,1.58689e+09,61,4.24774e-05,0.000911303,0.0070887,4.64207e+09,1.7096e+09,5.67599e+09,2.78873e+09,2.78873e+09,1,0
3630,217800,transverse,1,8084,55357,94050,23274,406537,17840,1736,390558,359849,1.75026e+06,7.51045e+08,161,1.75267e-05,0.000338891,0.00765955,4.64207e+09,1.7096e+09,5.67599e+09,2.78873e+09,2.78873e+09,1,0
3630,217800,descending,0.9975,15548,52175,139600,25022,342790,26891,1496,341032,269115,2.99685e+06,4.50595e+08,201,7.51654e-06,0.000140039,0.00782491,4.64207e+09,1.7096e+09,5.67599e+09,2.78873e+09,2.78873e+09,1,0
3640,218400,cecum,1,8573,54559,68248,15521,331959,12698,1539,304080,298904,1.5386e+06,1.60497e+09,61,4.1669e-05,0.000890937,0.00710906,4.64873e+09,1.71386e+09,5.67599e+09,2.82788e+09,2.82788e+09,1,0
3640,218400,transverse,1,8485,56817,94429,23364,409346,17913,1741,392065,362838,1.81339e+06,7.63484e+08,161,1.68277e-05,0.000324483,0.00767399,4.64873e+09,1.71386e+09,5.67599e+09,2.82788e+09,2.82788e+09,1,0
3640,218400,descending,1,15724,51662,140297,25166,343334,27029,1498,342369,269418,3.03211e+06,4.59225e+08,201,7.27272e-06,0.000135353,0.00783015,4.64873e+09,1.71386e+09,5.67599e+09,2.82788e+09,2.82788e+09,1,0
3650,219000,cecum,1,7810,55289,68664,15593,334109,12783,1549,305647,300022,1.39832e+06,1.6225e+09,61,4.09027e-05,0.000871766,0.00712823,4.65552e+09,1.71818e+09,5.67599e+09,2.86631e+09,2.86631e+09,1,0
3650,219000,transverse,1,7870,56728,94798,23440,410820,17960,1747,393745,363445,1.70116e+06,7.75707e+08,161,1.61503e-05,0.0003106,0.0076879,4.65552e+09,1.71818e+09,5.67599e+09,2.86631e+09,2.86631e+09,1,0
3650,219000,descending,1,15142,52068,140978,25270,344877,27152,1502,343729,269921,2.92214e+06,4.67912e+08,201,7.02625e-06,0.000130626,0.00783542,4.65552e+09,1.71818e+09,5.67599e+09,2.86631e+09,2.86631e+09,1,0
3660,219600,cecum,1,8862,54457,69042,15675,334678,12851,1551,307196,301413,1.5915e+06,1.63948e+09,61,4.01777e-05,0.000853742,0.00714626,4.66244e+09,1.72257e+09,5.67599e+09,2.90402e+09,2.90402e+09,1,0
3660,219600,transverse,0.9975,8309,57342,95178,23534,413203,18028,1758,395665,366038,1.77562e+06,7.87703e+08,161,1.5496e-05,0.000297261,0.00770127,4.66244e+09,1.72257e+09,5.67599e+09,2.90402e+09,2.90402e+09,1,0
3660,219600,descending,0.9975,14764,51879,141694,25370,345952,27283,1505,345221,270130,2.85127e+06,4.76648e+08,201,6.7782e-06,0.00012588,0.00784071,4.66244e+09,1.72257e+09,5.67599e+09,2.90402e+09,2.90402e+09,1,0
3670,220200,cecum,1,8600,54483,69430,15763,336038,12924,1559,308683,302276,1.54167e+06,1.65594e+09,61,3.94925e-05,0.000836814,0.00716319,4.66948e+09,1.72701e+09,5.67599e+09,2.94103e+09,2.94103e+09,1,0
3670,220200,transverse,0.995,7838,57813,95515,23624,415116,18081,1764,397244,367280,1.68248e+06,7.99474e+08,161,1.48657e-05,0.000284479,0.00771409,4.66948e+09,1.72701e+09,5.67599e+09,2.94103e+09,2.94103e+09,1,0
3670,220200,descending,1,14699,51332,142430,25472,346612,27409,1506,346655,270216,2.84279e+06,4.85425e+08,201,6.52963e-06,0.000121134,0.00784598,4.66948e+09,1.72701e+09,5.67599e+09,2.94103e+09,2.94103e+09,1,0
3680,220800,cecum,1,9146,55060,69827,15851,338119,12987,1562,310335,304654,1.64136e+06,1.67189e+09,61,3.88459e-05,0.000820929,0.00717907,4.67666e+09,1.73152e+09,5.67599e+09,2.97734e+09,2.97734e+09,1,0
3680,220800,transverse,1,8137,57340,95865,23711,416070,18146,1764,398823,368335,1.7441e+06,8.11018e+08,161,1.42603e-05,0.000272263,0.00772633,4.67666e+09,1.73152e+09,5.67599e+09,2.97734e+09,2.97734e+09,1,0
3680,220800,descending,0.9975,15495,51027,143105,25562,347389,27538,1509,347953,271330,2.99101e+06,4.94235e+08,201,6.28153e-06,0.000116408,0.00785123,4.67666e+09,1.73152e+09,5.67599e+09,2.97734e+09,2.97734e+09,1,0
3690,221400,cecum,1,8441,55646,70253,15948,340248,13058,1564,312044,305818,1.51011e+06,1.68737e+09,61,3.82362e-05,0.000806032,0.00719397,4.68396e+09,1.73608e+09,5.67599e+09,3.01298e+09,3.01298e+09,1,0
3690,221400,transverse,0.9975,8496,56514,96179,23792,416731,18212,1780,400441,369172,1.81485e+06,8.22335e+08,161,1.36803e-05,0.000260616,0.00773801,4.68396e+09,1.73608e+09,5.67599e+09,3.01298e+09,3.01298e+09,1,0
3690,221400,descending,1,15433,51214,143825,25667,348684,27680,1516,349301,272083,2.97999e+06,5.03073e+08,201,6.03484e-06,0.00011172,0.00785643,4.68396e+09,1.73608e+09,5.67599e+09,3.01298e+09,3.01298e+09,1,0
3700,222000,cecum,1,8262,56758,70647,16029,342791,13129,1571,313620,307933,1.47881e+06,1.70239e+09,61,3.76618e-05,0.000792067,0.00720793,4.69139e+09,1.7407e+09,5.67599e+09,3.04795e+09,3.04795e+09,1,0
3700,222000,transverse,1,8450,56644,96602,23871,418405,18295,1796,402131,370523,1.80155e+06,8.33426e+08,161,1.31261e-05,0.000249536,0.00774912,4.69139e+09,1.7407e+09,5.67599e+09,3.04795e+09,3.04795e+09,1,0
3700,222000,descending,0.995,14935,52067,144533,25761,350930,27826,1523,350927,273356,2.88506e+06,5.11931e+08,201,5.79043e-06,0.000107085,0.00786156,4.69139e+09,1.7407e+09,5.67599e+09,3.04795e+09,3.04795e+09,1,0
3710,222600,cecum,1,8753,57096,71089,16104,344655,13197,1575,315285,309985,1.5698e+06,1.71697e+09,61,3.71209e-05,0.000778981,0.00722102,4.69896e+09,1.74538e+09,5.67599e+09,3.08227e+09,3.08227e+09,1,0
3710,222600,transverse,1,8394,56351,96955,23952,419541,18354,1798,403698,371388,1.79231e+06,8.44295e+08,161,1.25977e-05,0.000239019,0.00775966,4.69896e+09,1.74538e+09,5.67599e+09,3.08227e+09,3.08227e+09,1,0
3710,222600,descending,1,15255,52144,145219,25854,352087,27954,1529,352222,274362,2.94346e+06,5.20802e+08,201,5.54914e-06,0.000102518,0.00786663,4.69896e+09,1.74538e+09,5.67599e+09,3.08227e+09,3.08227e+09,1,0
3720,223200,cecum,0.9975,8330,57517,71504,16182,346790,13281,1578,317158,311441,1.49314e+06,1.73113e+09,61,3.66119e-05,0.000766718,0.00723328,4.70665e+09,1.75012e+09,5.67599e+09,3.11596e+09,3.11596e+09,1,0
3720,223200,transverse,0.9975,8145,55800,97367,24050,420451,18432,1809,405324,371802,1.75888e+06,8.54944e+08,161,1.2095e-05,0.000229055,0.00776965,4.70665e+09,1.75012e+09,5.67599e+09,3.11596e+09,3.11596e+09,1,0
3720,223200,descending,1,14656,52438,145907,25956,353807,28085,1530,353880,275027,2.83049e+06,5.29683e+08,201,5.3117e-06,9.80343e-05,0.0078716,4.70665e+09,1.75012e+09,5.67599e+09,3.11596e+09,3.11596e+09,1,0
3730,223800,cecum,1,8800,57577,71902,16282,348359,13354,1584,318834,313249,1.58081e+06,1.7449e+09,61,3.61329e-05,0.000755226,0.00724477,4.71447e+09,1.75491e+09,5.67599e+09,3.14904e+09,3.14904e+09,1,0
3730,223800,transverse,1,8377,55524,97695,24129,421518,18495,1822,406796,372902,1.80122e+06,8.65378e+08,161,1.16178e-05,0.000219633,0.0077791,4.71447e+09,1.75491e+09,5.67599e+09,3.14904e+09,3.14904e+09,1,0
3730,223800,descending,0.9975,14030,52624,146602,26039,355446,28217,1532,355546,275558,2.71096e+06,5.38568e+08,201,5.0788e-06,9.36451e-05,0.00787647,4.71447e+09,1.75491e+09,5.67599e+09,3.14904e+09,3.14904e+09,1,0
3740,224400,cecum,1,8465,58356,72348,16364,350489,13430,1590,320337,314750,1.51922e+06,1.75828e+09,61,3.56821e-05,0.000744452,0.00725555,4.72243e+09,1.75975e+09,5.67599e+09,3.18153e+09,3.18153e+09,1,0
3740,224400,transverse,1,8432,55148,98078,24220,422336,18561,1824,408145,373547,1.81098e+06,8.75601e+08,161,1.11657e-05,0.000210739,0.00778802,4.72243e+09,1.75975e+09,5.67599e+09,3.18153e+09,3.18153e+09,1,0
3740,224400,descending,1,14354,52886,147302,26135,356816,28354,1537,356882,276780,2.77181e+06,5.47449e+08,201,4.85105e-06,8.93615e-05,0.00788123,4.72243e+09,1.75975e+09,5.67599e+09,3.18153e+09,3.18153e+09,1,0
3750,225000,cecum,1,8098,57825,72707,16428,351387,13504,1597,321897,315053,1.44957e+06,1.7713e+09,61,3.52578e-05,0.000734349,0.00726565,4.73051e+09,1.76465e+09,5.67599e+09,3.21345e+09,3.21345e+09,1,0
3750,225000,transverse,0.9975,8957,55699,98477,24300,424322,18646,1826,409743,375822,1.92081e+06,8.85619e+08,161,1.07381e-05,0.000202356,0.00779643,4.73051e+09,1.76465e+09,5.67599e+09,3.21345e+09,3.21345e+09,1,0
3750,225000,descending,1,14570,52578,147966,26234,357945,28498,1537,358562,277704,2.81395e+06,5.56325e+08,201,4.62898e-06,8.51928e-05,0.00788586,4.73051e+09,1.76465e+09,5.67599e+09,3.21345e+09,3.21345e+09,1,0
3760,225600,cecum,1,8365,57212,73117,16500,352264,13592,1601,323543,315943,1.49762e+06,1.78398e+09,61,3.48583e-05,0.000724867,0.00727513,4.73872e+09,1.7696e+09,5.67599e+09,3.24481e+09,3.24481e+09,1,0
3760,225600,transverse,1,8407,55235,98862,24388,425337,18719,1831,411378,376058,1.82656e+06,8.9544e+08,161,1.03343e-05,0.000194465,0.00780435,4.73872e+09,1.7696e+09,5.67599e+09,3.24481e+09,3.24481e+09,1,0
3760,225600,descending,1,14804,52589,148660,26332,359321,28622,1538,360148,278841,2.8566e+06,5.6519e+08,201,4.41305e-06,8.11472e-05,0.00789037,4.73872e+09,1.7696e+09,5.67599e+09,3.24481e+09,3.24481e+09,1,0
3770,226200,cecum,1,8523,56458,73513,16580,352940,13684,1613,325133,316541,1.52584e+06,1.79634e+09,61,3.44819e-05,0.000715963,0.00728404,4.74707e+09,1.77461e+09,5.67599e+09,3.27564e+09,3.27564e+09,1,0
3770,226200,transverse,1,8619,55103,99262,24464,426803,18788,1831,413121,377481,1.86814e+06,9.05068e+08,161,9.95351e-06,0.000187048,0.00781179,4.74707e+09,1.77461e+09,5.67599e+09,3.27564e+09,3.27564e+09,1,0
3770,226200,descending,1,14029,52278,149336,26425,360694,28742,1542,362041,278972,2.71257e+06,5.74042e+08,201,4.20367e-06,7.72313e-05,0.00789473,4.74707e+09,1.77461e+09,5.67599e+09,3.27564e+09,3.27564e+09,1,0
3780,226800,cecum,1,8496,55829,73939,16664,353859,13758,1619,326833,317159,1.51917e+06,1.80838e+09,61,3.41271e-05,0.000707594,0.00729241,4.75554e+09,1.77966e+09,5.67599e+09,3.30596e+09,3.30596e+09,1,0
3780,226800,transverse,1,8483,54201,99645,24547,427391,18879,1833,414783,377722,1.84999e+06,9.14511e+08,161,9.59495e-06,0.000180084,0.00781878,4.75554e+09,1.77966e+09,5.67599e+09,3.30596e+09,3.30596e+09,1,0
3780,226800,descending,0.9975,14174,51850,150008,26507,362072,28881,1545,364065,280041,2.73754e+06,5.82876e+08,201,4.00115e-06,7.34504e-05,0.00789896,4.75554e+09,1.77966e+09,5.67599e+09,3.30596e+09,3.30596e+09,1,0
3790,227400,cecum,1,8406,56673,74324,16741,356030,13834,1623,328309,319004,1.50516e+06,1.82013e+09,61,3.37924e-05,0.000699721,0.00730028,4.76414e+09,1.78476e+09,5.67599e+09,3.33579e+09,3.33579e+09,1,0
3790,227400,transverse,1,9003,53638,100033,24627,428336,18948,1836,416437,378945,1.95002e+06,9.23775e+08,161,9.25771e-06,0.000173552,0.00782533,4.76414e+09,1.78476e+09,5.67599e+09,3.33579e+09,3.33579e+09,1,0
3790,227400,descending,1,14708,50951,150697,26605,362823,28994,1546,365925,280847,2.8387e+06,5.91691e+08,201,3.80575e-06,6.98088e-05,0.00790304,4.76414e+09,1.78476e+09,5.67599e+09,3.33579e+09,3.33579e+09,1,0
3800,228000,cecum,1,8968,56812,74742,16823,357931,13918,1626,330234,321212,1.60924e+06,1.8316e+09,61,3.34763e-05,0.000692304,0.0073077,4.77287e+09,1.78992e+09,5.67599e+09,3.36514e+09,3.36514e+09,1,0
3800,228000,transverse,1,9457,53162,100459,24725,429086,19038,1849,417838,379898,2.04042e+06,9.32865e+08,161,8.94083e-06,0.000167429,0.00783148,4.77287e+09,1.78992e+09,5.67599e+09,3.36514e+09,3.36514e+09,1,0
3800,228000,descending,1,15178,50947,151375,26717,364013,29142,1557,367368,282078,2.92571e+06,6.00481e+08,201,3.61768e-06,6.63094e-05,0.00790697,4.77287e+09,1.78992e+09,5.67599e+09,3.36514e+09,3.36514e+09,1,0
3810,228600,cecum,1,9328,56632,75157,16915,359420,14001,1630,332074,322817,1.67592e+06,1.8428e+09,61,3.31775e-05,0.000685311,0.00731469,4.78173e+09,1.79512e+09,5.67599e+09,3.39404e+09,3.39404e+09,1,0
3810,228600,transverse,1,9186,53307,100897,24807,430598,19138,1862,419374,380870,1.99416e+06,9.41791e+08,161,8.64335e-06,0.000161695,0.00783723,4.78173e+09,1.79512e+09,5.67599e+09,3.39404e+09,3.39404e+09,1,0
3810,228600,descending,1,13955,51406,152086,26817,365954,29289,1559,369095,282330,2.70068e+06,6.09249e+08,201,3.43706e-06,6.29541e-05,0.00791075,4.78173e+09,1.79512e+09,5.67599e+09,3.39404e+09,3.39404e+09,1,0
3820,229200,cecum,1,9521,57585,75595,17012,361810,14086,1702,333621,325072,1.71299e+06,1.85375e+09,61,3.28948e-05,0.000678708,0.00732129,4.79072e+09,1.80037e+09,5.67599e+09,3.42249e+09,3.42249e+09,1,0
3820,229200,transverse,1,8777,53726,101306,24878,432503,19201,1866,420990,382087,1.91671e+06,9.50557e+08,161,8.36429e-06,0.000156328,0.00784262,4.79072e+09,1.80037e+09,5.67599e+09,3.42249e+09,3.42249e+09,1,0
3820,229200,descending,1,14544,50599,152753,26902,366340,29415,1562,370496,282846,2.8123e+06,6.17989e+08,201,3.26399e-06,5.97436e-05,0.00791437,4.79072e+09,1.80037e+09,5.67599e+09,3.42249e+09,3.42249e+09,1,0
3830,229800,cecum,0.9975,9213,57100,76007,17122,362972,14161,1710,335445,325691,1.65419e+06,1.86446e+09,61,3.26269e-05,0.000672465,0.00732753,4.79983e+09,1.80567e+09,5.67599e+09,3.45052e+09,3.45052e+09,1,0
3830,229800,transverse,1,9486,53594,101727,24956,433820,19283,1870,422595,383848,2.05139e+06,9.5917e+08,161,8.10266e-06,0.000151307,0.00784767,4.79983e+09,1.80567e+09,5.67599e+09,3.45052e+09,3.45052e+09,1,0
3830,229800,descending,0.9975,14925,50559,153434,26992,367373,29525,1566,371765,283775,2.88631e+06,6.26701e+08,201,3.09848e-06,5.66781e-05,0.00791785,4.79983e+09,1.80567e+09,5.67599e+09,3.45052e+09,3.45052e+09,1,0
3840,230400,cecum,1,9156,57498,76430,17232,364866,14235,1713,337122,327286,1.64224e+06,1.87493e+09,61,3.23727e-05,0.000666554,0.00733345,4.80908e+09,1.81101e+09,5.67599e+09,3.47815e+09,3.47815e+09,1,0
3840,230400,transverse,0.9975,9496,54011,102173,25040,435786,19355,1873,424297,385531,2.04813e+06,9.67637e+08,161,7.85748e-06,0.00014661,0.00785238,4.80908e+09,1.81101e+09,5.67599e+09,3.47815e+09,3.47815e+09,1,0
3840,230400,descending,0.9975,14981,51126,154158,27079,369117,29678,1570,373178,285087,2.8951e+06,6.35383e+08,201,2.94053e-06,5.37564e-05,0.00792118,4.80908e+09,1.81101e+09,5.67599e+09,3.47815e+09,3.47815e+09,1,0
3850,231000,cecum,1,9830,57254,76842,17345,366357,14312,1717,339043,329225,1.76544e+06,1.88519e+09,61,3.21313e-05,0.00066095,0.00733905,4.81845e+09,1.8164e+09,5.67599e+09,3.50539e+09,3.50539e+09,1,0
3850,231000,transverse,1,9145,53842,102610,25144,437140,19443,1880,426005,386282,1.97896e+06,9.75965e+08,161,7.62779e-06,0.000142218,0.0078568,4.81845e+09,1.8164e+09,5.67599e+09,3.50539e+09,3.50539e+09,1,0
3850,231000,descending,0.9975,14959,52009,154854,27198,371068,29798,1577,374478,286552,2.89001e+06,6.44034e+08,201,2.79008e-06,5.09771e-05,0.00792435,4.81845e+09,1.8164e+09,5.67599e+09,3.50539e+09,3.50539e+09,1,0
3860,231600,cecum,1,9901,57366,77304,17448,367826,14409,1719,340598,330501,1.77761e+06,1.89523e+09,61,3.19016e-05,0.000655629,0.00734437,4.82794e+09,1.82184e+09,5.67599e+09,3.53224e+09,3.53224e+09,1,0
3860,231600,transverse,0.9975,10211,53297,103032,25231,438117,19514,1888,427677,388053,2.18768e+06,9.84158e+08,161,7.41265e-06,0.000138111,0.00786092,4.82794e+09,1.82184e+09,5.67599e+09,3.53224e+09,3.53224e+09,1,0
3860,231600,descending,0.9975,14488,53361,155574,27289,373248,29944,1582,375538,287773,2.79712e+06,6.52654e+08,201,2.64702e-06,4.83377e-05,0.00792738,4.82794e+09,1.82184e+09,5.67599e+09,3.53224e+09,3.53224e+09,1,0
3870,232200,cecum,1,9357,57430,77769,17531,369318,14504,1722,342201,331159,1.67587e+06,1.90508e+09,61,3.16829e-05,0.00065057,0.00734943,4.83757e+09,1.82732e+09,5.67599e+09,3.55874e+09,3.55874e+09,1,0
3870,232200,transverse,0.9975,10552,54026,103459,25334,440101,19595,1890,429114,390133,2.25061e+06,9.92221e+08,161,7.21114e-06,0.00013427,0.00786478,4.83757e+09,1.82732e+09,5.67599e+09,3.55874e+09,3.55874e+09,1,0
3870,232200,descending,1,14752,53667,156237,27394,374826,30075,1588,377040,289182,2.84576e+06,6.61243e+08,201,2.51123e-06,4.58353e-05,0.00793027,4.83757e+09,1.82732e+09,5.67599e+09,3.55874e+09,3.55874e+09,1,0
3880,232800,cecum,1,9239,57352,78231,17611,370686,14592,1725,343812,332112,1.65346e+06,1.91472e+09,61,3.14742e-05,0.000645751,0.00735425,4.84731e+09,1.83285e+09,5.67599e+09,3.58489e+09,3.58489e+09,1,0
3880,232800,transverse,0.9975,9514,55206,103922,25433,442740,19691,1892,430766,391464,2.05042e+06,1.00016e+09,161,7.02238e-06,0.000130677,0.0078684,4.84731e+09,1.83285e+09,5.67599e+09,3.58489e+09,3.58489e+09,1,0
3880,232800,descending,0.9975,14867,54195,156870,27490,376301,30190,1598,378188,290340,2.86609e+06,6.69799e+08,201,2.38254e-06,4.34666e-05,0.00793302,4.84731e+09,1.83285e+09,5.67599e+09,3.58489e+09,3.58489e+09,1,0
3890,233400,cecum,1,9406,56581,78670,17695,371470,14681,1727,345538,332795,1.68388e+06,1.92419e+09,61,3.12749e-05,0.000641155,0.00735884,4.85719e+09,1.83842e+09,5.67599e+09,3.6107e+09,3.6107e+09,1,0
3890,233400,transverse,1,10134,55235,104349,25532,444151,19796,1896,432348,393268,2.16475e+06,1.00799e+09,161,6.84554e-06,0.000127316,0.00787178,4.85719e+09,1.83842e+09,5.67599e+09,3.6107e+09,3.6107e+09,1,0
3890,233400,descending,1,15368,53237,157561,27608,376679,30336,1600,379786,290790,2.962e+06,6.78324e+08,201,2.26078e-06,4.12277e-05,0.00793563,4.85719e+09,1.83842e+09,5.67599e+09,3.6107e+09,3.6107e+09,1,0
3900,234000,cecum,1,9261,57217,79128,17798,373501,14782,1733,347131,334421,1.65656e+06,1.93347e+09,61,3.10843e-05,0.000636766,0.00736323,4.86718e+09,1.84403e+09,5.67599e+09,3.63618e+09,3.63618e+09,1,0
3900,234000,transverse,1,9934,56476,104774,25628,446770,19869,1909,433882,395418,2.12093e+06,1.0157e+09,161,6.67979e-06,0.000124169,0.00787494,4.86718e+09,1.84403e+09,5.67599e+09,3.63618e+09,3.63618e+09,1,0
3900,234000,descending,0.995,16000,53321,158271,27730,377660,30474,1600,380943,291953,3.08172e+06,6.86815e+08,201,2.14574e-06,3.91144e-05,0.00793811,4.86718e+09,1.84403e+09,5.67599e+09,3.63618e+09,3.63618e+09,1,0
3910,234600,cecum,1,9852,57530,79574,17879,375159,14877,1735,348650,336398,1.76688e+06,1.94258e+09,61,3.09017e-05,0.000632568,0.00736743,4.87731e+09,1.84969e+09,5.67599e+09,3.66135e+09,3.66135e+09,1,0
3910,234600,transverse,1,8973,57031,105152,25706,448764,19924,1917,435446,396198,1.93258e+06,1.0233e+09,161,6.52437e-06,0.000121222,0.00787791,4.87731e+09,1.84969e+09,5.67599e+09,3.66135e+09,3.66135e+09,1,0
3910,234600,descending,0.9975,16954,53033,159019,27853,378915,30634,1601,382768,293696,3.25888e+06,6.95273e+08,201,2.03719e-06,3.71224e-05,0.00794047,4.87731e+09,1.84969e+09,5.67599e+09,3.66135e+09,3.66135e+09,1,0
3920,235200,cecum,1,9395,57671,80040,17972,376944,14968,1745,350468,337434,1.68387e+06,1.95153e+09,61,3.07266e-05,0.000628547,0.00737145,4.88755e+09,1.85539e+09,5.67599e+09,3.68622e+09,3.68622e+09,1,0
3920,235200,transverse,1,9088,56423,105548,25807,449741,19985,1928,437182,397045,1.96448e+06,1.0308e+09,161,6.37856e-06,0.00011846,0.00788069,4.88755e+09,1.85539e+09,5.67599e+09,3.68622e+09,3.68622e+09,1,0
3920,235200,descending,1,16005,53617,159766,27984,380760,30780,1606,384301,294117,3.08263e+06,7.037e+08,201,1.9349e-06,3.52468e-05,0.0079427,4.88755e+09,1.85539e+09,5.67599e+09,3.68622e+09,3.68622e+09,1,0
3930,235800,cecum,0.9975,9624,58275,80490,18052,379014,15061,1755,352097,339446,1.72585e+06,1.96031e+09,61,3.05584e-05,0.00062469,0.00737531,4.89792e+09,1.86113e+09,5.67599e+09,3.7108e+09,3.7108e+09,1,0
3930,235800,transverse,1,9265,56106,105973,25913,450924,20058,1934,438855,398153,1.99591e+06,1.03819e+09,161,6.24166e-06,0.000115869,0.0078833,4.89792e+09,1.86113e+09,5.67599e+09,3.7108e+09,3.7108e+09,1,0
3930,235800,descending,1,14978,53929,160528,28104,382292,30920,1609,385778,294117,2.8899e+06,7.12094e+08,201,1.83862e-06,3.3483e-05,0.00794481,4.89792e+09,1.86113e+09,5.67599e+09,3.7108e+09,3.7108e+09,1,0
3940,236400,cecum,1,9735,58935,80948,18138,381216,15143,1764,353798,341460,1.74608e+06,1.96894e+09,61,3.03967e-05,0.000620987,0.00737901,4.90841e+09,1.86692e+09,5.67599e+09,3.73509e+09,3.73509e+09,1,0
3940,236400,transverse,1,9646,55372,106395,26003,451634,20133,1942,440456,398979,2.07824e+06,1.04549e+09,161,6.11304e-06,0.000113437,0.00788575,4.90841e+09,1.86692e+09,5.67599e+09,3.73509e+09,3.73509e+09,1,0
3940,236400,descending,0.9975,14620,53819,161225,28202,383404,31046,1613,387220,294394,2.82458e+06,7.20456e+08,201,1.7481e-06,3.18259e-05,0.00794682,4.90841e+09,1.86692e+09,5.67599e+09,3.73509e+09,3.73509e+09,1,0
3950,237000,cecum,0.9975,9027,60119,81371,18225,383881,15214,1777,355424,343139,1.61753e+06,1.97742e+09,61,3.02411e-05,0.000617425,0.00738257,4.91903e+09,1.87274e+09,5.67599e+09,3.75911e+09,3.75911e+09,1,0
3950,237000,transverse,1,8670,55632,106825,26088,453649,20222,1943,442384,399761,1.88659e+06,1.0527e+09,161,5.99208e-06,0.000111152,0.00788805,4.91903e+09,1.87274e+09,5.67599e+09,3.75911e+09,3.75911e+09,1,0
3950,237000,descending,0.9975,15142,53931,161930,28282,384816,31186,1617,388736,295839,2.9248e+06,7.28784e+08,201,1.66307e-06,3.02706e-05,0.00794871,4.91903e+09,1.87274e+09,5.67599e+09,3.75911e+09,3.75911e+09,1,0
3960,237600,cecum,1,9954,60108,81808,18311,385600,15299,1778,357324,345518,1.78663e+06,1.98575e+09,61,3.0091e-05,0.000613996,0.007386,4.92976e+09,1.87861e+09,5.67599e+09,3.78286e+09,3.78286e+09,1,0
3960,237600,transverse,1,8764,55668,107199,26151,455252,20284,1947,444072,401205,1.9108e+06,1.05982e+09,161,5.87823e-06,0.000109002,0.00789021,4.92976e+09,1.87861e+09,5.67599e+09,3.78286e+09,3.78286e+09,1,0
3960,237600,descending,1,15382,53573,162643,28411,385599,31328,1619,390146,296418,2.9714e+06,7.37082e+08,201,1.58329e-06,2.88121e-05,0.0079505,4.92976e+09,1.87861e+09,5.67599e+09,3.78286e+09,3.78286e+09,1,0
3970,238200,cecum,1,9643,61278,82225,18399,388300,15374,1783,359012,347648,1.73133e+06,1.99395e+09,61,2.99463e-05,0.000610692,0.00738931,4.94062e+09,1.88452e+09,5.67599e+09,3.80635e+09,3.80635e+09,1,0
3970,238200,transverse,1,9574,54954,107622,26219,456095,20369,1949,445780,402586,2.06865e+06,1.06685e+09,161,5.77095e-06,0.000106979,0.00789225,4.94062e+09,1.88452e+09,5.67599e+09,3.80635e+09,3.80635e+09,1,0
3970,238200,descending,1,15751,53190,163330,28511,386156,31463,1621,391319,296890,3.041e+06,7.45347e+08,201,1.50848e-06,2.74455e-05,0.0079522,4.94062e+09,1.88452e+09,5.67599e+09,3.80635e+09,3.80635e+09,1,0
3980,238800,cecum,1,8926,61325,82630,18484,390019,15445,1787,360836,348397,1.59797e+06,2.002e+09,61,2.98064e-05,0.000607503,0.0073925,4.9516e+09,1.89046e+09,5.67599e+09,3.82959e+09,3.82959e+09,1,0
3980,238800,transverse,1,9705,54412,108042,26304,457103,20444,1951,447488,403463,2.09814e+06,1.0738e+09,161,5.66976e-06,0.000105071,0.00789418,4.9516e+09,1.89046e+09,5.67599e+09,3.82959e+09,3.82959e+09,1,0
3980,238800,descending,0.995,15710,54326,164105,28612,388545,31621,1627,392825,298716,3.03325e+06,7.53581e+08,201,1.43838e-06,2.61658e-05,0.0079538,4.9516e+09,1.89046e+09,5.67599e+09,3.82959e+09,3.82959e+09,1,0
3990,239400,cecum,1,9555,61736,83043,18569,392043,15508,1805,362579,350767,1.71685e+06,2.00993e+09,61,2.96712e-05,0.000604423,0.00739558,4.9627e+09,1.89645e+09,5.67599e+09,3.85258e+09,3.85258e+09,1,0
3990,239400,transverse,1,9677,55098,108485,26406,459114,20523,1958,448987,405177,2.08928e+06,1.08066e+09,161,5.5742e-06,0.000103271,0.00789599,4.9627e+09,1.89645e+09,5.67599e+09,3.85258e+09,3.85258e+09,1,0
3990,239400,descending,1,16003,54275,164812,28727,389926,31754,1631,394501,299927,3.0884e+06,7.61784e+08,201,1.37275e-06,2.49682e-05,0.00795532,4.9627e+09,1.89645e+09,5.67599e+09,3.85258e+09,3.85258e+09,1,0
4000,240000,cecum,1,9611,62711,83472,18662,394737,15600,1808,364480,353270,1.72671e+06,2.01772e+09,61,2.95403e-05,0.000601444,0.00739856,4.97391e+09,1.90247e+09,5.67599e+09,3.87533e+09,3.87533e+09,1,0
4000,240000,transverse,1,9421,54678,108904,26495,460170,20615,1968,450634,405729,2.04454e+06,1.08745e+09,161,5.48384e-06,0.000101569,0.00789771,4.97391e+09,1.90247e+09,5.67599e+09,3.87533e+09,3.87533e+09,1,0
4000,240000,descending,1,15608,54316,165603,28834,391664,31924,1637,396469,300750,3.01392e+06,7.69957e+08,201,1.31134e-06,2.38481e-05,0.00795675,4.97391e+09,1.90247e+09,5.67599e+09,3.87533e+09,3.87533e+09,1,0
4010,240600,cecum,1,9362,62887,83884,18752,396592,15681,1816,366322,354627,1.68136e+06,2.02539e+09,61,2.94136e-05,0.000598562,0.00740144,4.98525e+09,1.90854e+09,5.67599e+09,3.89785e+09,3.89785e+09,1,0
4010,240600,transverse,1,9350,53986,109358,26580,460842,20708,1980,452164,406042,2.0397e+06,1.09416e+09,161,5.3983e-06,9.99593e-05,0.00789933,4.98525e+09,1.90854e+09,5.67599e+09,3.89785e+09,3.89785e+09,1,0
4010,240600,descending,1,16159,54616,166396,28939,392933,32075,1651,397680,302019,3.11703e+06,7.78099e+08,201,1.25389e-06,2.28008e-05,0.00795811,4.98525e+09,1.90854e+09,5.67599e+09,3.89785e+09,3.89785e+09,1,0
4020,241200,cecum,1,9422,62779,84308,18860,398166,15765,1823,368189,356022,1.69173e+06,2.03294e+09,61,2.92907e-05,0.00059577,0.00740423,4.99671e+09,1.91464e+09,5.67599e+09,3.92015e+09,3.92015e+09,1,0
4020,241200,transverse,1,9533,54402,109786,26653,462622,20797,1982,453688,407737,2.0715e+06,1.10079e+09,161,5.31722e-06,9.84341e-05,0.00790087,4.99671e+09,1.91464e+09,5.67599e+09,3.92015e+09,3.92015e+09,1,0
4020,241200,descending,1,16683,53443,167170,29042,392933,32231,1660,399103,302019,3.21889e+06,7.86212e+08,201,1.20017e-06,2.18219e-05,0.00795939,4.99671e+09,1.91464e+09,5.67599e+09,3.92015e+09,3.92015e+09,1,0
4030,241800,cecum,1,9903,63364,84761,18972,400384,15849,1826,370015,358461,1.78068e+06,2.04036e+09,61,2.91714e-05,0.000593063,0.00740694,5.00828e+09,1.92078e+09,5.67599e+09,3.94222e+09,3.94222e+09,1,0
4030,241800,transverse,1,9282,54454,110177,26747,463981,20887,1987,455174,408633,2.01965e+06,1.10736e+09,161,5.24026e-06,9.6987e-05,0.00790234,5.00828e+09,1.92078e+09,5.67599e+09,3.94222e+09,3.94222e+09,1,0
4030,241800,descending,1,15629,55187,167883,29159,395717,32384,1671,400402,303295,3.0167e+06,7.94294e+08,201,1.14995e-06,2.09073e-05,0.00796061,5.00828e+09,1.92078e+09,5.67599e+09,3.94222e+09,3.94222e+09,1,0
4040,242400,cecum,1,9405,64258,85171,19082,402982,15920,1829,371897,360329,1.68937e+06,2.04767e+09,61,2.90556e-05,0.000590437,0.00740956,5.01998e+09,1.92696e+09,5.67599e+09,3.96407e+09,3.96407e+09,1,0
4040,242400,transverse,1,9323,54846,110566,26832,465665,20954,1996,456609,410112,2.0291e+06,1.11385e+09,161,5.16711e-06,9.56123e-05,0.00790372,5.01998e+09,1.92696e+09,5.67599e+09,3.96407e+09,3.96407e+09,1,0
4040,242400,descending,0.9975,15470,54580,168550,29274,396441,32540,1675,402000,303460,2.98977e+06,8.02347e+08,201,1.10301e-06,2.00527e-05,0.00796175,5.01998e+09,1.92696e+09,5.67599e+09,3.96407e+09,3.96407e+09,1,0
4050,243000,cecum,0.9975,10023,64361,85620,19166,404781,15996,1836,373746,362450,1.80202e+06,2.05486e+09,61,2.8943e-05,0.000587887,0.00741211,5.03179e+09,1.93318e+09,5.67599e+09,3.98571e+09,3.98571e+09,1,0
4050,243000,transverse,1,9400,54502,111006,26905,467070,21035,1998,458510,411306,2.04517e+06,1.12027e+09,161,5.09751e-06,9.43046e-05,0.00790505,5.03179e+09,1.93318e+09,5.67599e+09,3.98571e+09,3.98571e+09,1,0
4050,243000,descending,0.995,15486,55581,169304,29357,399109,32698,1676,403907,305630,2.98638e+06,8.1037e+08,201,1.05914e-06,1.92542e-05,0.00796284,5.03179e+09,1.93318e+09,5.67599e+09,3.98571e+09,3.98571e+09,1,0
4060,243600,cecum,1,9366,65277,86090,19263,407502,16085,1836,375737,364230,1.68072e+06,2.06195e+09,61,2.88336e-05,0.00058541,0.00741459,5.04372e+09,1.93943e+09,5.67599e+09,4.00714e+09,4.00714e+09,1,0
4060,243600,transverse,1,8606,55488,111433,26972,469285,21111,2010,459870,412431,1.87966e+06,1.12663e+09,161,5.03117e-06,9.30589e-05,0.0079063,5.04372e+09,1.93943e+09,5.67599e+09,4.00714e+09,4.00714e+09,1,0
4060,243600,descending,1,15447,55394,170007,29485,400269,32836,1680,405516,306310,2.97842e+06,8.18364e+08,201,1.01815e-06,1.85082e-05,0.00796387,5.04372e+09,1.93943e+09,5.67599e+09,4.00714e+09,4.00714e+09,1,0
4070,244200,cecum,1,8804,66000,86544,19353,409847,16175,1842,377533,365733,1.57767e+06,2.06892e+09,61,2.87271e-05,0.000583002,0.007417,5.05576e+09,1.94572e+09,5.67599e+09,4.02837e+09,4.02837e+09,1,0
4070,244200,transverse,1,9237,55031,111840,27061,470167,21190,2015,461372,413700,2.00382e+06,1.13291e+09,161,4.96788e-06,9.18707e-05,0.00790751,5.05576e+09,1.94572e+09,5.67599e+09,4.02837e+09,4.02837e+09,1,0
4070,244200,descending,0.9975,14594,56437,170755,29591,402636,32993,1685,407098,307334,2.81595e+06,8.2633e+08,201,9.79826e-07,1.78111e-05,0.00796485,5.05576e+09,1.94572e+09,5.67599e+09,4.02837e+09,4.02837e+09,1,0
4080,244800,cecum,1,9119,65995,86935,19427,411541,16253,1845,379381,367500,1.63595e+06,2.07578e+09,61,2.86234e-05,0.000580659,0.00741934,5.06793e+09,1.95205e+09,5.67599e+09,4.0494e+09,4.0494e+09,1,0
4080,244800,transverse,0.9975,8747,54666,112273,27149,471228,21281,2022,462970,414010,1.91505e+06,1.13914e+09,161,4.90741e-06,9.07359e-05,0.00790865,5.06793e+09,1.95205e+09,5.67599e+09,4.0494e+09,4.0494e+09,1,0
4080,244800,descending,0.9975,14802,56382,171448,29691,404417,33129,1692,409163,308859,2.85403e+06,8.34266e+08,201,9.44e-07,1.71596e-05,0.00796578,5.06793e+09,1.95205e+09,5.67599e+09,4.0494e+09,4.0494e+09,1,0
4090,245400,cecum,1,9697,66774,87330,19496,414083,16326,1847,381284,370365,1.74473e+06,2.08254e+09,61,2.85224e-05,0.000578378,0.00742162,5.08021e+09,1.95842e+09,5.67599e+09,4.07023e+09,4.07023e+09,1,0
4090,245400,transverse,0.9975,9590,55564,112701,27235,473441,21362,2028,464446,416799,2.05984e+06,1.14529e+09,161,4.84957e-06,8.96505e-05,0.00790975,5.08021e+09,1.95842e+09,5.67599e+09,4.07023e+09,4.07023e+09,1,0
4090,245400,descending,0.995,14216,57165,172136,29793,406827,33285,1695,411045,310250,2.74096e+06,8.42174e+08,201,9.10497e-07,1.65504e-05,0.00796666,5.08021e+09,1.95842e+09,5.67599e+09,4.07023e+09,4.07023e+09,1,0
4100,246000,cecum,1,8843,66511,87753,19593,415554,16404,1857,383183,370724,1.58502e+06,2.0892e+09,61,2.8424e-05,0.000576158,0.00742384,5.0926e+09,1.96481e+09,5.67599e+09,4.09086e+09,4.09086e+09,1,0
4100,246000,transverse,1,9094,55781,113100,27336,475071,21431,2037,466020,417695,1.96159e+06,1.15139e+09,161,4.79416e-06,8.86113e-05,0.0079108,5.0926e+09,1.96481e+09,5.67599e+09,4.09086e+09,4.09086e+09,1,0
4100,246000,descending,1,15730,56915,172858,29928,407674,33431,1697,412421,312168,3.02474e+06,8.50052e+08,201,8.79153e-07,1.59806e-05,0.0079675,5.0926e+09,1.96481e+09,5.67599e+09,4.09086e+09,4.09086e+09,1,0
4110,246600,cecum,1,9143,67137,88138,19669,418101,16473,1858,385248,373330,1.64422e+06,2.09576e+09,61,2.83281e-05,0.000573994,0.00742601,5.10511e+09,1.97125e+09,5.67599e+09,4.1113e+09,4.1113e+09,1,0
4110,246600,transverse,1,8299,56144,113512,27427,476717,21516,2047,467469,418300,1.81486e+06,1.15743e+09,161,4.74102e-06,8.76149e-05,0.00791181,5.10511e+09,1.97125e+09,5.67599e+09,4.1113e+09,4.1113e+09,1,0
4110,246600,descending,1,14539,57494,173592,30053,409392,33578,1762,413767,312168,2.80253e+06,8.57903e+08,201,8.49817e-07,1.54474e-05,0.00796829,5.10511e+09,1.97125e+09,5.67599e+09,4.1113e+09,4.1113e+09,1,0
4120,247200,cecum,1,7891,67213,88513,19765,419940,16555,1867,387180,373711,1.41248e+06,2.10222e+09,61,2.82345e-05,0.000571885,0.00742812,5.11773e+09,1.97772e+09,5.67599e+09,4.13156e+09,4.13156e+09,1,0
4120,247200,transverse,1,8199,55850,113887,27500,478282,21585,2048,469469,419531,1.7933e+06,1.1634e+09,161,4.69e-06,8.66584e-05,0.00791278,5.11773e+09,1.97772e+09,5.67599e+09,4.13156e+09,4.13156e+09,1,0
4120,247200,descending,1,15133,56926,174285,30187,410328,33706,1766,415529,313263,2.91405e+06,8.65725e+08,201,8.22343e-07,1.49481e-05,0.00796905,5.11773e+09,1.97772e+09,5.67599e+09,4.13156e+09,4.13156e+09,1,0
4130,247800,cecum,1,8628,67653,88905,19833,422030,16620,1883,388947,376263,1.54861e+06,2.10858e+09,61,2.81431e-05,0.000569828,0.00743017,5.13047e+09,1.98423e+09,5.67599e+09,4.15163e+09,4.15163e+09,1,0
4130,247800,transverse,0.9975,9533,55892,114280,27584,479658,21649,2055,470944,421989,2.038e+06,1.16931e+09,161,4.64095e-06,8.57392e-05,0.00791371,5.13047e+09,1.98423e+09,5.67599e+09,4.15163e+09,4.15163e+09,1,0
4130,247800,descending,1,14456,57024,174952,30270,411634,33845,1770,416955,313443,2.79137e+06,8.73519e+08,201,7.96597e-07,1.44802e-05,0.00796978,5.13047e+09,1.98423e+09,5.67599e+09,4.15163e+09,4.15163e+09,1,0
4140,248400,cecum,1,8402,68185,89335,19912,424406,16698,1893,390938,378130,1.50863e+06,2.11485e+09,61,2.80539e-05,0.000567821,0.00743218,5.14333e+09,1.99077e+09,5.67599e+09,4.17151e+09,4.17151e+09,1,0
4140,248400,transverse,1,9766,56754,114752,27693,482166,21739,2060,472784,424452,2.07311e+06,1.17517e+09,161,4.59375e-06,8.48549e-05,0.00791461,5.14333e+09,1.99077e+09,5.67599e+09,4.17151e+09,4.17151e+09,1,0
4140,248400,descending,1,14875,55547,175583,30367,411634,33963,1773,418644,313443,2.87318e+06,8.81284e+08,201,7.72453e-07,1.40416e-05,0.00797047,5.14333e+09,1.99077e+09,5.67599e+09,4.17151e+09,4.17151e+09,1,0
4150,249000,cecum,1,8693,69036,89694,19989,426971,16776,1902,392798,380773,1.56397e+06,2.12102e+09,61,2.79668e-05,0.000565863,0.00743414,5.15629e+09,1.99734e+09,5.67599e+09,4.19122e+09,4.19122e+09,1,0
4150,249000,transverse,1,8789,56590,115171,27800,483380,21815,2061,474344,424452,1.90092e+06,1.18096e+09,161,4.54828e-06,8.40032e-05,0.00791547,5.15629e+09,1.99734e+09,5.67599e+09,4.19122e+09,4.19122e+09,1,0
4150,249000,descending,0.995,14892,55584,176311,30468,412931,34118,1773,420160,314285,2.87588e+06,8.8902e+08,201,7.49793e-07,1.36299e-05,0.00797113,5.15629e+09,1.99734e+09,5.67599e+09,4.19122e+09,4.19122e+09,1,0
4160,249600,cecum,1,7789,68878,90057,20081,428823,16858,1906,394978,381528,1.39809e+06,2.1271e+09,61,2.78817e-05,0.000563951,0.00743605,5.16937e+09,2.00395e+09,5.67599e+09,4.21075e+09,4.21075e+09,1,0
4160,249600,transverse,1,8156,56806,115578,27870,484958,21894,2070,475846,425130,1.78626e+06,1.1867e+09,161,4.50443e-06,8.3182e-05,0.0079163,5.16937e+09,2.00395e+09,5.67599e+09,4.21075e+09,4.21075e+09,1,0
4160,249600,descending,1,14687,56265,177009,30556,414913,34257,1773,421688,315591,2.836e+06,8.96727e+08,201,7.28507e-07,1.32432e-05,0.00797176,5.16937e+09,2.00395e+09,5.67599e+09,4.21075e+09,4.21075e+09,1,0
4170,250200,cecum,1,7999,68914,90422,20158,430768,16926,1913,397025,383456,1.43762e+06,2.13309e+09,61,2.77986e-05,0.000562084,0.00743792,5.18256e+09,2.0106e+09,5.67599e+09,4.2301e+09,4.2301e+09,1,0
4170,250200,transverse,1,9143,56249,115984,27950,486086,21972,2077,477682,426990,1.96675e+06,1.19238e+09,161,4.46211e-06,8.23894e-05,0.0079171,5.18256e+09,2.0106e+09,5.67599e+09,4.2301e+09,4.2301e+09,1,0
4170,250200,descending,1,14313,57423,177711,30657,417495,34399,1780,423348,317333,2.75959e+06,9.04405e+08,201,7.08495e-07,1.28796e-05,0.00797236,5.18256e+09,2.0106e+09,5.67599e+09,4.2301e+09,4.2301e+09,1,0
4180,250800,cecum,1,7432,68612,90773,20227,432346,16995,1944,399012,384223,1.33258e+06,2.139e+09,61,2.77173e-05,0.00056026,0.00743974,5.19587e+09,2.01727e+09,5.67599e+09,4.24928e+09,4.24928e+09,1,0
4180,250800,transverse,1,10427,56027,116393,28061,487564,22044,2131,479511,429472,2.20975e+06,1.19801e+09,161,4.42121e-06,8.16239e-05,0.00791788,5.19587e+09,2.01727e+09,5.67599e+09,4.24928e+09,4.24928e+09,1,0
4180,250800,descending,1,13546,58266,178392,30759,419279,34555,1787,424540,317920,2.61575e+06,9.12054e+08,201,6.8966e-07,1.25375e-05,0.00797294,5.19587e+09,2.01727e+09,5.67599e+09,4.24928e+09,4.24928e+09,1,0
4190,251400,cecum,1,8498,68447,91151,20311,434126,17067,1955,401102,386836,1.52902e+06,2.14481e+09,61,2.76378e-05,0.000558477,0.00744152,5.20928e+09,2.02398e+09,5.67599e+09,4.26828e+09,4.26828e+09,1,0
4190,251400,transverse,1,10131,56781,116812,28164,489668,22129,2139,481041,431041,2.15264e+06,1.20358e+09,161,4.38166e-06,8.08837e-05,0.00791863,5.20928e+09,2.02398e+09,5.67599e+09,4.26828e+09,4.26828e+09,1,0
4190,251400,descending,1,13369,58330,179055,30846,420849,34680,1787,426258,318862,2.58153e+06,9.19674e+08,201,6.71915e-07,1.22152e-05,0.00797349,5.20928e+09,2.02398e+09,5.67599e+09,4.26828e+09,4.26828e+09,1,0
4200,252000,cecum,1,8152,69120,91509,20389,436619,17152,1959,403081,388784,1.46443e+06,2.15054e+09,61,2.75601e-05,0.000556735,0.00744327,5.22281e+09,2.03073e+09,5.67599e+09,4.28712e+09,4.28712e+09,1,0
4200,252000,transverse,1,8614,57667,117235,28260,492047,22216,2149,482707,431653,1.87784e+06,1.20909e+09,161,4.34338e-06,8.01675e-05,0.00791936,5.22281e+09,2.03073e+09,5.67599e+09,4.28712e+09,4.28712e+09,1,1
4200,252000,descending,1,13839,57695,179679,30940,421546,34799,1788,427802,319617,2.66998e+06,9.27266e+08,201,6.55179e-07,1.19112e-05,0.00797402,5.22281e+09,2.03073e+09,5.67599e+09,4.28712e+09,4.28712e+09,1,1
4210,252600,cecum,1,8503,68712,91913,20463,438012,17216,1964,405015,390257,1.52796e+06,2.15619e+09,61,2.74841e-05,0.000555031,0.00744497,5.23645e+09,2.0375e+09,5.67599e+09,4.30579e+09,4.30579e+09,1,0
4210,252600,transverse,0.9975,9721,57335,117653,28379,492995,22291,2155,484175,433478,2.09483e+06,1.21455e+09,161,4.30631e-06,7.94738e-05,0.00792006,5.23645e+09,2.0375e+09,5.67599e+09,4.30579e+09,4.30579e+09,1,0
4210,252600,descending,1,14747,56790,180339,31035,422221,34929,1790,429605,320763,2.84151e+06,9.34827e+08,201,6.39377e-07,1.16242e-05,0.00797453,5.23645e+09,2.0375e+09,5.67599e+09,4.30579e+09,4.30579e+09,1,0
4220,253200,cecum,1,8673,68602,92312,20553,439605,17294,1966,406884,391787,1.55898e+06,2.16175e+09,61,2.74096e-05,0.000553366,0.00744663,5.2502e+09,2.04431e+09,5.67599e+09,4.32429e+09,4.32429e+09,1,0
4220,253200,transverse,1,9971,58214,118132,28478,495190,22403,2162,485695,435648,2.13284e+06,1.21996e+09,161,4.27036e-06,7.88015e-05,0.00792074,5.2502e+09,2.04431e+09,5.67599e+09,4.32429e+09,4.32429e+09,1,0
4220,253200,descending,1,14477,57718,180977,31132,424327,35064,1790,431015,322193,2.79108e+06,9.42359e+08,201,6.24439e-07,1.13528e-05,0.00797503,5.2502e+09,2.04431e+09,5.67599e+09,4.32429e+09,4.32429e+09,1,0
4230,253800,cecum,0.985,7350,68288,92696,20632,441237,17363,1970,408974,391856,1.31383e+06,2.16724e+09,61,2.73368e-05,0.000551736,0.00744826,5.26406e+09,2.05115e+09,5.67599e+09,4.34263e+09,4.34263e+09,1,0
4230,253800,transverse,1,8872,58513,118548,28559,496862,22495,2165,487238,435975,1.93735e+06,1.22531e+09,161,4.2355e-06,7.81495e-05,0.0079214,5.26406e+09,2.05115e+09,5.67599e+09,4.34263e+09,4.34263e+09,1,0
4230,253800,descending,1,14485,58009,181632,31242,426109,35174,1796,432720,323542,2.79182e+06,9.49861e+08,201,6.10301e-07,1.1096e-05,0.0079755,5.26406e+09,2.05115e+09,5.67599e+09,4.34263e+09,4.34263e+09,1,0
4240,254400,cecum,0.9525,6829,67684,93025,20701,442329,17427,1971,410802,392230,1.21833e+06,2.17264e+09,61,2.72655e-05,0.000550142,0.00744986,5.27803e+09,2.05803e+09,5.67599e+09,4.3608e+09,4.3608e+09,1,0
4240,254400,transverse,1,10692,58236,118970,28645,497831,22592,2170,488662,438520,2.283e+06,1.23061e+09,161,4.20165e-06,7.75166e-05,0.00792205,5.27803e+09,2.05803e+09,5.67599e+09,4.3608e+09,4.3608e+09,1,0
4240,254400,descending,0.9975,14974,58000,182304,31355,427388,35313,1804,434252,324882,2.88479e+06,9.57333e+08,201,5.96903e-07,1.08527e-05,0.00797596,5.27803e+09,2.05803e+09,5.67599e+09,4.3608e+09,4.3608e+09,1,0
4250,255000,cecum,0.955,7165,66397,93367,20751,442730,17480,1971,412593,392728,1.27845e+06,2.17797e+09,61,2.71957e-05,0.000548581,0.00745142,5.29211e+09,2.06493e+09,5.67599e+09,4.37881e+09,4.37881e+09,1,0
4250,255000,transverse,1,11076,58652,119441,28764,499619,22669,2174,490226,440413,2.36386e+06,1.23586e+09,161,4.16877e-06,7.69021e-05,0.00792267,5.29211e+09,2.06493e+09,5.67599e+09,4.37881e+09,4.37881e+09,1,0
4250,255000,descending,1,15100,57570,183038,31478,428378,35464,1808,435942,325534,2.91009e+06,9.64775e+08,201,5.84193e-07,1.06218e-05,0.0079764,5.29211e+09,2.06493e+09,5.67599e+09,4.37881e+09,4.37881e+09,1,0
4260,255600,cecum,0.9375,6523,66288,93735,20807,444144,17551,1974,414240,393256,1.16217e+06,2.18321e+09,61,2.71273e-05,0.000547054,0.00745295,5.3063e+09,2.07187e+09,5.67599e+09,4.39667e+09,4.39667e+09,1,0
4260,255600,transverse,1,10484,58745,119929,28868,501148,22753,2185,491839,441039,2.2583e+06,1.24105e+09,161,4.13682e-06,7.63049e-05,0.00792328,5.3063e+09,2.07187e+09,5.67599e+09,4.39667e+09,4.39667e+09,1,0
4260,255600,descending,1,14768,58068,183760,31586,430200,35594,1809,437503,326539,2.84662e+06,9.72186e+08,201,5.72119e-07,1.04024e-05,0.00797683,5.3063e+09,2.07187e+09,5.67599e+09,4.39667e+09,4.39667e+09,1,0
4270,256200,cecum,0.96,6545,64999,94037,20866,444833,17605,1979,416326,393773,1.16708e+06,2.18839e+09,61,2.70604e-05,0.000545559,0.00745444,5.32059e+09,2.07884e+09,5.67599e+09,4.41436e+09,4.41436e+09,1,0
4270,256200,transverse,1,10484,58202,120377,28958,502416,22831,2191,493812,442021,2.25972e+06,1.2462e+09,161,4.10575e-06,7.57242e-05,0.00792386,5.32059e+09,2.07884e+09,5.67599e+09,4.41436e+09,4.41436e+09,1,0
4270,256200,descending,1,15042,57571,184489,31672,431025,35745,1813,439058,327142,2.90242e+06,9.79568e+08,201,5.60635e-07,1.01938e-05,0.00797724,5.32059e+09,2.07884e+09,5.67599e+09,4.41436e+09,4.41436e+09,1,0
4280,256800,cecum,0.9,6066,64736,94327,20917,446390,17654,1988,418237,394652,1.08047e+06,2.19348e+09,61,2.69948e-05,0.000544095,0.0074559,5.335e+09,2.08584e+09,5.67599e+09,4.4319e+09,4.4319e+09,1,0
4280,256800,transverse,1,9470,59406,120833,29061,505298,22919,2200,495672,443615,2.05385e+06,1.25129e+09,161,4.07551e-06,7.51593e-05,0.00792444,5.335e+09,2.08584e+09,5.67599e+09,4.4319e+09,4.4319e+09,1,0
4280,256800,descending,1,15389,56940,185209,31766,431964,35895,1816,440869,327949,2.96635e+06,9.86918e+08,201,5.497e-07,9.99513e-06,0.00797764,5.335e+09,2.08584e+09,5.67599e+09,4.4319e+09,4.4319e+09,1,0
4290,257400,cecum,0.9225,6109,64350,94625,20953,447654,17705,1996,419966,395740,1.08851e+06,2.1985e+09,61,2.69305e-05,0.000542662,0.00745734,5.34951e+09,2.09287e+09,5.67599e+09,4.44928e+09,4.44928e+09,1,0
4290,257400,transverse,1,10369,59472,121236,29151,507208,22990,2206,497671,446176,2.21474e+06,1.25633e+09,161,4.04608e-06,7.46094e-05,0.007925,5.34951e+09,2.09287e+09,5.67599e+09,4.44928e+09,4.44928e+09,1,0
4290,257400,descending,1,15460,56612,185927,31872,433210,36059,1826,442703,328808,2.97956e+06,9.94238e+08,201,5.39274e-07,9.80571e-06,0.00797803,5.34951e+09,2.09287e+09,5.67599e+09,4.44928e+09,4.44928e+09,1,0
4300,258000,cecum,0.9425,6288,63633,94952,21003,448527,17765,1998,421664,396573,1.12148e+06,2.20345e+09,61,2.68675e-05,0.000541257,0.00745874,5.36413e+09,2.09993e+09,5.67599e+09,4.46651e+09,4.46651e+09,1,0
4300,258000,transverse,0.9975,9952,59690,121676,29256,508901,23076,2212,499331,447197,2.13205e+06,1.26132e+09,161,4.01742e-06,7.4074e-05,0.00792554,5.36413e+09,2.09993e+09,5.67599e+09,4.46651e+09,4.46651e+09,1,0
4300,258000,descending,0.9975,15340,56578,186658,31982,435075,36185,1827,444837,330057,2.95348e+06,1.00153e+09,201,5.29321e-07,9.62489e-06,0.0079784,5.36413e+09,2.09993e+09,5.67599e+09,4.46651e+09,4.46651e+09,1,0
4310,258600,cecum,0.905,6119,63041,95234,21042,449778,17826,2003,423602,397468,1.0899e+06,2.20833e+09,61,2.68058e-05,0.000539882,0.00746012,5.37885e+09,2.10702e+09,5.67599e+09,4.48359e+09,4.48359e+09,1,0
4310,258600,transverse,1,10388,58890,122141,29361,509387,23166,2215,500809,447846,2.2221e+06,1.26626e+09,161,3.98948e-06,7.35525e-05,0.00792607,5.37885e+09,2.10702e+09,5.67599e+09,4.48359e+09,4.48359e+09,1,0
4310,258600,descending,1,15275,55912,187393,32080,436090,36327,1831,446754,330508,2.94452e+06,1.00878e+09,201,5.1981e-07,9.45206e-06,0.00797877,5.37885e+09,2.10702e+09,5.67599e+09,4.48359e+09,4.48359e+09,1,0
