step,time_s,region,occ_frac,patch_cells,pool_cells,births_cum,washout_cum,contraction_cum,edge_cum,reseeds_cum,distal_cum,external_cum,mean_cfu_ml,lumen_cells,lumen_lineages,lumen_mu_per_s,lumen_carbon_mol_m3,lumen_acetate_mol_m3,stool_cum,deaths_cum,purged_cum,stocks,expected,ledger_ok,hapc
10,600,cecum,0.0175,61,61,1,1,60,0,0,0,1,11093.4,3273.82,1,0.000169231,0.008,9.34639e-10,45.3577,16.1986,0,10059.5,10059.5,1,0
10,600,transverse,0.0325,103,90,10,3,88,1,0,2,5,18922.1,3229.95,3,0.000138262,0.00506185,8.70298e-10,45.3577,16.1986,0,10059.5,10059.5,1,0
10,600,descending,0.0125,52,13,3,2,11,0,0,0,2,9728.46,3175.68,3,9.2581e-05,0.00254178,6.72957e-10,45.3577,16.1986,0,10059.5,10059.5,1,0
20,1200,cecum,0.0175,36,89,5,1,89,1,0,2,2,6556.12,3574.73,3,0.000169231,0.008,1.94175e-09,93.3833,33.5825,0,10812.7,10812.7,1,0
20,1200,transverse,0.0325,77,118,15,4,119,2,0,7,7,14130.4,3486.09,10,0.000139082,0.00512243,1.81455e-09,93.3833,33.5825,0,10812.7,10812.7,1,0
20,1200,descending,0.015,47,15,3,4,17,0,0,6,5,8738.08,3369.87,16,9.35936e-05,0.00258389,1.39668e-09,93.3833,33.5825,0,10812.7,10812.7,1,0
30,1800,cecum,0.02,20,102,5,1,106,1,0,6,3,3645.57,3905.3,7,0.000169231,0.008,3.029e-09,144.387,52.2888,0,11627.3,11627.3,1,0
30,1800,transverse,0.0325,70,124,18,6,128,2,0,12,8,12819.1,3765.85,19,0.000139877,0.00518176,2.84176e-09,144.387,52.2888,0,11627.3,11627.3,1,0
30,1800,descending,0.0175,50,15,5,4,17,0,0,6,6,9277.54,3575.17,25,9.46021e-05,0.00262629,2.17709e-09,144.387,52.2888,0,11627.3,11627.3,1,0
40,2400,cecum,0.0275,15,110,5,1,117,1,0,9,9,2769.59,4260.13,10,0.000169231,0.008,4.20419e-09,198.526,72.4152,0,12513.9,12513.9,1,0
40,2400,transverse,0.03,60,137,23,6,142,3,0,14,8,10982.2,4068.12,24,0.000140645,0.00523986,3.95839e-09,198.526,72.4152,0,12513.9,12513.9,1,0
40,2400,descending,0.02,43,24,6,8,21,1,0,6,7,7935.68,3796.64,30,9.56058e-05,0.00266896,3.01798e-09,198.526,72.4152,0,12513.9,12513.9,1,0
50,3000,cecum,0.0175,7,120,6,3,125,2,0,10,11,1319.24,4649.35,10,0.000169231,0.00799999,5.47333e-09,256.03,94.0651,0,13476.7,13476.7,1,0
50,3000,transverse,0.045,61,149,28,6,152,5,0,14,16,11139.9,4386.78,24,0.00014139,0.00529677,5.17122e-09,256.03,94.0651,0,13476.7,13476.7,1,0
50,3000,descending,0.0325,43,28,6,8,27,1,0,8,13,7865.86,4032.58,31,9.66042e-05,0.00271188,3.92438e-09,256.03,94.0651,0,13476.7,13476.7,1,0
60,3600,cecum,0.0225,9,116,6,4,129,2,0,19,18,1671.97,5077.64,19,0.000169231,0.00799999,6.84761e-09,317.135,117.363,0,14519.9,14519.9,1,0
60,3600,transverse,0.0425,53,162,29,6,165,5,0,14,20,9671.3,4737.99,33,0.000142111,0.0053525,6.48727e-09,317.135,117.363,0,14519.9,14519.9,1,0
60,3600,descending,0.035,34,42,8,9,40,1,0,8,16,6170.69,4288.31,40,9.75967e-05,0.00275502,4.90149e-09,317.135,117.363,0,14519.9,14519.9,1,0
70,4200,cecum,0.025,10,116,6,4,132,2,0,22,22,1858.19,5541.74,21,0.000169231,0.00799999,8.33496e-09,382.184,142.471,0,15656.4,15656.4,1,0
70,4200,transverse,0.05,55,164,34,7,173,5,0,21,26,10031.5,5125.86,42,0.00014281,0.00540709,7.91836e-09,382.184,142.471,0,15656.4,15656.4,1,0
70,4200,descending,0.0175,26,50,8,11,47,1,0,9,17,4658.4,4567.81,49,9.85827e-05,0.00279836,5.9564e-09,382.184,142.471,0,15656.4,15656.4,1,0
80,4800,cecum,0.0225,9,119,6,5,135,2,0,23,25,1717.24,6047.28,22,0.000169231,0.00799999,9.9461e-09,451.475,169.542,0,16891.4,16891.4,1,0
80,4800,transverse,0.055,52,170,37,8,188,5,0,31,36,9476.66,5547.22,52,0.000143487,0.00546055,9.47446e-09,451.475,169.542,0,16891.4,16891.4,1,0
80,4800,descending,0.03,30,52,9,12,49,1,0,10,23,5377.08,4864.87,60,9.95619e-05,0.00284188,7.09567e-09,451.475,169.542,0,16891.4,16891.4,1,0
90,5400,cecum,0.0225,9,119,6,5,138,2,0,26,28,1717.24,6601.24,25,0.000169231,0.00799999,1.16929e-08,525.316,198.734,0,18234.4,18234.4,1,0
90,5400,transverse,0.0675,51,177,38,8,196,6,0,33,43,9309.18,6000.92,57,0.000144144,0.0055129,1.11654e-08,525.316,198.734,0,18234.4,18234.4,1,0
90,5400,descending,0.035,31,57,12,12,57,1,0,13,29,5434.18,5188.26,69,0.000100534,0.00288556,8.3262e-09,525.316,198.734,0,18234.4,18234.4,1,0
100,6000,cecum,0.025,10,119,6,6,140,2,0,29,32,1893.6,7204.87,28,0.000169231,0.00799999,1.3588e-08,604.139,230.247,0,19696,19696,1,0
100,6000,transverse,0.06,42,192,41,8,211,6,0,33,46,7659.88,6497.66,60,0.000144781,0.00556418,1.30045e-08,604.139,230.247,0,19696,19696,1,0
100,6000,descending,0.0325,28,62,13,12,64,1,0,15,32,4926.16,5540.43,74,0.000101498,0.00292936,9.65709e-09,604.139,230.247,0,19696,19696,1,0
110,6600,cecum,0.0375,15,118,6,7,142,2,0,33,40,2860.11,7860.63,32,0.000169231,0.00799998,1.56443e-08,688.299,264.281,0,21284.6,21284.6,1,0
110,6600,transverse,0.055,42,191,43,8,214,6,0,37,47,7653.67,7045.33,67,0.000145398,0.0056144,1.50058e-08,688.299,264.281,0,21284.6,21284.6,1,0
110,6600,descending,0.04,30,65,13,12,67,1,0,15,37,5338.69,5917.65,81,0.000102454,0.00297329,1.10964e-08,688.299,264.281,0,21284.6,21284.6,1,0
120,7200,cecum,0.04,16,123,6,7,148,2,0,34,47,3066.04,8574.48,32,0.000169231,0.00799998,1.78767e-08,778.282,301.082,0,23015.1,23015.1,1,0
120,7200,transverse,0.06,46,180,44,8,217,6,0,51,53,8392.65,7647.73,79,0.000145997,0.00566358,1.71871e-08,778.282,301.082,0,23015.1,23015.1,1,0
120,7200,descending,0.0375,30,67,14,13,73,1,0,20,43,5347.46,6330.87,97,0.000103402,0.00301731,1.26547e-08,778.282,301.082,0,23015.1,23015.1,1,0
130,7800,cecum,0.04,16,130,6,7,155,2,0,34,54,3066.04,9352.72,32,0.000169231,0.00799998,2.03007e-08,874.537,340.871,0,24901.3,24901.3,1,0
130,7800,transverse,0.0575,38,192,47,9,234,7,0,58,61,6939.53,8294.85,82,0.000146579,0.00571175,1.95621e-08,874.537,340.871,0,24901.3,24901.3,1,0
130,7800,descending,0.0575,39,65,15,13,73,1,0,22,51,7009.35,6773.7,101,0.000104341,0.00306141,1.43422e-08,874.537,340.871,0,24901.3,24901.3,1,0
140,8400,cecum,0.03,13,133,7,7,165,2,0,41,60,2517.23,10210.4,37,0.000169231,0.00799998,2.29343e-08,977.573,383.907,0,26954.2,26954.2,1,0
140,8400,transverse,0.0575,38,199,48,9,242,7,0,59,68,6936.43,8995.58,88,0.000147144,0.00575893,2.21482e-08,977.573,383.907,0,26954.2,26954.2,1,0
140,8400,descending,0.06,41,68,16,13,76,1,0,22,55,7360.83,7256.21,107,0.000105271,0.00310557,1.61702e-08,977.573,383.907,0,26954.2,26954.2,1,0
150,9000,cecum,0.0325,14,133,7,7,171,2,0,47,67,2693.6,11144.6,40,0.000169231,0.00799997,2.57985e-08,1088.01,430.49,0,29192,29192,1,0
150,9000,transverse,0.06,38,201,49,9,248,7,0,63,73,6933.33,9765.38,93,0.000147692,0.00580513,2.49645e-08,1088.01,430.49,0,29192,29192,1,0
150,9000,descending,0.0575,41,74,19,13,82,2,0,23,59,7338.16,7780.98,110,0.000106192,0.00314977,1.81524e-08,1088.01,430.49,0,29192,29192,1,0
160,9600,cecum,0.0425,18,139,7,7,178,2,0,48,78,3509.29,12155,40,0.000169231,0.00799997,2.89131e-08,1206.49,480.934,0,31632.1,31632.1,1,0
160,9600,transverse,0.0625,39,202,51,9,255,7,0,69,79,7126.8,10606.2,97,0.000148224,0.00585038,2.80324e-08,1206.49,480.934,0,31632.1,31632.1,1,0
160,9600,descending,0.0475,39,82,23,13,91,2,0,24,62,6918.69,8351.87,117,0.000107103,0.00319399,2.03033e-08,1206.49,480.934,0,31632.1,31632.1,1,0
170,10200,cecum,0.0375,16,141,7,7,183,2,0,51,81,3146.71,13268.4,41,0.000169231,0.00799997,3.23009e-08,1333.72,535.587,0,34288.1,34288.1,1,0
170,10200,transverse,0.0725,44,207,52,10,263,7,0,73,92,8063.13,11514.6,99,0.000148741,0.00589469,3.13755e-08,1333.72,535.587,0,34288.1,34288.1,1,0
170,10200,descending,0.0575,45,82,25,13,92,2,0,25,67,8020.28,8970.07,119,0.000108005,0.00323823,2.26384e-08,1333.72,535.587,0,34288.1,34288.1,1,0
180,10800,cecum,0.0275,12,146,7,7,190,2,0,53,84,2376.27,14482.9,41,0.00016923,0.00799996,3.59892e-08,1470.46,594.831,0,37183.7,37183.7,1,0
180,10800,transverse,0.0725,44,208,53,10,274,8,0,84,103,8050.32,12515.6,105,0.000149243,0.0059381,3.50185e-08,1470.46,594.831,0,37183.7,37183.7,1,0
180,10800,descending,0.055,46,84,27,13,99,2,0,30,73,8176.82,9645.18,128,0.000108898,0.00328246,2.5175e-08,1470.46,594.831,0,37183.7,37183.7,1,0
190,11400,cecum,0.0525,22,146,7,7,195,2,0,58,99,4234.47,15799.2,44,0.00016923,0.00799996,4.00034e-08,1617.53,659.087,0,40340,40340,1,0
190,11400,transverse,0.08,47,206,54,11,281,8,0,94,113,8602.03,13608.5,115,0.000149731,0.0059806,3.89915e-08,1617.53,659.087,0,40340,40340,1,0
190,11400,descending,0.06,48,83,28,13,100,2,0,32,75,8535.25,10380.3,139,0.00010978,0.00332667,2.79318e-08,1617.53,659.087,0,40340,40340,1,0
200,12000,cecum,0.0525,21,158,7,8,208,2,0,60,112,4022.69,17235,45,0.00016923,0.00799996,4.43723e-08,1775.84,728.791,0,43783.4,43783.4,1,0
200,12000,transverse,0.0925,49,210,55,13,294,8,0,105,129,8973.85,14796.5,122,0.000150205,0.00602223,4.33235e-08,1775.84,728.791,0,43783.4,43783.4,1,0
200,12000,descending,0.05,47,94,31,14,111,2,0,33,83,8333.37,11172.9,146,0.000110653,0.00337084,3.09294e-08,1775.84,728.791,0,43783.4,43783.4,1,0
210,12600,cecum,0.07,28,163,7,8,218,2,0,65,129,5322.23,18801.4,48,0.00016923,0.00799995,4.91284e-08,1946.32,804.427,0,47540.1,47540.1,1,0
210,12600,transverse,0.105,53,218,57,13,303,8,0,106,140,9729.51,16088.9,125,0.000150667,0.00606301,4.80477e-08,1946.32,804.427,0,47540.1,47540.1,1,0
210,12600,descending,0.0625,49,103,35,15,119,5,0,36,93,8745.9,12035.8,149,0.000111515,0.00341497,3.41894e-08,1946.32,804.427,0,47540.1,47540.1,1,0
220,13200,cecum,0.0625,26,172,7,8,231,2,0,69,140,4989.2,20516.4,49,0.00016923,0.00799995,5.43069e-08,2130.07,886.533,0,51634.8,51634.8,1,0
220,13200,transverse,0.115,60,212,60,14,311,9,0,122,154,11026.8,17512.8,135,0.000151115,0.00610294,5.32006e-08,2130.07,886.533,0,51634.8,51634.8,1,0
220,13200,descending,0.0875,60,100,36,15,122,5,0,42,106,10766.2,12975.7,162,0.000112367,0.00345903,3.7737e-08,2130.07,886.533,0,51634.8,51634.8,1,0
230,13800,cecum,0.0825,33,177,7,8,242,2,0,75,158,6269.03,22383.3,52,0.00016923,0.00799994,5.99479e-08,2328.21,975.699,0,56103.6,56103.6,1,0
230,13800,transverse,0.1525,76,214,62,16,313,9,0,124,172,13971.4,19049.7,140,0.000151551,0.00614204,5.88227e-08,2328.21,975.699,0,56103.6,56103.6,1,0
230,13800,descending,0.0825,54,117,40,18,138,5,0,44,115,9694.24,13999.7,168,0.000113209,0.00350302,4.15979e-08,2328.21,975.699,0,56103.6,56103.6,1,0
240,14400,cecum,0.0825,34,180,7,8,256,2,0,86,173,6480.8,24429.9,60,0.00016923,0.00799993,6.60951e-08,2542.18,1072.58,0,60979.8,60979.8,1,0
240,14400,transverse,0.1225,68,233,65,17,335,10,0,129,185,12472.5,20737.7,151,0.000151975,0.00618034,6.49568e-08,2542.18,1072.58,0,60979.8,60979.8,1,0
240,14400,descending,0.07,51,115,43,18,146,5,0,54,117,9125.16,15131.2,187,0.000114041,0.00354692,4.5805e-08,2542.18,1072.58,0,60979.8,60979.8,1,0
250,15000,cecum,0.1025,46,194,7,8,273,2,0,89,202,8666.18,26640.8,60,0.00016923,0.00799993,7.27911e-08,2773.39,1177.88,0,66300,66300,1,0
250,15000,transverse,0.1375,75,238,68,18,344,11,0,135,200,13764,22581.2,154,0.000152387,0.00621785,7.16512e-08,2773.39,1177.88,0,66300,66300,1,0
250,15000,descending,0.09,61,118,46,18,149,6,0,55,128,10997.7,16346.1,190,0.000114862,0.00359073,5.03908e-08,2773.39,1177.88,0,66300,66300,1,0
260,15600,cecum,0.095,43,212,8,8,295,2,0,93,220,8156.78,29066.8,60,0.00016923,0.00799992,8.00854e-08,3023.24,1292.34,0,72104,72104,1,0
260,15600,transverse,0.175,90,247,70,19,357,11,0,140,227,16538.4,24582.8,156,0.000152788,0.00625459,7.89583e-08,3023.24,1292.34,0,72104,72104,1,0
260,15600,descending,0.115,73,117,48,19,149,7,0,58,140,13228.7,17672.4,192,0.000115673,0.00363442,5.53885e-08,3023.24,1292.34,0,72104,72104,1,0
270,16200,cecum,0.105,45,231,8,10,315,2,0,96,244,8645.3,31707.7,60,0.00016923,0.00799991,8.80339e-08,3293.54,1416.79,0,78435.6,78435.6,1,0
270,16200,transverse,0.175,96,256,71,22,371,11,0,148,249,17629.8,26778.9,160,0.000153178,0.00629056,8.69324e-08,3293.54,1416.79,0,78435.6,78435.6,1,0
270,16200,descending,0.1375,82,113,50,22,151,7,0,67,152,14897.5,19125.9,200,0.000116474,0.00367799,6.08398e-08,3293.54,1416.79,0,78435.6,78435.6,1,0
280,16800,cecum,0.135,61,235,12,11,328,2,0,106,270,11561.7,34595.9,63,0.00016923,0.0079999,9.66968e-08,3586.1,1552.17,0,85353.3,85353.3,1,0
280,16800,transverse,0.195,106,266,74,23,394,12,0,163,281,19454,29177,172,0.000153558,0.0063258,9.56394e-08,3586.1,1552.17,0,85353.3,85353.3,1,0
280,16800,descending,0.1625,92,119,52,24,158,7,0,70,169,16709,20701.3,213,0.000117264,0.00372143,6.6787e-08,3586.1,1552.17,0,85353.3,85353.3,1,0
290,17400,cecum,0.1225,57,262,15,11,364,2,0,115,299,11057,37744.4,66,0.00016923,0.00799989,1.06139e-07,3902.89,1699.45,0,92902,92902,1,0
290,17400,transverse,0.21,111,293,76,24,426,12,0,169,317,20394.2,31785.6,177,0.000153928,0.00636031,1.05145e-07,3902.89,1699.45,0,92902,92902,1,0
290,17400,descending,0.125,73,152,54,27,188,8,0,71,182,13155.6,22424,218,0.000118044,0.00376473,7.32769e-08,3902.89,1699.45,0,92902,92902,1,0
300,18000,cecum,0.135,64,275,17,14,381,2,0,122,324,12626.2,41183.1,67,0.00016923,0.00799988,1.16431e-07,4246.13,1859.74,0,101148,101148,1,0
300,18000,transverse,0.2375,131,293,82,26,428,12,0,173,335,24087.9,34655.1,178,0.000154288,0.0063941,1.15526e-07,4246.13,1859.74,0,101148,101148,1,0
300,18000,descending,0.1275,75,169,58,28,204,11,0,74,200,13529.7,24303,220,0.000118813,0.00380788,8.03614e-08,4246.13,1859.74,0,101148,101148,1,0
310,18600,cecum,0.1275,65,298,23,16,408,3,0,129,349,12948.2,44937,67,0.00016923,0.00799987,1.27653e-07,4618.26,2034.24,0,110153,110153,1,0
310,18600,transverse,0.2175,128,328,88,27,465,12,0,176,364,23538.1,37780.7,178,0.000154638,0.0064272,1.26865e-07,4618.26,2034.24,0,110153,110153,1,0
310,18600,descending,0.1225,75,183,59,29,224,11,0,81,220,13491.3,26358.6,221,0.000119573,0.00385087,8.80981e-08,4618.26,2034.24,0,110153,110153,1,0
320,19200,cecum,0.1275,65,315,24,16,433,3,0,137,373,12973.8,49037,67,0.00016923,0.00799986,1.39891e-07,5022.04,2224.3,0,119979,119979,1,0
320,19200,transverse,0.2025,117,359,90,30,503,12,0,186,392,21494.9,41208.1,180,0.00015498,0.00645961,1.39254e-07,5022.04,2224.3,0,119979,119979,1,0
320,19200,descending,0.12,72,197,60,29,245,11,0,88,237,12944.9,28609.3,223,0.000120322,0.00389368,9.65519e-08,5022.04,2224.3,0,119979,119979,1,0
330,19800,cecum,0.1525,74,331,24,16,459,3,0,147,408,14551.2,53503.3,67,0.00016923,0.00799985,1.53236e-07,5460.44,2431.35,0,130714,130714,1,0
330,19800,transverse,0.2125,120,383,92,32,537,12,0,198,429,22019.8,44949.9,180,0.000155312,0.00649135,1.5279e-07,5460.44,2431.35,0,130714,130714,1,0
330,19800,descending,0.1575,90,196,63,32,246,12,0,94,257,16266.9,31066.7,225,0.00012106,0.00393632,1.05793e-07,5460.44,2431.35,0,130714,130714,1,0
340,20400,cecum,0.1475,74,353,26,17,486,3,0,153,434,14681.2,58383.9,68,0.000169229,0.00799983,1.67789e-07,5936.59,2656.92,0,142447,142447,1,0
340,20400,transverse,0.245,138,422,101,34,577,12,0,201,480,25355.3,49019.9,181,0.000155636,0.00652244,1.6758e-07,5936.59,2656.92,0,142447,142447,1,0
340,20400,descending,0.1775,99,202,64,35,253,12,0,98,275,17881.6,33755,225,0.000121789,0.00397878,1.15896e-07,5936.59,2656.92,0,142447,142447,1,0
350,21000,cecum,0.1375,72,380,27,18,522,3,0,163,468,14438.7,63707.2,68,0.000169229,0.00799982,1.83661e-07,6454.13,2902.76,0,155262,155262,1,0
350,21000,transverse,0.2425,135,462,106,34,626,13,0,211,522,24748.1,53490.3,181,0.000155951,0.00655288,1.83741e-07,6454.13,2902.76,0,155262,155262,1,0
350,21000,descending,0.18,98,220,68,35,274,15,0,104,294,17571.5,36697.8,226,0.000122507,0.00402104,1.26947e-07,6454.13,2902.76,0,155262,155262,1,0
360,21600,cecum,0.14,82,403,32,20,553,3,0,173,506,16562.6,69514.1,68,0.000169229,0.0079998,2.00972e-07,7016.88,3170.78,0,169266,169266,1,0
360,21600,transverse,0.2425,140,487,109,36,658,14,0,221,559,25654.9,58387.4,182,0.000156258,0.0065827,2.01408e-07,7016.88,3170.78,0,169266,169266,1,0
360,21600,descending,0.2,105,234,71,37,294,15,0,112,320,18875,39914,230,0.000123216,0.0040631,1.39038e-07,7016.88,3170.78,0,169266,169266,1,0
370,22200,cecum,0.185,103,407,36,21,571,4,0,189,543,20646.3,75860,71,0.000169229,0.00799978,2.19854e-07,7629.15,3463.03,0,184568,184568,1,0
370,22200,transverse,0.3075,185,487,112,36,670,14,1,232,612,33989.2,63731,185,0.000156557,0.0066119,2.20722e-07,7629.15,3463.03,0,184568,184568,1,0
370,22200,descending,0.2225,114,247,73,38,312,16,0,119,347,20580.4,43434,233,0.000123914,0.00410495,1.52272e-07,7629.15,3463.03,0,184568,184568,1,0
380,22800,cecum,0.2225,125,428,40,23,597,4,0,196,589,25030.4,82768.4,71,0.000169229,0.00799976,2.40449e-07,8295.57,3781.76,0,201298,201298,1,0
380,22800,transverse,0.345,218,490,121,42,691,17,1,259,666,40057.2,69594.7,195,0.000156849,0.00664049,2.41837e-07,8295.57,3781.76,0,201298,201298,1,0
380,22800,descending,0.2375,128,262,76,41,330,16,0,125,379,23126.2,47283.7,243,0.000124602,0.00414659,1.66759e-07,8295.57,3781.76,0,201298,201298,1,0
390,23400,cecum,0.2225,131,460,47,24,642,5,0,211,635,26151.7,90318.5,77,0.000169229,0.00799974,2.62915e-07,9021.39,4129.5,0,219593,219593,1,0
390,23400,transverse,0.395,257,503,135,46,706,19,1,267,712,47241.8,76001.5,201,0.000157133,0.00666849,2.6493e-07,9021.39,4129.5,0,219593,219593,1,0
390,23400,descending,0.24,129,276,79,45,346,18,0,133,399,23237.5,51516.6,249,0.000125281,0.004188,1.82626e-07,9021.39,4129.5,0,219593,219593,1,0
400,24000,cecum,0.2475,147,487,53,27,677,6,1,222,683,29369.2,98554,77,0.000169228,0.00799971,2.87423e-07,9812.22,4508.93,0,239589,239589,1,0
400,24000,transverse,0.375,242,558,140,50,767,19,1,277,757,44442.1,83017.4,202,0.00015741,0.00669592,2.90185e-07,9812.22,4508.93,0,239589,239589,1,0
400,24000,descending,0.26,146,300,91,48,371,20,0,139,434,26327.9,56138,250,0.00012595,0.00422919,2.00007e-07,9812.22,4508.93,0,239589,239589,1,0
410,24600,cecum,0.2775,161,529,61,30,719,9,1,228,737,32123.8,107532,77,0.000169228,0.00799969,3.14156e-07,10674.3,4923.04,0,261449,261449,1,0
410,24600,transverse,0.325,212,646,148,52,870,20,1,295,825,38872.3,90682.5,202,0.00015768,0.00672277,3.17809e-07,10674.3,4923.04,0,261449,261449,1,0
410,24600,descending,0.2575,151,327,98,51,404,20,0,148,468,27065.3,61209,252,0.000126609,0.00427015,2.19053e-07,10674.3,4923.04,0,261449,261449,1,0
420,25200,cecum,0.265,157,577,67,32,776,10,1,240,787,31463.6,117343,77,0.000169228,0.00799966,3.43317e-07,11614.5,5375.05,0,285349,285349,1,0
420,25200,transverse,0.315,215,716,161,55,950,24,2,311,901,39373.9,99063.8,202,0.000157943,0.00674907,3.48022e-07,11614.5,5375.05,0,285349,285349,1,0
420,25200,descending,0.285,164,354,103,55,434,21,0,156,511,29493,66759.5,252,0.000127259,0.00431086,2.3993e-07,11614.5,5375.05,0,285349,285349,1,0
430,25800,cecum,0.3025,197,597,76,34,812,12,1,260,858,38935.8,128039,77,0.000169228,0.00799962,3.75132e-07,12640.2,5868.51,0,311482,311482,1,0
430,25800,transverse,0.3375,237,778,166,56,1029,24,2,329,998,43443.3,108221,203,0.0001582,0.00677482,3.81066e-07,12640.2,5868.51,0,311482,311482,1,0
430,25800,descending,0.2775,166,388,116,56,475,25,0,168,546,29743.6,72859.8,254,0.000127899,0.00435134,2.62818e-07,12640.2,5868.51,0,311482,311482,1,0
440,26400,cecum,0.2475,153,699,82,37,925,14,1,276,926,30923.4,139713,77,0.000169227,0.00799959,4.09841e-07,13759.9,6407.33,0,340059,340059,1,0
440,26400,transverse,0.4375,307,779,179,63,1042,27,2,351,1078,56332.7,118269,203,0.00015845,0.00680003,4.1721e-07,13759.9,6407.33,0,340059,340059,1,0
440,26400,descending,0.31,201,403,126,63,498,25,0,183,601,36252.2,79534.8,254,0.000128529,0.00439156,2.87919e-07,13759.9,6407.33,0,340059,340059,1,0
450,27000,cecum,0.28,164,720,87,40,980,16,1,315,992,32753.2,152484,79,0.000169227,0.00799955,4.47712e-07,14982.3,6995.84,0,371300,371300,1,0
450,27000,transverse,0.465,325,816,187,65,1106,29,2,382,1156,59637.5,129283,207,0.000158694,0.00682473,4.56761e-07,14982.3,6995.84,0,371300,371300,1,0
450,27000,descending,0.3325,212,436,130,66,535,26,0,191,649,38209.6,86859.9,258,0.000129151,0.00443153,3.1545e-07,14982.3,6995.84,0,371300,371300,1,0
460,27600,cecum,0.295,166,790,90,44,1061,17,1,331,1077,33092.1,166380,79,0.000169227,0.00799951,4.89032e-07,16317.7,7638.72,0,405474,405474,1,0
460,27600,transverse,0.4,299,911,199,71,1227,31,2,416,1247,54814.7,141334,211,0.000158932,0.00684891,5.00039e-07,16317.7,7638.72,0,405474,405474,1,0
460,27600,descending,0.3375,211,467,135,68,582,27,0,210,693,37962.4,94915.6,262,0.000129763,0.00447124,3.45657e-07,16317.7,7638.72,0,405474,405474,1,0
470,28200,cecum,0.28,157,863,96,47,1154,18,1,355,1159,31585.5,181561,79,0.000169226,0.00799947,5.34114e-07,17777.2,8341.16,0,442861,442861,1,0
470,28200,transverse,0.45,334,930,210,73,1270,33,2,444,1318,61330.6,154546,211,0.000159164,0.00687258,5.47403e-07,17777.2,8341.16,0,442861,442861,1,0
470,28200,descending,0.4075,255,489,143,72,609,28,0,220,761,46068.2,103726,263,0.000130366,0.00451068,3.78809e-07,17777.2,8341.16,0,442861,442861,1,0
480,28800,cecum,0.355,205,902,101,51,1212,19,1,379,1265,40543.4,198107,79,0.000169226,0.00799942,5.83299e-07,19372.5,9108.73,0,483764,483764,1,0
480,28800,transverse,0.4775,361,987,223,83,1337,37,2,468,1413,66248.3,168985,211,0.00015939,0.00689576,5.99241e-07,19372.5,9108.73,0,483764,483764,1,0
480,28800,descending,0.4325,280,528,155,75,656,30,0,233,826,50592.3,113408,265,0.00013096,0.00454986,4.15198e-07,19372.5,9108.73,0,483764,483764,1,0
490,29400,cecum,0.3775,230,945,109,53,1283,20,1,410,1356,45631.8,216193,79,0.000169226,0.00799936,6.36965e-07,21117.1,9947.6,0,528506,528506,1,0
490,29400,transverse,0.4675,350,1095,235,87,1469,37,2,496,1526,64208.1,184785,213,0.000159611,0.00691846,6.55972e-07,21117.1,9947.6,0,528506,528506,1,0
490,29400,descending,0.4225,295,559,161,76,704,31,0,252,885,53298.4,124055,268,0.000131545,0.00458877,4.5515e-07,21117.1,9947.6,0,528506,528506,1,0
500,30000,cecum,0.4,249,1016,114,58,1377,20,1,438,1469,49317.5,235908,80,0.000169225,0.0079993,6.95521e-07,23025.9,10864.6,0,577462,577462,1,0
500,30000,transverse,0.4275,329,1192,249,90,1592,41,2,529,1621,60297.7,202114,215,0.000159826,0.00694068,7.18067e-07,23025.9,10864.6,0,577462,577462,1,0
500,30000,descending,0.3775,275,628,171,81,784,32,0,269,941,49476.9,135751,270,0.000132121,0.0046274,4.9903e-07,23025.9,10864.6,0,577462,577462,1,0
510,30600,cecum,0.4275,258,1082,126,64,1465,25,1,471,1565,51186.2,257453,83,0.000169225,0.00799924,7.59413e-07,25115,11867.1,0,631036,631036,1,0
510,30600,transverse,0.515,407,1194,263,92,1640,42,3,577,1735,74662.3,221090,225,0.000160036,0.00696244,7.86042e-07,25115,11867.1,0,631036,631036,1,0
510,30600,descending,0.4225,312,654,179,84,823,35,0,288,1015,56242.6,148586,280,0.000132689,0.00466576,5.47231e-07,25115,11867.1,0,631036,631036,1,0
520,31200,cecum,0.465,298,1139,139,68,1546,26,1,500,1678,58754.8,280948,83,0.000169224,0.00799917,8.29131e-07,27402.1,12963.3,0,689672,689672,1,0
520,31200,transverse,0.5225,424,1268,281,98,1736,44,3,607,1838,77772.8,241868,225,0.000160241,0.00698374,8.60452e-07,27402.1,12963.3,0,689672,689672,1,0
520,31200,descending,0.395,311,728,193,86,911,38,0,307,1093,55852.5,162688,280,0.000133248,0.00470383,6.00188e-07,27402.1,12963.3,0,689672,689672,1,0
530,31800,cecum,0.46,301,1206,147,73,1643,26,1,535,1775,59973,306619,93,0.000169223,0.00799909,9.05212e-07,29906.6,14162.1,0,753841,753841,1,0
530,31800,transverse,0.5775,474,1332,303,102,1842,47,3,656,1979,86953.8,264609,235,0.000160441,0.0070046,9.41915e-07,29906.6,14162.1,0,753841,753841,1,0
530,31800,descending,0.4375,340,781,207,90,988,38,0,335,1189,61113.2,178179,290,0.000133798,0.00474162,6.58379e-07,29906.6,14162.1,0,753841,753841,1,0
540,32400,cecum,0.4725,328,1287,152,76,1755,27,3,568,1911,65022.5,334598,94,0.000169223,0.00799901,9.88235e-07,32650.2,15473.2,0,824056,824056,1,0
540,32400,transverse,0.635,544,1392,320,108,1926,50,3,689,2125,99892.4,289499,236,0.000160636,0.00702501,1.0311e-06,32650.2,15473.2,0,824056,824056,1,0
540,32400,descending,0.4525,356,832,217,90,1063,41,0,362,1273,64242.7,195220,291,0.00013434,0.00477911,7.22336e-07,32650.2,15473.2,0,824056,824056,1,0
550,33000,cecum,0.5125,362,1349,165,80,1837,29,3,594,2020,71739.4,365162,94,0.000169222,0.00799892,1.07883e-06,35656.6,16907.4,0,900932,900932,1,0
550,33000,transverse,0.6175,545,1483,342,114,2066,53,5,745,2251,99993.1,316809,236,0.000160826,0.00704499,1.12874e-06,35656.6,16907.4,0,900932,900932,1,0
550,33000,descending,0.4825,408,877,237,95,1112,44,0,374,1362,73550.4,213937,291,0.000134874,0.00481632,7.92643e-07,35656.6,16907.4,0,900932,900932,1,0
560,33600,cecum,0.56,422,1388,177,89,1902,30,3,630,2143,83439.7,398520,95,0.000169221,0.00799882,1.1777e-06,38951.8,18476.5,0,985070,985070,1,0
560,33600,transverse,0.6175,566,1587,361,123,2207,54,5,792,2404,103814,346691,240,0.000161011,0.00706455,1.23565e-06,38951.8,18476.5,0,985070,985070,1,0
560,33600,descending,0.4575,385,1004,252,99,1248,46,0,389,1466,69008.1,234507,295,0.0001354,0.00485323,8.6994e-07,38951.8,18476.5,0,985070,985070,1,0
570,34200,cecum,0.5425,403,1507,191,92,2055,32,3,669,2268,80092.5,434935,96,0.00016922,0.00799871,1.2856e-06,42564.4,20193.2,0,1.07719e+06,1.07719e+06,1,0
570,34200,transverse,0.655,638,1654,394,134,2297,60,5,832,2550,117028,379428,241,0.000161192,0.0070837,1.35272e-06,42564.4,20193.2,0,1.07719e+06,1.07719e+06,1,0
570,34200,descending,0.4575,433,1044,265,106,1316,49,0,427,1579,77775.1,257146,296,0.000135917,0.00488985,9.54936e-07,42564.4,20193.2,0,1.07719e+06,1.07719e+06,1,0
580,34800,cecum,0.5125,384,1643,202,96,2240,33,5,721,2426,76835.7,474665,98,0.000169219,0.0079986,1.40334e-06,46526.3,22071.7,0,1.17803e+06,1.17803e+06,1,0
580,34800,transverse,0.605,563,1864,431,144,2552,66,5,893,2709,103159,415301,243,0.000161369,0.00710244,1.4809e-06,46526.3,22071.7,0,1.17803e+06,1.17803e+06,1,0
580,34800,descending,0.5225,484,1082,277,114,1369,52,1,452,1681,87021.7,282047,298,0.000136427,0.00492616,1.04842e-06,46526.3,22071.7,0,1.17803e+06,1.17803e+06,1,0
590,35400,cecum,0.6,505,1625,215,102,2273,34,6,778,2573,100021,518050,98,0.000169218,0.00799847,1.53185e-06,50872.6,24127.6,0,1.28844e+06,1.28844e+06,1,0
590,35400,transverse,0.6075,601,1971,457,153,2693,72,6,941,2876,110096,454582,244,0.000161541,0.00712077,1.62128e-06,50872.6,24127.6,0,1.28844e+06,1.28844e+06,1,0
590,35400,descending,0.5375,484,1184,295,119,1489,56,1,479,1792,86903.2,309435,299,0.000136928,0.00496218,1.15125e-06,50872.6,24127.6,0,1.28844e+06,1.28844e+06,1,0
600,36000,cecum,0.5925,488,1779,228,111,2477,36,6,839,2758,97144.8,565373,99,0.000169217,0.00799833,1.67208e-06,55641.7,26377.8,0,1.40932e+06,1.40932e+06,1,0
600,36000,transverse,0.6775,706,2024,483,161,2804,77,6,1012,3079,129466,497606,245,0.000161709,0.00713871,1.775e-06,55641.7,26377.8,0,1.40932e+06,1.40932e+06,1,0
600,36000,descending,0.56,517,1243,317,124,1580,63,1,523,1906,92882.3,339584,299,0.000137422,0.00499789,1.26439e-06,55641.7,26377.8,0,1.40932e+06,1.40932e+06,1,0
610,36600,cecum,0.64,524,1864,245,118,2611,39,7,897,2920,104890,617051,101,0.000169216,0.00799817,1.82513e-06,60876,28841,0,1.54169e+06,1.54169e+06,1,0
610,36600,transverse,0.6725,713,2138,507,174,2964,81,6,1075,3239,130738,544781,247,0.000161873,0.00715626,1.94335e-06,60876,28841,0,1.54169e+06,1.54169e+06,1,0
610,36600,descending,0.5775,540,1342,344,137,1698,67,1,559,2037,97039.6,372735,302,0.000137908,0.00503329,1.38887e-06,60876,28841,0,1.54169e+06,1.54169e+06,1,0
620,37200,cecum,0.5875,528,2020,273,122,2800,42,7,937,3092,106469,673434,102,0.000169215,0.00799801,1.99217e-06,66622.2,31537.6,0,1.68665e+06,1.68665e+06,1,0
620,37200,transverse,0.7875,912,2082,540,181,2964,86,8,1141,3415,167545,596455,248,0.000162033,0.00717344,2.12773e-06,66622.2,31537.6,0,1.68665e+06,1.68665e+06,1,0
620,37200,descending,0.6175,575,1413,361,146,1804,69,1,605,2172,103273,409226,303,0.000138386,0.00506838,1.52587e-06,66622.2,31537.6,0,1.68665e+06,1.68665e+06,1,0
630,37800,cecum,0.655,628,2045,300,130,2884,46,7,1008,3261,126069,735015,102,0.000169213,0.00799783,2.17446e-06,72931.6,34490.1,0,1.84541e+06,1.84541e+06,1,0
630,37800,transverse,0.775,943,2149,579,193,3070,92,8,1198,3531,173121,653127,248,0.000162189,0.00719023,2.32968e-06,72931.6,34490.1,0,1.84541e+06,1.84541e+06,1,0
630,37800,descending,0.665,674,1439,392,156,1841,76,1,633,2294,121320,449386,303,0.000138857,0.00510316,1.67665e-06,72931.6,34490.1,0,1.84541e+06,1.84541e+06,1,0
640,38400,cecum,0.6725,649,2170,317,148,3056,51,7,1078,3460,130355,802203,102,0.000169212,0.00799763,2.37341e-06,79861.3,37723.2,0,2.01926e+06,2.01926e+06,1,0
640,38400,transverse,0.7825,985,2248,618,217,3205,97,8,1263,3698,180921,715175,248,0.000162342,0.00720666,2.55088e-06,79861.3,37723.2,0,2.01926e+06,2.01926e+06,1,0
640,38400,descending,0.65,672,1543,422,164,1977,84,1,681,2414,120785,493618,303,0.000139321,0.00513762,1.84263e-06,79861.3,37723.2,0,2.01926e+06,2.01926e+06,1,0
650,39000,cecum,0.7025,716,2252,349,162,3192,55,7,1150,3649,143725,875557,102,0.00016921,0.00799741,2.59055e-06,87473.7,41263.6,0,2.20969e+06,2.20969e+06,1,0
650,39000,transverse,0.7175,832,2552,651,228,3564,101,8,1333,3886,152463,783146,248,0.00016249,0.00722272,2.79316e-06,87473.7,41263.6,0,2.20969e+06,2.20969e+06,1,0
650,39000,descending,0.6675,694,1641,454,168,2115,90,3,729,2550,124689,542296,303,0.000139777,0.00517177,2.02537e-06,87473.7,41263.6,0,2.20969e+06,2.20969e+06,1,0
660,39600,cecum,0.695,699,2476,383,173,3482,62,9,1232,3904,141966,955570,104,0.000169208,0.00799717,2.82754e-06,95837.8,45141.1,0,2.41823e+06,2.41823e+06,1,0
660,39600,transverse,0.7325,902,2667,685,243,3750,102,8,1420,4124,165341,857589,255,0.000162635,0.00723842,3.05854e-06,95837.8,45141.1,0,2.41823e+06,2.41823e+06,1,0
660,39600,descending,0.67,704,1786,471,180,2281,96,3,768,2727,126600,595841,310,0.000140226,0.0052056,2.22657e-06,95837.8,45141.1,0,2.41823e+06,2.41823e+06,1,0
670,40200,cecum,0.6625,706,2670,408,181,3729,66,13,1293,4141,143201,1.04291e+06,105,0.000169206,0.00799691,3.08618e-06,105029,49387.8,0,2.64664e+06,2.64664e+06,1,0
670,40200,transverse,0.7775,969,2831,712,258,3966,110,8,1495,4403,177717,939103,256,0.000162776,0.00725377,3.34921e-06,105029,49387.8,0,2.64664e+06,2.64664e+06,1,0
670,40200,descending,0.6575,710,1950,499,189,2491,99,3,826,2927,127719,654797,311,0.000140667,0.00523911,2.4481e-06,105029,49387.8,0,2.64664e+06,2.64664e+06,1,0
680,40800,cecum,0.645,681,2926,439,192,4057,71,13,1381,4429,139016,1.13822e+06,105,0.000169204,0.00799663,3.36844e-06,115130,54039,0,2.89684e+06,2.89684e+06,1,0
680,40800,transverse,0.7125,897,3122,748,272,4330,115,8,1587,4678,164371,1.02844e+06,256,0.000162913,0.00726877,3.66757e-06,115130,54039,0,2.89684e+06,2.89684e+06,1,0
680,40800,descending,0.74,847,1990,534,202,2570,106,3,885,3128,152459,719718,311,0.000141102,0.0052723,2.69205e-06,115130,54039,0,2.89684e+06,2.89684e+06,1,0
690,41400,cecum,0.7125,749,3073,455,206,4286,72,14,1477,4724,151305,1.24226e+06,105,0.000169201,0.00799632,3.6765e-06,126234,59134.1,0,3.17089e+06,3.17089e+06,1,0
690,41400,transverse,0.8075,1074,3173,787,288,4450,120,9,1676,4956,196944,1.12633e+06,260,0.000163047,0.00728342,4.01628e-06,126234,59134.1,0,3.17089e+06,3.17089e+06,1,0
690,41400,descending,0.7025,814,2214,566,212,2827,111,3,933,3335,146287,791200,315,0.000141529,0.00530516,2.96072e-06,126234,59134.1,0,3.17089e+06,3.17089e+06,1,0
700,42000,cecum,0.6775,721,3315,480,214,4612,79,14,1576,5012,146433,1.35584e+06,105,0.000169198,0.00799599,4.01272e-06,138442,64715.6,0,3.47111e+06,3.47111e+06,1,0
700,42000,transverse,0.84,1208,3248,841,308,4579,133,9,1763,5198,221624,1.23363e+06,260,0.000163178,0.00729773,4.39825e-06,138442,64715.6,0,3.47111e+06,3.47111e+06,1,0
700,42000,descending,0.7075,808,2408,599,222,3093,116,3,1020,3577,144818,869933,315,0.00014195,0.00533769,3.25664e-06,138442,64715.6,0,3.47111e+06,3.47111e+06,1,0
710,42600,cecum,0.6925,758,3555,507,223,4941,85,15,1679,5365,154090,1.47975e+06,105,0.000169195,0.00799562,4.37966e-06,151867,70830.5,0,3.79999e+06,3.79999e+06,1,0
710,42600,transverse,0.8625,1331,3309,902,326,4705,139,9,1852,5410,244253,1.35123e+06,260,0.000163305,0.0073117,4.81666e-06,151867,70830.5,0,3.79999e+06,3.79999e+06,1,0
710,42600,descending,0.7625,921,2449,624,228,3188,120,4,1083,3769,165862,956683,315,0.000142363,0.00536988,3.5826e-06,151867,70830.5,0,3.79999e+06,3.79999e+06,1,0
720,43200,cecum,0.715,792,3759,532,234,5227,93,15,1780,5679,160851,1.61505e+06,105,0.000169192,0.00799522,4.78013e-06,166631,77530.6,0,4.1603e+06,4.1603e+06,1,0
720,43200,transverse,0.8725,1391,3377,955,348,4859,150,9,1971,5604,255259,1.48014e+06,260,0.000163429,0.00732533,5.27502e-06,166631,77530.6,0,4.1603e+06,4.1603e+06,1,0
720,43200,descending,0.725,904,2661,673,238,3445,128,5,1145,3977,162371,1.05223e+06,315,0.00014277,0.00540175,3.94168e-06,166631,77530.6,0,4.1603e+06,4.1603e+06,1,0
730,43800,cecum,0.74,832,3955,568,242,5542,98,16,1911,6010,169874,1.76274e+06,105,0.000169189,0.00799478,5.21721e-06,182872,84872.3,0,4.55506e+06,4.55506e+06,1,0
730,43800,transverse,0.8925,1455,3463,1009,371,5022,160,9,2081,5810,266980,1.62138e+06,260,0.00016355,0.00733863,5.77714e-06,182872,84872.3,0,4.55506e+06,4.55506e+06,1,0
730,43800,descending,0.7775,1049,2684,712,254,3519,133,5,1217,4178,188982,1.1575e+06,315,0.00014317,0.00543327,4.33729e-06,182872,84872.3,0,4.55506e+06,4.55506e+06,1,0
740,44400,cecum,0.8,1001,4029,600,256,5712,104,16,2027,6337,201783,1.92395e+06,105,0.000169185,0.00799431,5.69425e-06,200739,92917.5,0,4.98756e+06,4.98756e+06,1,0
740,44400,transverse,0.9125,1578,3479,1068,392,5120,169,9,2193,6002,289635,1.77615e+06,260,0.000163667,0.0073516,6.32721e-06,200739,92917.5,0,4.98756e+06,4.98756e+06,1,0
740,44400,descending,0.8025,1139,2777,755,268,3677,143,5,1306,4407,205512,1.27346e+06,315,0.000143564,0.00546445,4.77317e-06,200739,92917.5,0,4.98756e+06,4.98756e+06,1,0
750,45000,cecum,0.8325,1085,4147,639,275,5927,113,16,2152,6625,217990,2.09997e+06,106,0.000169181,0.00799379,6.21491e-06,220397,101734,0,5.46146e+06,5.46146e+06,1,0
750,45000,transverse,0.845,1392,3875,1124,411,5577,178,9,2282,6245,254979,1.94566e+06,261,0.000163781,0.00736424,6.9298e-06,220397,101734,0,5.46146e+06,5.46146e+06,1,0
750,45000,descending,0.845,1219,2861,798,285,3834,147,7,1398,4620,219852,1.40125e+06,316,0.000143951,0.00549529,5.25347e-06,220397,101734,0,5.46146e+06,5.46146e+06,1,0
760,45600,cecum,0.8375,1126,4338,676,287,6219,123,16,2275,6943,226530,2.29206e+06,109,0.000169176,0.00799322,6.78319e-06,242030,111397,0,5.9807e+06,5.9807e+06,1,0
760,45600,transverse,0.855,1441,4133,1186,424,5931,190,9,2403,6611,263958,2.13132e+06,264,0.000163892,0.00737654,7.58989e-06,242030,111397,0,5.9807e+06,5.9807e+06,1,0
760,45600,descending,0.8525,1263,2993,845,306,4008,158,7,1472,4823,227810,1.54203e+06,319,0.000144331,0.00552577,5.78273e-06,242030,111397,0,5.9807e+06,5.9807e+06,1,0
770,46200,cecum,0.79,995,4777,713,304,6737,131,16,2379,7318,202671,2.50166e+06,109,0.000169171,0.0079926,7.40342e-06,265838,121987,0,6.54963e+06,6.54963e+06,1,0
770,46200,transverse,0.8225,1412,4457,1251,449,6354,198,9,2535,6973,258485,2.33476e+06,264,0.000164,0.00738852,8.31295e-06,265838,121987,0,6.54963e+06,6.54963e+06,1,0
770,46200,descending,0.8475,1321,3102,888,324,4188,167,8,1569,5044,238204,1.69715e+06,320,0.000144704,0.00555591,6.36598e-06,265838,121987,0,6.54963e+06,6.54963e+06,1,0
780,46800,cecum,0.7475,1016,5118,764,326,7179,142,17,2512,7762,208188,2.7304e+06,109,0.000169166,0.00799192,8.08035e-06,292043,133595,0,7.17304e+06,7.17304e+06,1,0
780,46800,transverse,0.9125,1702,4467,1317,467,6444,205,9,2640,7312,311994,2.55767e+06,266,0.000164104,0.00740016,9.105e-06,292043,133595,0,7.17304e+06,7.17304e+06,1,0
780,46800,descending,0.8475,1304,3302,929,341,4459,178,9,1667,5284,234743,1.86806e+06,323,0.000145071,0.00558568,7.00876e-06,292043,133595,0,7.17304e+06,7.17304e+06,1,0
790,47400,cecum,0.8075,1088,5427,812,341,7619,150,17,2666,8249,222532,2.98005e+06,109,0.00016916,0.00799118,8.81914e-06,320889,146318,0,7.85616e+06,7.85616e+06,1,0
790,47400,transverse,0.8725,1635,4721,1382,493,6844,212,10,2818,7612,299400,2.80203e+06,267,0.000164205,0.00741147,9.97266e-06,320889,146318,0,7.85616e+06,7.85616e+06,1,0
790,47400,descending,0.8475,1310,3519,990,357,4753,193,9,1775,5554,235765,2.05638e+06,324,0.000145432,0.00561509,7.71718e-06,320889,146318,0,7.85616e+06,7.85616e+06,1,0
800,48000,cecum,0.8225,1182,5617,857,361,7956,159,17,2842,8664,239959,3.25265e+06,111,0.000169153,0.00799037,9.62546e-06,352645,160264,0,8.60471e+06,8.60471e+06,1,0
800,48000,transverse,0.9325,1847,4770,1439,518,6966,225,10,2929,7927,338581,3.0697e+06,269,0.000164304,0.00742245,1.09231e-05,352645,160264,0,8.60471e+06,8.60471e+06,1,0
800,48000,descending,0.8525,1336,3699,1051,376,5018,202,9,1888,5812,240012,2.26391e+06,324,0.000145786,0.00564412,8.49796e-06,352645,160264,0,8.60471e+06,8.60471e+06,1,0
810,48600,cecum,0.855,1278,5889,900,384,8361,166,17,3005,9152,256812,3.5501e+06,111,0.000169146,0.00798949,1.05055e-05,387607,175553,0,9.42497e+06,9.42497e+06,1,0
810,48600,transverse,0.935,1931,4865,1495,555,7179,236,10,3095,8216,354032,3.36306e+06,269,0.000164399,0.00743309,1.19643e-05,387607,175553,0,9.42497e+06,9.42497e+06,1,0
810,48600,descending,0.87,1420,3873,1113,396,5262,215,9,1991,6111,255245,2.49256e+06,326,0.000146133,0.00567278,9.35852e-06,387607,175553,0,9.42497e+06,9.42497e+06,1,0
820,49200,cecum,0.8975,1379,6004,947,401,8604,173,18,3156,9472,277293,3.87492e+06,111,0.000169138,0.00798853,1.1466e-05,426103,192313,0,1.03239e+07,1.03239e+07,1,0
820,49200,transverse,0.8575,1715,5414,1574,584,7831,251,11,3241,8616,313921,3.68436e+06,269,0.000164491,0.00744339,1.31048e-05,426103,192313,0,1.03239e+07,1.03239e+07,1,0
820,49200,descending,0.89,1560,3955,1167,411,5435,225,9,2107,6395,280473,2.74457e+06,326,0.000146474,0.00570106,1.03071e-05,426103,192313,0,1.03239e+07,1.03239e+07,1,0
830,49800,cecum,0.8875,1312,6280,989,418,9032,182,18,3334,9817,264543,4.22947e+06,111,0.00016913,0.00798749,1.25143e-05,468494,210687,0,1.1309e+07,1.1309e+07,1,0
830,49800,transverse,0.9025,1690,5840,1639,599,8390,262,13,3398,9109,309238,4.03631e+06,269,0.000164579,0.00745335,1.43541e-05,468494,210687,0,1.1309e+07,1.1309e+07,1,0
830,49800,descending,0.8975,1619,4081,1237,428,5654,241,9,2233,6636,291057,3.02236e+06,326,0.000146809,0.00572894,1.13526e-05,468494,210687,0,1.1309e+07,1.1309e+07,1,0
840,50400,cecum,0.91,1397,6444,1055,436,9366,192,19,3531,10197,281519,4.61643e+06,111,0.00016912,0.00798634,1.36585e-05,515178,230832,0,1.23885e+07,1.23885e+07,1,0
840,50400,transverse,0.895,1750,6091,1731,616,8785,281,14,3577,9507,320169,4.42204e+06,269,0.000164665,0.00746296,1.57226e-05,515178,230832,0,1.23885e+07,1.23885e+07,1,0
840,50400,descending,0.8825,1607,4286,1298,443,5952,251,9,2351,6886,288359,3.32848e+06,326,0.000147137,0.00575642,1.25051e-05,515178,230832,0,1.23885e+07,1.23885e+07,1,0
850,51000,cecum,0.8575,1259,6911,1096,450,9975,201,20,3695,10649,255977,5.03867e+06,114,0.00016911,0.00798509,1.49072e-05,566592,252918,0,1.35716e+07,1.35716e+07,1,0
850,51000,transverse,0.9375,1886,6336,1808,633,9206,288,14,3777,10011,345179,4.84457e+06,272,0.000164747,0.00747221,1.72215e-05,566592,252918,0,1.35716e+07,1.35716e+07,1,0
850,51000,descending,0.885,1717,4460,1375,463,6241,262,11,2495,7237,307968,3.66578e+06,329,0.000147459,0.00578349,1.37755e-05,566592,252918,0,1.35716e+07,1.35716e+07,1,0
860,51600,cecum,0.885,1396,7186,1142,469,10431,208,22,3900,11220,281840,5.49944e+06,114,0.000169099,0.00798373,1.62701e-05,623219,277133,0,1.48681e+07,1.48681e+07,1,0
860,51600,transverse,0.945,2057,6402,1892,668,9407,302,14,3961,10348,376566,5.30765e+06,273,0.000164826,0.00748109,1.88634e-05,623219,277133,0,1.48681e+07,1.48681e+07,1,0
860,51600,descending,0.9025,1819,4732,1448,480,6610,268,11,2615,7658,325620,4.03743e+06,330,0.000147773,0.00581014,1.51759e-05,623219,277133,0,1.48681e+07,1.48681e+07,1,0
870,52200,cecum,0.935,1542,7286,1199,491,10692,214,22,4089,11598,311159,6.00253e+06,114,0.000169087,0.00798224,1.77576e-05,685590,303685,0,1.6289e+07,1.6289e+07,1,0
870,52200,transverse,0.9325,1987,6714,1985,706,9879,316,15,4172,10708,363547,5.815e+06,273,0.000164901,0.0074896,2.06619e-05,685590,303685,0,1.6289e+07,1.6289e+07,1,0
870,52200,descending,0.91,1866,4989,1534,497,6974,284,13,2753,8014,333679,4.44712e+06,330,0.000148082,0.00583635,1.67195e-05,685590,303685,0,1.6289e+07,1.6289e+07,1,0
880,52800,cecum,0.9275,1594,7477,1242,521,11034,226,22,4282,11991,321005,6.55159e+06,114,0.000169074,0.00798062,1.93809e-05,754293,332798,0,1.78462e+07,1.78462e+07,1,0
880,52800,transverse,0.9525,2136,6849,2071,739,10152,327,15,4354,11088,390895,6.37077e+06,273,0.000164973,0.00749773,2.26317e-05,754293,332798,0,1.78462e+07,1.78462e+07,1,0
880,52800,descending,0.9375,2007,5136,1607,526,7209,297,14,2882,8358,359276,4.89865e+06,330,0.000148383,0.00586212,1.84212e-05,754293,332798,0,1.78462e+07,1.78462e+07,1,0
890,53400,cecum,0.9,1600,7825,1305,545,11553,240,22,4491,12491,322447,7.15075e+06,114,0.00016906,0.00797885,2.11526e-05,829976,364722,0,1.95528e+07,1.95528e+07,1,0
890,53400,transverse,0.9325,2225,7223,2154,770,10718,333,17,4581,11695,407154,6.97944e+06,273,0.000165041,0.00750546,2.47893e-05,829976,364722,0,1.95528e+07,1.95528e+07,1,0
890,53400,descending,0.9375,2025,5355,1687,557,7525,308,14,3021,8654,362426,5.39636e+06,330,0.000148678,0.00588742,2.0297e-05,829976,364722,0,1.95528e+07,1.95528e+07,1,0
900,54000,cecum,0.9025,1593,8188,1365,564,12105,253,24,4710,13006,321687,7.80466e+06,114,0.000169044,0.00797691,2.30861e-05,913350,399727,0,2.14231e+07,2.14231e+07,1,0
900,54000,transverse,0.9625,2337,7447,2262,799,11095,358,17,4788,12130,427746,7.64638e+06,273,0.000165106,0.00751278,2.71524e-05,913350,399727,0,2.14231e+07,2.14231e+07,1,0
900,54000,descending,0.9475,2181,5495,1757,586,7757,325,14,3159,9018,390997,5.94482e+06,330,0.000148966,0.00591224,2.23647e-05,913350,399727,0,2.14231e+07,2.14231e+07,1,0
910,54600,cecum,0.9025,1516,8816,1418,592,12942,267,25,4960,13754,308166,8.51809e+06,114,0.000169027,0.0079748,2.51962e-05,1.0052e+06,438112,0,2.34728e+07,2.34728e+07,1,0
910,54600,transverse,0.9525,2376,7875,2360,823,11706,369,17,5006,12717,434838,8.37684e+06,273,0.000165167,0.00751968,2.97406e-05,1.0052e+06,438112,0,2.34728e+07,2.34728e+07,1,0
910,54600,descending,0.9525,2350,5530,1854,620,7893,344,15,3312,9278,421650,6.54941e+06,330,0.000149247,0.00593657,2.46441e-05,1.0052e+06,438112,0,2.34728e+07,2.34728e+07,1,0
920,55200,cecum,0.9125,1575,9185,1477,613,13518,278,25,5199,14362,317824,9.29682e+06,114,0.000169009,0.0079725,2.74989e-05,1.1064e+06,480204,0,2.57191e+07,2.57191e+07,1,0
920,55200,transverse,0.95,2377,8288,2479,848,12317,392,18,5251,13257,434928,9.17706e+06,273,0.000165224,0.00752614,3.25751e-05,1.1064e+06,480204,0,2.57191e+07,2.57191e+07,1,0
920,55200,descending,0.94,2137,5984,1937,651,8486,356,31,3478,9602,381227,7.21567e+06,330,0.000149521,0.00596038,2.71568e-05,1.1064e+06,480204,0,2.57191e+07,2.57191e+07,1,0
930,55800,cecum,0.92,1589,9596,1546,633,14170,289,25,5471,14990,322428,1.01467e+07,116,0.000168988,0.00796999,3.00117e-05,1.21789e+06,526362,0,2.81808e+07,2.81808e+07,1,0
930,55800,transverse,0.96,2434,8802,2588,877,13044,405,21,5503,13971,445540,1.00534e+07,275,0.000165277,0.00753213,3.56792e-05,1.21789e+06,526362,0,2.81808e+07,2.81808e+07,1,0
930,55800,descending,0.9575,2445,5987,2027,679,8611,372,32,3643,9988,437437,7.94987e+06,332,0.000149788,0.00598365,2.99265e-05,1.21789e+06,526362,0,2.81808e+07,2.81808e+07,1,0
940,56400,cecum,0.9,1686,9912,1606,659,14715,302,25,5739,15611,342069,1.10741e+07,116,0.000168966,0.00796725,3.27539e-05,1.34074e+06,576980,0,3.08786e+07,3.08786e+07,1,0
940,56400,transverse,0.98,2724,8745,2685,905,13208,417,21,5764,14368,498927,1.10137e+07,275,0.000165326,0.00753764,3.90786e-05,1.34074e+06,576980,0,3.08786e+07,3.08786e+07,1,0
940,56400,descending,0.925,2294,6509,2135,709,9255,400,32,3823,10431,408897,8.75895e+06,332,0.000150047,0.00600635,3.29794e-05,1.34074e+06,576980,0,3.08786e+07,3.08786e+07,1,0
950,57000,cecum,0.94,1832,10155,1682,686,15223,310,27,6037,16222,369611,1.20862e+07,116,0.000168942,0.00796425,3.57462e-05,1.47608e+06,632488,0,3.3835e+07,3.3835e+07,1,0
950,57000,transverse,0.965,2753,9074,2819,929,13717,443,21,5994,14822,504089,1.20653e+07,275,0.00016537,0.00754265,4.28013e-05,1.47608e+06,632488,0,3.3835e+07,3.3835e+07,1,0
950,57000,descending,0.9625,2515,6679,2218,734,9559,415,32,3997,10913,449687,9.65052e+06,332,0.000150298,0.00602846,3.63445e-05,1.47608e+06,632488,0,3.3835e+07,3.3835e+07,1,0
960,57600,cecum,0.955,1835,10534,1745,725,15826,324,27,6314,16818,370205,1.31906e+07,116,0.000168915,0.00796099,3.90115e-05,1.62521e+06,693360,0,3.70749e+07,3.70749e+07,1,0
960,57600,transverse,0.9425,2494,9855,2920,956,14717,459,24,6253,15502,455881,1.32169e+07,279,0.000165409,0.00754712,4.68776e-05,1.62521e+06,693360,0,3.70749e+07,3.70749e+07,1,0
960,57600,descending,0.9725,2653,6711,2328,774,9719,432,32,4182,11158,474559,1.06333e+07,336,0.000150541,0.00604995,4.00536e-05,1.62521e+06,693360,0,3.70749e+07,3.70749e+07,1,0
970,58200,cecum,0.9525,1846,10808,1816,753,16391,339,29,6646,17364,373654,1.43959e+07,117,0.000168886,0.00795743,4.25744e-05,1.78953e+06,760115,0,4.06252e+07,4.06252e+07,1,0
970,58200,transverse,0.955,2634,10333,3019,985,15475,480,25,6582,16350,481762,1.44779e+07,285,0.000165444,0.00755102,5.1341e-05,1.78953e+06,760115,0,4.06252e+07,4.06252e+07,1,0
970,58200,descending,0.9525,2690,7040,2461,805,10186,457,32,4376,11585,479965,1.1716e+07,342,0.000150776,0.00607078,4.41416e-05,1.78953e+06,760115,0,4.06252e+07,4.06252e+07,1,0
980,58800,cecum,0.9725,2018,10860,1885,775,16773,354,30,7012,17885,408065,1.57111e+07,117,0.000168855,0.00795354,4.64621e-05,1.97058e+06,833320,0,4.45156e+07,4.45156e+07,1,0
980,58800,transverse,0.9725,2847,10504,3135,1020,15927,502,25,6920,16956,520992,1.58591e+07,285,0.000165473,0.00755434,5.6228e-05,1.97058e+06,833320,0,4.45156e+07,4.45156e+07,1,0
980,58800,descending,0.965,2895,7189,2576,845,10498,473,32,4595,12043,517027,1.2909e+07,342,0.000151003,0.00609092,4.8647e-05,1.97058e+06,833320,0,4.45156e+07,4.45156e+07,1,0
990,59400,cecum,0.9575,2126,11094,1953,810,17309,363,34,7354,18501,431014,1.7146e+07,117,0.00016882,0.0079493,5.07039e-05,2.17007e+06,913600,0,4.87785e+07,4.87785e+07,1,0
990,59400,transverse,0.95,2738,11259,3255,1051,16919,525,25,7211,17773,500512,1.73714e+07,285,0.000165497,0.00755701,6.15785e-05,2.17007e+06,913600,0,4.87785e+07,4.87785e+07,1,0
990,59400,descending,0.98,3072,7197,2706,891,10659,496,33,4816,12319,549353,1.42237e+07,342,0.00015122,0.00611033,5.36123e-05,2.17007e+06,913600,0,4.87785e+07,4.87785e+07,1,0
1000,60000,cecum,0.9425,2179,11512,2037,843,17995,382,34,7674,19208,441684,1.87114e+07,117,0.000168783,0.00794467,5.5332e-05,2.38988e+06,1.00164e+06,0,5.34496e+07,5.34496e+07,1,0
1000,60000,transverse,0.965,2951,11633,3383,1097,17560,548,28,7544,18565,539894,1.90273e+07,285,0.000165515,0.00755902,6.7436e-05,2.38988e+06,1.00164e+06,0,5.34496e+07,5.34496e+07,1,0
1000,60000,descending,0.9725,3070,7409,2845,936,11037,526,33,5057,12631,548706,1.56722e+07,342,0.000151428,0.00612896,5.9084e-05,2.38988e+06,1.00164e+06,0,5.34496e+07,5.34496e+07,1,0
1010,60600,cecum,0.9375,2131,12108,2129,885,18917,398,34,8058,20048,434313,2.04192e+07,117,0.000168742,0.00793962,6.03812e-05,2.63208e+06,1.09818e+06,0,5.85675e+07,5.85675e+07,1,0
1010,60600,transverse,0.9725,3047,12108,3517,1145,18280,578,28,7867,19325,557547,2.08403e+07,285,0.000165527,0.00756031,7.38483e-05,2.63208e+06,1.09818e+06,0,5.85675e+07,5.85675e+07,1,0
1010,60600,descending,0.9825,3276,7403,2971,972,11206,549,33,5291,12939,585797,1.72679e+07,342,0.000151627,0.00614676,6.51134e-05,2.63208e+06,1.09818e+06,0,5.85675e+07,5.85675e+07,1,0
1020,61200,cecum,0.96,2204,12718,2210,915,19849,413,38,8421,21013,447857,2.22822e+07,117,0.000168697,0.00793411,6.58895e-05,2.89893e+06,1.20405e+06,0,6.41747e+07,6.41747e+07,1,0
1020,61200,transverse,0.9775,3049,12697,3642,1169,19224,602,28,8270,20194,557644,2.28251e+07,285,0.000165533,0.00756083,8.08672e-05,2.89893e+06,1.20405e+06,0,6.41747e+07,6.41747e+07,1,0
1020,61200,descending,0.96,2973,8175,3108,1006,12151,565,34,5513,13493,529996,1.90255e+07,342,0.000151815,0.00616369,7.17568e-05,2.89893e+06,1.20405e+06,0,6.41747e+07,6.41747e+07,1,0
1030,61800,cecum,0.9675,2302,13100,2288,953,20547,430,39,8791,21785,468149,2.43148e+07,117,0.000168648,0.0079281,7.18984e-05,3.19295e+06,1.32014e+06,0,7.03177e+07,7.03177e+07,1,0
1030,61800,transverse,0.9725,3113,12918,3779,1209,19778,625,28,8666,20738,569291,2.49983e+07,285,0.000165531,0.00756054,8.85496e-05,3.19295e+06,1.32014e+06,0,7.03177e+07,7.03177e+07,1,0
1030,61800,descending,0.9825,3443,8036,3255,1042,12151,594,34,5717,13881,615822,2.09616e+07,342,0.000151992,0.00617967,7.9076e-05,3.19295e+06,1.32014e+06,0,7.03177e+07,7.03177e+07,1,0
1040,62400,cecum,0.9625,2342,13655,2371,987,21449,449,40,9190,22696,474799,2.65319e+07,117,0.000168594,0.00792155,7.84531e-05,3.51689e+06,1.44745e+06,0,7.70472e+07,7.70472e+07,1,0
1040,62400,transverse,0.9775,3336,13300,3903,1256,20462,644,28,9034,21587,610480,2.73767e+07,285,0.000165521,0.00755937,9.69576e-05,3.51689e+06,1.44745e+06,0,7.70472e+07,7.70472e+07,1,0
1040,62400,descending,0.97,3383,8321,3417,1092,12580,616,36,5931,14158,603888,2.30942e+07,342,0.000152157,0.00619464,8.7139e-05,3.51689e+06,1.44745e+06,0,7.70472e+07,7.70472e+07,1,0
1050,63000,cecum,0.9625,2504,14032,2469,1020,22170,470,41,9587,23534,508504,2.89503e+07,117,0.000168536,0.0079144,8.56025e-05,3.87378e+06,1.58704e+06,0,8.44187e+07,8.44187e+07,1,0
1050,63000,transverse,0.9875,3536,13494,4055,1299,21035,668,29,9479,22274,647367,2.99801e+07,285,0.000165504,0.00755725,0.000106159,3.87378e+06,1.58704e+06,0,8.44187e+07,8.44187e+07,1,0
1050,63000,descending,0.985,3563,8695,3570,1130,13113,635,36,6147,14775,636919,2.54424e+07,342,0.000152311,0.00620853,9.60206e-05,3.87378e+06,1.58704e+06,0,8.44187e+07,8.44187e+07,1,0
1060,63600,cecum,0.9775,2520,14375,2574,1056,22866,485,42,9990,24191,511389,3.15882e+07,117,0.000168472,0.0079066,9.34003e-05,4.26696e+06,1.7401e+06,0,9.24928e+07,9.24928e+07,1,0
1060,63600,transverse,0.9875,3650,13785,4226,1357,21651,698,30,9891,22920,668116,3.28292e+07,289,0.000165477,0.00755412,0.000116227,4.26696e+06,1.7401e+06,0,9.24928e+07,9.24928e+07,1,0
1060,63600,descending,0.985,3559,8855,3726,1187,13467,666,38,6427,15055,634758,2.80286e+07,346,0.000152451,0.00622126,0.000105803,4.26696e+06,1.7401e+06,0,9.24928e+07,9.24928e+07,1,0
1070,64200,cecum,0.9875,2538,14643,2678,1081,23519,504,42,10419,24802,515522,3.44652e+07,118,0.000168402,0.0078981,0.000101904,4.70009e+06,1.90793e+06,0,1.01336e+08,1.01336e+08,1,0
1070,64200,transverse,0.99,3660,14293,4387,1410,22477,729,30,10293,23679,669762,3.59466e+07,293,0.000165442,0.0075499,0.000127242,4.70009e+06,1.90793e+06,0,1.01336e+08,1.01336e+08,1,0
1070,64200,descending,0.985,3507,9384,3873,1216,14225,695,39,6713,15671,625194,3.08758e+07,350,0.000152578,0.00623274,0.000116575,4.70009e+06,1.90793e+06,0,1.01336e+08,1.01336e+08,1,0
1080,64800,cecum,0.98,2563,14910,2774,1112,24147,519,42,10826,25405,521744,3.76026e+07,118,0.000168326,0.00788882,0.000111178,5.17722e+06,2.09194e+06,0,1.11019e+08,1.11019e+08,1,0
1080,64800,transverse,0.975,3498,15322,4522,1462,23878,753,31,10740,24858,639432,3.93571e+07,293,0.000165395,0.00754451,0.000139293,5.17722e+06,2.09194e+06,0,1.11019e+08,1.11019e+08,1,0
1080,64800,descending,0.985,3613,9538,4016,1252,14574,717,48,6957,16032,643813,3.40103e+07,350,0.00015269,0.00624287,0.000128436,5.17722e+06,2.09194e+06,0,1.11019e+08,1.11019e+08,1,0
1090,65400,cecum,0.9725,2795,14953,2882,1164,24483,549,44,11199,25945,566282,4.10237e+07,118,0.000168243,0.00787871,0.000121291,5.70277e+06,2.29368e+06,0,1.21623e+08,1.21623e+08,1,0
1090,65400,transverse,0.985,3677,15748,4688,1505,24639,782,36,11142,25699,672369,4.30883e+07,293,0.000165338,0.00753785,0.000152474,5.70277e+06,2.29368e+06,0,1.21623e+08,1.21623e+08,1,0
1090,65400,descending,0.99,3888,9606,4170,1284,14924,745,48,7299,16563,693496,3.74603e+07,350,0.000152786,0.00625156,0.000141495,5.70277e+06,2.29368e+06,0,1.21623e+08,1.21623e+08,1,0
1100,66000,cecum,0.9725,2396,15962,2969,1204,25894,565,47,11654,26923,490819,4.47533e+07,118,0.000168153,0.00786768,0.000132316,6.28161e+06,2.51484e+06,0,1.33232e+08,1.33232e+08,1,0
1100,66000,transverse,0.98,3658,16457,4836,1551,25742,804,39,11601,26700,668556,4.71694e+07,293,0.000165269,0.00752982,0.000166889,6.28161e+06,2.51484e+06,0,1.33232e+08,1.33232e+08,1,0
1100,66000,descending,0.9825,3912,9865,4323,1339,15376,772,48,7574,16968,697639,4.12572e+07,350,0.000152865,0.00625868,0.000155868,6.28161e+06,2.51484e+06,0,1.33232e+08,1.33232e+08,1,0
1110,66600,cecum,0.9875,2645,16678,3095,1239,26982,584,49,12078,28186,535834,4.88189e+07,118,0.000168054,0.00785566,0.000144336,6.9191e+06,2.75728e+06,0,1.45941e+08,1.45941e+08,1,0
1110,66600,transverse,0.9925,3736,16926,4996,1593,26647,841,40,12115,27601,682775,5.16327e+07,293,0.000165187,0.00752031,0.000182653,6.9191e+06,2.75728e+06,0,1.45941e+08,1.45941e+08,1,0
1110,66600,descending,0.9925,4095,10177,4492,1394,15928,807,49,7903,17623,730986,4.54347e+07,352,0.000152926,0.0062641,0.000171686,6.9191e+06,2.75728e+06,0,1.45941e+08,1.45941e+08,1,0
1120,67200,cecum,0.9875,2964,17083,3195,1287,27823,608,52,12583,29315,594902,5.32508e+07,118,0.000167945,0.00784256,0.000157437,7.62111e+06,3.02303e+06,0,1.5985e+08,1.5985e+08,1,0
1120,67200,transverse,0.9875,3809,17106,5142,1631,27378,874,46,12731,28324,696277,5.65133e+07,293,0.000165091,0.0075092,0.000199887,7.62111e+06,3.02303e+06,0,1.5985e+08,1.5985e+08,1,0
1120,67200,descending,0.985,4094,10510,4674,1449,16515,837,49,8242,18112,729215,5.00305e+07,352,0.000152967,0.00626768,0.000189091,7.62111e+06,3.02303e+06,0,1.5985e+08,1.5985e+08,1,0
1130,67800,cecum,0.9875,3137,17053,3318,1337,28250,634,58,13110,29862,629760,5.80818e+07,118,0.000167827,0.00782828,0.000171717,8.39409e+06,3.31431e+06,0,1.75072e+08,1.75072e+08,1,0
1130,67800,transverse,0.99,3866,17788,5309,1675,28517,906,48,13262,29427,706603,6.18484e+07,293,0.00016498,0.00749636,0.000218726,8.39409e+06,3.31431e+06,0,1.75072e+08,1.75072e+08,1,0
1130,67800,descending,0.99,4564,10475,4865,1502,16702,871,50,8550,18664,814613,5.5085e+07,353,0.000152986,0.00626928,0.000208236,8.39409e+06,3.31431e+06,0,1.75072e+08,1.75072e+08,1,0
1140,68400,cecum,0.9875,2655,17669,3440,1396,29262,656,64,13581,30345,540460,6.33464e+07,118,0.000167698,0.00781272,0.000187278,9.24513e+06,3.63354e+06,0,1.91727e+08,1.91727e+08,1,0
1140,68400,transverse,0.995,4096,18248,5474,1720,29361,937,48,13722,30412,748913,6.76796e+07,293,0.000164852,0.00748164,0.000239314,9.24513e+06,3.63354e+06,0,1.91727e+08,1.91727e+08,1,0
1140,68400,descending,0.9825,4713,10936,5057,1575,17374,900,50,8863,19395,840540,6.06426e+07,353,0.000152983,0.00626872,0.000229292,9.24513e+06,3.63354e+06,0,1.91727e+08,1.91727e+08,1,0
1150,69000,cecum,0.99,2705,18425,3553,1437,30493,679,68,14116,31573,548881,6.90818e+07,118,0.000167557,0.00779577,0.000204233,1.0182e+07,3.98337e+06,0,2.09946e+08,2.09946e+08,1,0
1150,69000,transverse,0.9825,4214,18255,5662,1775,29779,961,52,14208,30835,770193,7.40521e+07,293,0.000164706,0.0074649,0.000261809,1.0182e+07,3.98337e+06,0,2.09946e+08,2.09946e+08,1,0
1150,69000,descending,0.99,5154,11247,5262,1632,17885,935,51,9154,20233,920885,6.67516e+07,353,0.000152954,0.00626583,0.000252441,1.0182e+07,3.98337e+06,0,2.09946e+08,2.09946e+08,1,0
1160,69600,cecum,0.985,2982,18794,3655,1480,31332,700,71,14647,32648,602865,7.53301e+07,118,0.000167403,0.0077773,0.000222703,1.12131e+07,4.36668e+06,0,2.29871e+08,2.29871e+08,1,0
1160,69600,transverse,0.995,4666,18232,5848,1839,30206,990,53,14750,31620,853285,8.10136e+07,293,0.00016454,0.00744596,0.000286383,1.12131e+07,4.36668e+06,0,2.29871e+08,2.29871e+08,1,0
1160,69600,descending,0.9925,5247,11590,5485,1707,18421,973,51,9460,20752,936889,7.34654e+07,353,0.000152898,0.0062604,0.000277884,1.12131e+07,4.36668e+06,0,2.29871e+08,2.29871e+08,1,0
1170,70200,cecum,0.99,3194,19125,3783,1516,32169,724,71,15213,33629,642423,8.21357e+07,120,0.000167235,0.00775718,0.000242821,1.23479e+07,4.78664e+06,0,2.51656e+08,2.51656e+08,1,0
1170,70200,transverse,0.9925,4863,18568,6024,1901,30961,1031,59,15266,32493,889346,8.86165e+07,295,0.000164353,0.00742464,0.000313219,1.23479e+07,4.78664e+06,0,2.51656e+08,2.51656e+08,1,0
1170,70200,descending,0.99,5215,11837,5677,1800,18921,1014,52,9846,21161,930030,8.08412e+07,355,0.000152812,0.00625223,0.00030584,1.23479e+07,4.78664e+06,0,2.51656e+08,2.51656e+08,1,0
1180,70800,cecum,0.9875,3187,19882,3921,1558,33439,751,74,15792,34820,641563,8.95465e+07,120,0.000167051,0.00773527,0.000264727,1.35964e+07,5.24668e+06,0,2.7547e+08,2.7547e+08,1,0
1180,70800,transverse,0.9975,4568,19105,6221,1957,31908,1072,59,15773,33045,834322,9.6918e+07,295,0.000164142,0.00740075,0.000342519,1.35964e+07,5.24668e+06,0,2.7547e+08,2.7547e+08,1,0
1180,70800,descending,0.9875,5049,12393,5890,1859,19714,1060,52,10188,21680,898609,8.89409e+07,355,0.000152694,0.00624106,0.000336545,1.35964e+07,5.24668e+06,0,2.7547e+08,2.7547e+08,1,0
1190,71400,cecum,0.995,3171,20490,4041,1602,34541,769,80,16342,35842,640864,9.76149e+07,120,0.000166851,0.00771142,0.000288578,1.497e+07,5.75054e+06,0,3.01492e+08,3.01492e+08,1,0
1190,71400,transverse,0.9975,4734,19130,6444,2016,32420,1112,61,16357,33597,864717,1.05979e+08,295,0.000163906,0.00737406,0.000374497,1.497e+07,5.75054e+06,0,3.01492e+08,3.01492e+08,1,0
1190,71400,descending,0.99,5098,13253,6099,1912,20838,1099,53,10543,22735,907550,9.78318e+07,355,0.000152541,0.00622666,0.000370255,1.497e+07,5.75054e+06,0,3.01492e+08,3.01492e+08,1,0
1200,72000,cecum,0.9925,3339,20572,4155,1648,35139,786,84,16917,36553,673631,1.06397e+08,120,0.000166631,0.00768546,0.000314537,1.64806e+07,6.30232e+06,0,3.29917e+08,3.29917e+08,1,0
1200,72000,transverse,0.9975,5033,19071,6662,2075,32847,1152,63,16940,34202,919499,1.15866e+08,295,0.000163641,0.00734436,0.000409386,1.64806e+07,6.30232e+06,0,3.29917e+08,3.29917e+08,1,0
1200,72000,descending,1,5189,13419,6333,1965,21304,1141,57,10934,23149,922698,1.07588e+08,355,0.000152349,0.00620874,0.00040725,1.64806e+07,6.30232e+06,0,3.29917e+08,3.29917e+08,1,0
1210,72600,cecum,0.9975,3337,20493,4277,1697,35537,802,84,17459,36892,676076,1.15954e+08,120,0.000166391,0.00765722,0.000342784,1.81417e+07,6.90646e+06,0,3.60957e+08,3.60957e+08,1,0
1210,72600,transverse,0.9925,4961,20054,6856,2130,34339,1190,65,17540,35519,906108,1.26648e+08,295,0.000163346,0.00731138,0.000447438,1.81417e+07,6.90646e+06,0,3.60957e+08,3.60957e+08,1,0
1210,72600,descending,0.995,4764,14085,6556,2022,22263,1184,58,11326,23559,844684,1.18288e+08,355,0.000152115,0.006187,0.000447827,1.81417e+07,6.90646e+06,0,3.60957e+08,3.60957e+08,1,0
1220,73200,cecum,0.9925,3662,20615,4429,1755,36228,831,85,18114,37842,739808,1.26349e+08,120,0.000166129,0.00762649,0.000373513,1.99678e+07,7.56778e+06,0,3.94838e+08,3.94838e+08,1,0
1220,73200,transverse,0.9975,5069,20793,7053,2182,35633,1222,68,18176,36805,926165,1.38403e+08,295,0.000163017,0.00727487,0.000488921,1.99678e+07,7.56778e+06,0,3.94838e+08,3.94838e+08,1,0
1220,73200,descending,0.9975,5188,14259,6817,2081,22745,1226,59,11734,24304,921967,1.30017e+08,355,0.000151835,0.00616113,0.000492311,1.99678e+07,7.56778e+06,0,3.94838e+08,3.94838e+08,1,0
1230,73800,cecum,0.995,3506,21557,4564,1807,37761,855,87,18779,39158,711953,1.37654e+08,120,0.000165843,0.00759307,0.000406928,2.19746e+07,8.29154e+06,0,4.31803e+08,4.31803e+08,1,0
1230,73800,transverse,0.995,5299,20774,7273,2250,36156,1255,69,18818,37438,968522,1.51213e+08,295,0.000162652,0.00723454,0.000534124,2.19746e+07,8.29154e+06,0,4.31803e+08,4.31803e+08,1,0
1230,73800,descending,0.995,5502,14283,7083,2139,23077,1271,62,12142,24784,979143,1.42865e+08,355,0.000151505,0.00613078,0.000541049,2.19746e+07,8.29154e+06,0,4.31803e+08,4.31803e+08,1,0
1240,74400,cecum,0.995,3923,21686,4702,1872,38479,874,94,19445,40232,791123,1.49943e+08,120,0.00016553,0.00755675,0.000443254,2.41794e+07,9.08344e+06,0,4.72112e+08,4.72112e+08,1,0
1240,74400,transverse,0.99,5238,21842,7505,2304,37678,1301,70,19371,38766,956899,1.65164e+08,295,0.000162246,0.00719008,0.000583358,2.41794e+07,9.08344e+06,0,4.72112e+08,4.72112e+08,1,0
1240,74400,descending,0.9975,5900,14540,7328,2206,23580,1321,63,12504,25556,1.05138e+06,1.56932e+08,355,0.000151119,0.00609559,0.000594412,2.41794e+07,9.08344e+06,0,4.72112e+08,4.72112e+08,1,0
1250,75000,cecum,0.9875,3737,22181,4843,1925,39521,897,97,20065,41020,757639,1.63297e+08,120,0.000165188,0.00751727,0.000482728,2.66008e+07,9.94964e+06,0,5.16044e+08,5.16044e+08,1,0
1250,75000,transverse,0.99,5237,23092,7778,2371,39433,1351,73,19990,40361,957121,1.8035e+08,295,0.000161796,0.00714116,0.00063695,2.66008e+07,9.94964e+06,0,5.16044e+08,5.16044e+08,1,0
1250,75000,descending,0.995,6446,14560,7634,2267,23864,1384,63,12892,26204,1.15041e+06,1.72321e+08,355,0.000150672,0.00605514,0.000652797,2.66008e+07,9.94964e+06,0,5.16044e+08,5.16044e+08,1,0
1260,75600,cecum,0.9925,3786,22951,4994,1986,40829,933,101,20696,42319,766697,1.77802e+08,120,0.000164813,0.0074744,0.000525603,2.92591e+07,1.08968e+07,0,5.63894e+08,5.63894e+08,1,0
1260,75600,transverse,1,5358,23784,7993,2438,40660,1382,73,20623,41592,979417,1.96871e+08,295,0.000161298,0.00708743,0.000695252,2.92591e+07,1.08968e+07,0,5.63894e+08,5.63894e+08,1,0
1260,75600,descending,1,6349,14700,7938,2352,24235,1445,63,13269,26320,1.13119e+06,1.89145e+08,355,0.000150158,0.00600904,0.000716624,2.92591e+07,1.08968e+07,0,5.63894e+08,5.63894e+08,1,0
1270,76200,cecum,0.9925,3629,23851,5148,2050,42287,964,101,21349,43561,740089,1.93549e+08,120,0.000164404,0.00742785,0.000572152,3.21762e+07,1.19323e+07,0,6.15978e+08,6.15978e+08,1,0
1270,76200,transverse,0.9975,5193,24494,8222,2501,41927,1423,74,21283,42568,948732,2.14831e+08,295,0.000160747,0.00702852,0.000758637,3.21762e+07,1.19323e+07,0,6.15978e+08,6.15978e+08,1,0
1270,76200,descending,0.9925,5656,15737,8218,2426,25653,1508,65,13785,26900,1.00304e+06,2.0752e+08,355,0.000149571,0.00595683,0.00078634,3.21762e+07,1.19323e+07,0,6.15978e+08,6.15978e+08,1,0
1280,76800,cecum,0.985,3541,24517,5286,2107,43572,987,108,22041,44693,723015,2.10637e+08,120,0.000163957,0.00737734,0.000622663,3.5376e+07,1.30637e+07,0,6.72628e+08,6.72628e+08,1,0
1280,76800,transverse,0.9925,5729,24873,8480,2568,42819,1469,79,21904,43846,1.04738e+06,2.34341e+08,295,0.000160137,0.00696405,0.000827498,3.5376e+07,1.30637e+07,0,6.72628e+08,6.72628e+08,1,0
1280,76800,descending,0.9975,5683,16255,8483,2475,26497,1564,66,14215,27610,1.00739e+06,2.27569e+08,355,0.000148902,0.00589804,0.000862414,3.5376e+07,1.30637e+07,0,6.72628e+08,6.72628e+08,1,0
1290,77400,cecum,0.99,3831,24656,5433,2174,44378,1007,112,22791,45725,779257,2.29169e+08,120,0.000163467,0.00732256,0.000677443,3.88838e+07,1.42996e+07,0,7.34192e+08,7.34192e+08,1,0
1290,77400,transverse,0.9975,5379,25813,8730,2635,44328,1516,84,22582,44864,982798,2.55517e+08,295,0.000159463,0.0068936,0.000902247,3.88838e+07,1.42996e+07,0,7.34192e+08,7.34192e+08,1,0
1290,77400,descending,0.9975,6096,16927,8751,2532,27563,1603,66,14705,28917,1.08293e+06,2.49423e+08,355,0.000148145,0.0058322,0.000945334,3.88838e+07,1.42996e+07,0,7.34192e+08,7.34192e+08,1,0
1300,78000,cecum,0.9975,3889,25243,5572,2233,45635,1038,115,23548,46988,789168,2.49255e+08,120,0.000162932,0.00726319,0.000736815,4.27274e+07,1.56489e+07,0,8.01037e+08,8.01037e+08,1,0
1300,78000,transverse,0.9975,5320,26582,8964,2702,45663,1559,86,23256,46014,971925,2.78482e+08,295,0.000158718,0.00681674,0.000983316,4.27274e+07,1.56489e+07,0,8.01037e+08,8.01037e+08,1,0
1300,78000,descending,0.9975,6528,16855,9016,2607,27826,1650,70,15158,29465,1.16096e+06,2.73216e+08,355,0.000147289,0.00575879,0.00103561,4.27274e+07,1.56489e+07,0,8.01037e+08,8.01037e+08,1,0
1310,78600,cecum,1,3417,25480,5725,2287,46512,1071,116,24274,47326,704123,2.71011e+08,120,0.000162346,0.00719888,0.00080112,4.69361e+07,1.71214e+07,0,8.73543e+08,8.73543e+08,1,0
1310,78600,transverse,0.9975,5567,27337,9214,2762,47199,1591,86,24129,47639,1.01735e+06,3.0336e+08,295,0.000157896,0.00673302,0.00107115,4.69361e+07,1.71214e+07,0,8.73543e+08,8.73543e+08,1,0
1310,78600,descending,1,6956,16444,9318,2671,27826,1697,73,15677,29699,1.23749e+06,2.99087e+08,355,0.000146325,0.00567729,0.00113376,4.69361e+07,1.71214e+07,0,8.73543e+08,8.73543e+08,1,0
1320,79200,cecum,0.9975,3811,25960,5874,2343,47624,1102,122,24987,48764,779327,2.94555e+08,120,0.000161705,0.00712928,0.000870716,5.15416e+07,1.87274e+07,0,9.52099e+08,9.52099e+08,1,0
1320,79200,transverse,0.9975,5348,27592,9471,2826,48151,1638,92,24931,48220,976152,3.30282e+08,295,0.000156989,0.00664199,0.00116623,5.15416e+07,1.87274e+07,0,9.52099e+08,9.52099e+08,1,0
1320,79200,descending,0.9975,6286,17983,9619,2722,29776,1759,75,16199,30789,1.11562e+06,3.27175e+08,355,0.000145241,0.00558718,0.00124031,5.15416e+07,1.87274e+07,0,9.52099e+08,9.52099e+08,1,0
1330,79800,cecum,0.9975,3823,26592,6024,2405,48833,1126,123,25649,49920,782284,3.20016e+08,120,0.000161004,0.00705402,0.000945976,5.65775e+07,2.0478e+07,0,1.03711e+09,1.03711e+09,1,0
1330,79800,transverse,1,5742,27741,9726,2882,48967,1687,92,25703,49280,1.0487e+06,3.5938e+08,295,0.000155988,0.00654317,0.001269,5.65775e+07,2.0478e+07,0,1.03711e+09,1.03711e+09,1,0
1330,79800,descending,0.9975,6934,18142,9909,2798,30319,1805,75,16705,31812,1.23352e+06,3.57621e+08,355,0.000144026,0.00548793,0.0013558,5.65775e+07,2.0478e+07,0,1.03711e+09,1.03711e+09,1,0
1340,80400,cecum,0.9975,4283,27822,6209,2462,50675,1160,128,26347,52123,868615,3.47522e+08,120,0.000160236,0.00697271,0.00102729,6.20795e+07,2.23849e+07,0,1.12897e+09,1.12897e+09,1,0
1340,80400,transverse,0.9975,6113,27801,9982,2951,49761,1738,112,26537,50289,1.11695e+06,3.90788e+08,295,0.000154883,0.00643608,0.00137997,6.20795e+07,2.23849e+07,0,1.12897e+09,1.12897e+09,1,0
1340,80400,descending,0.995,7264,18532,10228,2871,31177,1868,85,17299,32807,1.29251e+06,3.90564e+08,355,0.000142666,0.00537903,0.00148074,6.20795e+07,2.23849e+07,0,1.12897e+09,1.12897e+09,1,0
1350,81000,cecum,0.9975,4128,28352,6373,2534,51956,1184,130,27192,53179,842781,3.77212e+08,120,0.000159396,0.00688495,0.00111505,6.80853e+07,2.44606e+07,0,1.22808e+09,1.22808e+09,1,0
1350,81000,transverse,0.9975,6322,28078,10239,3014,50835,1786,113,27444,51425,1.15563e+06,4.24637e+08,295,0.000153665,0.00632024,0.00149959,6.80853e+07,2.44606e+07,0,1.22808e+09,1.22808e+09,1,0
1350,81000,descending,1,7070,18817,10561,2954,31901,1933,86,17885,33151,1.25435e+06,4.2614e+08,355,0.000141146,0.00525998,0.00161563,6.80853e+07,2.44606e+07,0,1.22808e+09,1.22808e+09,1,0
1360,81600,cecum,0.9975,3912,28809,6492,2587,53241,1207,131,28095,54204,801778,4.09221e+08,120,0.000158476,0.00679034,0.00120966,7.46343e+07,2.67183e+07,0,1.33484e+09,1.33484e+09,1,0
1360,81600,transverse,1,6372,29423,10502,3089,52912,1828,119,28287,53400,1.16528e+06,4.61057e+08,295,0.000152321,0.0061952,0.00162835,7.46343e+07,2.67183e+07,0,1.33484e+09,1.33484e+09,1,0
1360,81600,descending,1,7106,18774,10888,3043,32216,1994,89,18390,33322,1.25829e+06,4.6447e+08,355,0.000139449,0.00513031,0.00176092,7.46343e+07,2.67183e+07,0,1.33484e+09,1.33484e+09,1,0
1370,82200,cecum,0.995,4362,29486,6637,2643,54707,1229,134,28959,56050,885299,4.43688e+08,120,0.000157468,0.00668846,0.00131154,8.1768e+07,2.91717e+07,0,1.44962e+09,1.44962e+09,1,0
1370,82200,transverse,1,5962,29311,10775,3163,53602,1876,119,29211,53529,1.08892e+06,5.00172e+08,295,0.00015084,0.0060605,0.00176668,8.1768e+07,2.91717e+07,0,1.44962e+09,1.44962e+09,1,0
1370,82200,descending,0.995,7187,19358,11214,3114,33127,2042,89,18836,34107,1.27247e+06,5.05666e+08,355,0.000137558,0.00498964,0.00191703,8.1768e+07,2.91717e+07,0,1.44962e+09,1.44962e+09,1,0
1380,82800,cecum,1,4409,29688,6787,2709,55557,1256,135,29699,56889,897193,4.80754e+08,120,0.000156365,0.00657889,0.00142111,8.95291e+07,3.18353e+07,0,1.57276e+09,1.57276e+09,1,0
1380,82800,transverse,0.9975,6134,29613,11029,3242,54688,1918,135,30100,54638,1.12021e+06,5.42094e+08,295,0.000149207,0.00591573,0.00191502,8.95291e+07,3.18353e+07,0,1.57276e+09,1.57276e+09,1,0
1380,82800,descending,1,7950,19158,11557,3195,33439,2103,94,19485,34976,1.41115e+06,5.49819e+08,355,0.000135454,0.00483763,0.00208428,8.95291e+07,3.18353e+07,0,1.57276e+09,1.57276e+09,1,0
1390,83400,cecum,1,4327,30322,6980,2762,56926,1299,147,30518,58067,886100,5.20553e+08,120,0.000155157,0.00646125,0.00153875,9.79614e+07,3.47239e+07,0,1.70457e+09,1.70457e+09,1,0
1390,83400,transverse,0.9975,6692,30094,11311,3317,55898,1972,141,30952,56247,1.22292e+06,5.86921e+08,295,0.000147408,0.00576052,0.00207372,9.79614e+07,3.47239e+07,0,1.70457e+09,1.70457e+09,1,0
1390,83400,descending,1,7814,19773,11917,3277,34427,2158,96,19993,35603,1.38384e+06,5.96994e+08,355,0.000133115,0.00467407,0.0022629,9.79614e+07,3.47239e+07,0,1.70457e+09,1.70457e+09,1,0
1400,84000,cecum,0.9975,4136,30275,7164,2833,57665,1333,155,31401,58528,855507,5.63218e+08,120,0.000153835,0.00633514,0.00166486,1.0711e+08,3.78529e+07,0,1.84527e+09,1.84527e+09,1,0
1400,84000,transverse,1,6610,31212,11625,3380,57807,2025,149,31851,57868,1.20797e+06,6.34733e+08,295,0.000145425,0.00559455,0.0022431,1.0711e+08,3.78529e+07,0,1.84527e+09,1.84527e+09,1,0
1400,84000,descending,1,7650,19975,12275,3364,35108,2216,113,20600,35890,1.3514e+06,6.47222e+08,355,0.00013052,0.00449886,0.00245296,1.0711e+08,3.78529e+07,0,1.84527e+09,1.84527e+09,1,0
1410,84600,cecum,0.9975,4638,30808,7332,2912,58978,1363,156,32289,60283,948574,6.08871e+08,120,0.000152386,0.00620019,0.00179981,1.17018e+08,4.12379e+07,0,1.99505e+09,1.99505e+09,1,0
1410,84600,transverse,1,6357,31369,11938,3456,58752,2085,153,32771,58379,1.1606e+06,6.85586e+08,295,0.000143242,0.00541762,0.00242339,1.17018e+08,4.12379e+07,0,1.99505e+09,1.99505e+09,1,0
1410,84600,descending,0.9975,8373,20485,12612,3430,36049,2280,116,21158,37344,1.4832e+06,7.00491e+08,355,0.000127646,0.00431209,0.0026544,1.17018e+08,4.12379e+07,0,1.99505e+09,1.99505e+09,1,0
1420,85200,cecum,0.9975,5321,31202,7539,2992,60192,1396,161,33217,62081,1.07898e+06,6.57623e+08,120,0.000150801,0.00605609,0.00194391,1.27732e+08,4.48947e+07,0,2.15397e+09,2.15397e+09,1,0
1420,85200,transverse,1,6835,30854,12224,3528,59019,2138,165,33666,58951,1.24839e+06,7.39501e+08,295,0.000140839,0.0052296,0.00261468,1.27732e+08,4.48947e+07,0,2.15397e+09,2.15397e+09,1,0
1420,85200,descending,1,8252,21166,12975,3510,37173,2349,126,21740,38123,1.45841e+06,7.5674e+08,355,0.000124469,0.00411404,0.00286693,1.27732e+08,4.48947e+07,0,2.15397e+09,2.15397e+09,1,0
1430,85800,cecum,0.9975,4865,31706,7765,3075,61497,1445,161,34150,62836,994501,7.0957e+08,120,0.000149065,0.00590254,0.00209746,1.39292e+08,4.88391e+07,0,2.32197e+09,2.32197e+09,1,0
1430,85800,transverse,1,6733,31256,12522,3608,60159,2184,165,34530,59817,1.22949e+06,7.96458e+08,295,0.000138197,0.00503052,0.00281698,1.39292e+08,4.88391e+07,0,2.32197e+09,2.32197e+09,1,0
1430,85800,descending,1,8227,21518,13354,3579,37942,2420,127,22296,38627,1.45306e+06,8.15843e+08,355,0.000120965,0.00390523,0.00309003,1.39292e+08,4.88391e+07,0,2.32197e+09,2.32197e+09,1,0
1440,86400,cecum,1,4365,33175,7971,3133,63833,1478,165,35104,64553,905917,7.64781e+08,120,0.000147165,0.00573934,0.00226066,1.51741e+08,5.30863e+07,0,2.49888e+09,2.49888e+09,1,0
1440,86400,transverse,1,7005,31877,12854,3681,61590,2242,165,35471,61319,1.27946e+06,8.5639e+08,295,0.000135293,0.00482056,0.00303008,1.51741e+08,5.30863e+07,0,2.49888e+09,2.49888e+09,1,0
1440,86400,descending,1,8187,21636,13746,3657,38574,2497,127,22965,38982,1.44356e+06,8.77604e+08,355,0.000117113,0.00368647,0.0033229,1.51741e+08,5.30863e+07,0,2.49888e+09,2.49888e+09,1,0
1450,87000,cecum,0.9975,4857,33859,8179,3195,65351,1518,170,36035,66452,1.00048e+06,8.23301e+08,120,0.000145088,0.00556636,0.00243364,1.65114e+08,5.76511e+07,0,2.68433e+09,2.68433e+09,1,0
1450,87000,transverse,1,6995,32058,13146,3761,62645,2298,170,36476,62203,1.27795e+06,9.19174e+08,295,0.000132107,0.0046001,0.00325362,1.65114e+08,5.76511e+07,0,2.68433e+09,2.68433e+09,1,0
1450,87000,descending,1,8382,22358,14113,3737,39689,2577,127,23518,40085,1.48048e+06,9.41745e+08,355,0.000112892,0.00345888,0.00356441,1.65114e+08,5.76511e+07,0,2.68433e+09,2.68433e+09,1,0
1460,87600,cecum,1,4974,34351,8366,3263,66763,1553,177,37051,67890,1.02072e+06,8.8514e+08,120,0.000142817,0.00538357,0.00261643,1.79443e+08,6.25474e+07,0,2.87777e+09,2.87777e+09,1,0
1460,87600,transverse,1,7293,32751,13435,3821,64217,2353,175,37465,63894,1.33311e+06,9.84616e+08,295,0.000128617,0.00436975,0.00348699,1.79443e+08,6.25474e+07,0,2.87777e+09,2.87777e+09,1,0
1460,87600,descending,1,8465,22465,14541,3819,40296,2647,128,24169,40498,1.49346e+06,1.0079e+09,355,0.000108287,0.00322393,0.00381312,1.79443e+08,6.25474e+07,0,2.87777e+09,2.87777e+09,1,0
1470,88200,cecum,1,5197,34238,8582,3324,67652,1590,187,38141,68874,1.06592e+06,9.50264e+08,120,0.000140338,0.00519107,0.00280893,1.94755e+08,6.77874e+07,0,3.07844e+09,3.07844e+09,1,0
1470,88200,transverse,1,6613,33911,13740,3899,66152,2410,180,38370,64974,1.20623e+06,1.05245e+09,295,0.000124803,0.00413037,0.00372932,1.94755e+08,6.77874e+07,0,3.07844e+09,3.07844e+09,1,0
1470,88200,descending,1,8828,22405,14942,3898,40621,2732,130,24716,40947,1.55691e+06,1.07562e+09,355,0.00010329,0.00298343,0.00406719,1.94755e+08,6.77874e+07,0,3.07844e+09,3.07844e+09,1,0
1480,88800,cecum,1,4697,35280,8784,3392,69593,1630,191,39144,70217,970787,1.01859e+09,120,0.000137633,0.00498911,0.00301089,2.11068e+08,7.33821e+07,0,3.28536e+09,3.28536e+09,1,0
1480,88800,transverse,1,7266,34190,14041,3967,67370,2458,181,39424,66659,1.32704e+06,1.12232e+09,295,0.000120647,0.00388311,0.00397947,2.11068e+08,7.33821e+07,0,3.28536e+09,3.28536e+09,1,0
1480,88800,descending,1,9035,22672,15351,3974,41405,2821,133,25395,41691,1.59409e+06,1.14434e+09,355,9.79014e-05,0.00273957,0.00432444,2.11068e+08,7.33821e+07,0,3.28536e+09,3.28536e+09,1,0
1490,89400,cecum,0.9975,6105,35977,8990,3464,71195,1667,191,40158,73130,1.23391e+06,1.08997e+09,120,0.000134688,0.00477812,0.00322188,2.28391e+08,7.93398e+07,0,3.4973e+09,3.4973e+09,1,0
1490,89400,transverse,1,7487,34866,14344,4043,68875,2515,187,40380,68209,1.36733e+06,1.19379e+09,295,0.000116133,0.00362944,0.00423597,2.28391e+08,7.93398e+07,0,3.4973e+09,3.4973e+09,1,0
1490,89400,descending,1,9510,22482,15757,4054,41699,2893,137,26027,42202,1.67881e+06,1.21343e+09,355,9.21369e-05,0.00249486,0.00458237,2.28391e+08,7.93398e+07,0,3.4973e+09,3.4973e+09,1,0
1500,90000,cecum,1,5624,36322,9231,3549,72400,1716,193,41150,73745,1.14893e+06,1.16419e+09,120,0.000131487,0.00455872,0.00344128,2.46725e+08,8.56666e+07,0,3.7128e+09,3.7128e+09,1,0
1500,90000,transverse,1,7233,35147,14677,4127,69967,2567,197,41317,68840,1.32018e+06,1.26631e+09,295,0.000111253,0.00337113,0.00449706,2.46725e+08,8.56666e+07,0,3.7128e+09,3.7128e+09,1,0
1500,90000,descending,1,9426,23076,16142,4136,42757,2980,140,26657,42957,1.66184e+06,1.28218e+09,355,8.60271e-05,0.00225207,0.00483821,2.46725e+08,8.56666e+07,0,3.7128e+09,3.7128e+09,1,0
1510,90600,cecum,1,5360,36498,9463,3627,73590,1751,197,42273,74548,1.10402e+06,1.24098e+09,121,0.000128016,0.00433175,0.00366825,2.66058e+08,9.23655e+07,0,3.93021e+09,3.93021e+09,1,0
1510,90600,transverse,1,7791,35585,15048,4207,71322,2632,201,42375,70523,1.42262e+06,1.33927e+09,296,0.000106006,0.00311027,0.00476063,2.66058e+08,9.23655e+07,0,3.93021e+09,3.93021e+09,1,0
1510,90600,descending,1,9854,23252,16563,4224,43443,3070,140,27345,43828,1.73871e+06,1.34985e+09,356,7.96222e-05,0.00201417,0.00508899,2.66058e+08,9.23655e+07,0,3.93021e+09,3.93021e+09,1,0
1520,91200,cecum,1,5008,37556,9718,3687,75632,1802,205,43360,76086,1.03274e+06,1.31995e+09,121,0.000124264,0.00409831,0.00390169,2.86368e+08,9.94361e+07,0,4.14768e+09,4.14768e+09,1,0
1520,91200,transverse,1,8007,36209,15403,4296,72729,2707,204,43319,71952,1.46244e+06,1.41196e+09,296,0.000100403,0.00284924,0.00502433,2.86368e+08,9.94361e+07,0,4.14768e+09,4.14768e+09,1,0
1520,91200,descending,1,10239,23977,17035,4312,44583,3149,143,27924,45045,1.80725e+06,1.41565e+09,356,7.29933e-05,0.00178414,0.00533172,2.86368e+08,9.94361e+07,0,4.14768e+09,4.14768e+09,1,0
1530,91800,cecum,0.9975,6129,38178,9947,3759,77251,1833,207,44458,78698,1.24431e+06,1.40066e+09,121,0.000120223,0.00385974,0.00414026,3.07622e+08,1.06875e+08,0,4.36323e+09,4.36323e+09,1,0
1530,91800,transverse,1,8055,37297,15730,4397,74683,2783,207,44359,73801,1.4707e+06,1.48359e+09,296,9.4466e-05,0.00259063,0.00528555,3.07622e+08,1.06875e+08,0,4.36323e+09,4.36323e+09,1,0
1530,91800,descending,1,10150,25151,17458,4390,46451,3235,143,28782,46565,1.7917e+06,1.47885e+09,356,6.62318e-05,0.00156489,0.00556352,3.07622e+08,1.06875e+08,0,4.36323e+09,4.36323e+09,1,0
1540,92400,cecum,1,6067,39111,10179,3862,79172,1871,208,45586,80465,1.24004e+06,1.48257e+09,121,0.000115892,0.00361763,0.00438237,3.29777e+08,1.14674e+08,0,4.57483e+09,4.57483e+09,1,0
1540,92400,transverse,1,8064,37387,16094,4480,75702,2851,211,45435,74612,1.47173e+06,1.55336e+09,296,8.82358e-05,0.0023372,0.00554153,3.29777e+08,1.14674e+08,0,4.57483e+09,4.57483e+09,1,0
1540,92400,descending,1,9745,26543,17901,4505,48337,3323,144,29478,47805,1.71664e+06,1.53877e+09,356,5.94467e-05,0.00135901,0.00578178,3.29777e+08,1.14674e+08,0,4.57483e+09,4.57483e+09,1,0
1550,93000,cecum,1,5753,40422,10412,3941,81521,1922,210,46752,82395,1.18979e+06,1.56504e+09,121,0.000111275,0.00337385,0.00462615,3.52778e+08,1.22822e+08,0,4.78046e+09,4.78046e+09,1,0
1550,93000,transverse,1,7936,36725,16455,4576,76025,2924,214,46586,74612,1.44709e+06,1.62044e+09,296,8.17694e-05,0.00209175,0.00578948,3.52778e+08,1.22822e+08,0,4.78046e+09,4.78046e+09,1,0
1550,93000,descending,1,9197,27448,18307,4582,49830,3389,153,30200,48478,1.61844e+06,1.59485e+09,356,5.2758e-05,0.00116866,0.00598434,3.52778e+08,1.22822e+08,0,4.78046e+09,4.78046e+09,1,0
1560,93600,cecum,1,5580,40469,10623,4006,82659,1969,213,47952,83258,1.16056e+06,1.64738e+09,121,0.000106386,0.00313046,0.00486954,3.76567e+08,1.31305e+08,0,4.9782e+09,4.9782e+09,1,0
1560,93600,transverse,1,8733,37373,16829,4658,77540,2988,214,47599,76696,1.5944e+06,1.68402e+09,296,7.51424e-05,0.00185698,0.0060267,3.76567e+08,1.31305e+08,0,4.9782e+09,4.9782e+09,1,0
1560,93600,descending,1,9446,27196,18756,4670,50159,3485,154,30964,48790,1.66199e+06,1.64667e+09,356,4.62884e-05,0.000995414,0.00616964,3.76567e+08,1.31305e+08,0,4.9782e+09,4.9782e+09,1,0
1570,94200,cecum,1,5006,41081,10864,4086,84234,2017,223,49033,84136,1.05438e+06,1.72883e+09,121,0.000101248,0.00288971,0.00511029,4.01078e+08,1.40106e+08,0,5.16633e+09,5.16633e+09,1,0
1570,94200,transverse,1,8911,36493,17180,4778,77540,3042,215,48652,76696,1.62637e+06,1.7434e+09,296,6.84461e-05,0.00163535,0.00625072,4.01078e+08,1.40106e+08,0,5.16633e+09,5.16633e+09,1,0
1570,94200,descending,0.9975,10072,27526,19217,4743,51227,3573,156,31861,50182,1.7767e+06,1.69397e+09,356,4.01528e-05,0.000840169,0.00633679,4.01078e+08,1.40106e+08,0,5.16633e+09,5.16633e+09,1,0
1580,94800,cecum,1,5874,41090,11120,4161,85332,2072,226,50249,85973,1.21904e+06,1.80859e+09,121,9.58985e-05,0.00265394,0.00534606,4.26245e+08,1.49203e+08,0,5.34336e+09,5.34336e+09,1,0
1580,94800,transverse,1,8730,37813,17589,4868,79832,3120,219,49788,78562,1.59224e+06,1.79797e+09,296,6.17841e-05,0.00142896,0.00645946,4.26245e+08,1.49203e+08,0,5.34336e+09,5.34336e+09,1,0
1580,94800,descending,1,10552,27829,19717,4837,52113,3667,162,32626,51230,1.86369e+06,1.73667e+09,356,3.44488e-05,0.000703151,0.00648554,4.26245e+08,1.49203e+08,0,5.34336e+09,5.34336e+09,1,0
1590,95400,cecum,1,5445,41485,11351,4227,86799,2119,230,51430,86889,1.13755e+06,1.88587e+09,121,9.03857e-05,0.00242553,0.00557447,4.52001e+08,1.58576e+08,0,5.50811e+09,5.50811e+09,1,0
1590,95400,transverse,1,9340,37913,18016,4944,80953,3195,226,50953,80010,1.70413e+06,1.84727e+09,296,5.52653e-05,0.00123938,0.00665135,4.52001e+08,1.58576e+08,0,5.50811e+09,5.50811e+09,1,0
1590,95400,descending,1,10946,28424,20192,4943,53489,3758,167,33599,52717,1.93386e+06,1.77484e+09,356,2.92489e-05,0.000583951,0.00661632,4.52001e+08,1.58576e+08,0,5.50811e+09,5.50811e+09,1,0
1600,96000,cecum,1,6504,41866,11584,4298,88207,2155,235,52559,89225,1.33674e+06,1.95987e+09,121,8.47713e-05,0.00220677,0.00579323,4.78281e+08,1.68201e+08,0,5.65974e+09,5.65974e+09,1,0
1600,96000,transverse,1,8973,38395,18418,5046,82503,3265,228,52191,80961,1.6359e+06,1.89103e+09,296,4.89962e-05,0.00106761,0.00682537,4.78281e+08,1.68201e+08,0,5.65974e+09,5.65974e+09,1,0
1600,96000,descending,1,10840,29047,20718,5038,54679,3844,169,34345,53454,1.91136e+06,1.8087e+09,356,2.45966e-05,0.000481634,0.00673007,4.78281e+08,1.68201e+08,0,5.65974e+09,5.65974e+09,1,0
1610,96600,cecum,1,6542,42529,11853,4378,89966,2202,238,53779,90877,1.34454e+06,2.02991e+09,121,7.91273e-05,0.00199975,0.00600025,5.05024e+08,1.78053e+08,0,5.79776e+09,5.79776e+09,1,0
1610,96600,transverse,1,9678,38885,18804,5128,83998,3332,231,53342,82921,1.76725e+06,1.92916e+09,296,4.30728e-05,0.000914048,0.00698114,5.05024e+08,1.78053e+08,0,5.79776e+09,5.79776e+09,1,0
1610,96600,descending,1,11134,28855,21190,5139,55057,3940,173,35108,53847,1.96282e+06,1.83856e+09,356,2.05066e-05,0.000394872,0.00682811,5.05024e+08,1.78053e+08,0,5.79776e+09,5.79776e+09,1,0
1620,97200,cecum,1,5608,42522,12105,4476,91017,2245,244,54972,90877,1.173e+06,2.09537e+09,121,7.35336e-05,0.00180627,0.00619373,5.32174e+08,1.88109e+08,0,5.92202e+09,5.92202e+09,1,0
1620,97200,transverse,1,9978,39308,19196,5244,85444,3395,242,54533,84443,1.82189e+06,1.96174e+09,296,3.75729e-05,0.000778492,0.00711885,5.32174e+08,1.88109e+08,0,5.92202e+09,5.92202e+09,1,0
1620,97200,descending,1,10624,30735,21647,5208,57441,4025,174,35765,55417,1.86991e+06,1.86478e+09,356,1.69678e-05,0.000322097,0.00691201,5.32174e+08,1.88109e+08,0,5.92202e+09,5.92202e+09,1,0
1630,97800,cecum,1,5755,42908,12354,4555,92534,2280,248,56213,92402,1.2031e+06,2.15577e+09,121,6.80733e-05,0.00162772,0.00637228,5.59682e+08,1.98345e+08,0,6.03269e+09,6.03269e+09,1,0
1630,97800,transverse,1,9219,40425,19599,5346,87479,3458,250,55608,85473,1.68198e+06,1.98901e+09,296,3.25518e-05,0.000660241,0.00723922,5.59682e+08,1.98345e+08,0,6.03269e+09,6.03269e+09,1,0
1630,97800,descending,1,9935,32174,22108,5298,59651,4108,181,36702,56643,1.74326e+06,1.88776e+09,356,1.39491e-05,0.000261631,0.00698346,5.59682e+08,1.98345e+08,0,6.03269e+09,6.03269e+09,1,0
1640,98400,cecum,0.9725,4454,43263,12585,4617,94129,2329,263,57549,92561,957188,2.21081e+09,121,6.28269e-05,0.00146503,0.00653497,5.87503e+08,2.08739e+08,0,6.1302e+09,6.1302e+09,1,0
1640,98400,transverse,0.9975,9294,40011,20005,5457,88164,3538,250,56898,86018,1.6947e+06,2.01134e+09,296,2.804e-05,0.00055819,0.00734335,5.87503e+08,2.08739e+08,0,6.1302e+09,6.1302e+09,1,0
1640,98400,descending,1,10933,32522,22574,5381,60941,4184,183,37801,58622,1.92766e+06,1.90791e+09,356,1.14059e-05,0.000211803,0.00704411,5.87503e+08,2.08739e+08,0,6.1302e+09,6.1302e+09,1,0
1650,99000,cecum,0.935,4245,43258,12794,4665,95313,2366,263,58823,93412,916302,2.26034e+09,121,5.78672e-05,0.00131863,0.00668137,6.15599e+08,2.19269e+08,0,6.21523e+09,6.21523e+09,1,0
1650,99000,transverse,1,9678,39354,20454,5565,88574,3618,253,58150,86548,1.76455e+06,2.02915e+09,296,2.40446e-05,0.000470963,0.0074326,6.15599e+08,2.19269e+08,0,6.21523e+09,6.21523e+09,1,0
1650,99000,descending,1,10469,33340,23031,5460,62472,4290,184,38698,59416,1.84264e+06,1.92561e+09,356,9.28603e-06,0.000171024,0.00709558,6.15599e+08,2.19269e+08,0,6.21523e+09,6.21523e+09,1,0
1660,99600,cecum,0.9675,4387,43033,12991,4721,96158,2403,270,59979,94288,946242,2.30437e+09,121,5.32538e-05,0.00118849,0.00681151,6.43937e+08,2.29916e+08,0,6.28864e+09,6.28864e+09,1,0
1660,99600,transverse,1,9395,40510,20902,5651,90685,3698,256,59268,88091,1.71145e+06,2.04293e+09,296,2.05526e-05,0.000397028,0.00750853,6.43937e+08,2.29916e+08,0,6.28864e+09,6.28864e+09,1,0
1660,99600,descending,1,10738,34034,23552,5555,63747,4386,186,39468,60628,1.88865e+06,1.9412e+09,356,7.5349e-06,0.000137844,0.0071393,6.43937e+08,2.29916e+08,0,6.28864e+09,6.28864e+09,1,0
1670,100200,cecum,0.9575,4384,42739,13178,4765,97054,2442,274,61248,95073,945205,2.34305e+09,121,4.90301e-05,0.00107414,0.00692586,6.72488e+08,2.40662e+08,0,6.3514e+09,6.3514e+09,1,0
1670,100200,transverse,1,8909,41364,21353,5748,92542,3785,261,60450,89190,1.62178e+06,2.05319e+09,299,1.75357e-05,0.000334809,0.00757269,6.72488e+08,2.40662e+08,0,6.3514e+09,6.3514e+09,1,0
1670,100200,descending,1,11104,33668,24041,5637,64139,4465,186,40387,61058,1.95235e+06,1.95501e+09,359,6.09919e-06,0.000110974,0.00717657,6.72488e+08,2.40662e+08,0,6.3514e+09,6.3514e+09,1,0
1680,100800,cecum,0.9525,4083,42654,13385,4802,98293,2480,278,62643,95875,883518,2.37669e+09,121,4.52215e-05,0.000974729,0.00702527,7.0123e+08,2.51492e+08,0,6.40453e+09,6.40453e+09,1,0
1680,100800,transverse,1,10066,41170,21816,5825,93370,3868,283,61610,90850,1.83565e+06,2.0604e+09,299,1.49554e-05,0.000282766,0.00762664,7.0123e+08,2.51492e+08,0,6.40453e+09,6.40453e+09,1,0
1680,100800,descending,1,11240,33896,24558,5754,65162,4560,186,41394,61912,1.97709e+06,1.96731e+09,359,4.92935e-06,8.92984e-05,0.00720851,7.0123e+08,2.51492e+08,0,6.40453e+09,6.40453e+09,1,0
1690,101400,cecum,0.97,4457,41973,13593,4843,98758,2514,281,63861,96578,955996,2.40563e+09,121,4.18358e-05,0.000889167,0.00711083,7.30142e+08,2.62392e+08,0,6.44912e+09,6.44912e+09,1,0
1690,101400,transverse,1,9318,41767,22260,5915,94907,3943,286,62712,91357,1.69644e+06,2.06502e+09,299,1.2767e-05,0.000239453,0.00767182,7.30142e+08,2.62392e+08,0,6.44912e+09,6.44912e+09,1,0
1690,101400,descending,1,12123,35045,25110,5859,67072,4659,194,42351,64349,2.14249e+06,1.97831e+09,359,3.98092e-06,7.18676e-05,0.00723606,7.30142e+08,2.62392e+08,0,6.44912e+09,6.44912e+09,1,0
1700,102000,cecum,0.96,4261,41694,13770,4876,99727,2538,285,65162,97227,919577,2.43033e+09,121,3.88653e-05,0.000816179,0.00718382,7.59205e+08,2.73348e+08,0,6.48618e+09,6.48618e+09,1,0
1700,102000,transverse,1,8768,42575,22716,5985,96805,4016,287,63944,92391,1.59523e+06,2.06747e+09,299,1.09246e-05,0.000203555,0.00770955,7.59205e+08,2.73348e+08,0,6.48618e+09,6.48618e+09,1,0
1700,102000,descending,1,11092,35515,25625,5980,68402,4760,200,43427,64349,1.94914e+06,1.98824e+09,359,3.21508e-06,5.78846e-05,0.00726003,7.59205e+08,2.73348e+08,0,6.48618e+09,6.48618e+09,1,0
1710,102600,cecum,0.9725,4393,41163,13979,4923,100395,2566,300,66421,97878,944440,2.45122e+09,121,3.62897e-05,0.000754412,0.00724559,7.88407e+08,2.84352e+08,0,6.51672e+09,6.51672e+09,1,0
1710,102600,transverse,1,9045,43246,23147,6045,98475,4101,288,65087,94051,1.64643e+06,2.06811e+09,299,9.38255e-06,0.000173904,0.00774099,7.88407e+08,2.84352e+08,0,6.51672e+09,6.51672e+09,1,0
1710,102600,descending,1,11930,35395,26119,6096,69099,4841,220,44421,65567,2.10147e+06,1.99723e+09,359,2.59865e-06,4.66886e-05,0.00728108,7.88407e+08,2.84352e+08,0,6.51672e+09,6.51672e+09,1,0
1720,103200,cecum,0.96,4227,40925,14199,4966,101218,2607,307,67559,98392,916668,2.46879e+09,121,3.40799e-05,0.000702506,0.00729749,8.17735e+08,2.95394e+08,0,6.54164e+09,6.54164e+09,1,0
1720,103200,transverse,1,10403,44408,23563,6117,100647,4175,293,66238,97306,1.89872e+06,2.06727e+09,299,8.0984e-06,0.000149478,0.00776717,8.17735e+08,2.95394e+08,0,6.54164e+09,6.54164e+09,1,0
1720,103200,descending,1,12154,35092,26682,6203,69578,4947,221,45415,65919,2.13923e+06,2.00544e+09,359,2.10372e-06,3.7737e-05,0.00729975,8.17735e+08,2.95394e+08,0,6.54164e+09,6.54164e+09,1,0
1730,103800,cecum,0.95,4295,40747,14385,5009,102181,2633,318,68758,99295,926434,2.48345e+09,121,3.22016e-05,0.00065915,0.00734085,8.47177e+08,3.06465e+08,0,6.56178e+09,6.56178e+09,1,0
1730,103800,transverse,1,8981,45429,23974,6196,102880,4254,302,67599,97855,1.63587e+06,2.06521e+09,299,7.03338e-06,0.000129402,0.00778897,8.47177e+08,3.06465e+08,0,6.56178e+09,6.56178e+09,1,0
1730,103800,descending,1,11655,35983,27194,6300,71223,5064,225,46379,66763,2.05082e+06,2.01297e+09,359,1.7071e-06,3.05873e-05,0.00731649,8.47177e+08,3.06465e+08,0,6.56178e+09,6.56178e+09,1,0
1740,104400,cecum,0.9525,4426,40628,14560,5047,103163,2666,325,69923,100297,947394,2.49564e+09,121,3.06175e-05,0.000623124,0.00737688,8.76725e+08,3.1756e+08,0,6.57788e+09,6.57788e+09,1,0
1740,104400,transverse,1,9477,45748,24408,6284,104283,4328,311,68836,99473,1.72669e+06,2.06218e+09,299,6.15306e-06,0.000112931,0.00780712,8.76725e+08,3.1756e+08,0,6.57788e+09,6.57788e+09,1,0
1740,104400,descending,1,11213,35996,27761,6392,72046,5162,229,47375,66763,1.96705e+06,2.01991e+09,359,1.38969e-06,2.48811e-05,0.00733165,8.76725e+08,3.1756e+08,0,6.57788e+09,6.57788e+09,1,0
1750,105000,cecum,0.96,4475,40498,14769,5086,104049,2712,330,71019,101103,958523,2.50572e+09,121,2.92909e-05,0.000593321,0.00740668,9.06371e+08,3.28674e+08,0,6.59058e+09,6.59058e+09,1,0
1750,105000,transverse,1,10627,46071,24846,6391,105544,4405,313,69956,101628,1.93907e+06,2.05836e+09,299,5.42746e-06,9.94369e-05,0.00782226,9.06371e+08,3.28674e+08,0,6.59058e+09,6.59058e+09,1,0
1750,105000,descending,1,12432,35579,28345,6492,72469,5271,232,48421,68027,2.18911e+06,2.02635e+09,359,1.13594e-06,2.03289e-05,0.00734553,9.06371e+08,3.28674e+08,0,6.59058e+09,6.59058e+09,1,0
1760,105600,cecum,0.955,4408,40266,14985,5137,104942,2748,333,72228,101797,950251,2.51403e+09,121,2.81862e-05,0.000568758,0.00743124,9.36108e+08,3.39801e+08,0,6.60045e+09,6.60045e+09,1,0
1760,105600,transverse,1,9686,47156,25256,6492,107791,4494,323,71298,102704,1.7657e+06,2.05393e+09,299,4.83077e-06,8.8396e-05,0.00783492,9.36108e+08,3.39801e+08,0,6.60045e+09,6.60045e+09,1,0
1760,105600,descending,1,12372,35301,28914,6606,72876,5384,237,49328,68027,2.17359e+06,2.03233e+09,359,9.33223e-07,1.66983e-05,0.00735836,9.36108e+08,3.39801e+08,0,6.60045e+09,6.60045e+09,1,0
1770,106200,cecum,0.97,4370,40074,15217,5173,105912,2794,337,73468,102575,939451,2.52086e+09,121,2.72709e-05,0.000548576,0.00745142,9.65929e+08,3.50939e+08,0,6.60794e+09,6.60794e+09,1,0
1770,106200,transverse,1,9084,47972,25707,6568,109707,4590,325,72568,103737,1.6534e+06,2.04902e+09,299,4.34106e-06,7.93719e-05,0.00784552,9.65929e+08,3.50939e+08,0,6.60794e+09,6.60794e+09,1,0
1770,106200,descending,0.9975,12470,36510,29511,6716,74982,5492,246,50434,69843,2.19405e+06,2.03791e+09,359,7.71333e-07,1.38027e-05,0.00737033,9.65929e+08,3.50939e+08,0,6.60794e+09,6.60794e+09,1,0
1780,106800,cecum,0.9475,4140,40055,15432,5216,107046,2829,342,74694,103337,891445,2.52646e+09,121,2.65155e-05,0.000532038,0.00746796,9.9583e+08,3.62083e+08,0,6.61348e+09,6.61348e+09,1,0
1780,106800,transverse,1,9673,47903,26111,6668,110978,4671,339,74075,105360,1.76322e+06,2.04375e+09,299,3.93984e-06,7.20035e-05,0.00785444,9.9583e+08,3.62083e+08,0,6.61348e+09,6.61348e+09,1,0
1780,106800,descending,1,12112,36819,30095,6830,76110,5617,250,51488,70264,2.12419e+06,2.04313e+09,359,6.42075e-07,1.14932e-05,0.00738158,9.9583e+08,3.62083e+08,0,6.61348e+09,6.61348e+09,1,0
1790,107400,cecum,0.9475,4059,40182,15612,5256,108214,2858,343,75803,104312,876984,2.53103e+09,121,2.58943e-05,0.000518514,0.00748149,1.0258e+09,3.73232e+08,0,6.6174e+09,6.6174e+09,1,0
1790,107400,transverse,1,9788,48339,26544,6778,112641,4763,346,75497,106900,1.78441e+06,2.03819e+09,299,3.61163e-06,6.59927e-05,0.00786197,1.0258e+09,3.73232e+08,0,6.6174e+09,6.6174e+09,1,0
1790,107400,descending,1,12196,37787,30654,6932,78038,5744,254,52673,71942,2.1444e+06,2.04802e+09,359,5.38872e-07,9.65082e-06,0.00739225,1.0258e+09,3.73232e+08,0,6.6174e+09,6.6174e+09,1,0
1800,108000,cecum,0.9525,3792,40586,15814,5285,109569,2894,343,76819,105263,816857,2.53477e+09,121,2.53848e-05,0.000507475,0.00749253,1.05585e+09,3.84383e+08,0,6.61998e+09,6.61998e+09,1,0
1800,108000,transverse,1,9312,48939,26965,6863,114470,4853,347,76900,108006,1.69687e+06,2.03243e+09,299,3.34355e-06,6.10942e-05,0.00786835,1.05585e+09,3.84383e+08,0,6.61998e+09,6.61998e+09,1,0
1800,108000,descending,1,11636,37736,31193,7030,78948,5836,255,53823,71942,2.03938e+06,2.05262e+09,359,4.56461e-07,8.18053e-06,0.00740243,1.05585e+09,3.84383e+08,0,6.61998e+09,6.61998e+09,1,0
1810,108600,cecum,0.97,3993,40054,15979,5318,110207,2923,346,78048,105996,856664,2.53781e+09,121,2.49679e-05,0.000498477,0.00750152,1.08596e+09,3.95534e+08,0,6.62146e+09,6.62146e+09,1,0
1810,108600,transverse,1,9166,48906,27377,6938,115956,4927,357,78558,109073,1.67023e+06,2.02654e+09,299,3.12488e-06,5.71064e-05,0.0078738,1.08596e+09,3.95534e+08,0,6.62146e+09,6.62146e+09,1,0
1810,108600,descending,1,12108,39648,31743,7134,81821,5960,257,55010,74963,2.1319e+06,2.05695e+09,359,3.90638e-07,7.00677e-06,0.00741219,1.08596e+09,3.95534e+08,0,6.62146e+09,6.62146e+09,1,0
1820,109200,cecum,0.93,3834,40183,16174,5370,111487,2951,352,79273,106996,826697,2.54029e+09,121,2.46274e-05,0.000491151,0.00750885,1.11613e+09,4.06684e+08,0,6.62202e+09,6.62202e+09,1,0
1820,109200,transverse,1,9223,51022,27812,7029,119294,5013,365,79949,112202,1.68126e+06,2.02055e+09,299,2.9468e-06,5.38638e-05,0.00787846,1.11613e+09,4.06684e+08,0,6.62202e+09,6.62202e+09,1,0
1820,109200,descending,1,11401,40756,32277,7214,83775,6059,263,56029,75849,2.00155e+06,2.06102e+09,359,3.38049e-07,6.06936e-06,0.0074216,1.11613e+09,4.06684e+08,0,6.62202e+09,6.62202e+09,1,0
1830,109800,cecum,0.9625,4083,39798,16349,5414,112152,2980,358,80390,107802,874669,2.54231e+09,121,2.43498e-05,0.000485194,0.00751481,1.14636e+09,4.17832e+08,0,6.62184e+09,6.62184e+09,1,0
1830,109800,transverse,1,9238,51062,28205,7133,120559,5098,372,81356,113271,1.68478e+06,2.01451e+09,299,2.80201e-06,5.12309e-05,0.00788249,1.14636e+09,4.17832e+08,0,6.62184e+09,6.62184e+09,1,0
1830,109800,descending,1,12130,40413,32796,7321,84226,6149,267,57016,76703,2.13387e+06,2.06486e+09,359,2.96017e-07,5.32036e-06,0.0074307,1.14636e+09,4.17832e+08,0,6.62184e+09,6.62184e+09,1,0
1840,110400,cecum,0.9425,3953,39636,16516,5453,113117,3018,360,81592,108545,851274,2.54395e+09,121,2.41238e-05,0.000480352,0.00751965,1.17664e+09,4.28977e+08,0,6.62104e+09,6.62104e+09,1,0
1840,110400,transverse,1,9674,51292,28615,7230,121982,5178,372,82726,114897,1.7648e+06,2.00846e+09,300,2.6845e-06,4.90966e-05,0.00788599,1.17664e+09,4.28977e+08,0,6.62104e+09,6.62104e+09,1,0
1840,110400,descending,1,12149,40314,33362,7418,85011,6246,268,58093,77134,2.13391e+06,2.06848e+09,360,2.62411e-07,4.72165e-06,0.00743953,1.17664e+09,4.28977e+08,0,6.62104e+09,6.62104e+09,1,0
1850,111000,cecum,0.9575,3925,39384,16699,5487,114019,3054,364,82812,109302,842602,2.54528e+09,121,2.39399e-05,0.00047642,0.00752358,1.20698e+09,4.40118e+08,0,6.61974e+09,6.61974e+09,1,0
1850,111000,transverse,1,9252,52148,29085,7323,124205,5271,375,84276,116411,1.68687e+06,2.00241e+09,300,2.58935e-06,4.73701e-05,0.00788906,1.20698e+09,4.40118e+08,0,6.61974e+09,6.61974e+09,1,0
1850,111000,descending,1,12402,41508,33921,7508,87197,6365,269,59293,79222,2.18129e+06,2.07189e+09,360,2.35532e-07,4.24287e-06,0.00744813,1.20698e+09,4.40118e+08,0,6.61974e+09,6.61974e+09,1,0
1860,111600,cecum,0.9675,3880,39476,16859,5529,115266,3085,365,84039,110416,826940,2.54636e+09,121,2.37904e-05,0.000473228,0.00752677,1.23736e+09,4.51255e+08,0,6.61802e+09,6.61802e+09,1,0
1860,111600,transverse,1,9445,53402,29510,7424,126827,5344,382,85811,118968,1.72228e+06,1.9964e+09,300,2.5125e-06,4.59771e-05,0.00789176,1.23736e+09,4.51255e+08,0,6.61802e+09,6.61802e+09,1,0
1860,111600,descending,1,11722,42182,34464,7603,88650,6464,270,60265,79645,2.05463e+06,2.0751e+09,360,2.14027e-07,3.85986e-06,0.00745653,1.23736e+09,4.51255e+08,0,6.61802e+09,6.61802e+09,1,0
1870,112200,cecum,0.965,3680,39449,17037,5573,116271,3117,366,85146,111118,785261,2.54723e+09,121,2.3669e-05,0.000470639,0.00752936,1.26779e+09,4.62386e+08,0,6.61595e+09,6.61595e+09,1,0
1870,112200,transverse,1,10265,52977,29947,7525,127876,5425,387,87462,120577,1.87267e+06,1.99043e+09,300,2.45064e-06,4.48566e-05,0.00789416,1.26779e+09,4.62386e+08,0,6.61595e+09,6.61595e+09,1,0
1870,112200,descending,1,12389,42436,35088,7698,89736,6584,275,61307,80984,2.17795e+06,2.07813e+09,360,1.96817e-07,3.55338e-06,0.00746473,1.26779e+09,4.62386e+08,0,6.61595e+09,6.61595e+09,1,0
1880,112800,cecum,0.9375,3644,39209,17209,5613,117090,3137,371,86260,111784,782342,2.54795e+09,121,2.35704e-05,0.000468539,0.00753146,1.29827e+09,4.73511e+08,0,6.6136e+09,6.6136e+09,1,0
1880,112800,transverse,1,10224,52507,30448,7639,128711,5518,388,88973,121076,1.864e+06,1.98452e+09,300,2.40104e-06,4.39589e-05,0.00789632,1.29827e+09,4.73511e+08,0,6.6136e+09,6.6136e+09,1,0
1880,112800,descending,1,13097,41889,35715,7812,90329,6705,278,62679,81890,2.30368e+06,2.08097e+09,360,1.83041e-07,3.3081e-06,0.00747277,1.29827e+09,4.73511e+08,0,6.6136e+09,6.6136e+09,1,0
1890,113400,cecum,0.9625,3811,38903,17382,5655,117817,3162,375,87356,112568,815546,2.54852e+09,121,2.34904e-05,0.000466836,0.00753316,1.32878e+09,4.84631e+08,0,6.61101e+09,6.61101e+09,1,0
1890,113400,transverse,1,10512,51005,30942,7762,128711,5606,393,90681,121076,1.91591e+06,1.97868e+09,300,2.36146e-06,4.32433e-05,0.00789827,1.32878e+09,4.84631e+08,0,6.61101e+09,6.61101e+09,1,0
1890,113400,descending,1,12685,41745,36360,7918,91178,6808,279,63880,81890,2.22338e+06,2.08364e+09,360,1.72016e-07,3.1118e-06,0.00748065,1.32878e+09,4.84631e+08,0,6.61101e+09,6.61101e+09,1,0
1900,114000,cecum,0.9525,3933,38901,17563,5694,118721,3190,385,88319,113470,842659,2.54899e+09,121,2.34255e-05,0.000465455,0.00753455,1.35933e+09,4.95744e+08,0,6.60822e+09,6.60822e+09,1,0
1900,114000,transverse,1,11431,51085,31405,7880,130125,5700,395,92225,123156,2.08547e+06,1.97292e+09,300,2.33009e-06,4.26766e-05,0.00790004,1.35933e+09,4.95744e+08,0,6.60822e+09,6.60822e+09,1,0
1900,114000,descending,1,12581,42912,36945,8029,93358,6930,285,65120,83608,2.20615e+06,2.08615e+09,360,1.63193e-07,2.95474e-06,0.00748838,1.35933e+09,4.95744e+08,0,6.60822e+09,6.60822e+09,1,0
1910,114600,cecum,0.9575,3954,38632,17741,5745,119542,3227,390,89492,114217,849193,2.54937e+09,121,2.33729e-05,0.000464336,0.00753566,1.38992e+09,5.06851e+08,0,6.60528e+09,6.60528e+09,1,0
1910,114600,transverse,1,10706,51338,31935,8005,131680,5794,400,93741,123670,1.94983e+06,1.96724e+09,300,2.30542e-06,4.22314e-05,0.00790166,1.38992e+09,5.06851e+08,0,6.60528e+09,6.60528e+09,1,0
1910,114600,descending,1,12718,42710,37544,8123,94025,7048,291,66195,84019,2.22789e+06,2.08851e+09,360,1.56137e-07,2.82913e-06,0.00749597,1.38992e+09,5.06851e+08,0,6.60528e+09,6.60528e+09,1,0
1920,115200,cecum,0.9475,3818,38697,17937,5785,120646,3264,393,90605,115063,822086,2.54967e+09,121,2.33303e-05,0.000463429,0.00753657,1.42054e+09,5.17951e+08,0,6.6022e+09,6.6022e+09,1,0
1920,115200,transverse,1,10691,50358,32450,8106,132016,5887,400,95251,123670,1.94541e+06,1.96165e+09,300,2.28622e-06,4.18856e-05,0.00790317,1.42054e+09,5.17951e+08,0,6.6022e+09,6.6022e+09,1,0
1920,115200,descending,1,12783,43049,38143,8220,95198,7168,291,67246,84875,2.2412e+06,2.09071e+09,360,1.50497e-07,2.72876e-06,0.00750344,1.42054e+09,5.17951e+08,0,6.6022e+09,6.6022e+09,1,0
1930,115800,cecum,0.95,3886,38553,18087,5817,121560,3293,395,91722,115954,829067,2.54992e+09,121,2.32957e-05,0.000462694,0.00753731,1.45119e+09,5.29044e+08,0,6.599e+09,6.599e+09,1,0
1930,115800,transverse,1,11850,50899,32971,8212,133735,5989,409,96628,126226,2.16024e+06,1.95616e+09,300,2.2715e-06,4.16208e-05,0.00790457,1.45119e+09,5.29044e+08,0,6.599e+09,6.599e+09,1,0
1930,115800,descending,1,13244,43415,38766,8315,96842,7300,297,68745,86578,2.32695e+06,2.09276e+09,360,1.45996e-07,2.64867e-06,0.00751078,1.45119e+09,5.29044e+08,0,6.599e+09,6.599e+09,1,0
1940,116400,cecum,0.97,4078,38202,18258,5857,122193,3325,398,92775,116677,863893,2.55013e+09,121,2.32677e-05,0.000462099,0.0075379,1.48187e+09,5.40129e+08,0,6.59572e+09,6.59572e+09,1,0
1940,116400,transverse,1,11382,51891,33483,8329,135983,6089,412,98098,127708,2.07464e+06,1.95075e+09,300,2.26043e-06,4.14221e-05,0.00790587,1.48187e+09,5.40129e+08,0,6.59572e+09,6.59572e+09,1,0
1940,116400,descending,1,13686,42649,39406,8427,97241,7420,299,70140,87009,2.40363e+06,2.09468e+09,360,1.4241e-07,2.58487e-06,0.00751801,1.48187e+09,5.40129e+08,0,6.59572e+09,6.59572e+09,1,0
1950,117000,cecum,0.96,3806,38014,18445,5914,123180,3360,398,94042,117297,814343,2.55029e+09,121,2.3245e-05,0.000461617,0.00753838,1.51258e+09,5.51208e+08,0,6.59235e+09,6.59235e+09,1,0
1950,117000,transverse,1,9930,52929,33977,8420,138294,6180,424,99541,128243,1.80704e+06,1.94544e+09,300,2.25233e-06,4.12774e-05,0.0079071,1.51258e+09,5.51208e+08,0,6.59235e+09,6.59235e+09,1,0
1950,117000,descending,1,13923,42436,40043,8525,98264,7553,308,71598,87854,2.44547e+06,2.09646e+09,360,1.3956e-07,2.53419e-06,0.00752512,1.51258e+09,5.51208e+08,0,6.59235e+09,6.59235e+09,1,0
1960,117600,cecum,0.9725,3871,37526,18615,5954,123735,3385,405,95143,117805,827057,2.55042e+09,121,2.32266e-05,0.000461226,0.00753877,1.54332e+09,5.62279e+08,0,6.58892e+09,6.58892e+09,1,0
1960,117600,transverse,1,10264,53012,34488,8510,139836,6294,426,101202,129810,1.8686e+06,1.94023e+09,300,2.24666e-06,4.11765e-05,0.00790827,1.54332e+09,5.62279e+08,0,6.58892e+09,6.58892e+09,1,0
1960,117600,descending,1,14511,42574,40721,8657,99389,7694,310,72856,89160,2.54955e+06,2.09811e+09,360,1.37304e-07,2.49408e-06,0.00753212,1.54332e+09,5.62279e+08,0,6.58892e+09,6.58892e+09,1,0
1970,118200,cecum,0.9825,4029,37021,18776,5999,124180,3422,407,96173,118327,855278,2.55053e+09,121,2.32117e-05,0.00046091,0.00753909,1.57407e+09,5.73342e+08,0,6.58544e+09,6.58544e+09,1,0
1970,118200,transverse,1,9882,53408,34978,8597,141501,6365,426,102629,130761,1.79763e+06,1.93512e+09,300,2.24296e-06,4.11114e-05,0.00790938,1.57407e+09,5.73342e+08,0,6.58544e+09,6.58544e+09,1,0
1970,118200,descending,1,13655,43270,41374,8755,101113,7816,312,74102,89593,2.39009e+06,2.09963e+09,360,1.35525e-07,2.46249e-06,0.00753902,1.57407e+09,5.73342e+08,0,6.58544e+09,6.58544e+09,1,0
1980,118800,cecum,0.95,3732,37160,18922,6047,125272,3451,408,97202,119052,797566,2.55062e+09,121,2.31996e-05,0.000460653,0.00753935,1.60485e+09,5.84399e+08,0,6.58191e+09,6.58191e+09,1,0
1980,118800,transverse,1,11330,53556,35469,8706,142901,6448,436,104063,133300,2.06609e+06,1.9301e+09,300,2.24087e-06,4.10754e-05,0.00791043,1.60485e+09,5.84399e+08,0,6.58191e+09,6.58191e+09,1,0
1980,118800,descending,1,15203,42997,42089,8890,101715,7943,313,75238,91289,2.67078e+06,2.10103e+09,360,1.34133e-07,2.43777e-06,0.00754581,1.60485e+09,5.84399e+08,0,6.58191e+09,6.58191e+09,1,0
1990,119400,cecum,0.965,3928,36724,19108,6084,125954,3482,447,98349,119773,836998,2.55069e+09,121,2.31898e-05,0.000460446,0.00753955,1.63565e+09,5.95447e+08,0,6.57835e+09,6.57835e+09,1,0
1990,119400,transverse,1,10022,54315,35972,8790,145047,6555,442,105635,133820,1.82285e+06,1.92518e+09,300,2.24007e-06,4.10628e-05,0.00791145,1.63565e+09,5.95447e+08,0,6.57835e+09,6.57835e+09,1,0
1990,119400,descending,1,15206,42226,42813,9021,102160,8092,317,76730,91289,2.66588e+06,2.10232e+09,360,1.33052e-07,2.4186e-06,0.0075525,1.63565e+09,5.95447e+08,0,6.57835e+09,6.57835e+09,1,0
2000,120000,cecum,0.9575,3781,36659,19287,6126,126994,3503,451,99513,120546,808560,2.55074e+09,121,2.31819e-05,0.000460277,0.00753972,1.66647e+09,6.06488e+08,0,6.57475e+09,6.57475e+09,1,0
2000,120000,transverse,1,10941,53369,36458,8875,145404,6650,447,107113,134785,1.99193e+06,1.92035e+09,300,2.24033e-06,4.10693e-05,0.00791242,1.66647e+09,6.06488e+08,0,6.57475e+09,6.57475e+09,1,0
2000,120000,descending,1,14370,42370,43531,9127,103499,8226,342,78140,91289,2.50938e+06,2.10349e+09,360,1.32223e-07,2.40393e-06,0.0075591,1.66647e+09,6.06488e+08,0,6.57475e+09,6.57475e+09,1,0
2010,120600,cecum,0.9575,3676,36754,19492,6171,128041,3542,452,100548,121366,786364,2.55079e+09,121,2.31755e-05,0.000460141,0.00753986,1.6973e+09,6.17521e+08,0,6.57113e+09,6.57113e+09,1,0
2010,120600,transverse,1,10924,53187,36970,8972,146754,6754,452,108841,135802,1.98916e+06,1.91562e+09,300,2.24144e-06,4.10911e-05,0.00791336,1.6973e+09,6.17521e+08,0,6.57113e+09,6.57113e+09,1,0
2010,120600,descending,1,14866,43767,44190,9236,105958,8348,347,79428,93811,2.60423e+06,2.10455e+09,360,1.31599e-07,2.39289e-06,0.00756559,1.6973e+09,6.17521e+08,0,6.57113e+09,6.57113e+09,1,0
2020,121200,cecum,0.9525,3895,36575,19668,6200,128892,3569,460,101626,122308,830935,2.55083e+09,121,2.31703e-05,0.000460031,0.00753997,1.72815e+09,6.28547e+08,0,6.56749e+09,6.56749e+09,1,1
2020,121200,transverse,1,10403,53175,37470,9064,148094,6853,454,110382,136310,1.89278e+06,1.91099e+09,300,2.24322e-06,4.11253e-05,0.00791426,1.72815e+09,6.28547e+08,0,6.56749e+09,6.56749e+09,1,1
2020,121200,descending,1,14492,43995,44859,9347,107226,8472,352,80698,94266,2.53726e+06,2.10551e+09,360,1.31139e-07,2.38479e-06,0.007572,1.72815e+09,6.28547e+08,0,6.56749e+09,6.56749e+09,1,1
2030,121800,cecum,0.9475,3892,36511,19818,6239,129772,3597,464,102633,123098,834835,2.55086e+09,121,2.31661e-05,0.000459941,0.00754006,1.75901e+09,6.39565e+08,0,6.56383e+09,6.56383e+09,1,0
2030,121800,transverse,1,11437,53600,37915,9164,149819,6950,458,111875,138817,2.08435e+06,1.90644e+09,300,2.24556e-06,4.11693e-05,0.00791514,1.75901e+09,6.39565e+08,0,6.56383e+09,6.56383e+09,1,0
2030,121800,descending,1,14457,43666,45580,9445,107758,8600,354,81783,94266,2.52712e+06,2.10637e+09,360,1.30813e-07,2.37908e-06,0.00757831,1.75901e+09,6.39565e+08,0,6.56383e+09,6.56383e+09,1,0
2040,122400,cecum,0.975,3884,36333,19980,6273,130657,3619,467,103749,123866,831182,2.55088e+09,121,2.31627e-05,0.000459869,0.00754013,1.78988e+09,6.50575e+08,0,6.56016e+09,6.56016e+09,1,0
2040,122400,transverse,1,10965,53284,38424,9269,151084,7033,465,113637,139282,1.99632e+06,1.90199e+09,301,2.24832e-06,4.12211e-05,0.00791599,1.78988e+09,6.50575e+08,0,6.56016e+09,6.56016e+09,1,0
2040,122400,descending,1,14701,44764,46251,9545,109695,8722,356,82842,95996,2.57608e+06,2.10713e+09,361,1.30596e-07,2.37531e-06,0.00758452,1.78988e+09,6.50575e+08,0,6.56016e+09,6.56016e+09,1,0
2050,123000,cecum,0.955,3607,36522,20144,6308,131782,3660,469,104759,124624,776026,2.5509e+09,121,2.31599e-05,0.00045981,0.00754019,1.82076e+09,6.61578e+08,0,6.55648e+09,6.55648e+09,1,0
2050,123000,transverse,1,11607,53038,38897,9360,152216,7132,470,115200,140768,2.11476e+06,1.89762e+09,301,2.25143e-06,4.12791e-05,0.00791681,1.82076e+09,6.61578e+08,0,6.55648e+09,6.55648e+09,1,0
2050,123000,descending,1,15178,44979,46955,9658,110964,8872,363,84152,97294,2.66342e+06,2.10779e+09,361,1.30468e-07,2.37311e-06,0.00759065,1.82076e+09,6.61578e+08,0,6.55648e+09,6.55648e+09,1,0
2060,123600,cecum,0.9425,3787,36248,20322,6357,132550,3693,483,105869,125462,811086,2.55092e+09,121,2.31577e-05,0.000459763,0.00754024,1.85166e+09,6.72572e+08,0,6.55279e+09,6.55279e+09,1,0
2060,123600,transverse,1,10860,53829,39421,9471,154242,7242,477,116649,141737,1.97631e+06,1.89334e+09,301,2.25481e-06,4.1342e-05,0.00791761,1.85166e+09,6.72572e+08,0,6.55279e+09,6.55279e+09,1,0
2060,123600,descending,1,14600,45524,47601,9763,112846,9009,369,85725,98188,2.55735e+06,2.10836e+09,361,1.3041e-07,2.37218e-06,0.0075967,1.85166e+09,6.72572e+08,0,6.55279e+09,6.55279e+09,1,0
2070,124200,cecum,0.9575,3924,36305,20508,6394,133593,3731,486,106927,126528,838011,2.55093e+09,121,2.31559e-05,0.000459724,0.00754028,1.88256e+09,6.83559e+08,0,6.5491e+09,6.5491e+09,1,0
2070,124200,transverse,1,10855,53258,39932,9559,155069,7326,487,118209,142210,1.97496e+06,1.88915e+09,301,2.25839e-06,4.14085e-05,0.00791839,1.88256e+09,6.83559e+08,0,6.5491e+09,6.5491e+09,1,0
2070,124200,descending,1,15109,45195,48217,9870,113621,9125,371,87050,99077,2.64887e+06,2.10885e+09,361,1.30412e-07,2.3723e-06,0.00760265,1.88256e+09,6.83559e+08,0,6.5491e+09,6.5491e+09,1,0
2080,124800,cecum,0.9775,4145,35746,20690,6429,134073,3757,491,108022,127103,882520,2.55094e+09,121,2.31544e-05,0.000459693,0.00754031,1.91346e+09,6.94539e+08,0,6.5454e+09,6.5454e+09,1,0
2080,124800,transverse,1,11901,53222,40440,9665,156419,7406,500,119768,144271,2.16808e+06,1.88505e+09,301,2.26213e-06,4.14778e-05,0.00791915,1.91346e+09,6.94539e+08,0,6.5454e+09,6.5454e+09,1,0
2080,124800,descending,1,14750,45372,48894,9980,114835,9257,373,88327,99495,2.57843e+06,2.10925e+09,361,1.3046e-07,2.37326e-06,0.00760852,1.91346e+09,6.94539e+08,0,6.5454e+09,6.5454e+09,1,0
2090,125400,cecum,0.9625,3962,35623,20885,6478,134916,3789,494,109066,127646,845042,2.55095e+09,121,2.31532e-05,0.000459668,0.00754033,1.94438e+09,7.0551e+08,0,6.54171e+09,6.54171e+09,1,0
2090,125400,transverse,1,11351,53938,41005,9767,158365,7503,509,121188,145292,2.06664e+06,1.88103e+09,301,2.26598e-06,4.15492e-05,0.00791989,1.94438e+09,7.0551e+08,0,6.54171e+09,6.54171e+09,1,0
2090,125400,descending,1,14704,44916,49568,10076,115325,9397,379,89503,99495,2.56671e+06,2.10956e+09,361,1.30547e-07,2.37491e-06,0.0076143,1.94438e+09,7.0551e+08,0,6.54171e+09,6.54171e+09,1,0
2100,126000,cecum,0.93,3777,35799,21059,6518,136066,3814,498,110101,128498,812444,2.55096e+09,121,2.31522e-05,0.000459647,0.00754035,1.97529e+09,7.16474e+08,0,6.53801e+09,6.53801e+09,1,0
2100,126000,transverse,1,11620,54132,41518,9863,159864,7601,514,122682,146736,2.1153e+06,1.87709e+09,301,2.26991e-06,4.16221e-05,0.00792061,1.97529e+09,7.16474e+08,0,6.53801e+09,6.53801e+09,1,0
2100,126000,descending,1,15209,44667,50252,10199,116149,9529,379,90831,100395,2.65754e+06,2.1098e+09,361,1.30666e-07,2.37711e-06,0.00762001,1.97529e+09,7.16474e+08,0,6.53801e+09,6.53801e+09,1,0
2110,126600,cecum,0.9675,4114,35379,21246,6555,136810,3842,501,111327,129454,872109,2.55097e+09,121,2.31515e-05,0.000459631,0.00754037,2.00621e+09,7.2743e+08,0,6.53432e+09,6.53432e+09,1,0
2110,126600,transverse,1,11970,53833,42046,9975,160846,7708,524,124172,147749,2.1781e+06,1.87323e+09,301,2.2739e-06,4.16958e-05,0.00792132,2.00621e+09,7.2743e+08,0,6.53432e+09,6.53432e+09,1,0
2110,126600,descending,1,15239,44986,50996,10314,117510,9667,394,92111,101280,2.66152e+06,2.10996e+09,361,1.3081e-07,2.37978e-06,0.00762563,2.00621e+09,7.2743e+08,0,6.53432e+09,6.53432e+09,1,0
2120,127200,cecum,0.9725,4073,35004,21436,6605,137307,3877,508,112277,129798,865476,2.55097e+09,121,2.31508e-05,0.000459617,0.00754038,2.03713e+09,7.38378e+08,0,6.53064e+09,6.53064e+09,1,0
2120,127200,transverse,1,11940,53319,42604,10061,161730,7832,526,125778,148253,2.17171e+06,1.86945e+09,301,2.27792e-06,4.17702e-05,0.00792201,2.03713e+09,7.38378e+08,0,6.53064e+09,6.53064e+09,1,0
2120,127200,descending,1,15383,45632,51707,10389,119583,9807,398,93749,102997,2.69009e+06,2.11005e+09,361,1.30974e-07,2.38281e-06,0.00763117,2.03713e+09,7.38378e+08,0,6.53064e+09,6.53064e+09,1,0
2130,127800,cecum,0.96,3888,34912,21615,6650,138237,3906,516,113365,130430,830872,2.55098e+09,121,2.31503e-05,0.000459606,0.00754039,2.06806e+09,7.49319e+08,0,6.52695e+09,6.52695e+09,1,0
2130,127800,transverse,1,11637,54137,43205,10161,163858,7924,531,127275,149664,2.11542e+06,1.86575e+09,301,2.28195e-06,4.18447e-05,0.00792268,2.06806e+09,7.49319e+08,0,6.52695e+09,6.52695e+09,1,0
2130,127800,descending,1,15197,45044,52361,10509,120186,9924,398,95177,102997,2.65284e+06,2.11007e+09,361,1.31156e-07,2.38614e-06,0.00763663,2.06806e+09,7.49319e+08,0,6.52695e+09,6.52695e+09,1,0
2140,128400,cecum,0.955,3567,35053,21807,6693,139283,3940,521,114342,131035,764578,2.55098e+09,121,2.31499e-05,0.000459598,0.0075404,2.09898e+09,7.60252e+08,0,6.52328e+09,6.52328e+09,1,0
2140,128400,transverse,1,10846,55904,43762,10257,166883,8026,543,128719,151527,1.97279e+06,1.86212e+09,301,2.28598e-06,4.19193e-05,0.00792334,2.09898e+09,7.60252e+08,0,6.52328e+09,6.52328e+09,1,0
2140,128400,descending,1,15560,46066,53099,10615,122112,10072,398,96335,104802,2.72333e+06,2.11001e+09,361,1.31352e-07,2.38972e-06,0.00764201,2.09898e+09,7.60252e+08,0,6.52328e+09,6.52328e+09,1,0
2150,129000,cecum,0.945,3610,35147,21988,6726,140442,3964,524,115461,132110,769882,2.55098e+09,121,2.31495e-05,0.00045959,0.00754041,2.1299e+09,7.71178e+08,0,6.51961e+09,6.51961e+09,1,0
2150,129000,transverse,1,10868,56448,44246,10349,168616,8120,547,130090,152980,1.97761e+06,1.85857e+09,301,2.29e-06,4.19935e-05,0.00792398,2.1299e+09,7.71178e+08,0,6.51961e+09,6.51961e+09,1,0
2150,129000,descending,1,15189,46459,53825,10726,123422,10220,399,97510,105273,2.65356e+06,2.1099e+09,361,1.31558e-07,2.3935e-06,0.00764731,2.1299e+09,7.71178e+08,0,6.51961e+09,6.51961e+09,1,0
2160,129600,cecum,0.955,3604,35121,22139,6775,141350,3992,525,116471,132937,770388,2.55098e+09,121,2.31493e-05,0.000459585,0.00754042,2.16082e+09,7.82095e+08,0,6.51596e+09,6.51596e+09,1,0
2160,129600,transverse,1,12371,57084,44745,10442,170805,8222,585,131800,156330,2.25611e+06,1.85509e+09,301,2.294e-06,4.20673e-05,0.00792461,2.16082e+09,7.82095e+08,0,6.51596e+09,6.51596e+09,1,0
2160,129600,descending,1,15422,46994,54528,10829,124962,10349,403,98743,106571,2.69858e+06,2.10972e+09,361,1.31774e-07,2.39744e-06,0.00765254,2.16082e+09,7.82095e+08,0,6.51596e+09,6.51596e+09,1,0
2170,130200,cecum,0.9525,3537,35138,22332,6813,142361,4024,532,117528,133751,756239,2.55098e+09,121,2.31491e-05,0.00045958,0.00754042,2.19173e+09,7.93006e+08,0,6.51231e+09,6.51231e+09,1,0
2170,130200,transverse,1,10720,57113,45227,10552,172729,8322,586,133904,156330,1.95052e+06,1.85168e+09,301,2.29796e-06,4.21406e-05,0.00792522,2.19173e+09,7.93006e+08,0,6.51231e+09,6.51231e+09,1,0
2170,130200,descending,1,16117,46485,55239,10955,125669,10478,403,100214,107517,2.82171e+06,2.10948e+09,361,1.31996e-07,2.4015e-06,0.0076577,2.19173e+09,7.93006e+08,0,6.51231e+09,6.51231e+09,1,0
2180,130800,cecum,0.975,3832,34683,22495,6849,142802,4064,536,118496,134396,815799,2.55099e+09,121,2.31489e-05,0.000459576,0.00754042,2.22264e+09,8.03908e+08,0,6.50867e+09,6.50867e+09,1,0
2180,130800,transverse,1,10614,57164,45707,10629,174129,8422,590,135426,157317,1.93138e+06,1.84834e+09,301,2.30189e-06,4.22131e-05,0.00792582,2.22264e+09,8.03908e+08,0,6.50867e+09,6.50867e+09,1,0
2180,130800,descending,1,16563,46022,56012,11074,126236,10621,477,101432,107945,2.89919e+06,2.10918e+09,361,1.32225e-07,2.40567e-06,0.00766278,2.22264e+09,8.03908e+08,0,6.50867e+09,6.50867e+09,1,0
2190,131400,cecum,0.9725,3978,34131,22645,6901,143134,4101,538,119467,134811,846143,2.55099e+09,121,2.31487e-05,0.000459573,0.00754043,2.25355e+09,8.14803e+08,0,6.50505e+09,6.50505e+09,1,0
2190,131400,transverse,1,10971,56843,46200,10729,175496,8522,594,137310,158744,1.99781e+06,1.84507e+09,301,2.30578e-06,4.22849e-05,0.00792641,2.25355e+09,8.14803e+08,0,6.50505e+09,6.50505e+09,1,0
2190,131400,descending,1,17166,46336,56795,11182,127856,10793,480,103015,109662,3.00898e+06,2.10882e+09,361,1.32458e-07,2.40992e-06,0.00766778,2.25355e+09,8.14803e+08,0,6.50505e+09,6.50505e+09,1,0
2200,132000,cecum,0.945,3879,34126,22814,6945,144112,4126,540,120517,135588,830952,2.55099e+09,121,2.31486e-05,0.00045957,0.00754043,2.28445e+09,8.25691e+08,0,6.50144e+09,6.50144e+09,1,0
2200,132000,transverse,1,11634,56872,46700,10843,177135,8611,662,139055,160681,2.12019e+06,1.84187e+09,301,2.30962e-06,4.23558e-05,0.00792698,2.28445e+09,8.25691e+08,0,6.50144e+09,6.50144e+09,1,0
2200,132000,descending,1,17005,46873,57559,11291,129373,10952,480,104263,110522,2.97759e+06,2.10841e+09,361,1.32695e-07,2.41424e-06,0.00767272,2.28445e+09,8.25691e+08,0,6.50144e+09,6.50144e+09,1,0
2210,132600,cecum,0.9525,3818,33982,22994,6976,144922,4156,541,121531,136217,817739,2.55099e+09,121,2.31485e-05,0.000459568,0.00754043,2.31535e+09,8.36571e+08,0,6.49784e+09,6.49784e+09,1,0
2210,132600,transverse,1,11953,55622,47230,10975,177135,8692,664,140516,160681,2.17761e+06,1.83873e+09,301,2.31341e-06,4.24258e-05,0.00792754,2.31535e+09,8.36571e+08,0,6.49784e+09,6.49784e+09,1,0
2210,132600,descending,1,16312,46702,58403,11410,130621,11123,481,105971,110522,2.84455e+06,2.10795e+09,361,1.32935e-07,2.41861e-06,0.00767758,2.31535e+09,8.36571e+08,0,6.49784e+09,6.49784e+09,1,0
2220,133200,cecum,0.9375,3770,34073,23170,7026,145824,4198,543,122432,136985,807830,2.55099e+09,121,2.31484e-05,0.000459567,0.00754043,2.34623e+09,8.47444e+08,0,6.49426e+09,6.49426e+09,1,0
2220,133200,transverse,1,11248,56398,47725,11090,179599,8774,664,142401,162142,2.04844e+06,1.83566e+09,301,2.31715e-06,4.24949e-05,0.00792809,2.34623e+09,8.47444e+08,0,6.49426e+09,6.49426e+09,1,0
2220,133200,descending,1,16119,46695,59161,11493,131770,11274,484,107358,110951,2.80612e+06,2.10744e+09,361,1.33177e-07,2.42301e-06,0.00768237,2.34623e+09,8.47444e+08,0,6.49426e+09,6.49426e+09,1,0
2230,133800,cecum,0.9425,4005,33813,23366,7067,146496,4227,551,123426,137758,854672,2.55099e+09,121,2.31484e-05,0.000459565,0.00754043,2.37711e+09,8.58309e+08,0,6.49069e+09,6.49069e+09,1,0
2230,133800,transverse,1,10299,56623,48217,11199,181327,8876,694,144085,162610,1.873e+06,1.83265e+09,301,2.32083e-06,4.2563e-05,0.00792863,2.37711e+09,8.58309e+08,0,6.49069e+09,6.49069e+09,1,0
2230,133800,descending,1,17072,48476,59903,11596,134363,11433,484,108432,114017,2.99089e+06,2.10688e+09,361,1.3342e-07,2.42745e-06,0.0076871,2.37711e+09,8.58309e+08,0,6.49069e+09,6.49069e+09,1,0
2240,134400,cecum,0.96,3762,34085,23548,7105,147763,4260,554,124489,138668,806517,2.55099e+09,121,2.31483e-05,0.000459564,0.00754044,2.40799e+09,8.69167e+08,0,6.48714e+09,6.48714e+09,1,0
2240,134400,transverse,1,10825,57838,48700,11300,183921,8972,699,145656,165439,1.9714e+06,1.82971e+09,301,2.32447e-06,4.26301e-05,0.00792916,2.40799e+09,8.69167e+08,0,6.48714e+09,6.48714e+09,1,0
2240,134400,descending,1,15882,51041,60675,11714,137831,11592,489,109607,115795,2.77823e+06,2.10627e+09,361,1.33665e-07,2.4319e-06,0.00769175,2.40799e+09,8.69167e+08,0,6.48714e+09,6.48714e+09,1,0
2250,135000,cecum,0.945,3827,33993,23700,7139,148627,4283,560,125496,139496,820249,2.55099e+09,121,2.31483e-05,0.000459563,0.00754044,2.43885e+09,8.80018e+08,0,6.48361e+09,6.48361e+09,1,0
2250,135000,transverse,1,11244,57469,49141,11391,185197,9064,710,147473,166865,2.04802e+06,1.82682e+09,301,2.32805e-06,4.26962e-05,0.00792967,2.43885e+09,8.80018e+08,0,6.48361e+09,6.48361e+09,1,0
2250,135000,descending,1,15909,50413,61427,11839,138279,11752,497,110960,115795,2.7783e+06,2.10562e+09,361,1.3391e-07,2.43637e-06,0.00769634,2.43885e+09,8.80018e+08,0,6.48361e+09,6.48361e+09,1,0
2260,135600,cecum,0.975,3955,33848,23880,7186,149324,4309,565,126406,140209,845161,2.55099e+09,121,2.31482e-05,0.000459563,0.00754044,2.4697e+09,8.90861e+08,0,6.48009e+09,6.48009e+09,1,0
2260,135600,transverse,1,12051,57514,49652,11478,186650,9160,713,149061,168794,2.19684e+06,1.82399e+09,301,2.33157e-06,4.27612e-05,0.00793018,2.4697e+09,8.90861e+08,0,6.48009e+09,6.48009e+09,1,0
2260,135600,descending,1,16377,50156,62234,11992,139131,11931,501,112397,116636,2.86164e+06,2.10493e+09,361,1.34156e-07,2.44085e-06,0.00770086,2.4697e+09,8.90861e+08,0,6.48009e+09,6.48009e+09,1,0
2270,136200,cecum,0.965,3920,33714,24060,7234,150075,4349,568,127376,140830,838553,2.55099e+09,121,2.31482e-05,0.000459562,0.00754044,2.50054e+09,9.01697e+08,0,6.47659e+09,6.47659e+09,1,0
2270,136200,transverse,1,11870,56772,50159,11575,187156,9256,724,150491,168794,2.16236e+06,1.82123e+09,301,2.33504e-06,4.28252e-05,0.00793067,2.50054e+09,9.01697e+08,0,6.47659e+09,6.47659e+09,1,0
2270,136200,descending,1,16594,49732,63026,12090,139990,12081,601,113828,117068,2.89824e+06,2.1042e+09,361,1.34402e-07,2.44532e-06,0.00770532,2.50054e+09,9.01697e+08,0,6.47659e+09,6.47659e+09,1,0
2280,136800,cecum,0.955,4219,33568,24244,7274,150788,4387,574,128307,141730,893119,2.55099e+09,121,2.31482e-05,0.000459562,0.00754044,2.53137e+09,9.12526e+08,0,6.47311e+09,6.47311e+09,1,0
2280,136800,transverse,1,10768,56803,50649,11686,188545,9355,731,152052,168794,1.95827e+06,1.81852e+09,301,2.33845e-06,4.28882e-05,0.00793116,2.53137e+09,9.12526e+08,0,6.47311e+09,6.47311e+09,1,0
2280,136800,descending,1,17181,48465,63857,12203,139990,12216,605,115339,117068,2.99908e+06,2.10343e+09,361,1.34648e-07,2.4498e-06,0.00770971,2.53137e+09,9.12526e+08,0,6.47311e+09,6.47311e+09,1,0
2290,137400,cecum,0.955,3694,34154,24418,7315,152286,4424,576,129295,142605,792983,2.55099e+09,121,2.31482e-05,0.000459561,0.00754044,2.56219e+09,9.23348e+08,0,6.46964e+09,6.46964e+09,1,0
2290,137400,transverse,1,12357,57388,51155,11809,190690,9448,843,153716,172126,2.25174e+06,1.81586e+09,301,2.3418e-06,4.29501e-05,0.00793163,2.56219e+09,9.23348e+08,0,6.46964e+09,6.46964e+09,1,0
2290,137400,descending,1,17184,47945,64618,12296,140519,12367,620,116617,117068,2.99583e+06,2.10262e+09,361,1.34894e-07,2.45427e-06,0.00771404,2.56219e+09,9.23348e+08,0,6.46964e+09,6.46964e+09,1,0
2300,138000,cecum,0.9625,3887,33664,24575,7359,152780,4451,584,130342,143198,833670,2.55099e+09,121,2.31482e-05,0.000459561,0.00754044,2.593e+09,9.34162e+08,0,6.4662e+09,6.4662e+09,1,0
2300,138000,transverse,0.9975,12427,57917,51730,11920,192862,9560,856,155569,174003,2.26396e+06,1.81326e+09,301,2.3451e-06,4.3011e-05,0.00793209,2.593e+09,9.34162e+08,0,6.4662e+09,6.4662e+09,1,0
2300,138000,descending,1,17707,47302,65425,12409,141030,12507,634,118010,117534,3.08799e+06,2.10178e+09,361,1.35139e-07,2.45874e-06,0.0077183,2.593e+09,9.34162e+08,0,6.4662e+09,6.4662e+09,1,0
2310,138600,cecum,0.975,3873,33606,24778,7400,153570,4486,588,131262,143843,830650,2.55099e+09,121,2.31481e-05,0.000459561,0.00754044,2.6238e+09,9.4497e+08,0,6.46278e+09,6.46278e+09,1,0
2310,138600,transverse,1,11022,59182,52245,12017,195585,9657,921,157156,174935,2.0045e+06,1.81071e+09,301,2.34834e-06,4.30709e-05,0.00793255,2.6238e+09,9.4497e+08,0,6.46278e+09,6.46278e+09,1,0
2310,138600,descending,1,17896,47116,66254,12528,141841,12669,643,119279,117977,3.12184e+06,2.1009e+09,361,1.35384e-07,2.46319e-06,0.00772251,2.6238e+09,9.4497e+08,0,6.46278e+09,6.46278e+09,1,0
2320,139200,cecum,0.9425,3948,33607,24955,7436,154515,4510,588,132266,144746,842291,2.55099e+09,121,2.31481e-05,0.00045956,0.00754044,2.65458e+09,9.55771e+08,0,6.45937e+09,6.45937e+09,1,0
2320,139200,transverse,1,11389,58133,52744,12105,196021,9752,932,158813,175411,2.07158e+06,1.80822e+09,301,2.35153e-06,4.31297e-05,0.00793299,2.65458e+09,9.55771e+08,0,6.45937e+09,6.45937e+09,1,0
2320,139200,descending,1,17398,47688,67082,12621,143335,12836,643,120461,118405,3.03136e+06,2.09999e+09,361,1.35628e-07,2.46763e-06,0.00772665,2.65458e+09,9.55771e+08,0,6.45937e+09,6.45937e+09,1,0
2330,139800,cecum,0.9725,4136,33263,25156,7469,155125,4546,588,133289,145412,880155,2.55099e+09,121,2.31481e-05,0.00045956,0.00754044,2.68535e+09,9.66564e+08,0,6.45599e+09,6.45599e+09,1,0
2330,139800,transverse,1,10640,58173,53257,12210,197583,9846,932,160534,175910,1.93312e+06,1.80577e+09,301,2.35466e-06,4.31876e-05,0.00793342,2.68535e+09,9.66564e+08,0,6.45599e+09,6.45599e+09,1,0
2330,139800,descending,1,17943,49250,67884,12736,145840,12985,648,121663,120912,3.13697e+06,2.09905e+09,361,1.35872e-07,2.47206e-06,0.00773073,2.68535e+09,9.66564e+08,0,6.45599e+09,6.45599e+09,1,0
2340,140400,cecum,0.945,3757,33570,25347,7513,156308,4578,589,134240,146100,808740,2.55099e+09,121,2.31481e-05,0.00045956,0.00754044,2.7161e+09,9.77351e+08,0,6.45263e+09,6.45263e+09,1,0
2340,140400,transverse,1,11370,58142,53768,12283,198991,9944,932,162144,177708,2.06794e+06,1.80338e+09,301,2.35774e-06,4.32444e-05,0.00793385,2.7161e+09,9.77351e+08,0,6.45263e+09,6.45263e+09,1,0
2340,140400,descending,1,17525,49290,68723,12845,146830,13149,654,122880,120912,3.05574e+06,2.09808e+09,361,1.36114e-07,2.47647e-06,0.00773475,2.7161e+09,9.77351e+08,0,6.45263e+09,6.45263e+09,1,0
2350,141000,cecum,0.94,3841,33681,25537,7549,157280,4612,592,135168,147033,820195,2.55099e+09,121,2.31481e-05,0.00045956,0.00754044,2.74684e+09,9.8813e+08,0,6.44929e+09,6.44929e+09,1,0
2350,141000,transverse,1,12071,57625,54269,12377,199981,10043,941,163835,179082,2.19704e+06,1.80104e+09,301,2.36076e-06,4.33003e-05,0.00793427,2.74684e+09,9.8813e+08,0,6.44929e+09,6.44929e+09,1,0
2350,141000,descending,1,17167,50022,69551,12962,148610,13285,660,124175,121753,2.99072e+06,2.09709e+09,361,1.36356e-07,2.48087e-06,0.00773872,2.74684e+09,9.8813e+08,0,6.44929e+09,6.44929e+09,1,0
2360,141600,cecum,0.9725,3894,33875,25744,7591,158312,4650,595,136083,147988,830960,2.55099e+09,121,2.31481e-05,0.00045956,0.00754044,2.77757e+09,9.98903e+08,0,6.44597e+09,6.44597e+09,1,0
2360,141600,transverse,1,12299,57895,54834,12513,201880,10157,943,165712,180892,2.23909e+06,1.79874e+09,301,2.36374e-06,4.33551e-05,0.00793467,2.77757e+09,9.98903e+08,0,6.44597e+09,6.44597e+09,1,0
2360,141600,descending,1,17786,52038,70411,13068,152012,13446,671,125817,125170,3.11638e+06,2.09606e+09,361,1.36596e-07,2.48524e-06,0.00774262,2.77757e+09,9.98903e+08,0,6.44597e+09,6.44597e+09,1,0
2370,142200,cecum,0.955,3613,34114,25941,7628,159393,4681,601,136987,148653,776648,2.55099e+09,121,2.31481e-05,0.00045956,0.00754044,2.80828e+09,1.00967e+09,0,6.44268e+09,6.44268e+09,1,0
2370,142200,transverse,1,12073,58635,55386,12612,204337,10277,947,167644,182786,2.19809e+06,1.79649e+09,301,2.36665e-06,4.3409e-05,0.00793507,2.80828e+09,1.00967e+09,0,6.44268e+09,6.44268e+09,1,0
2370,142200,descending,1,17493,51666,71238,13180,152877,13592,674,127309,125170,3.05587e+06,2.09501e+09,361,1.36836e-07,2.4896e-06,0.00774647,2.80828e+09,1.00967e+09,0,6.44268e+09,6.44268e+09,1,0
2380,142800,cecum,0.93,3697,34069,26121,7662,160345,4706,602,138042,149567,794768,2.55099e+09,121,2.31481e-05,0.00045956,0.00754044,2.83897e+09,1.02043e+09,0,6.4394e+09,6.4394e+09,1,0
2380,142800,transverse,1,11077,59058,55913,12712,206127,10365,950,169196,183238,2.01394e+06,1.79429e+09,301,2.36952e-06,4.3462e-05,0.00793546,2.83897e+09,1.02043e+09,0,6.4394e+09,6.4394e+09,1,0
2380,142800,descending,1,16925,51072,72050,13277,153983,13777,682,129283,125170,2.94993e+06,2.09394e+09,361,1.37074e-07,2.49393e-06,0.00775026,2.83897e+09,1.02043e+09,0,6.4394e+09,6.4394e+09,1,0
2390,143400,cecum,0.97,3809,33890,26306,7708,161135,4741,605,139089,150362,814931,2.55099e+09,121,2.31481e-05,0.00045956,0.00754044,2.86965e+09,1.03118e+09,0,6.43615e+09,6.43615e+09,1,0
2390,143400,transverse,1,11133,59581,56475,12808,208327,10480,955,171079,185138,2.02293e+06,1.79213e+09,301,2.37234e-06,4.3514e-05,0.00793585,2.86965e+09,1.03118e+09,0,6.43615e+09,6.43615e+09,1,0
2390,143400,descending,1,17931,51059,72850,13393,155234,13933,683,130818,126898,3.13164e+06,2.09285e+09,361,1.37311e-07,2.49825e-06,0.007754,2.86965e+09,1.03118e+09,0,6.43615e+09,6.43615e+09,1,0
2400,144000,cecum,0.97,4030,33699,26479,7741,161778,4775,607,139988,151118,858590,2.55099e+09,121,2.31481e-05,0.000459559,0.00754044,2.90031e+09,1.04193e+09,0,6.43292e+09,6.43292e+09,1,0
2400,144000,transverse,1,11540,59551,56976,12893,210157,10567,960,173106,187041,2.09935e+06,1.79002e+09,301,2.3751e-06,4.35651e-05,0.00793622,2.90031e+09,1.04193e+09,0,6.43292e+09,6.43292e+09,1,0
2400,144000,descending,1,17028,52601,73683,13517,158020,14077,694,132319,128205,2.9711e+06,2.09173e+09,361,1.37547e-07,2.50253e-06,0.00775768,2.90031e+09,1.04193e+09,0,6.43292e+09,6.43292e+09,1,0
2410,144600,cecum,0.9475,3998,34109,26652,7776,163086,4802,610,140945,152280,853493,2.55099e+09,121,2.31481e-05,0.000459559,0.00754044,2.93096e+09,1.05267e+09,0,6.42972e+09,6.42972e+09,1,0
2410,144600,transverse,1,12415,59039,57543,13018,210989,10673,967,174674,188405,2.26001e+06,1.78795e+09,301,2.37782e-06,4.36152e-05,0.00793659,2.93096e+09,1.05267e+09,0,6.42972e+09,6.42972e+09,1,0
2410,144600,descending,1,16882,53258,74514,13628,160019,14233,699,133923,129489,2.94805e+06,2.09059e+09,361,1.37781e-07,2.5068e-06,0.00776131,2.93096e+09,1.05267e+09,0,6.42972e+09,6.42972e+09,1,0
2420,145200,cecum,0.945,3963,34165,26849,7810,163986,4840,610,141861,153020,849495,2.55099e+09,121,2.31481e-05,0.000459559,0.00754044,2.96159e+09,1.0634e+09,0,6.42654e+09,6.42654e+09,1,0
2420,145200,transverse,1,11537,58730,58123,13120,212237,10787,973,176441,188405,2.09697e+06,1.78593e+09,301,2.38049e-06,4.36645e-05,0.00793695,2.96159e+09,1.0634e+09,0,6.42654e+09,6.42654e+09,1,0
2420,145200,descending,1,17120,54194,75335,13736,162071,14403,705,135311,131230,2.99875e+06,2.08944e+09,361,1.38015e-07,2.51104e-06,0.00776489,2.96159e+09,1.0634e+09,0,6.42654e+09,6.42654e+09,1,0
2430,145800,cecum,0.9525,3978,34037,27033,7844,164812,4880,614,142885,153747,853916,2.55099e+09,121,2.31481e-05,0.000459559,0.00754044,2.9922e+09,1.07413e+09,0,6.42338e+09,6.42338e+09,1,0
2430,145800,transverse,1,11895,59852,58684,13226,214602,10909,981,177904,190787,2.1642e+06,1.78394e+09,301,2.38311e-06,4.37128e-05,0.0079373,2.9922e+09,1.07413e+09,0,6.42338e+09,6.42338e+09,1,0
2430,145800,descending,1,16655,55516,76094,13863,164772,14576,710,136985,133002,2.91544e+06,2.08826e+09,361,1.38247e-07,2.51526e-06,0.00776841,2.9922e+09,1.07413e+09,0,6.42338e+09,6.42338e+09,1,0
2440,146400,cecum,0.9425,3955,34479,27211,7884,166133,4914,619,143833,154936,847361,2.55099e+09,121,2.31481e-05,0.000459559,0.00754044,3.02279e+09,1.08485e+09,0,6.42025e+09,6.42025e+09,1,0
2440,146400,transverse,1,11384,61478,59214,13324,217670,11027,988,179555,193023,2.07115e+06,1.782e+09,301,2.38568e-06,4.37603e-05,0.00793764,3.02279e+09,1.08485e+09,0,6.42025e+09,6.42025e+09,1,0
2440,146400,descending,1,16260,56295,76869,13974,166999,14734,712,138700,134326,2.84767e+06,2.08707e+09,361,1.38477e-07,2.51945e-06,0.00777188,3.02279e+09,1.08485e+09,0,6.42025e+09,6.42025e+09,1,0
2450,147000,cecum,0.94,3787,34993,27400,7919,167455,4952,622,144711,155971,812730,2.55099e+09,121,2.31481e-05,0.000459559,0.00754044,3.05337e+09,1.09556e+09,0,6.41714e+09,6.41714e+09,1,0
2450,147000,transverse,1,11806,61707,59726,13419,219513,11125,1053,181297,194904,2.15042e+06,1.78009e+09,301,2.3882e-06,4.38069e-05,0.00793798,3.05337e+09,1.09556e+09,0,6.41714e+09,6.41714e+09,1,0
2450,147000,descending,1,14639,57009,77588,14087,169557,14881,722,140794,134794,2.55382e+06,2.08587e+09,361,1.38706e-07,2.52362e-06,0.0077753,3.05337e+09,1.09556e+09,0,6.41714e+09,6.41714e+09,1,0
2460,147600,cecum,0.95,3856,34990,27589,7956,168362,4994,625,145697,156834,823062,2.55099e+09,121,2.31481e-05,0.000459559,0.00754044,3.08393e+09,1.10627e+09,0,6.41405e+09,6.41405e+09,1,0
2460,147600,transverse,0.9975,10454,63613,60252,13511,223000,11229,1059,183068,196703,1.90113e+06,1.77823e+09,301,2.39068e-06,4.38527e-05,0.00793831,3.08393e+09,1.10627e+09,0,6.41405e+09,6.41405e+09,1,0
2460,147600,descending,1,16255,56595,78329,14194,170578,15034,726,142485,136946,2.85055e+06,2.08465e+09,361,1.38934e-07,2.52776e-06,0.00777867,3.08393e+09,1.10627e+09,0,6.41405e+09,6.41405e+09,1,0
2470,148200,cecum,0.945,3601,35305,27779,8001,169601,5032,630,146699,157706,768833,2.55099e+09,121,2.31481e-05,0.000459559,0.00754044,3.11447e+09,1.11697e+09,0,6.41099e+09,6.41099e+09,1,0
2470,148200,transverse,1,10233,64545,60762,13618,225437,11322,1065,184767,198603,1.86049e+06,1.7764e+09,301,2.39311e-06,4.38977e-05,0.00793863,3.11447e+09,1.11697e+09,0,6.41099e+09,6.41099e+09,1,0
2470,148200,descending,1,15898,56730,79075,14311,171856,15177,727,143887,137380,2.77987e+06,2.08341e+09,361,1.3916e-07,2.53187e-06,0.00778199,3.11447e+09,1.11697e+09,0,6.41099e+09,6.41099e+09,1,0
2480,148800,cecum,0.955,3815,35098,27953,8038,170385,5064,634,147755,158595,808652,2.55099e+09,121,2.31481e-05,0.000459559,0.00754044,3.14499e+09,1.12766e+09,0,6.40796e+09,6.40796e+09,1,0
2480,148800,transverse,1,10775,65320,61257,13705,227927,11412,1068,186656,201314,1.96241e+06,1.77461e+09,301,2.3955e-06,4.39418e-05,0.00793895,3.14499e+09,1.12766e+09,0,6.40796e+09,6.40796e+09,1,0
2480,148800,descending,0.9975,16783,56310,79823,14438,172744,15334,733,145473,138683,2.94091e+06,2.08216e+09,361,1.39385e-07,2.53596e-06,0.00778526,3.14499e+09,1.12766e+09,0,6.40796e+09,6.40796e+09,1,0
2490,149400,cecum,0.9375,3561,35225,28130,8092,171519,5103,642,148847,159383,758406,2.55099e+09,121,2.31481e-05,0.000459559,0.00754044,3.1755e+09,1.13835e+09,0,6.40494e+09,6.40494e+09,1,0
2490,149400,transverse,1,10469,65334,61731,13809,229882,11510,1079,188788,202680,1.90477e+06,1.77286e+09,301,2.39785e-06,4.39851e-05,0.00793926,3.1755e+09,1.13835e+09,0,6.40494e+09,6.40494e+09,1,0
2490,149400,descending,1,15678,57458,80523,14556,175202,15463,750,147013,139566,2.74186e+06,2.0809e+09,361,1.39608e-07,2.54002e-06,0.00778849,3.1755e+09,1.13835e+09,0,6.40494e+09,6.40494e+09,1,0
2500,150000,cecum,0.97,3721,34928,28304,8142,172151,5134,643,149856,160081,791168,2.55099e+09,121,2.31481e-05,0.000459559,0.00754044,3.20599e+09,1.14903e+09,0,6.40196e+09,6.40196e+09,1,0
2500,150000,transverse,1,10835,64555,62204,13890,230820,11596,1127,190624,203630,1.97187e+06,1.77115e+09,301,2.40015e-06,4.40276e-05,0.00793956,3.20599e+09,1.14903e+09,0,6.40196e+09,6.40196e+09,1,0
2500,150000,descending,1,16524,57435,81273,14664,176131,15596,754,148202,140828,2.89491e+06,2.07963e+09,361,1.39829e-07,2.54405e-06,0.00779166,3.20599e+09,1.14903e+09,0,6.40196e+09,6.40196e+09,1,0
2510,150600,cecum,0.97,3940,34585,28457,8184,172768,5162,643,150886,160834,833937,2.551e+09,121,2.31481e-05,0.000459559,0.00754044,3.23645e+09,1.15971e+09,0,6.399e+09,6.399e+09,1,0
2510,150600,transverse,1,11196,64737,62712,13996,232610,11680,1149,192400,205441,2.03916e+06,1.76947e+09,301,2.40241e-06,4.40693e-05,0.00793986,3.23645e+09,1.15971e+09,0,6.399e+09,6.399e+09,1,0
2510,150600,descending,1,15874,57351,81980,14775,177682,15728,761,150073,141258,2.77468e+06,2.07835e+09,361,1.4005e-07,2.54806e-06,0.00779479,3.23645e+09,1.15971e+09,0,6.399e+09,6.399e+09,1,0
2520,151200,cecum,0.9375,3495,35013,28626,8228,174069,5184,669,151799,161561,750703,2.551e+09,121,2.31481e-05,0.000459559,0.00754044,3.2669e+09,1.17038e+09,0,6.39606e+09,6.39606e+09,1,0
2520,151200,transverse,1,11495,63031,63212,14096,232610,11782,1150,194307,205441,2.09311e+06,1.76782e+09,301,2.40462e-06,4.41102e-05,0.00794015,3.2669e+09,1.17038e+09,0,6.39606e+09,6.39606e+09,1,0
2520,151200,descending,1,15626,56632,82738,14887,178442,15871,770,151798,141258,2.72493e+06,2.07706e+09,361,1.40268e-07,2.55203e-06,0.00779787,3.2669e+09,1.17038e+09,0,6.39606e+09,6.39606e+09,1,0
2530,151800,cecum,0.94,3771,34899,28785,8268,174848,5215,677,152755,162520,802641,2.551e+09,121,2.31481e-05,0.000459559,0.00754044,3.29733e+09,1.18104e+09,0,6.39315e+09,6.39315e+09,1,0
2530,151800,transverse,0.9975,11340,64206,63703,14184,235414,11866,1158,196100,207763,2.06565e+06,1.76621e+09,301,2.4068e-06,4.41504e-05,0.00794043,3.29733e+09,1.18104e+09,0,6.39315e+09,6.39315e+09,1,0
2530,151800,descending,1,16393,58229,83496,15034,181210,16016,775,153256,144322,2.86948e+06,2.07575e+09,361,1.40485e-07,2.55598e-06,0.00780091,3.29733e+09,1.18104e+09,0,6.39315e+09,6.39315e+09,1,0
2540,152400,cecum,0.955,3818,34955,28971,8309,175878,5250,679,153803,163485,814190,2.551e+09,121,2.31481e-05,0.000459559,0.00754044,3.32774e+09,1.1917e+09,0,6.39026e+09,6.39026e+09,1,0
2540,152400,transverse,1,11756,64241,64222,14319,237115,11976,1164,198005,209600,2.14129e+06,1.76463e+09,301,2.40893e-06,4.41898e-05,0.00794071,3.32774e+09,1.1917e+09,0,6.39026e+09,6.39026e+09,1,0
2540,152400,descending,1,16193,59003,84248,15159,183171,16138,778,154687,145575,2.83194e+06,2.07445e+09,361,1.40701e-07,2.55989e-06,0.0078039,3.32774e+09,1.1917e+09,0,6.39026e+09,6.39026e+09,1,0
2550,153000,cecum,0.9375,3797,35150,29139,8338,176989,5280,685,154772,164460,807703,2.55099e+09,121,2.31481e-05,0.000459559,0.00754044,3.35813e+09,1.20235e+09,0,6.3874e+09,6.3874e+09,1,0
2550,153000,transverse,1,10700,64972,64714,14409,239440,12083,1176,199784,210562,1.94599e+06,1.76309e+09,301,2.41103e-06,4.42285e-05,0.00794098,3.35813e+09,1.20235e+09,0,6.3874e+09,6.3874e+09,1,0
2550,153000,descending,1,15735,58903,85011,15280,184525,16321,779,156444,146011,2.74642e+06,2.07313e+09,361,1.40914e-07,2.56378e-06,0.00780685,3.35813e+09,1.20235e+09,0,6.3874e+09,6.3874e+09,1,0
2560,153600,cecum,0.945,3720,35537,29308,8379,178156,5315,688,155625,165454,792000,2.55099e+09,121,2.31481e-05,0.000459559,0.00754044,3.38851e+09,1.213e+09,0,6.38456e+09,6.38456e+09,1,0
2560,153600,transverse,1,11099,63878,65229,14496,240255,12180,1178,201875,211443,2.01881e+06,1.76157e+09,301,2.41308e-06,4.42664e-05,0.00794125,3.38851e+09,1.213e+09,0,6.38456e+09,6.38456e+09,1,0
2560,153600,descending,1,16822,57676,85806,15382,185286,16460,787,158665,147297,2.94377e+06,2.07181e+09,361,1.41127e-07,2.56764e-06,0.00780975,3.38851e+09,1.213e+09,0,6.38456e+09,6.38456e+09,1,0
2570,154200,cecum,0.9525,3479,35869,29463,8415,179536,5342,691,156733,166498,741604,2.55099e+09,121,2.31481e-05,0.000459559,0.00754044,3.41886e+09,1.22364e+09,0,6.38175e+09,6.38175e+09,1,0
2570,154200,transverse,1,11579,64572,65754,14586,242406,12267,1184,203503,213720,2.10791e+06,1.76009e+09,301,2.4151e-06,4.43037e-05,0.00794151,3.41886e+09,1.22364e+09,0,6.38175e+09,6.38175e+09,1,0
2570,154200,descending,1,16955,56799,86575,15500,186086,16617,809,160595,147714,2.96297e+06,2.07048e+09,361,1.41337e-07,2.57147e-06,0.00781262,3.41886e+09,1.22364e+09,0,6.38175e+09,6.38175e+09,1,0
2580,154800,cecum,0.9475,3611,35843,29628,8455,180406,5379,694,157703,167409,766862,2.55099e+09,121,2.31481e-05,0.000459559,0.00754044,3.44919e+09,1.23427e+09,0,6.37897e+09,6.37897e+09,1,0
2580,154800,transverse,1,10760,65168,66261,14675,244483,12358,1190,205158,214645,1.95657e+06,1.75864e+09,301,2.41708e-06,4.43403e-05,0.00794177,3.44919e+09,1.23427e+09,0,6.37897e+09,6.37897e+09,1,0
2580,154800,descending,1,16254,58527,87329,15618,188900,16756,810,161937,149329,2.8406e+06,2.06915e+09,361,1.41546e-07,2.57527e-06,0.00781543,3.44919e+09,1.23427e+09,0,6.37897e+09,6.37897e+09,1,0
2590,155400,cecum,0.96,3657,35621,29779,8507,181260,5406,699,158853,168232,776567,2.55099e+09,121,2.31481e-05,0.000459559,0.00754044,3.47951e+09,1.2449e+09,0,6.37621e+09,6.37621e+09,1,0
2590,155400,transverse,1,10982,64102,66761,14758,245039,12467,1193,206969,215112,1.99637e+06,1.75722e+09,301,2.41902e-06,4.43761e-05,0.00794202,3.47951e+09,1.2449e+09,0,6.37621e+09,6.37621e+09,1,0
2590,155400,descending,1,16397,59745,88094,15724,191561,16887,923,163504,151492,2.87219e+06,2.06781e+09,361,1.41753e-07,2.57904e-06,0.00781821,3.47951e+09,1.2449e+09,0,6.37621e+09,6.37621e+09,1,0
2600,156000,cecum,0.975,3837,35297,29939,8547,181849,5440,702,159837,168912,810050,2.551e+09,121,2.31481e-05,0.000459559,0.00754044,3.5098e+09,1.25553e+09,0,6.37347e+09,6.37347e+09,1,0
2600,156000,transverse,1,11932,63790,67300,14852,246228,12576,1198,208668,216910,2.1719e+06,1.75582e+09,301,2.42092e-06,4.44113e-05,0.00794226,3.5098e+09,1.25553e+09,0,6.37347e+09,6.37347e+09,1,0
2600,156000,descending,1,15942,59444,88849,15838,192515,17030,924,165015,151492,2.78473e+06,2.06647e+09,361,1.41959e-07,2.58278e-06,0.00782095,3.5098e+09,1.25553e+09,0,6.37347e+09,6.37347e+09,1,0
2610,156600,cecum,0.95,3702,35303,30074,8573,182844,5460,711,160863,169674,781197,2.551e+09,121,2.31481e-05,0.000459559,0.00754044,3.54007e+09,1.26615e+09,0,6.37077e+09,6.37077e+09,1,0
2610,156600,transverse,1,11900,62690,67846,14944,246604,12688,1200,210346,216910,2.16458e+06,1.75446e+09,301,2.42279e-06,4.44458e-05,0.0079425,3.54007e+09,1.26615e+09,0,6.37077e+09,6.37077e+09,1,0
2610,156600,descending,1,15765,58668,89622,15923,193233,17183,930,166741,151492,2.74658e+06,2.06512e+09,361,1.42163e-07,2.58649e-06,0.00782364,3.54007e+09,1.26615e+09,0,6.37077e+09,6.37077e+09,1,0
2620,157200,cecum,0.9725,3893,35104,30228,8614,183445,5492,712,161735,170384,818941,2.551e+09,121,2.31481e-05,0.000459559,0.00754044,3.57033e+09,1.27676e+09,0,6.36808e+09,6.36808e+09,1,0
2620,157200,transverse,1,11595,61933,68351,15032,247239,12780,1205,211913,216910,2.1066e+06,1.75313e+09,301,2.42463e-06,4.44797e-05,0.00794274,3.57033e+09,1.27676e+09,0,6.36808e+09,6.36808e+09,1,0
2620,157200,descending,1,15148,59614,90384,16014,196141,17326,937,168930,153248,2.639e+06,2.06377e+09,361,1.42366e-07,2.59017e-06,0.0078263,3.57033e+09,1.27676e+09,0,6.36808e+09,6.36808e+09,1,0
2630,157800,cecum,0.9725,3776,34820,30393,8669,184126,5525,717,162783,170866,796652,2.551e+09,121,2.31481e-05,0.000459559,0.00754044,3.60056e+09,1.28736e+09,0,6.36542e+09,6.36542e+09,1,0
2630,157800,transverse,1,11414,61396,68902,15125,248215,12899,1209,213634,217362,2.07217e+06,1.75182e+09,301,2.42642e-06,4.45129e-05,0.00794297,3.60056e+09,1.28736e+09,0,6.36542e+09,6.36542e+09,1,0
2630,157800,descending,1,16788,58132,91124,16110,196302,17477,940,170817,154553,2.93588e+06,2.06242e+09,361,1.42566e-07,2.59382e-06,0.00782891,3.60056e+09,1.28736e+09,0,6.36542e+09,6.36542e+09,1,0
2640,158400,cecum,0.965,3641,34681,30555,8709,184874,5547,718,163731,171378,772899,2.551e+09,121,2.31481e-05,0.000459559,0.00754044,3.63078e+09,1.29797e+09,0,6.36279e+09,6.36279e+09,1,0
2640,158400,transverse,1,11979,61734,69423,15225,250223,12999,1211,215502,219612,2.17753e+06,1.75054e+09,301,2.42819e-06,4.45455e-05,0.00794319,3.63078e+09,1.29797e+09,0,6.36279e+09,6.36279e+09,1,0
2640,158400,descending,0.9975,17648,58272,91922,16223,197709,17644,956,172348,156286,3.09298e+06,2.06107e+09,361,1.42765e-07,2.59744e-06,0.00783149,3.63078e+09,1.29797e+09,0,6.36279e+09,6.36279e+09,1,0
2650,159000,cecum,0.9625,3789,34421,30721,8752,185600,5576,723,164784,172153,800144,2.551e+09,121,2.31481e-05,0.000459559,0.00754044,3.66097e+09,1.30856e+09,0,6.36018e+09,6.36018e+09,1,0
2650,159000,transverse,1,12540,61758,69958,15311,251862,13098,1269,217244,221404,2.28162e+06,1.74928e+09,301,2.42992e-06,4.45775e-05,0.00794342,3.66097e+09,1.30856e+09,0,6.36018e+09,6.36018e+09,1,0
2650,159000,descending,1,17004,59376,92754,16347,200150,17808,956,173973,157539,2.96942e+06,2.05972e+09,361,1.42963e-07,2.60103e-06,0.00783403,3.66097e+09,1.30856e+09,0,6.36018e+09,6.36018e+09,1,0
2660,159600,cecum,0.94,3548,34714,30912,8789,186791,5622,738,165750,172980,755833,2.551e+09,121,2.31481e-05,0.000459559,0.00754044,3.69115e+09,1.31915e+09,0,6.3576e+09,6.3576e+09,1,0
2660,159600,transverse,1,12542,61437,70511,15416,253094,13203,1279,218997,222285,2.28083e+06,1.74805e+09,301,2.43162e-06,4.46088e-05,0.00794363,3.69115e+09,1.31915e+09,0,6.3576e+09,6.3576e+09,1,0
2660,159600,descending,1,16811,59887,93488,16447,202089,17945,960,175634,158784,2.94166e+06,2.05836e+09,361,1.43158e-07,2.60459e-06,0.00783653,3.69115e+09,1.31915e+09,0,6.3576e+09,6.3576e+09,1,0
2670,160200,cecum,0.96,3649,34745,31085,8821,187771,5648,744,166751,173940,775619,2.551e+09,121,2.31481e-05,0.000459559,0.00754044,3.7213e+09,1.32974e+09,0,6.35504e+09,6.35504e+09,1,0
2670,160200,transverse,1,12932,62012,71074,15521,254822,13329,1286,220374,224064,2.35421e+06,1.74685e+09,301,2.43328e-06,4.46396e-05,0.00794384,3.7213e+09,1.32974e+09,0,6.35504e+09,6.35504e+09,1,0
2670,160200,descending,1,16415,58850,94287,16569,203019,18093,965,177866,158784,2.86425e+06,2.05701e+09,361,1.43352e-07,2.60812e-06,0.00783899,3.7213e+09,1.32974e+09,0,6.35504e+09,6.35504e+09,1,0
2680,160800,cecum,0.97,3767,34339,31226,8869,188282,5668,750,167730,174490,800432,2.551e+09,121,2.31481e-05,0.000459559,0.00754044,3.75144e+09,1.34032e+09,0,6.35251e+09,6.35251e+09,1,0
2680,160800,transverse,1,13134,61428,71607,15642,255811,13429,1293,222161,224936,2.39097e+06,1.74567e+09,301,2.43492e-06,4.46698e-05,0.00794405,3.75144e+09,1.34032e+09,0,6.35251e+09,6.35251e+09,1,0
2680,160800,descending,1,16378,58323,95081,16678,203567,18274,972,179224,158784,2.85122e+06,2.05566e+09,361,1.43545e-07,2.61162e-06,0.00784141,3.75144e+09,1.34032e+09,0,6.35251e+09,6.35251e+09,1,0
2690,161400,cecum,0.965,3810,34009,31409,8904,188873,5694,756,168706,174996,814541,2.551e+09,121,2.31481e-05,0.000459559,0.00754044,3.78156e+09,1.3509e+09,0,6.35e+09,6.35e+09,1,0
2690,161400,transverse,1,12368,60982,72207,15755,256955,13546,1301,223973,224936,2.24743e+06,1.74451e+09,301,2.43652e-06,4.46994e-05,0.00794425,3.78156e+09,1.3509e+09,0,6.35e+09,6.35e+09,1,0
2690,161400,descending,1,16935,56788,95862,16764,203567,18422,982,180983,158784,2.94711e+06,2.05431e+09,361,1.43735e-07,2.61508e-06,0.0078438,3.78156e+09,1.3509e+09,0,6.35e+09,6.35e+09,1,0
2700,162000,cecum,0.96,3637,33830,31594,8941,189607,5728,760,169686,175439,780584,2.551e+09,121,2.31481e-05,0.000459559,0.00754044,3.81165e+09,1.36147e+09,0,6.34752e+09,6.34752e+09,1,0
2700,162000,transverse,1,13076,61970,72784,15858,259423,13641,1304,225648,227730,2.37865e+06,1.74338e+09,301,2.43809e-06,4.47284e-05,0.00794445,3.81165e+09,1.36147e+09,0,6.34752e+09,6.34752e+09,1,0
2700,162000,descending,1,17881,56154,96642,16883,203954,18599,983,182299,159632,3.1184e+06,2.05296e+09,361,1.43924e-07,2.61852e-06,0.00784616,3.81165e+09,1.36147e+09,0,6.34752e+09,6.34752e+09,1,0
2710,162600,cecum,0.9425,3836,33605,31744,8978,190351,5746,763,170707,176284,820218,2.551e+09,121,2.31481e-05,0.000459559,0.00754044,3.84173e+09,1.37203e+09,0,6.34506e+09,6.34506e+09,1,0
2710,162600,transverse,1,13153,61075,73340,15942,260161,13746,1304,227470,228178,2.39117e+06,1.74227e+09,301,2.43963e-06,4.47569e-05,0.00794465,3.84173e+09,1.37203e+09,0,6.34506e+09,6.34506e+09,1,0
2710,162600,descending,1,17940,56458,97523,16988,205748,18760,990,184048,160863,3.12661e+06,2.05161e+09,361,1.44112e-07,2.62193e-06,0.00784848,3.84173e+09,1.37203e+09,0,6.34506e+09,6.34506e+09,1,0
2720,163200,cecum,0.9825,4094,33283,31923,9028,190888,5769,766,171636,176970,870647,2.551e+09,121,2.31481e-05,0.000459559,0.00754044,3.87179e+09,1.38259e+09,0,6.34263e+09,6.34263e+09,1,0
2720,163200,transverse,1,12760,60111,73959,16054,260942,13869,1308,229446,228178,2.31729e+06,1.74119e+09,301,2.44114e-06,4.47848e-05,0.00794484,3.87179e+09,1.38259e+09,0,6.34263e+09,6.34263e+09,1,0
2720,163200,descending,0.9975,18195,57511,98398,17095,207815,18960,993,185366,162614,3.179e+06,2.05026e+09,361,1.44297e-07,2.6253e-06,0.00785076,3.87179e+09,1.38259e+09,0,6.34263e+09,6.34263e+09,1,0
2730,163800,cecum,0.97,4214,33095,32098,9075,191514,5796,780,172510,177601,895630,2.551e+09,121,2.31481e-05,0.000459559,0.00754044,3.90182e+09,1.39315e+09,0,6.34022e+09,6.34022e+09,1,0
2730,163800,transverse,0.9975,13138,60409,74596,16153,262786,13991,1316,231205,229976,2.38677e+06,1.74013e+09,301,2.44262e-06,4.48122e-05,0.00794502,3.90182e+09,1.39315e+09,0,6.34022e+09,6.34022e+09,1,0
2730,163800,descending,1,17441,58187,99253,17203,209974,19125,996,187119,163434,3.04129e+06,2.04891e+09,361,1.44481e-07,2.62865e-06,0.00785301,3.90182e+09,1.39315e+09,0,6.34022e+09,6.34022e+09,1,0
2740,164400,cecum,0.955,4035,33305,32312,9125,192637,5842,796,173503,178411,864949,2.551e+09,121,2.31481e-05,0.000459559,0.00754044,3.93184e+09,1.4037e+09,0,6.33784e+09,6.33784e+09,1,0
2740,164400,transverse,1,13229,60342,75177,16251,264430,14108,1322,233125,231339,2.40405e+06,1.73909e+09,301,2.44408e-06,4.4839e-05,0.00794521,3.93184e+09,1.4037e+09,0,6.33784e+09,6.33784e+09,1,0
2740,164400,descending,1,17216,58899,100064,17337,212027,19289,1010,188744,164735,3.00364e+06,2.04757e+09,361,1.44664e-07,2.63196e-06,0.00785523,3.93184e+09,1.4037e+09,0,6.33784e+09,6.33784e+09,1,0
2750,165000,cecum,0.945,3795,33512,32538,9168,193828,5886,799,174571,179220,816190,2.551e+09,121,2.31481e-05,0.000459559,0.00754044,3.96184e+09,1.41425e+09,0,6.33548e+09,6.33548e+09,1,0
2750,165000,transverse,1,13962,60181,75774,16340,265925,14236,1324,234996,233185,2.54008e+06,1.73807e+09,301,2.4455e-06,4.48654e-05,0.00794539,3.96184e+09,1.41425e+09,0,6.33548e+09,6.33548e+09,1,0
2750,165000,descending,1,16691,60466,100858,17439,214951,19450,1013,190361,166600,2.9167e+06,2.04623e+09,361,1.44844e-07,2.63525e-06,0.00785741,3.96184e+09,1.41425e+09,0,6.33548e+09,6.33548e+09,1,0
2760,165600,cecum,0.9725,4143,33006,32743,9227,194166,5931,804,175514,179800,886645,2.551e+09,121,2.31481e-05,0.000459559,0.00754044,3.99181e+09,1.42479e+09,0,6.33315e+09,6.33315e+09,1,0
2760,165600,transverse,1,13391,59657,76345,16441,267283,14359,1328,237098,233621,2.43375e+06,1.73707e+09,301,2.4469e-06,4.48912e-05,0.00794556,3.99181e+09,1.42479e+09,0,6.33315e+09,6.33315e+09,1,0
2760,165600,descending,1,16457,60473,101590,17564,216538,19574,1016,192187,167467,2.87396e+06,2.04489e+09,361,1.45023e-07,2.6385e-06,0.00785956,3.99181e+09,1.42479e+09,0,6.33315e+09,6.33315e+09,1,0
2770,166200,cecum,0.9475,3959,32970,32952,9272,195132,5971,807,176598,180455,851507,2.551e+09,121,2.31481e-05,0.000459559,0.00754044,4.02177e+09,1.43532e+09,0,6.33084e+09,6.33084e+09,1,0
2770,166200,transverse,0.9975,14067,60130,76991,16534,269291,14467,1329,238833,235859,2.55875e+06,1.73609e+09,301,2.44827e-06,4.49165e-05,0.00794573,4.02177e+09,1.43532e+09,0,6.33084e+09,6.33084e+09,1,0
2770,166200,descending,1,18032,59850,102315,17678,217142,19719,1019,193670,169177,3.16337e+06,2.04356e+09,361,1.452e-07,2.64173e-06,0.00786168,4.02177e+09,1.43532e+09,0,6.33084e+09,6.33084e+09,1,0
2780,166800,cecum,0.96,3767,33197,33134,9311,196310,6009,810,177623,181333,812111,2.551e+09,121,2.31481e-05,0.000459559,0.00754044,4.05171e+09,1.44585e+09,0,6.32855e+09,6.32855e+09,1,0
2780,166800,transverse,1,13283,60594,77587,16663,271332,14569,1336,240634,236744,2.41452e+06,1.73514e+09,301,2.44962e-06,4.49413e-05,0.0079459,4.05171e+09,1.44585e+09,0,6.32855e+09,6.32855e+09,1,0
2780,166800,descending,1,17427,58966,103124,17800,218282,19884,1032,195968,169177,3.04836e+06,2.04223e+09,361,1.45376e-07,2.64492e-06,0.00786377,4.05171e+09,1.44585e+09,0,6.32855e+09,6.32855e+09,1,0
2790,167400,cecum,0.96,3964,33241,33297,9345,197163,6035,818,178484,182272,847876,2.551e+09,121,2.31481e-05,0.000459559,0.00754044,4.08163e+09,1.45638e+09,0,6.32629e+09,6.32629e+09,1,0
2790,167400,transverse,1,13327,60983,78184,16771,273018,14684,1336,242154,238100,2.42282e+06,1.7342e+09,301,2.45094e-06,4.49657e-05,0.00794606,4.08163e+09,1.45638e+09,0,6.32629e+09,6.32629e+09,1,0
2790,167400,descending,1,17315,59165,103948,17920,220206,20040,1033,197968,170440,3.02678e+06,2.04091e+09,361,1.4555e-07,2.64808e-06,0.00786582,4.08163e+09,1.45638e+09,0,6.32629e+09,6.32629e+09,1,0
2800,168000,cecum,0.9575,3848,33095,33487,9387,197893,6070,818,179437,182773,824478,2.551e+09,121,2.31481e-05,0.000459559,0.00754044,4.11153e+09,1.4669e+09,0,6.32406e+09,6.32406e+09,1,0
2800,168000,transverse,1,12754,60511,78787,16872,273979,14803,1341,243802,238100,2.31631e+06,1.73328e+09,301,2.45223e-06,4.49896e-05,0.00794623,4.11153e+09,1.4669e+09,0,6.32406e+09,6.32406e+09,1,0
2800,168000,descending,1,17309,58858,104782,18043,221600,20207,1033,199959,171284,3.0231e+06,2.03959e+09,361,1.45722e-07,2.65122e-06,0.00786785,4.11153e+09,1.4669e+09,0,6.32406e+09,6.32406e+09,1,0
2810,168600,cecum,0.9525,3843,33286,33661,9431,199044,6099,822,180466,183814,819229,2.551e+09,121,2.31481e-05,0.000459559,0.00754044,4.14141e+09,1.47742e+09,0,6.32184e+09,6.32184e+09,1,0
2810,168600,transverse,1,13016,61193,79383,16971,276004,14918,1352,245348,239994,2.36582e+06,1.73238e+09,301,2.4535e-06,4.5013e-05,0.00794638,4.14141e+09,1.47742e+09,0,6.32184e+09,6.32184e+09,1,0
2810,168600,descending,1,17534,58068,105600,18183,222335,20348,1033,201765,171707,3.05892e+06,2.03828e+09,361,1.45893e-07,2.65432e-06,0.00786984,4.14141e+09,1.47742e+09,0,6.32184e+09,6.32184e+09,1,0
2820,169200,cecum,0.9475,3830,33436,33834,9469,200058,6135,822,181404,184716,818359,2.551e+09,121,2.31481e-05,0.000459559,0.00754044,4.17127e+09,1.48794e+09,0,6.31965e+09,6.31965e+09,1,0
2820,169200,transverse,1,12869,61962,79989,17089,278221,15049,1355,247042,241704,2.33933e+06,1.7315e+09,301,2.45474e-06,4.5036e-05,0.00794654,4.17127e+09,1.48794e+09,0,6.31965e+09,6.31965e+09,1,0
2820,169200,descending,0.9975,18092,58298,106371,18292,224044,20483,1040,203481,173440,3.16185e+06,2.03697e+09,361,1.46062e-07,2.65739e-06,0.0078718,4.17127e+09,1.48794e+09,0,6.31965e+09,6.31965e+09,1,0
2830,169800,cecum,0.955,3753,33720,33996,9514,201259,6163,823,182393,185750,801247,2.551e+09,121,2.31481e-05,0.000459559,0.00754044,4.20111e+09,1.49844e+09,0,6.31749e+09,6.31749e+09,1,0
2830,169800,transverse,1,14201,60879,80622,17186,278698,15166,1365,248806,243084,2.5848e+06,1.73064e+09,301,2.45596e-06,4.50585e-05,0.00794669,4.20111e+09,1.49844e+09,0,6.31749e+09,6.31749e+09,1,0
2830,169800,descending,0.9975,17990,58988,107229,18415,225950,20665,1054,204988,174677,3.14297e+06,2.03567e+09,361,1.46229e-07,2.66043e-06,0.00787374,4.20111e+09,1.49844e+09,0,6.31749e+09,6.31749e+09,1,0
2840,170400,cecum,0.9625,3882,33612,34187,9556,201980,6203,826,183301,186488,825170,2.551e+09,121,2.31481e-05,0.000459559,0.00754044,4.23094e+09,1.50895e+09,0,6.31535e+09,6.31535e+09,1,0
2840,170400,transverse,1,13492,60921,81256,17291,280330,15268,1366,250602,243579,2.4531e+06,1.72979e+09,301,2.45715e-06,4.50806e-05,0.00794684,4.23094e+09,1.50895e+09,0,6.31535e+09,6.31535e+09,1,0
2840,170400,descending,1,18459,58205,108081,18529,226510,20831,1056,206609,175132,3.22404e+06,2.03437e+09,361,1.46395e-07,2.66345e-06,0.00787564,4.23094e+09,1.50895e+09,0,6.31535e+09,6.31535e+09,1,0
2850,171000,cecum,0.9475,3824,33765,34379,9590,202922,6225,828,184144,187234,818972,2.551e+09,121,2.31481e-05,0.000459559,0.00754044,4.26074e+09,1.51945e+09,0,6.31323e+09,6.31323e+09,1,0
2850,171000,transverse,1,14236,61562,81873,17391,282259,15380,1370,252098,245843,2.59026e+06,1.72896e+09,301,2.45832e-06,4.51022e-05,0.00794698,4.26074e+09,1.51945e+09,0,6.31323e+09,6.31323e+09,1,0
2850,171000,descending,1,18866,59293,108990,18655,228861,21011,1061,208173,177282,3.29975e+06,2.03308e+09,361,1.46559e-07,2.66643e-06,0.00787752,4.26074e+09,1.51945e+09,0,6.31323e+09,6.31323e+09,1,0
2860,171600,cecum,0.965,3729,33708,34540,9640,203677,6265,835,185039,187816,799899,2.551e+09,121,2.31481e-05,0.000459559,0.00754044,4.29053e+09,1.52995e+09,0,6.31113e+09,6.31113e+09,1,0
2860,171600,transverse,1,14164,60346,82511,17494,283248,15483,1379,254500,246319,2.57608e+06,1.72815e+09,301,2.45947e-06,4.51234e-05,0.00794712,4.29053e+09,1.52995e+09,0,6.31113e+09,6.31113e+09,1,0
2860,171600,descending,1,18728,59373,109839,18781,230441,21167,1067,209949,178151,3.27373e+06,2.03179e+09,361,1.46721e-07,2.66938e-06,0.00787936,4.29053e+09,1.52995e+09,0,6.31113e+09,6.31113e+09,1,0
2870,172200,cecum,0.97,3843,33414,34723,9675,204304,6288,837,186016,188430,816877,2.551e+09,121,2.31481e-05,0.000459559,0.00754044,4.32029e+09,1.54044e+09,0,6.30906e+09,6.30906e+09,1,0
2870,172200,transverse,1,13836,59830,83129,17618,284369,15606,1394,256369,246726,2.51379e+06,1.72736e+09,301,2.4606e-06,4.51442e-05,0.00794726,4.32029e+09,1.54044e+09,0,6.30906e+09,6.30906e+09,1,0
2870,172200,descending,1,17607,60191,110708,18889,232595,21320,1073,211540,178570,3.06796e+06,2.03051e+09,361,1.46882e-07,2.67231e-06,0.00788118,4.32029e+09,1.54044e+09,0,6.30906e+09,6.30906e+09,1,0
2880,172800,cecum,0.9575,3650,33304,34890,9719,205147,6318,841,187039,188983,780469,2.551e+09,121,2.31481e-05,0.000459559,0.00754044,4.35004e+09,1.55093e+09,0,6.30701e+09,6.30701e+09,1,0
2880,172800,transverse,1,14410,60788,83765,17742,286888,15722,1402,258162,249415,2.62127e+06,1.72658e+09,301,2.4617e-06,4.51646e-05,0.0079474,4.35004e+09,1.55093e+09,0,6.30701e+09,6.30701e+09,1,0
2880,172800,descending,1,18646,59547,111512,19008,234179,21495,1077,214058,180679,3.25892e+06,2.02924e+09,361,1.47042e-07,2.6752e-06,0.00788298,4.35004e+09,1.55093e+09,0,6.30701e+09,6.30701e+09,1,0
2890,173400,cecum,0.995,4626,33870,35073,9780,206606,6347,842,188021,191324,962428,2.55334e+08,121,2.6536e-05,0.000543165,0.00745683,4.35569e+09,1.55292e+09,5.67596e+09,6.30925e+08,6.30925e+08,1,0
2890,173400,transverse,0.9975,13108,61635,84422,17849,289450,15854,1403,260115,250256,2.38212e+06,1.726e+08,301,2.82156e-06,5.27379e-05,0.00793998,4.35569e+09,1.55292e+09,5.67596e+09,6.30925e+08,6.30925e+08,1,0
2890,173400,descending,0.9975,17562,60041,112371,19136,235879,21650,1081,215543,180715,3.05952e+06,2.028e+08,361,1.76712e-07,3.28751e-06,0.00788413,4.35569e+09,1.55292e+09,5.67596e+09,6.30925e+08,6.30925e+08,1,0
2900,174000,cecum,1,4724,34377,35252,9831,208009,6372,845,188990,192719,984033,2.56193e+08,121,3.05213e-05,0.000633065,0.00736693,4.35866e+09,1.55397e+09,5.67596e+09,6.31666e+08,6.31666e+08,1,0
2900,174000,transverse,1,12957,60807,84959,17937,290184,15959,1409,261864,250489,2.35323e+06,1.726e+08,301,3.34481e-06,6.26177e-05,0.00793025,4.35866e+09,1.55397e+09,5.67596e+09,6.31666e+08,6.31666e+08,1,0
2900,174000,descending,1,17353,60207,113188,19243,237454,21799,1085,217204,181516,3.02047e+06,2.02683e+08,361,2.19617e-07,4.08159e-06,0.00788508,4.35866e+09,1.55397e+09,5.67596e+09,6.31666e+08,6.31666e+08,1,0
2910,174600,cecum,0.9875,4783,34608,35445,9879,209221,6401,848,190045,193871,996151,2.57649e+08,121,3.42523e-05,0.000719928,0.00728007,4.36163e+09,1.55502e+09,5.67596e+09,6.33086e+08,6.33086e+08,1,0
2910,174600,transverse,0.9925,12828,60791,85598,18021,291682,16080,1416,263576,251417,2.32901e+06,1.72673e+08,301,3.94288e-06,7.39229e-05,0.00791909,4.36163e+09,1.55502e+09,5.67596e+09,6.33086e+08,6.33086e+08,1,0
2910,174600,descending,0.9975,17396,59426,113999,19340,238239,21947,1088,219012,181775,3.02436e+06,2.02574e+08,361,2.70025e-07,5.0144e-06,0.00788586,4.36163e+09,1.55502e+09,5.67596e+09,6.33086e+08,6.33086e+08,1,0
2920,175200,cecum,0.9975,4842,35473,35656,9951,211085,6432,855,191140,195679,1.00903e+06,2.59673e+08,121,3.77505e-05,0.000803852,0.00719615,4.3646e+09,1.55607e+09,5.67596e+09,6.35171e+08,6.35171e+08,1,0
2920,175200,transverse,0.9925,12972,60581,86245,18109,293154,16202,1456,265428,252556,2.35536e+06,1.72832e+08,301,4.60855e-06,8.65374e-05,0.00790662,4.3646e+09,1.55607e+09,5.67596e+09,6.35171e+08,6.35171e+08,1,0
2920,175200,descending,0.995,18140,59593,114810,19446,239529,22104,1093,220393,183256,3.16345e+06,2.02474e+08,361,3.28853e-07,6.10253e-06,0.00788646,4.3646e+09,1.55607e+09,5.67596e+09,6.35171e+08,6.35171e+08,1,0
2930,175800,cecum,0.995,5542,35194,35863,10030,211740,6471,862,192185,196938,1.1394e+06,2.62245e+08,121,4.10345e-05,0.000884918,0.00711508,4.36757e+09,1.55712e+09,5.67596e+09,6.37915e+08,6.37915e+08,1,0
2930,175800,transverse,0.9925,13036,60256,86852,18198,294535,16321,1461,267337,253597,2.36662e+06,1.7309e+08,301,5.33497e-06,0.000100351,0.00789295,4.36757e+09,1.55712e+09,5.67596e+09,6.37915e+08,6.37915e+08,1,0
2930,175800,descending,0.9975,17723,59993,115632,19575,241042,22265,1093,221796,183820,3.08755e+06,2.02388e+08,361,3.96873e-07,7.36004e-06,0.00788687,4.36757e+09,1.55712e+09,5.67596e+09,6.37915e+08,6.37915e+08,1,0
2940,176400,cecum,0.995,5112,35963,36079,10100,213483,6507,865,193262,198138,1.06231e+06,2.65347e+08,121,4.41205e-05,0.000963195,0.00703681,4.37053e+09,1.55818e+09,5.67596e+09,6.41314e+08,6.41314e+08,1,0
2940,176400,transverse,1,13082,60200,87457,18292,295796,16426,1467,268847,254492,2.37443e+06,1.73457e+08,301,6.11558e-06,0.000115259,0.00787818,4.37053e+09,1.55818e+09,5.67596e+09,6.41314e+08,6.41314e+08,1,0
2940,176400,descending,0.9925,17044,60890,116435,19669,243232,22418,1097,223332,184771,2.96746e+06,2.02318e+08,361,4.74728e-07,8.79864e-06,0.00788707,4.37053e+09,1.55818e+09,5.67596e+09,6.41314e+08,6.41314e+08,1,0
2950,177000,cecum,0.9975,4954,36093,36289,10161,214623,6538,868,194361,198999,1.03474e+06,2.68967e+08,121,4.70225e-05,0.00103873,0.00696127,4.3735e+09,1.55924e+09,5.67596e+09,6.45371e+08,6.45371e+08,1,0
2950,177000,transverse,0.995,13736,59616,88064,18386,296789,16539,1469,270629,255737,2.4947e+06,1.73944e+08,301,6.94419e-06,0.000131161,0.00786241,4.3735e+09,1.55924e+09,5.67596e+09,6.45371e+08,6.45371e+08,1,0
2950,177000,descending,1,17011,60936,117220,19778,244699,22581,1101,225021,185688,2.96295e+06,2.02268e+08,361,5.62933e-07,1.04279e-05,0.00788705,4.3735e+09,1.55924e+09,5.67596e+09,6.45371e+08,6.45371e+08,1,0
2960,177600,cecum,0.9875,4832,36842,36488,10226,216327,6576,871,195416,200482,1.01192e+06,2.73095e+08,121,4.9753e-05,0.00111158,0.00688842,4.37646e+09,1.56031e+09,5.67596e+09,6.50089e+08,6.50089e+08,1,0
2960,177600,transverse,1,13573,59404,88719,18492,298270,16674,1475,272557,256635,2.46428e+06,1.74562e+08,301,7.8149e-06,0.000147963,0.00784574,4.37646e+09,1.56031e+09,5.67596e+09,6.50089e+08,6.50089e+08,1,0
2960,177600,descending,1,17012,60677,118001,19876,246053,22737,1106,226883,186511,2.96467e+06,2.0224e+08,361,6.61894e-07,1.22553e-05,0.00788682,4.37646e+09,1.56031e+09,5.67596e+09,6.50089e+08,6.50089e+08,1,0
2970,178200,cecum,0.995,4953,37549,36672,10270,218092,6615,872,196556,202266,1.03328e+06,2.77726e+08,121,5.23229e-05,0.00118177,0.00681823,4.37943e+09,1.56139e+09,5.67596e+09,6.55474e+08,6.55474e+08,1,0
2970,178200,transverse,0.9975,13183,59696,89354,18579,300011,16794,1477,274211,257556,2.39214e+06,1.75317e+08,301,8.72209e-06,0.000165573,0.00782826,4.37943e+09,1.56139e+09,5.67596e+09,6.55474e+08,6.55474e+08,1,0
2970,178200,descending,0.9975,17077,60371,118819,19976,247449,22903,1108,228849,187418,2.97435e+06,2.02238e+08,361,7.71908e-07,1.42867e-05,0.00788635,4.37943e+09,1.56139e+09,5.67596e+09,6.55474e+08,6.55474e+08,1,0
2980,178800,cecum,0.9975,4924,37719,36866,10330,219342,6648,876,197725,203382,1.03234e+06,2.82858e+08,121,5.47418e-05,0.00124932,0.00675068,4.38239e+09,1.56247e+09,5.67596e+09,6.61536e+08,6.61536e+08,1,0
2980,178800,transverse,0.995,13176,59088,89987,18670,301226,16920,1486,276242,258339,2.39113e+06,1.7622e+08,301,9.66045e-06,0.000183903,0.00781006,4.38239e+09,1.56247e+09,5.67596e+09,6.61536e+08,6.61536e+08,1,0
2980,178800,descending,0.9975,16804,59973,119603,20058,248850,23051,1111,230875,187989,2.92504e+06,2.02266e+08,361,8.93176e-07,1.65259e-05,0.00788565,4.38239e+09,1.56247e+09,5.67596e+09,6.61536e+08,6.61536e+08,1,0
2990,179400,cecum,0.995,4813,38509,37074,10384,221044,6685,884,198720,204848,1.00986e+06,2.8849e+08,121,5.70182e-05,0.00131425,0.00668575,4.38535e+09,1.56356e+09,5.67596e+09,6.68286e+08,6.68286e+08,1,0
2990,179400,transverse,0.995,13945,58689,90599,18750,302282,17029,1499,277873,259728,2.53292e+06,1.77278e+08,301,1.06249e-05,0.000202866,0.00779122,4.38535e+09,1.56356e+09,5.67596e+09,6.68286e+08,6.68286e+08,1,0
2990,179400,descending,0.995,16732,59798,120413,20159,249971,23215,1114,232433,188490,2.91009e+06,2.02327e+08,361,1.0258e-06,1.89753e-05,0.00788472,4.38535e+09,1.56356e+09,5.67596e+09,6.68286e+08,6.68286e+08,1,0
3000,180000,cecum,0.995,4690,38914,37270,10444,222502,6720,889,199863,206077,985913,2.94622e+08,121,5.91598e-05,0.00137657,0.00662343,4.38832e+09,1.56466e+09,5.67596e+09,6.75737e+08,6.75737e+08,1,0
3000,180000,transverse,0.9975,13869,58292,91261,18864,303246,17139,1505,279452,260172,2.51858e+06,1.78499e+08,301,1.16106e-05,0.000222382,0.00777183,4.38832e+09,1.56466e+09,5.67596e+09,6.75737e+08,6.75737e+08,1,0
3000,180000,descending,0.9975,16508,60308,121177,20257,252170,23369,1128,234360,189939,2.87739e+06,2.02424e+08,361,1.16982e-06,2.16359e-05,0.00788356,4.38832e+09,1.56466e+09,5.67596e+09,6.75737e+08,6.75737e+08,1,0
3010,180600,cecum,0.9975,4869,39861,37460,10494,224532,6760,893,201032,208182,1.01518e+06,3.01258e+08,121,6.11732e-05,0.0014363,0.0065637,4.39129e+09,1.56577e+09,5.67596e+09,6.83904e+08,6.83904e+08,1,0
3010,180600,transverse,1,13318,58252,91887,18956,304507,17268,1508,280971,260474,2.4166e+06,1.79891e+08,301,1.2613e-05,0.00024237,0.00775196,4.39129e+09,1.56577e+09,5.67596e+09,6.83904e+08,6.83904e+08,1,0
3010,180600,descending,0.9975,16110,60098,121944,20371,253540,23523,1131,236205,190409,2.80527e+06,2.02563e+08,361,1.32516e-06,2.4507e-05,0.00788216,4.39129e+09,1.56577e+09,5.67596e+09,6.83904e+08,6.83904e+08,1,0
3020,181200,cecum,0.995,5130,40644,37674,10549,226328,6800,905,202128,210108,1.06312e+06,3.08404e+08,121,6.30645e-05,0.00149343,0.00650657,4.39426e+09,1.56689e+09,5.67596e+09,6.92803e+08,6.92803e+08,1,0
3020,181200,transverse,0.9925,13444,57956,92503,19041,305728,17400,1543,282670,261387,2.44007e+06,1.8146e+08,301,1.36278e-05,0.000262751,0.00773169,4.39426e+09,1.56689e+09,5.67596e+09,6.92803e+08,6.92803e+08,1,0
3020,181200,descending,0.995,16508,59487,122719,20482,254476,23655,1134,237992,191208,2.87524e+06,2.02746e+08,361,1.49169e-06,2.75869e-05,0.00788053,4.39426e+09,1.56689e+09,5.67596e+09,6.92803e+08,6.92803e+08,1,0
3030,181800,cecum,0.995,4967,40542,37876,10625,227409,6838,906,203424,210937,1.03512e+06,3.16067e+08,121,6.48391e-05,0.00154795,0.00645205,4.39723e+09,1.56802e+09,5.67596e+09,7.02451e+08,7.02451e+08,1,0
3030,181800,transverse,0.995,13641,58089,93155,19129,307222,17523,1544,284241,262636,2.47509e+06,1.83213e+08,301,1.46507e-05,0.000283448,0.00771111,4.39723e+09,1.56802e+09,5.67596e+09,7.02451e+08,7.02451e+08,1,0
3030,181800,descending,0.9925,16104,59925,123484,20590,256549,23812,1137,239889,192374,2.80538e+06,2.02978e+08,361,1.66922e-06,3.08725e-05,0.00787867,4.39723e+09,1.56802e+09,5.67596e+09,7.02451e+08,7.02451e+08,1,0
3040,182400,cecum,0.9975,5003,40932,38074,10673,228875,6878,907,204587,212328,1.0447e+06,3.24252e+08,121,6.65017e-05,0.00159986,0.00640014,4.40021e+09,1.56917e+09,5.67596e+09,7.12868e+08,7.12868e+08,1,0
3040,182400,transverse,0.995,13228,58384,93789,19209,308757,17647,1544,285685,263328,2.39914e+06,1.85159e+08,301,1.56778e-05,0.000304388,0.00769028,4.40021e+09,1.56917e+09,5.67596e+09,7.12868e+08,7.12868e+08,1,0
3040,182400,descending,0.995,16360,60126,124268,20678,258214,23976,1144,241598,193756,2.85115e+06,2.03263e+08,361,1.85747e-06,3.43595e-05,0.00787659,4.40021e+09,1.56917e+09,5.67596e+09,7.12868e+08,7.12868e+08,1,0
3050,183000,cecum,0.9975,5368,40896,38288,10725,230019,6908,914,205842,213698,1.11396e+06,3.3297e+08,121,6.80566e-05,0.00164915,0.00635085,4.40319e+09,1.57033e+09,5.67596e+09,7.24074e+08,7.24074e+08,1,0
3050,183000,transverse,0.995,13767,58195,94435,19282,309869,17783,1552,287187,264534,2.49865e+06,1.87304e+08,301,1.67054e-05,0.000325495,0.00766929,4.40319e+09,1.57033e+09,5.67596e+09,7.24074e+08,7.24074e+08,1,0
3050,183000,descending,0.9975,16837,59312,125039,20787,259096,24120,1157,243534,194584,2.93636e+06,2.03605e+08,361,2.05612e-06,3.80425e-05,0.00787429,4.40319e+09,1.57033e+09,5.67596e+09,7.24074e+08,7.24074e+08,1,0
3060,183600,cecum,0.9975,4844,41501,38511,10783,231741,6950,919,207054,214768,1.01615e+06,3.42229e+08,121,6.95076e-05,0.0016958,0.0063042,4.40617e+09,1.5715e+09,5.67596e+09,7.36088e+08,7.36088e+08,1,0
3060,183600,transverse,0.99,13356,57619,95059,19366,311091,17905,1555,289188,264924,2.42289e+06,1.89657e+08,301,1.77298e-05,0.000346698,0.00764819,4.40617e+09,1.5715e+09,5.67596e+09,7.36088e+08,7.36088e+08,1,0
3060,183600,descending,0.99,16265,60151,125832,20886,261187,24246,1161,245007,195531,2.83308e+06,2.04009e+08,361,2.26477e-06,4.19151e-05,0.00787178,4.40617e+09,1.5715e+09,5.67596e+09,7.36088e+08,7.36088e+08,1,0
3070,184200,cecum,0.9975,5410,40721,38720,10848,232192,6981,925,208375,215666,1.12727e+06,3.52041e+08,121,7.0858e-05,0.0017398,0.0062602,4.40917e+09,1.57269e+09,5.67596e+09,7.48934e+08,7.48934e+08,1,0
3070,184200,transverse,1,12875,57778,95654,19452,312749,18022,1559,290886,265705,2.33506e+06,1.92222e+08,301,1.87476e-05,0.000367925,0.00762707,4.40917e+09,1.57269e+09,5.67596e+09,7.48934e+08,7.48934e+08,1,0
3070,184200,descending,0.9975,16291,61213,126606,20972,263247,24398,1164,246240,197078,2.83908e+06,2.04477e+08,361,2.48297e-06,4.59698e-05,0.00786907,4.40917e+09,1.57269e+09,5.67596e+09,7.48934e+08,7.48934e+08,1,0
3080,184800,cecum,1,5311,41389,38946,10909,234009,7024,929,209624,217258,1.10676e+06,3.62416e+08,121,7.2111e-05,0.00178112,0.00621888,4.41217e+09,1.5739e+09,5.67596e+09,7.62634e+08,7.62634e+08,1,0
3080,184800,transverse,0.995,13567,56971,96251,19531,313520,18130,1559,292651,266758,2.4627e+06,1.95008e+08,301,1.97555e-05,0.000389106,0.00760599,4.41217e+09,1.5739e+09,5.67596e+09,7.62634e+08,7.62634e+08,1,0
3080,184800,descending,0.9975,15884,61587,127373,21084,264908,24563,1174,247794,197832,2.76528e+06,2.05016e+08,361,2.71025e-06,5.01981e-05,0.00786616,4.41217e+09,1.5739e+09,5.67596e+09,7.62634e+08,7.62634e+08,1,0
3090,185400,cecum,0.995,5167,42016,39167,10969,235752,7067,931,210841,218737,1.08226e+06,3.73365e+08,121,7.32691e-05,0.00181976,0.00618024,4.41518e+09,1.57513e+09,5.67596e+09,7.7721e+08,7.7721e+08,1,0
3090,185400,transverse,0.9975,13391,57125,96863,19606,315214,18250,1563,294382,267855,2.42977e+06,1.98021e+08,301,2.07504e-05,0.00041017,0.00758503,4.41518e+09,1.57513e+09,5.67596e+09,7.7721e+08,7.7721e+08,1,0
3090,185400,descending,0.9975,16023,61296,128152,21166,266138,24728,1232,249504,198611,2.7921e+06,2.0563e+08,361,2.94603e-06,5.45907e-05,0.00786307,4.41518e+09,1.57513e+09,5.67596e+09,7.7721e+08,7.7721e+08,1,0
3100,186000,cecum,0.9975,5290,42124,39372,11038,236972,7104,933,212057,219979,1.10558e+06,3.849e+08,121,7.43347e-05,0.00185568,0.00614432,4.4182e+09,1.57638e+09,5.67596e+09,7.92687e+08,7.92687e+08,1,0
3100,186000,transverse,0.99,13379,56639,97496,19707,316371,18358,1565,296232,268574,2.42768e+06,2.0127e+08,301,2.17292e-05,0.00043105,0.00756425,4.4182e+09,1.57638e+09,5.67596e+09,7.92687e+08,7.92687e+08,1,0
3100,186000,descending,1,16464,61001,128946,21267,267165,24900,1236,251095,199554,2.86967e+06,2.06322e+08,361,3.18974e-06,5.91373e-05,0.00785981,4.4182e+09,1.57638e+09,5.67596e+09,7.92687e+08,7.92687e+08,1,0
3110,186600,cecum,0.9975,5580,41867,39602,11100,237768,7150,944,213207,220932,1.16563e+06,3.97034e+08,121,7.53099e-05,0.00188887,0.00611113,4.42122e+09,1.57765e+09,5.67596e+09,8.09087e+08,8.09087e+08,1,0
3110,186600,transverse,0.9925,13349,57034,98116,19796,318227,18479,1569,297899,269986,2.42413e+06,2.04761e+08,301,2.26891e-05,0.000451676,0.00754372,4.42122e+09,1.57765e+09,5.67596e+09,8.09087e+08,8.09087e+08,1,0
3110,186600,descending,0.9925,15886,61258,129697,21358,268808,25040,1239,252709,200096,2.76475e+06,2.07097e+08,361,3.44074e-06,6.38267e-05,0.00785638,4.42122e+09,1.57765e+09,5.67596e+09,8.09087e+08,8.09087e+08,1,0
3120,187200,cecum,0.995,5512,41931,39842,11174,238974,7186,947,214456,221937,1.15566e+06,4.09779e+08,121,7.61965e-05,0.0019193,0.0060807,4.42427e+09,1.57895e+09,5.67596e+09,8.26435e+08,8.26435e+08,1,0
3120,187200,transverse,1,13633,55913,98759,19896,318525,18609,1576,299541,270148,2.47485e+06,2.08502e+08,301,2.36274e-05,0.000471982,0.00752351,4.42427e+09,1.57895e+09,5.67596e+09,8.26435e+08,8.26435e+08,1,0
3120,187200,descending,0.9975,16635,60608,130496,21442,269487,25209,1248,254282,200969,2.90156e+06,2.0796e+08,361,3.69835e-06,6.8647e-05,0.0078528,4.42427e+09,1.57895e+09,5.67596e+09,8.26435e+08,8.26435e+08,1,0
3130,187800,cecum,0.9975,5527,42511,40071,11255,240586,7233,953,215610,223457,1.15902e+06,4.23145e+08,121,7.69962e-05,0.00194696,0.00605304,4.42732e+09,1.58027e+09,5.67596e+09,8.44754e+08,8.44754e+08,1,0
3130,187800,transverse,0.995,13631,56358,99362,19979,320502,18723,1631,301215,271662,2.47476e+06,2.125e+08,301,2.45413e-05,0.0004919,0.00750368,4.42732e+09,1.58027e+09,5.67596e+09,8.44754e+08,8.44754e+08,1,0
3130,187800,descending,0.9975,17115,59852,131256,21544,269978,25345,1256,255759,201410,2.9849e+06,2.08915e+08,361,3.96185e-06,7.35854e-05,0.00784909,4.42732e+09,1.58027e+09,5.67596e+09,8.44754e+08,8.44754e+08,1,0
3140,188400,cecum,0.9975,5165,42966,40283,11310,242170,7260,956,216818,224546,1.08356e+06,4.37144e+08,121,7.77103e-05,0.00197181,0.00602819,4.43039e+09,1.58161e+09,5.67596e+09,8.64068e+08,8.64068e+08,1,0
3140,188400,transverse,1,13571,55477,100004,20062,321431,18858,1634,303240,272104,2.46352e+06,2.16764e+08,301,2.54284e-05,0.000511366,0.00748431,4.43039e+09,1.58161e+09,5.67596e+09,8.64068e+08,8.64068e+08,1,0
3140,188400,descending,0.995,15734,60773,132043,21640,272762,25486,1281,257834,202238,2.73837e+06,2.09966e+08,361,4.23049e-06,7.86284e-05,0.00784525,4.43039e+09,1.58161e+09,5.67596e+09,8.64068e+08,8.64068e+08,1,0
3150,189000,cecum,1,4979,42906,40496,11371,243342,7303,961,218149,225418,1.04607e+06,4.51788e+08,121,7.83402e-05,0.00199385,0.00600615,4.43347e+09,1.58298e+09,5.67596e+09,8.84399e+08,8.84399e+08,1,0
3150,189000,transverse,0.9975,13060,56373,100610,20164,323765,18975,1642,304889,273532,2.3715e+06,2.21299e+08,301,2.62862e-05,0.000530313,0.00746545,4.43347e+09,1.58298e+09,5.67596e+09,8.84399e+08,8.84399e+08,1,0
3150,189000,descending,0.9975,15712,61350,132794,21732,274584,25620,1281,259305,203513,2.73749e+06,2.11118e+08,361,4.50347e-06,8.37616e-05,0.00784131,4.43347e+09,1.58298e+09,5.67596e+09,8.84399e+08,8.84399e+08,1,0
3160,189600,cecum,0.9975,4938,42472,40716,11438,244102,7345,964,219449,226023,1.04111e+06,4.67086e+08,121,7.88868e-05,0.00201306,0.00598694,4.43658e+09,1.58438e+09,5.67596e+09,9.05771e+08,9.05771e+08,1,0
3160,189600,transverse,0.9975,13240,55954,101241,20250,324556,19099,1653,306298,274071,2.40436e+06,2.26114e+08,301,2.71124e-05,0.000548678,0.00744717,4.43658e+09,1.58438e+09,5.67596e+09,9.05771e+08,9.05771e+08,1,0
3160,189600,descending,0.995,15967,60495,133562,21833,275005,25765,1284,260824,203664,2.77973e+06,2.12377e+08,361,4.77998e-06,8.897e-05,0.00783727,4.43658e+09,1.58438e+09,5.67596e+09,9.05771e+08,9.05771e+08,1,0
3170,190200,cecum,0.9975,4812,42217,40942,11502,244932,7389,972,220634,226601,1.01873e+06,4.83048e+08,121,7.93512e-05,0.00202941,0.00597059,4.4397e+09,1.58581e+09,5.67596e+09,9.28203e+08,9.28203e+08,1,0
3170,190200,transverse,0.995,12869,56647,101832,20326,326535,19222,1653,307783,275287,2.33648e+06,2.31216e+08,301,2.79047e-05,0.000566397,0.00742954,4.4397e+09,1.58581e+09,5.67596e+09,9.28203e+08,9.28203e+08,1,0
3170,190200,descending,0.9975,16679,59060,134352,21941,275249,25931,1291,262770,204097,2.90506e+06,2.13746e+08,361,5.05918e-06,9.42381e-05,0.00783315,4.4397e+09,1.58581e+09,5.67596e+09,9.28203e+08,9.28203e+08,1,0
3180,190800,cecum,0.9975,5761,42911,41158,11582,246663,7437,978,221793,229187,1.18969e+06,4.99679e+08,121,7.97341e-05,0.00204291,0.00595709,4.44284e+09,1.58728e+09,5.67596e+09,9.51715e+08,9.51715e+08,1,0
3180,190800,transverse,0.9975,13329,55991,102428,20416,327482,19335,1656,309586,276298,2.42057e+06,2.36613e+08,301,2.86611e-05,0.00058341,0.00741261,4.44284e+09,1.58728e+09,5.67596e+09,9.51715e+08,9.51715e+08,1,0
3180,190800,descending,0.9975,17068,58705,135121,22055,276132,26072,1296,264258,204850,2.97396e+06,2.15229e+08,361,5.34017e-06,9.95495e-05,0.00782897,4.44284e+09,1.58728e+09,5.67596e+09,9.51715e+08,9.51715e+08,1,0
3190,191400,cecum,0.9975,5939,43095,41382,11666,247859,7486,982,222934,230466,1.22582e+06,5.16988e+08,121,8.00363e-05,0.00205354,0.00594646,4.44601e+09,1.58877e+09,5.67596e+09,9.76327e+08,9.76327e+08,1,0
3190,191400,transverse,0.9975,12962,55553,103048,20515,328723,19449,1709,311425,276712,2.35238e+06,2.42313e+08,301,2.93795e-05,0.000599656,0.00739645,4.44601e+09,1.58877e+09,5.67596e+09,9.76327e+08,9.76327e+08,1,0
3190,191400,descending,0.995,16462,58549,135924,22175,277453,26230,1296,266013,205040,2.86482e+06,2.16833e+08,361,5.62206e-06,0.000104887,0.00782475,4.44601e+09,1.58877e+09,5.67596e+09,9.76327e+08,9.76327e+08,1,0
3200,192000,cecum,1,5663,44213,41597,11736,250106,7532,987,224174,232333,1.17405e+06,5.3498e+08,121,8.02584e-05,0.00206129,0.00593871,4.4492e+09,1.5903e+09,5.67596e+09,1.00205e+09,1.00205e+09,1,0
3200,192000,transverse,0.995,12755,55470,103644,20588,329858,19554,1719,312811,277212,2.31446e+06,2.4832e+08,301,3.00579e-05,0.000615076,0.00738111,4.4492e+09,1.5903e+09,5.67596e+09,1.00205e+09,1.00205e+09,1,0
3200,192000,descending,1,16467,58750,136693,22285,279186,26399,1298,267822,206286,2.86912e+06,2.1856e+08,361,5.90393e-06,0.000110234,0.0078205,4.4492e+09,1.5903e+09,5.67596e+09,1.00205e+09,1.00205e+09,1,0
3210,192600,cecum,0.9975,5454,44001,41821,11809,250907,7569,992,225292,232806,1.14317e+06,5.53658e+08,121,8.04011e-05,0.00206619,0.00593381,4.45241e+09,1.59187e+09,5.67596e+09,1.02891e+09,1.02891e+09,1,0
3210,192600,transverse,0.9975,12840,56116,104294,20682,331644,19685,1724,314171,278653,2.3307e+06,2.54642e+08,301,3.06945e-05,0.000629614,0.00736665,4.45241e+09,1.59187e+09,5.67596e+09,1.02891e+09,1.02891e+09,1,0
3210,192600,descending,0.9975,15951,59736,137485,22383,281238,26554,1354,269085,207227,2.78084e+06,2.20416e+08,361,6.18484e-06,0.000115572,0.00781625,4.45241e+09,1.59187e+09,5.67596e+09,1.02891e+09,1.02891e+09,1,0
3220,193200,cecum,0.9975,5418,43920,42023,11872,252107,7595,1000,226654,233849,1.13696e+06,5.73022e+08,121,8.0465e-05,0.00206822,0.00593178,4.45566e+09,1.59348e+09,5.67596e+09,1.05691e+09,1.05691e+09,1,0
3220,193200,transverse,1,12611,55946,104862,20752,332895,19798,1735,315764,279279,2.2878e+06,2.61287e+08,301,3.12876e-05,0.000643214,0.00735312,4.45566e+09,1.59348e+09,5.67596e+09,1.05691e+09,1.05691e+09,1,0
3220,193200,descending,0.995,16146,59189,138234,22475,282420,26685,1356,271035,208076,2.81541e+06,2.22406e+08,361,6.46382e-06,0.000120882,0.007812,4.45566e+09,1.59348e+09,5.67596e+09,1.05691e+09,1.05691e+09,1,0
3230,193800,cecum,0.995,5387,44970,42269,11929,254376,7643,1004,227974,235942,1.12773e+06,5.9307e+08,121,8.04505e-05,0.00206741,0.00593259,4.45893e+09,1.59513e+09,5.67596e+09,1.08606e+09,1.08606e+09,1,0
3230,193800,transverse,0.9975,12194,56343,105472,20832,334574,19930,1735,317258,280143,2.21274e+06,2.68259e+08,301,3.18355e-05,0.000655824,0.00734059,4.45893e+09,1.59513e+09,5.67596e+09,1.08606e+09,1.08606e+09,1,0
3230,193800,descending,0.9975,16191,59155,138980,22578,284040,26840,1359,272944,209250,2.82408e+06,2.24534e+08,361,6.73991e-06,0.000126147,0.00780779,4.45893e+09,1.59513e+09,5.67596e+09,1.08606e+09,1.08606e+09,1,0
3240,194400,cecum,0.9975,5458,45220,42502,12010,255803,7678,1010,229261,237317,1.1422e+06,6.13799e+08,121,8.03584e-05,0.00206379,0.00593621,4.46224e+09,1.59682e+09,5.67596e+09,1.11636e+09,1.11636e+09,1,0
3240,194400,transverse,1,12455,56867,106048,20925,336314,20039,1791,318620,281714,2.26186e+06,2.75562e+08,301,3.23366e-05,0.000667395,0.00732909,4.46224e+09,1.59682e+09,5.67596e+09,1.11636e+09,1.11636e+09,1,0
3240,194400,descending,0.9975,15966,59514,139723,22674,285799,26984,1359,274584,210281,2.78544e+06,2.26806e+08,361,7.01213e-06,0.000131346,0.00780362,4.46224e+09,1.59682e+09,5.67596e+09,1.11636e+09,1.11636e+09,1,0
3250,195000,cecum,1,4965,45560,42753,12065,257317,7724,1012,230534,238186,1.05133e+06,6.35202e+08,121,8.01893e-05,0.00205738,0.00594262,4.46558e+09,1.59855e+09,5.67596e+09,1.14783e+09,1.14783e+09,1,0
3250,195000,transverse,0.9925,12296,56782,106651,21005,338000,20157,1796,320584,282831,2.23372e+06,2.83205e+08,301,3.27895e-05,0.00067788,0.00731868,4.46558e+09,1.59855e+09,5.67596e+09,1.14783e+09,1.14783e+09,1,0
3250,195000,descending,0.9975,15999,59709,140452,22785,287223,27168,1365,276102,211298,2.79291e+06,2.29224e+08,361,7.27949e-06,0.00013646,0.00779953,4.46558e+09,1.59855e+09,5.67596e+09,1.14783e+09,1.14783e+09,1,0
3260,195600,cecum,0.9975,6015,45963,42998,12143,258973,7772,1012,231913,240773,1.24572e+06,6.57265e+08,121,7.99439e-05,0.00204822,0.00595178,4.46896e+09,1.60033e+09,5.67596e+09,1.18045e+09,1.18045e+09,1,0
3260,195600,transverse,0.995,12271,57103,107194,21080,339873,20271,1798,322323,284323,2.22912e+06,2.91188e+08,301,3.31929e-05,0.000687236,0.00730939,4.46896e+09,1.60033e+09,5.67596e+09,1.18045e+09,1.18045e+09,1,0
3260,195600,descending,1,16373,59188,141270,22905,287733,27325,1372,277403,211634,2.85681e+06,2.31796e+08,361,7.54101e-06,0.000141471,0.00779552,4.46896e+09,1.60033e+09,5.67596e+09,1.18045e+09,1.18045e+09,1,0
3270,196200,cecum,0.995,5575,46528,43228,12215,260603,7819,1018,233091,241846,1.16451e+06,6.7998e+08,121,7.96229e-05,0.00203638,0.00596362,4.47237e+09,1.60215e+09,5.67596e+09,1.21422e+09,1.21422e+09,1,0
3270,196200,transverse,0.9975,12108,57999,107749,21148,342020,20370,1802,323737,285915,2.20071e+06,2.99516e+08,301,3.35456e-05,0.000695423,0.00730128,4.47237e+09,1.60215e+09,5.67596e+09,1.21422e+09,1.21422e+09,1,0
3270,196200,descending,1,15539,60315,142030,22994,290140,27469,1374,278914,212678,2.7103e+06,2.34523e+08,361,7.79569e-06,0.000146358,0.00779162,4.47237e+09,1.60215e+09,5.67596e+09,1.21422e+09,1.21422e+09,1,0
3280,196800,cecum,1,6441,46551,43466,12298,261823,7855,1018,234407,243813,1.33165e+06,7.03326e+08,121,7.92275e-05,0.0020219,0.0059781,4.47583e+09,1.60403e+09,5.67596e+09,1.24913e+09,1.24913e+09,1,0
3280,196800,transverse,0.9975,11684,58280,108281,21227,343627,20473,1808,325239,286742,2.12286e+06,3.08191e+08,301,3.38465e-05,0.000702406,0.00729436,4.47583e+09,1.60403e+09,5.67596e+09,1.24913e+09,1.24913e+09,1,0
3280,196800,descending,0.9975,16071,59310,142746,23094,290500,27586,1374,280496,213071,2.80363e+06,2.37412e+08,361,8.04256e-06,0.000151101,0.00778784,4.47583e+09,1.60403e+09,5.67596e+09,1.24913e+09,1.24913e+09,1,0
3290,197400,cecum,0.9975,5589,46949,43742,12384,263452,7901,1025,235763,244439,1.17871e+06,7.27285e+08,121,7.87585e-05,0.00200486,0.00599514,4.47933e+09,1.60595e+09,5.67596e+09,1.28516e+09,1.28516e+09,1,0
3290,197400,transverse,0.995,11440,58843,108836,21300,345319,20584,1812,326548,287815,2.07813e+06,3.17215e+08,301,3.40946e-05,0.000708155,0.00728868,4.47933e+09,1.60595e+09,5.67596e+09,1.28516e+09,1.28516e+09,1,0
3290,197400,descending,0.9975,16220,59475,143540,23195,291693,27770,1377,281806,213901,2.82924e+06,2.40466e+08,361,8.28066e-06,0.000155682,0.00778422,4.47933e+09,1.60595e+09,5.67596e+09,1.28516e+09,1.28516e+09,1,0
3300,198000,cecum,0.9975,6149,47505,44008,12457,265241,7947,1033,237107,246633,1.29035e+06,7.51828e+08,121,7.82173e-05,0.00198535,0.00601465,4.48288e+09,1.60793e+09,5.67596e+09,1.32231e+09,1.32231e+09,1,0
3300,198000,transverse,1,11403,57509,109360,21370,346351,20701,1812,329101,288473,2.07103e+06,3.26589e+08,301,3.42892e-05,0.000712643,0.00728426,4.48288e+09,1.60793e+09,5.67596e+09,1.32231e+09,1.32231e+09,1,0
3300,198000,descending,0.995,16769,58598,144267,23294,292514,27923,1393,283740,214780,2.92759e+06,2.4369e+08,361,8.50902e-06,0.000160081,0.00778076,4.48288e+09,1.60793e+09,5.67596e+09,1.32231e+09,1.32231e+09,1,0
3310,198600,cecum,0.995,6442,48426,44278,12532,267425,7998,1041,238488,248958,1.34419e+06,7.7693e+08,121,7.76055e-05,0.00196346,0.00603654,4.48647e+09,1.60996e+09,5.67596e+09,1.36052e+09,1.36052e+09,1,0
3310,198600,transverse,0.9975,11483,57316,109904,21449,347716,20815,1831,330833,289548,2.08583e+06,3.36309e+08,301,3.44297e-05,0.000715849,0.00728111,4.48647e+09,1.60996e+09,5.67596e+09,1.36052e+09,1.36052e+09,1,0
3310,198600,descending,0.995,16495,58352,145039,23419,294277,28050,1395,285999,215747,2.87528e+06,2.47087e+08,361,8.72672e-06,0.000164278,0.00777749,4.48647e+09,1.60996e+09,5.67596e+09,1.36052e+09,1.36052e+09,1,0
3320,199200,cecum,0.9975,6572,48841,44583,12608,269119,8049,1045,239890,250600,1.37166e+06,8.02557e+08,121,7.69246e-05,0.00193929,0.00606071,4.49012e+09,1.61205e+09,5.67596e+09,1.39979e+09,1.39979e+09,1,0
3320,199200,transverse,1,11225,57614,110423,21517,349672,20917,1837,332655,290891,2.03846e+06,3.46375e+08,301,3.45156e-05,0.000717761,0.00727927,4.49012e+09,1.61205e+09,5.67596e+09,1.39979e+09,1.39979e+09,1,0
3320,199200,descending,0.9975,16675,58155,145820,23537,295766,28195,1395,287948,216898,2.90602e+06,2.50661e+08,361,8.93285e-06,0.000168256,0.00777443,4.49012e+09,1.61205e+09,5.67596e+09,1.39979e+09,1.39979e+09,1,0
3330,199800,cecum,0.9975,6319,49477,44851,12676,270977,8104,1050,241230,252055,1.32026e+06,8.28672e+08,121,7.61767e-05,0.00191297,0.00608703,4.49382e+09,1.61419e+09,5.67596e+09,1.44007e+09,1.44007e+09,1,0
3330,199800,transverse,1,11612,57632,110940,21609,351153,20999,1842,334287,292411,2.10976e+06,3.56781e+08,301,3.45466e-05,0.000718367,0.00727872,4.49382e+09,1.61419e+09,5.67596e+09,1.44007e+09,1.44007e+09,1,0
3330,199800,descending,1,17089,57595,146609,23640,296489,28372,1397,289509,217524,2.97788e+06,2.54415e+08,361,9.12653e-06,0.000171996,0.00777159,4.49382e+09,1.61419e+09,5.67596e+09,1.44007e+09,1.44007e+09,1,0
3340,200400,cecum,1,6616,49023,45134,12757,271955,8148,1065,242772,253157,1.382e+06,8.55236e+08,121,7.53642e-05,0.00188463,0.00611537,4.49758e+09,1.6164e+09,5.67596e+09,1.48131e+09,1.48131e+09,1,0
3340,200400,transverse,1,12008,56741,111456,21690,352133,21108,1846,336344,293457,2.18222e+06,3.67524e+08,301,3.45227e-05,0.000717667,0.00727948,4.49758e+09,1.6164e+09,5.67596e+09,1.48131e+09,1.48131e+09,1,0
3340,200400,descending,0.9975,17105,57838,147434,23747,298135,28548,1408,291184,218633,2.98111e+06,2.58353e+08,361,9.30694e-06,0.000175481,0.00776898,4.49758e+09,1.6164e+09,5.67596e+09,1.48131e+09,1.48131e+09,1,0
3350,201000,cecum,0.995,6724,49144,45412,12830,273585,8199,1073,244397,254733,1.40366e+06,8.82202e+08,121,7.44894e-05,0.0018544,0.0061456,4.50139e+09,1.61866e+09,5.67596e+09,1.52348e+09,1.52348e+09,1,0
3350,201000,transverse,0.9975,11225,57716,112058,21781,354390,21213,1848,337820,294523,2.03938e+06,3.78596e+08,301,3.44439e-05,0.000715665,0.00728154,4.50139e+09,1.61866e+09,5.67596e+09,1.52348e+09,1.52348e+09,1,0
3350,201000,descending,1,16995,58042,148240,23845,299812,28685,1408,292892,219629,2.96162e+06,2.62477e+08,361,9.47328e-06,0.000178695,0.00776664,4.50139e+09,1.61866e+09,5.67596e+09,1.52348e+09,1.52348e+09,1,0
3360,201600,cecum,0.995,6819,49479,45687,12920,275170,8256,1083,245784,256275,1.42678e+06,9.09523e+08,121,7.35554e-05,0.00182244,0.00617756,4.50527e+09,1.62099e+09,5.67596e+09,1.5665e+09,1.5665e+09,1,0
3360,201600,transverse,1,11666,57496,112560,21851,355845,21293,1853,339640,296062,2.12129e+06,3.89989e+08,301,3.43106e-05,0.000712372,0.00728489,4.50527e+09,1.62099e+09,5.67596e+09,1.5665e+09,1.5665e+09,1,0
3360,201600,descending,0.995,16564,58482,149007,23952,301284,28832,1415,294171,220150,2.88215e+06,2.66791e+08,361,9.6248e-06,0.000181623,0.00776457,4.50527e+09,1.62099e+09,5.67596e+09,1.5665e+09,1.5665e+09,1,0
3370,202200,cecum,1,6994,50536,45962,13015,277396,8310,1091,247094,258542,1.45559e+06,9.37147e+08,121,7.25655e-05,0.00178891,0.00621109,4.50921e+09,1.62338e+09,5.67596e+09,1.61034e+09,1.61034e+09,1,0
3370,202200,transverse,0.995,11657,57893,113101,21941,357728,21407,1857,341326,297595,2.11931e+06,4.01692e+08,301,3.41235e-05,0.000707806,0.00728951,4.50921e+09,1.62338e+09,5.67596e+09,1.61034e+09,1.61034e+09,1,0
3370,202200,descending,1,17384,57296,149773,24081,301607,28983,1426,295949,220796,3.02789e+06,2.71296e+08,361,9.76081e-06,0.000184249,0.00776279,4.50921e+09,1.62338e+09,5.67596e+09,1.61034e+09,1.61034e+09,1,0
3380,202800,cecum,1,6225,51025,46242,13082,279170,8359,1092,248494,259382,1.31542e+06,9.65021e+08,121,7.1523e-05,0.00175398,0.00624602,4.51322e+09,1.62583e+09,5.67596e+09,1.65491e+09,1.65491e+09,1,0
3380,202800,transverse,1,11302,57511,113630,22035,359171,21522,1861,343356,298359,2.05334e+06,4.13694e+08,301,3.38832e-05,0.000701995,0.00729538,4.51322e+09,1.62583e+09,5.67596e+09,1.65491e+09,1.65491e+09,1,0
3380,202800,descending,0.9975,17473,57226,150573,24177,302834,29162,1542,297405,221471,3.04647e+06,2.75994e+08,361,9.88069e-06,0.000186561,0.00776131,4.51322e+09,1.62583e+09,5.67596e+09,1.65491e+09,1.65491e+09,1,0
3390,203400,cecum,0.9975,6119,51068,46535,13148,280591,8420,1093,249998,260530,1.29837e+06,9.93086e+08,121,7.04321e-05,0.00171783,0.00628217,4.5173e+09,1.62835e+09,5.67596e+09,1.70015e+09,1.70015e+09,1,0
3390,203400,transverse,1,11669,57222,114147,22126,360544,21632,1876,345204,299768,2.12127e+06,4.25981e+08,301,3.35909e-05,0.00069497,0.00730246,4.5173e+09,1.62835e+09,5.67596e+09,1.70015e+09,1.70015e+09,1,0
3390,203400,descending,0.9975,17923,56520,151421,24290,303755,29331,1546,299310,222272,3.12648e+06,2.80887e+08,361,9.98387e-06,0.000188547,0.00776014,4.5173e+09,1.62835e+09,5.67596e+09,1.70015e+09,1.70015e+09,1,0
3400,204000,cecum,1,6696,51550,46805,13234,282445,8465,1095,251499,262820,1.40702e+06,1.02128e+09,121,6.9297e-05,0.00168064,0.00631936,4.52145e+09,1.63094e+09,5.67596e+09,1.746e+09,1.746e+09,1,0
3400,204000,transverse,1,11850,56148,114671,22218,361153,21729,1884,347068,300215,2.15468e+06,4.38537e+08,301,3.32478e-05,0.000686773,0.00731071,4.52145e+09,1.63094e+09,5.67596e+09,1.746e+09,1.746e+09,1,0
3400,204000,descending,1,17210,56932,152254,24391,305751,29499,1547,301162,222990,3.00123e+06,2.85975e+08,361,1.00699e-05,0.000190197,0.0077593,4.52145e+09,1.63094e+09,5.67596e+09,1.746e+09,1.746e+09,1,0
3410,204600,cecum,0.9975,6859,52310,47078,13316,284586,8523,1098,253017,264988,1.43027e+06,1.04955e+09,121,6.81222e-05,0.00164261,0.00635739,4.52568e+09,1.6336e+09,5.67596e+09,1.79236e+09,1.79236e+09,1,0
3410,204600,transverse,0.9975,11457,56432,115164,22321,363099,21809,1886,348911,301456,2.08262e+06,4.51346e+08,301,3.28556e-05,0.000677451,0.00732008,4.52568e+09,1.6336e+09,5.67596e+09,1.79236e+09,1.79236e+09,1,0
3410,204600,descending,0.9975,16718,57210,153049,24495,307455,29651,1548,302843,223662,2.91086e+06,2.9126e+08,361,1.01383e-05,0.000191503,0.00775879,4.52568e+09,1.6336e+09,5.67596e+09,1.79236e+09,1.79236e+09,1,0
3420,205200,cecum,0.9975,7095,53350,47408,13406,286920,8592,1098,254470,267387,1.47105e+06,1.07783e+09,121,6.69126e-05,0.00160391,0.00639609,4.52998e+09,1.63632e+09,5.67596e+09,1.83916e+09,1.83916e+09,1,0
3420,205200,transverse,0.9975,10862,57332,115648,22407,365345,21912,1895,350437,302803,1.97429e+06,4.64388e+08,301,3.24161e-05,0.000667058,0.00733053,4.52998e+09,1.63632e+09,5.67596e+09,1.83916e+09,1.83916e+09,1,0
3420,205200,descending,0.995,16964,57545,153874,24589,309338,29799,1553,304628,225203,2.95685e+06,2.96738e+08,361,1.01887e-05,0.000192457,0.00775861,4.52998e+09,1.63632e+09,5.67596e+09,1.83916e+09,1.83916e+09,1,0
3430,205800,cecum,1,5881,54348,47681,13498,289259,8643,1124,255928,268356,1.24335e+06,1.10605e+09,121,6.56734e-05,0.00156476,0.00643524,4.53437e+09,1.63912e+09,5.67596e+09,1.88631e+09,1.88631e+09,1,0
3430,205800,transverse,0.9975,10835,57462,116171,22503,366716,22016,1896,351877,303823,1.96996e+06,4.77643e+08,301,3.19314e-05,0.000655657,0.00734198,4.53437e+09,1.63912e+09,5.67596e+09,1.88631e+09,1.88631e+09,1,0
3430,205800,descending,1,16259,57893,154604,24679,311559,29952,1559,306738,226226,2.83634e+06,3.02413e+08,361,1.02211e-05,0.000193055,0.00775878,4.53437e+09,1.63912e+09,5.67596e+09,1.88631e+09,1.88631e+09,1,0
3440,206400,cecum,0.9975,6112,54771,47974,13584,291332,8691,1127,257709,270498,1.28447e+06,1.13417e+09,121,6.44099e-05,0.00152533,0.00647467,4.53885e+09,1.64198e+09,5.67596e+09,1.93374e+09,1.93374e+09,1,0
3440,206400,transverse,1,10505,58085,116702,22600,368829,22124,1904,353564,305272,1.90936e+06,4.91091e+08,301,3.14038e-05,0.000643313,0.00735437,4.53885e+09,1.64198e+09,5.67596e+09,1.93374e+09,1.93374e+09,1,0
3440,206400,descending,0.9975,17342,56722,155379,24779,311994,30095,1563,308583,227208,3.03262e+06,3.08281e+08,361,1.02351e-05,0.000193294,0.0077593,4.53885e+09,1.64198e+09,5.67596e+09,1.93374e+09,1.93374e+09,1,0
3450,207000,cecum,1,6268,55424,48233,13673,293402,8750,1131,259270,272609,1.31108e+06,1.1621e+09,121,6.31275e-05,0.00148581,0.00651419,4.54341e+09,1.64492e+09,5.67596e+09,1.98136e+09,1.98136e+09,1,0
3450,207000,transverse,0.9975,10757,57546,117131,22652,370059,22201,1915,355451,306443,1.95571e+06,5.04708e+08,301,3.08358e-05,0.0006301,0.00736763,4.54341e+09,1.64492e+09,5.67596e+09,1.98136e+09,1.98136e+09,1,0
3450,207000,descending,1,17283,56483,156115,24908,312702,30244,1566,309805,227396,3.02022e+06,3.1434e+08,361,1.02307e-05,0.000193172,0.00776017,4.54341e+09,1.64492e+09,5.67596e+09,1.98136e+09,1.98136e+09,1,0
3460,207600,cecum,1,6243,56283,48544,13752,295655,8805,1140,260789,274651,1.30622e+06,1.18981e+09,121,6.18321e-05,0.00144639,0.00655361,4.54806e+09,1.64793e+09,5.67596e+09,2.02907e+09,2.02907e+09,1,0
3460,207600,transverse,0.9975,10436,58683,117642,22742,372603,22296,1923,357035,308332,1.89818e+06,5.18469e+08,301,3.02304e-05,0.000616096,0.00738168,4.54806e+09,1.64793e+09,5.67596e+09,2.02907e+09,2.02907e+09,1,0
3460,207600,descending,1,17463,56339,156932,25045,313864,30408,1574,311404,228214,3.05244e+06,3.20588e+08,361,1.0208e-05,0.000192692,0.00776139,4.54806e+09,1.64793e+09,5.67596e+09,2.02907e+09,2.02907e+09,1,0
3470,208200,cecum,1,5961,56707,48788,13826,297517,8862,1149,262349,276109,1.25425e+06,1.21722e+09,121,6.05291e-05,0.00140723,0.00659277,4.5528e+09,1.65101e+09,5.67596e+09,2.07681e+09,2.07681e+09,1,0
3470,208200,transverse,1,9853,59838,118120,22818,375263,22391,1934,358700,310091,1.79154e+06,5.32352e+08,301,2.95906e-05,0.000601383,0.00739644,4.5528e+09,1.65101e+09,5.67596e+09,2.07681e+09,2.07681e+09,1,0
3470,208200,descending,0.995,17240,56765,157748,25169,315477,30564,1577,312868,229065,3.00889e+06,3.27022e+08,361,1.01672e-05,0.000191855,0.00776294,4.5528e+09,1.65101e+09,5.67596e+09,2.07681e+09,2.07681e+09,1,0
3480,208800,cecum,1,5868,55792,49042,13884,298377,8911,1152,264228,276726,1.24044e+06,1.2443e+09,121,5.92243e-05,0.00136851,0.00663149,4.55764e+09,1.65416e+09,5.67596e+09,2.12447e+09,2.12447e+09,1,0
3480,208800,transverse,1,10065,60403,118603,22904,376921,22467,1940,359949,311634,1.83074e+06,5.46329e+08,301,2.89196e-05,0.000586045,0.00741182,4.55764e+09,1.65416e+09,5.67596e+09,2.12447e+09,2.12447e+09,1,0
3480,208800,descending,0.9975,16528,56857,158590,25292,317572,30726,1579,315154,229889,2.88122e+06,3.33639e+08,361,1.01084e-05,0.000190668,0.00776484,4.55764e+09,1.65416e+09,5.67596e+09,2.12447e+09,2.12447e+09,1,0
3490,209400,cecum,1,6088,54975,49299,13951,299196,8949,1164,265957,277601,1.28599e+06,1.27098e+09,121,5.79231e-05,0.00133039,0.00666961,4.56257e+09,1.65739e+09,5.67596e+09,2.172e+09,2.172e+09,1,0
3490,209400,transverse,1,10449,60001,119075,22984,377989,22563,1942,361593,312788,1.90115e+06,5.60377e+08,301,2.82207e-05,0.000570172,0.00742774,4.56257e+09,1.65739e+09,5.67596e+09,2.172e+09,2.172e+09,1,0
3490,209400,descending,1,16796,57065,159337,25399,318970,30867,1581,316590,231054,2.93225e+06,3.40433e+08,361,1.0032e-05,0.000189138,0.00776707,4.56257e+09,1.65739e+09,5.67596e+09,2.172e+09,2.172e+09,1,0
3500,210000,cecum,1,6496,55106,49560,14032,300664,9009,1170,267429,279351,1.36459e+06,1.29722e+09,121,5.66311e-05,0.00129299,0.00670701,4.56761e+09,1.66068e+09,5.67596e+09,2.2193e+09,2.2193e+09,1,0
3500,210000,transverse,1,10081,61190,119565,23071,380545,22658,1950,363134,314660,1.83419e+06,5.74468e+08,301,2.74975e-05,0.000553852,0.0074441,4.56761e+09,1.66068e+09,5.67596e+09,2.2193e+09,2.2193e+09,1,0
3500,210000,descending,0.9975,16119,58095,160109,25495,321064,30996,1590,317870,231915,2.81138e+06,3.474e+08,361,9.93852e-06,0.000187275,0.00776963,4.56761e+09,1.66068e+09,5.67596e+09,2.2193e+09,2.2193e+09,1,0
3510,210600,cecum,0.9975,7454,54913,49854,14111,301802,9068,1179,268889,281282,1.54287e+06,1.32299e+09,121,5.53534e-05,0.00125645,0.00674355,4.57275e+09,1.66405e+09,5.67596e+09,2.26631e+09,2.26631e+09,1,0
3510,210600,transverse,0.9975,9782,61188,120042,23155,382141,22743,2057,364794,315542,1.77945e+06,5.88578e+08,301,2.67537e-05,0.000537174,0.00746082,4.57275e+09,1.66405e+09,5.67596e+09,2.26631e+09,2.26631e+09,1,0
3510,210600,descending,0.9975,15900,58442,160890,25591,322809,31143,1592,319509,232901,2.77151e+06,3.54534e+08,361,9.82842e-06,0.000185089,0.00777249,4.57275e+09,1.66405e+09,5.67596e+09,2.26631e+09,2.26631e+09,1,0
3520,211200,cecum,1,6847,55118,50134,14209,303694,9128,1183,270730,282441,1.43281e+06,1.34824e+09,121,5.40947e-05,0.00122088,0.00677912,4.578e+09,1.6675e+09,5.67596e+09,2.31296e+09,2.31296e+09,1,0
3520,211200,transverse,1,10119,61011,120501,23235,383370,22819,2059,366354,316803,1.84242e+06,6.0268e+08,301,2.5993e-05,0.00052023,0.00747781,4.578e+09,1.6675e+09,5.67596e+09,2.31296e+09,2.31296e+09,1,0
3520,211200,descending,0.9975,16477,57797,161631,25685,323387,31296,1602,320969,233552,2.87181e+06,3.6183e+08,361,9.70235e-06,0.000182595,0.00777565,4.578e+09,1.6675e+09,5.67596e+09,2.31296e+09,2.31296e+09,1,0
3530,211800,cecum,1,7059,55580,50434,14299,305515,9187,1192,272229,284314,1.47696e+06,1.37295e+09,121,5.28597e-05,0.00118639,0.00681361,4.58335e+09,1.67101e+09,5.67596e+09,2.35919e+09,2.35919e+09,1,0
3530,211800,transverse,1,9654,60701,120990,23311,384468,22931,2063,367946,317131,1.756e+06,6.16751e+08,301,2.5219e-05,0.000503106,0.00749497,4.58335e+09,1.67101e+09,5.67596e+09,2.35919e+09,2.35919e+09,1,0
3530,211800,descending,0.9925,16630,58067,162377,25772,325146,31438,1618,322671,234931,2.90259e+06,3.6928e+08,361,9.56104e-06,0.000179807,0.0077791,4.58335e+09,1.67101e+09,5.67596e+09,2.35919e+09,2.35919e+09,1,0
3540,212400,cecum,1,6694,55077,50732,14391,306528,9237,1199,273880,284799,1.4181e+06,1.39708e+09,121,5.16524e-05,0.00115305,0.00684695,4.58882e+09,1.67459e+09,5.67596e+09,2.40493e+09,2.40493e+09,1,0
3540,212400,transverse,0.9975,9865,60484,121445,23395,386035,23019,2065,369900,318624,1.79529e+06,6.30764e+08,301,2.44357e-05,0.00048589,0.00751223,4.58882e+09,1.67459e+09,5.67596e+09,2.40493e+09,2.40493e+09,1,0
3540,212400,descending,1,17465,56901,163186,25884,325734,31597,1624,324690,235810,3.05236e+06,3.76878e+08,361,9.40528e-06,0.000176743,0.00778281,4.58882e+09,1.67459e+09,5.67596e+09,2.40493e+09,2.40493e+09,1,0
3550,213000,cecum,1,7013,55240,51033,14477,308109,9282,1200,275428,286528,1.48459e+06,1.42063e+09,121,5.04765e-05,0.00112093,0.00687907,4.5944e+09,1.67825e+09,5.67596e+09,2.45015e+09,2.45015e+09,1,0
3550,213000,transverse,1,9534,61899,121883,23499,388753,23109,2069,371393,320763,1.73513e+06,6.44697e+08,301,2.36465e-05,0.000468664,0.00752949,4.5944e+09,1.67825e+09,5.67596e+09,2.45015e+09,2.45015e+09,1,0
3550,213000,descending,1,16745,56877,163964,26006,327117,31745,1626,326365,235963,2.91744e+06,3.84617e+08,361,9.23596e-06,0.000173419,0.00778677,4.5944e+09,1.67825e+09,5.67596e+09,2.45015e+09,2.45015e+09,1,0
3560,213600,cecum,1,7935,54027,51362,14549,308392,9345,1203,277056,287536,1.66444e+06,1.44357e+09,121,4.93352e-05,0.00109009,0.00690991,4.60009e+09,1.68198e+09,5.67596e+09,2.4948e+09,2.4948e+09,1,0
3560,213600,transverse,0.9975,10565,60683,122362,23601,389004,23190,2077,373035,321741,1.92458e+06,6.5853e+08,301,2.28552e-05,0.000451507,0.00754669,4.60009e+09,1.68198e+09,5.67596e+09,2.4948e+09,2.4948e+09,1,0
3560,213600,descending,1,16721,57217,164725,26094,328858,31884,1631,327988,237141,2.91624e+06,3.92488e+08,361,9.05403e-06,0.000169857,0.00779096,4.60009e+09,1.68198e+09,5.67596e+09,2.4948e+09,2.4948e+09,1,0
3570,214200,cecum,1,6903,54603,51715,14623,310473,9399,1238,278654,288325,1.47106e+06,1.46589e+09,121,4.82311e-05,0.00106055,0.00693945,4.60589e+09,1.68577e+09,5.67596e+09,2.53883e+09,2.53883e+09,1,0
3570,214200,transverse,1,10798,59608,122836,23711,389395,23276,2080,374694,322084,1.96631e+06,6.72243e+08,301,2.20653e-05,0.000434494,0.00756374,4.60589e+09,1.68577e+09,5.67596e+09,2.53883e+09,2.53883e+09,1,0
3570,214200,descending,0.995,16779,56546,165564,26203,329938,32026,1633,329988,237689,2.92615e+06,4.00485e+08,361,8.86047e-06,0.000166076,0.00779536,4.60589e+09,1.68577e+09,5.67596e+09,2.53883e+09,2.53883e+09,1,0
3580,214800,cecum,1,6278,54824,52030,14689,312286,9464,1250,280365,289317,1.34404e+06,1.4876e+09,121,4.71664e-05,0.00103235,0.00696765,4.61182e+09,1.68964e+09,5.67596e+09,2.58221e+09,2.58221e+09,1,0
3580,214800,transverse,1,10124,60003,123253,23810,391343,23338,2086,376402,323096,1.84196e+06,6.85814e+08,301,2.12801e-05,0.000417694,0.00758058,4.61182e+09,1.68964e+09,5.67596e+09,2.58221e+09,2.58221e+09,1,0
3580,214800,descending,1,17573,55728,166339,26318,330497,32184,1635,331636,238538,3.0685e+06,4.08597e+08,361,8.65637e-06,0.000162098,0.00779995,4.61182e+09,1.68964e+09,5.67596e+09,2.58221e+09,2.58221e+09,1,0
3590,215400,cecum,1,7161,55336,52368,14761,314197,9533,1264,281891,291900,1.50638e+06,1.50868e+09,121,4.61429e-05,0.0010055,0.0069945,4.61786e+09,1.69357e+09,5.67596e+09,2.62493e+09,2.62493e+09,1,0
3590,215400,transverse,0.9975,9539,60076,123697,23901,392744,23413,2093,377889,323627,1.73348e+06,6.9923e+08,301,2.05027e-05,0.00040117,0.00759714,4.61786e+09,1.69357e+09,5.67596e+09,2.62493e+09,2.62493e+09,1,0
3590,215400,descending,0.9975,16970,56499,167173,26435,332350,32378,1640,333024,239260,2.9588e+06,4.16816e+08,361,8.44279e-06,0.000157945,0.0078047,4.61786e+09,1.69357e+09,5.67596e+09,2.62493e+09,2.62493e+09,1,0
3600,216000,cecum,1,6658,55355,52668,14821,315645,9580,1265,283426,292651,1.42032e+06,1.52914e+09,121,4.51617e-05,0.00097998,0.00702002,4.62403e+09,1.69757e+09,5.67596e+09,2.66695e+09,2.66695e+09,1,0
3600,216000,transverse,1,10008,59115,124107,23972,393262,23497,2101,379515,324351,1.8192e+06,7.12473e+08,301,1.97361e-05,0.00038498,0.00761336,4.62403e+09,1.69757e+09,5.67596e+09,2.66695e+09,2.66695e+09,1,0
3600,216000,descending,0.9975,17691,55869,167970,26556,333077,32538,1642,334660,240190,3.08694e+06,4.25135e+08,361,8.22088e-06,0.00015364,0.00780959,4.62403e+09,1.69757e+09,5.67596e+09,2.66695e+09,2.66695e+09,1,0
3610,216600,cecum,1,6772,55037,52972,14892,316761,9639,1272,284983,293700,1.43995e+06,1.54899e+09,121,4.42237e-05,0.000955794,0.00704421,4.63032e+09,1.70164e+09,5.67596e+09,2.70827e+09,2.70827e+09,1,0
3610,216600,transverse,0.9975,10209,58902,124589,24049,394711,23584,2105,381337,325679,1.85651e+06,7.2553e+08,301,1.8983e-05,0.000369176,0.0076292,4.63032e+09,1.70164e+09,5.67596e+09,2.70827e+09,2.70827e+09,1,0
3610,216600,descending,1,17109,56441,168798,26655,335184,32688,1647,336439,241131,2.98325e+06,4.33544e+08,361,7.99177e-06,0.000149205,0.00781461,4.63032e+09,1.70164e+09,5.67596e+09,2.70827e+09,2.70827e+09,1,0
3620,217200,cecum,0.9975,6840,54854,53256,14974,317969,9703,1280,286512,294830,1.45352e+06,1.56823e+09,121,4.3329e-05,0.000932914,0.00706709,4.63673e+09,1.70577e+09,5.67596e+09,2.74886e+09,2.74886e+09,1,0
3620,217200,transverse,1,10882,58367,125034,24148,395418,23660,2105,382754,326789,1.98054e+06,7.38391e+08,301,1.82458e-05,0.000353801,0.00764461,4.63673e+09,1.70577e+09,5.67596e+09,2.74886e+09,2.74886e+09,1,0
3620,217200,descending,1,16860,56897,169568,26749,337004,32846,1647,338055,242184,2.93779e+06,4.42035e+08,361,7.7566e-06,0.000144664,0.00781972,4.63673e+09,1.70577e+09,5.67596e+09,2.74886e+09,2.74886e+09,1,0
3630,217800,cecum,1,6742,55096,53562,15055,319575,9754,1286,288002,296158,1.43218e+06,1.58689e+09,121,4.24777e-05,0.00091131,0.00708869,4.64327e+09,1.70997e+09,5.67596e+09,2.78874e+09,2.78874e+09,1,0
3630,217800,transverse,0.9975,10713,58758,125459,24230,397281,23738,2114,384377,328209,1.95116e+06,7.51046e+08,301,1.75268e-05,0.000338894,0.00765955,4.64327e+09,1.70997e+09,5.67596e+09,2.78874e+09,2.78874e+09,1,0
3630,217800,descending,0.9975,16766,56945,170375,26845,338591,32997,1654,339834,243110,2.92318e+06,4.506e+08,361,7.51654e-06,0.000140039,0.00782491,4.64327e+09,1.70997e+09,5.67596e+09,2.78874e+09,2.78874e+09,1,0
3640,218400,cecum,1,7435,55758,53906,15159,321801,9816,1291,289727,298894,1.54902e+06,1.60497e+09,121,4.16692e-05,0.000890944,0.00710906,4.64993e+09,1.71423e+09,5.67596e+09,2.82789e+09,2.82789e+09,1,0
3640,218400,transverse,1,10695,58986,125895,24323,398937,23827,2114,385987,329593,1.94761e+06,7.63486e+08,301,1.68278e-05,0.000324486,0.00767399,4.64993e+09,1.71423e+09,5.67596e+09,2.82789e+09,2.82789e+09,1,0
3640,218400,descending,0.995,16844,57670,171180,26946,340601,33168,1655,341390,244664,2.93958e+06,4.59229e+08,361,7.27272e-06,0.000135353,0.00783015,4.64993e+09,1.71423e+09,5.67596e+09,2.82789e+09,2.82789e+09,1,0
3650,219000,cecum,1,7197,56999,54201,15251,324463,9866,1294,291287,301162,1.50202e+06,1.62249e+09,121,4.0903e-05,0.000871772,0.00712823,4.65672e+09,1.71855e+09,5.67596e+09,2.86632e+09,2.86632e+09,1,0
3650,219000,transverse,1,10408,59786,126372,24423,401084,23934,2119,387536,331178,1.89485e+06,7.75707e+08,301,1.61505e-05,0.000310603,0.0076879,4.65672e+09,1.71855e+09,5.67596e+09,2.86632e+09,2.86632e+09,1,0
3650,219000,descending,0.9975,16793,58187,171998,27050,342446,33314,1655,342968,245890,2.92974e+06,4.67916e+08,361,7.02625e-06,0.000130626,0.00783542,4.65672e+09,1.71855e+09,5.67596e+09,2.86632e+09,2.86632e+09,1,0
3660,219600,cecum,1,6806,57235,54485,15337,326174,9925,1315,292886,302322,1.43049e+06,1.63947e+09,121,4.01779e-05,0.000853748,0.00714625,4.66364e+09,1.72294e+09,5.67596e+09,2.90403e+09,2.90403e+09,1,0
3660,219600,transverse,1,10130,59474,126851,24504,402298,24037,2128,389237,331810,1.8429e+06,7.87705e+08,301,1.54961e-05,0.000297263,0.00770127,4.66364e+09,1.72294e+09,5.67596e+09,2.90403e+09,2.90403e+09,1,0
3660,219600,descending,0.9975,16605,58615,172748,27148,344745,33470,1806,344942,247354,2.90145e+06,4.76651e+08,361,6.7782e-06,0.00012588,0.00784071,4.66364e+09,1.72294e+09,5.67596e+09,2.90403e+09,2.90403e+09,1,0
3670,220200,cecum,1,7309,57144,54779,15442,327505,9972,1320,294455,304009,1.53115e+06,1.65593e+09,121,3.94927e-05,0.00083682,0.00716318,4.67068e+09,1.72738e+09,5.67596e+09,2.94104e+09,2.94104e+09,1,0
3670,220200,transverse,1,10419,58887,127357,24583,402937,24121,2131,390623,332392,1.89525e+06,7.99477e+08,301,1.48658e-05,0.000284481,0.00771408,4.67068e+09,1.72738e+09,5.67596e+09,2.94104e+09,2.94104e+09,1,0
3670,220200,descending,1,16290,58201,173524,27256,346029,33628,1812,346900,247807,2.84544e+06,4.85429e+08,361,6.52963e-06,0.000121134,0.00784598,4.67068e+09,1.72738e+09,5.67596e+09,2.94104e+09,2.94104e+09,1,0
3680,220800,cecum,1,7320,57624,55087,15531,329748,10022,1324,296353,306090,1.53211e+06,1.67189e+09,121,3.88461e-05,0.000820934,0.00717907,4.67786e+09,1.73189e+09,5.67596e+09,2.97736e+09,2.97736e+09,1,0
3680,220800,transverse,1,9639,59324,127821,24670,404624,24210,2139,392041,333003,1.75108e+06,8.11021e+08,301,1.42604e-05,0.000272265,0.00772633,4.67786e+09,1.73189e+09,5.67596e+09,2.97736e+09,2.97736e+09,1,0
3680,220800,descending,1,15834,58114,174273,27378,347759,33761,1815,348969,248584,2.76295e+06,4.9424e+08,361,6.28153e-06,0.000116408,0.00785123,4.67786e+09,1.73189e+09,5.67596e+09,2.97736e+09,2.97736e+09,1,0
3690,221400,cecum,1,6212,57919,55429,15596,331669,10077,1335,298088,306670,1.33033e+06,1.68737e+09,121,3.82364e-05,0.000806037,0.00719396,4.68516e+09,1.73645e+09,5.67596e+09,3.01299e+09,3.01299e+09,1,0
3690,221400,transverse,0.9975,10289,59771,128252,24750,406328,24291,2141,393457,335085,1.87272e+06,8.22337e+08,301,1.36804e-05,0.000260618,0.00773801,4.68516e+09,1.73645e+09,5.67596e+09,3.01299e+09,3.01299e+09,1,0
3690,221400,descending,1,16424,57477,175044,27490,348440,33900,1816,350537,249334,2.86692e+06,5.03078e+08,361,6.03483e-06,0.00011172,0.00785643,4.68516e+09,1.73645e+09,5.67596e+09,3.01299e+09,3.01299e+09,1,0
3700,222000,cecum,1,6364,57908,55742,15668,333229,10129,1337,299781,308191,1.35645e+06,1.70239e+09,121,3.7662e-05,0.000792072,0.00720793,4.6926e+09,1.74107e+09,5.67596e+09,3.04796e+09,3.04796e+09,1,0
3700,222000,transverse,1,10324,60709,128723,24858,408740,24393,2142,395140,337270,1.87944e+06,8.33427e+08,301,1.31262e-05,0.000249538,0.00774912,4.6926e+09,1.74107e+09,5.67596e+09,3.04796e+09,3.04796e+09,1,0
3700,222000,descending,0.9975,16549,57051,175807,27569,349399,34041,1819,352139,249872,2.88753e+06,5.11936e+08,361,5.79043e-06,0.000107084,0.00786156,4.6926e+09,1.74107e+09,5.67596e+09,3.04796e+09,3.04796e+09,1,0
3710,222600,cecum,1,6685,57338,56050,15738,334263,10194,1343,301514,309367,1.42161e+06,1.71697e+09,121,3.71211e-05,0.000778985,0.00722101,4.70016e+09,1.74575e+09,5.67596e+09,3.08228e+09,3.08228e+09,1,0
3710,222600,transverse,1,10355,60725,129197,24951,410130,24465,2145,396676,338379,1.88441e+06,8.44295e+08,301,1.25977e-05,0.00023902,0.00775966,4.70016e+09,1.74575e+09,5.67596e+09,3.08228e+09,3.08228e+09,1,0
3710,222600,descending,1,15755,57384,176510,27675,351457,34179,1822,354105,250674,2.74545e+06,5.20809e+08,361,5.54913e-06,0.000102518,0.00786663,4.70016e+09,1.74575e+09,5.67596e+09,3.08228e+09,3.08228e+09,1,0
3720,223200,cecum,1,7109,57175,56360,15823,335440,10258,1347,302999,310803,1.50798e+06,1.73113e+09,121,3.66121e-05,0.000766722,0.00723328,4.70785e+09,1.75049e+09,5.67596e+09,3.11597e+09,3.11597e+09,1,0
3720,223200,transverse,0.9975,10704,60135,129675,25032,411342,24558,2155,398642,339626,1.94912e+06,8.54944e+08,301,1.20951e-05,0.000229056,0.00776965,4.70785e+09,1.75049e+09,5.67596e+09,3.11597e+09,3.11597e+09,1,0
3720,223200,descending,0.995,15785,57166,177270,27780,352616,34345,1827,355748,251369,2.75034e+06,5.29689e+08,361,5.31169e-06,9.80341e-05,0.0078716,4.70785e+09,1.75049e+09,5.67596e+09,3.11597e+09,3.11597e+09,1,0
3730,223800,cecum,1,7380,56682,56656,15904,336556,10309,1351,304736,312022,1.56267e+06,1.74489e+09,121,3.6133e-05,0.00075523,0.00724477,4.71568e+09,1.75528e+09,5.67596e+09,3.14905e+09,3.14905e+09,1,0
3730,223800,transverse,0.9975,10051,60563,130143,25107,413186,24666,2164,400232,340523,1.82855e+06,8.65378e+08,301,1.16179e-05,0.000219635,0.0077791,4.71568e+09,1.75528e+09,5.67596e+09,3.14905e+09,3.14905e+09,1,0
3730,223800,descending,1,16349,56794,178033,27878,353544,34487,1832,357283,252333,2.8492e+06,5.38573e+08,361,5.07879e-06,9.36449e-05,0.00787647,4.71568e+09,1.75528e+09,5.67596e+09,3.14905e+09,3.14905e+09,1,0
3740,224400,cecum,1,7576,57637,57022,15959,338952,10371,1359,306286,314357,1.59701e+06,1.75828e+09,121,3.56822e-05,0.000744456,0.00725554,4.72363e+09,1.76012e+09,5.67596e+09,3.18154e+09,3.18154e+09,1,0
3740,224400,transverse,1,10793,59353,130581,25196,413573,24748,2165,401999,341384,1.96492e+06,8.75602e+08,301,1.11658e-05,0.00021074,0.00778802,4.72363e+09,1.76012e+09,5.67596e+09,3.18154e+09,3.18154e+09,1,0
3740,224400,descending,1,16022,57073,178784,27963,354989,34661,1832,358708,252959,2.79184e+06,5.47455e+08,361,4.85103e-06,8.93612e-05,0.00788123,4.72363e+09,1.76012e+09,5.67596e+09,3.18154e+09,3.18154e+09,1,0
3750,225000,cecum,1,7893,57285,57330,16035,340045,10428,1366,307857,315585,1.65598e+06,1.7713e+09,121,3.52579e-05,0.000734352,0.00726565,4.73171e+09,1.76502e+09,5.67596e+09,3.21346e+09,3.21346e+09,1,0
3750,225000,transverse,1,10536,59205,131088,25310,415064,24833,2168,403834,342307,1.91693e+06,8.85621e+08,301,1.07381e-05,0.000202357,0.00779643,4.73171e+09,1.76502e+09,5.67596e+09,3.21346e+09,3.21346e+09,1,0
3750,225000,descending,1,16575,55649,179578,28053,354989,34812,1832,360373,252959,2.88702e+06,5.56331e+08,361,4.62896e-06,8.51925e-05,0.00788586,4.73171e+09,1.76502e+09,5.67596e+09,3.21346e+09,3.21346e+09,1,0
3760,225600,cecum,1,6816,57344,57630,16116,341614,10480,1376,309490,315900,1.45541e+06,1.78398e+09,121,3.48584e-05,0.00072487,0.00727513,4.73993e+09,1.76997e+09,5.67596e+09,3.24482e+09,3.24482e+09,1,0
3760,225600,transverse,1,10475,59242,131548,25406,416384,24918,2177,405289,343278,1.9053e+06,8.95441e+08,301,1.03343e-05,0.000194467,0.00780434,4.73993e+09,1.76997e+09,5.67596e+09,3.24482e+09,3.24482e+09,1,0
3760,225600,descending,0.9975,16263,56873,180394,28154,357464,34961,1833,361873,254555,2.83515e+06,5.65196e+08,361,4.41304e-06,8.11469e-05,0.00789037,4.73993e+09,1.76997e+09,5.67596e+09,3.24482e+09,3.24482e+09,1,0
3770,226200,cecum,1,7224,57573,57955,16187,343229,10552,1377,311018,317740,1.53805e+06,1.79633e+09,121,3.4482e-05,0.000715966,0.00728403,4.74827e+09,1.77497e+09,5.67596e+09,3.27566e+09,3.27566e+09,1,0
3770,226200,transverse,1,10076,60063,132026,25481,418783,25010,2188,407023,344956,1.83226e+06,9.05069e+08,301,9.95356e-06,0.00018705,0.00781179,4.74827e+09,1.77497e+09,5.67596e+09,3.27566e+09,3.27566e+09,1,1
3770,226200,descending,0.9975,16573,56648,181137,28248,358515,35095,1833,363377,255401,2.89159e+06,5.74047e+08,361,4.20365e-06,7.72309e-05,0.00789473,4.74827e+09,1.77497e+09,5.67596e+09,3.27566e+09,3.27566e+09,1,1
3780,226800,cecum,0.9975,7702,57592,58280,16273,344790,10596,1392,312675,319569,1.6272e+06,1.80838e+09,121,3.41272e-05,0.000707597,0.0072924,4.75674e+09,1.78003e+09,5.67596e+09,3.30598e+09,3.30598e+09,1,0
3780,226800,transverse,1,10130,59193,132500,25570,419568,25095,2235,408805,345448,1.84168e+06,9.14512e+08,301,9.59501e-06,0.000180085,0.00781877,4.75674e+09,1.78003e+09,5.67596e+09,3.30598e+09,3.30598e+09,1,0
3780,226800,descending,0.9975,15911,57595,181933,28348,360666,35262,1833,364848,256361,2.77492e+06,5.82881e+08,361,4.00113e-06,7.34501e-05,0.00789896,4.75674e+09,1.78003e+09,5.67596e+09,3.30598e+09,3.30598e+09,1,0
3790,227400,cecum,1,7686,58054,58630,16369,346859,10662,1397,314439,321429,1.62759e+06,1.82013e+09,121,3.37925e-05,0.000699723,0.00730028,4.76534e+09,1.78513e+09,5.67596e+09,3.3358e+09,3.3358e+09,1,0
3790,227400,transverse,0.9975,10635,59168,132973,25636,421327,25178,2252,410721,347371,1.93574e+06,9.23774e+08,301,9.25776e-06,0.000173553,0.00782533,4.76534e+09,1.78513e+09,5.67596e+09,3.3358e+09,3.3358e+09,1,0
3790,227400,descending,1,15629,57843,182651,28437,362501,35397,1833,366659,257420,2.72525e+06,5.91695e+08,361,3.80574e-06,6.98085e-05,0.00790304,4.76534e+09,1.78513e+09,5.67596e+09,3.3358e+09,3.3358e+09,1,0
3800,228000,cecum,1,7929,59791,58969,16444,350308,10730,1398,316293,324924,1.6619e+06,1.83159e+09,121,3.34764e-05,0.000692307,0.00730769,4.77407e+09,1.79029e+09,5.67596e+09,3.36516e+09,3.36516e+09,1,0
3800,228000,transverse,1,10072,59788,133457,25714,423454,25270,2264,412386,348609,1.83211e+06,9.32865e+08,301,8.94088e-06,0.00016743,0.00783148,4.77407e+09,1.79029e+09,5.67596e+09,3.36516e+09,3.36516e+09,1,0
3800,228000,descending,0.9975,15600,58296,183402,28538,364211,35547,1834,368166,258600,2.72319e+06,6.00486e+08,361,3.61766e-06,6.63091e-05,0.00790697,4.77407e+09,1.79029e+09,5.67596e+09,3.36516e+09,3.36516e+09,1,0
3810,228600,cecum,1,7442,58912,59311,16532,351006,10784,1409,318001,324924,1.57929e+06,1.8428e+09,121,3.31776e-05,0.000685314,0.00731469,4.78293e+09,1.79549e+09,5.67596e+09,3.39405e+09,3.39405e+09,1,0
3810,228600,transverse,1,10720,59285,133949,25783,424880,25374,2266,414486,350362,1.95194e+06,9.4179e+08,301,8.64339e-06,0.000161696,0.00783723,4.78293e+09,1.79549e+09,5.67596e+09,3.39405e+09,3.39405e+09,1,0
3810,228600,descending,1,16764,57241,184074,28663,364557,35663,1915,369727,259598,2.93315e+06,6.09252e+08,361,3.43705e-06,6.29538e-05,0.00791075,4.78293e+09,1.79549e+09,5.67596e+09,3.39405e+09,3.39405e+09,1,0
3820,229200,cecum,1,8013,59973,59606,16613,353510,10855,1415,319590,327850,1.67996e+06,1.85374e+09,121,3.28949e-05,0.000678711,0.00732129,4.79192e+09,1.80074e+09,5.67596e+09,3.42251e+09,3.42251e+09,1,0
3820,229200,transverse,0.9975,9716,60597,134407,25861,427634,25469,2266,416101,351827,1.76807e+06,9.50556e+08,301,8.36433e-06,0.000156329,0.00784262,4.79192e+09,1.80074e+09,5.67596e+09,3.42251e+09,3.42251e+09,1,0
3820,229200,descending,1,16736,56421,184826,28788,365058,35822,1920,371327,259598,2.9229e+06,6.17993e+08,361,3.26397e-06,5.97434e-05,0.00791437,4.79192e+09,1.80074e+09,5.67596e+09,3.42251e+09,3.42251e+09,1,0
3830,229800,cecum,1,7464,60159,59914,16692,355198,10912,1417,321226,328815,1.58065e+06,1.86445e+09,121,3.2627e-05,0.000672468,0.00732753,4.80104e+09,1.80604e+09,5.67596e+09,3.45054e+09,3.45054e+09,1,0
3830,229800,transverse,1,10582,60069,134870,25960,428505,25556,2273,417679,353280,1.92755e+06,9.5917e+08,301,8.1027e-06,0.000151307,0.00784767,4.80104e+09,1.80604e+09,5.67596e+09,3.45054e+09,3.45054e+09,1,0
3830,229800,descending,1,16932,57043,185613,28895,366812,35987,1922,372729,261031,2.95985e+06,6.26704e+08,361,3.09847e-06,5.66778e-05,0.00791785,4.80104e+09,1.80604e+09,5.67596e+09,3.45054e+09,3.45054e+09,1,0
3840,230400,cecum,1,8758,60699,60239,16775,357288,10967,1430,322901,331999,1.82384e+06,1.87493e+09,121,3.23728e-05,0.000666557,0.00733344,4.81028e+09,1.81138e+09,5.67596e+09,3.47816e+09,3.47816e+09,1,0
3840,230400,transverse,1,10398,60233,135338,26047,430434,25647,2281,419614,354727,1.89367e+06,9.67637e+08,301,7.85752e-06,0.000146611,0.00785238,4.81028e+09,1.81138e+09,5.67596e+09,3.47816e+09,3.47816e+09,1,0
3840,230400,descending,1,16431,57224,186413,28991,368507,36151,1923,374502,261684,2.86644e+06,6.35387e+08,361,2.94052e-06,5.37562e-05,0.00792118,4.81028e+09,1.81138e+09,5.67596e+09,3.47816e+09,3.47816e+09,1,0
3850,231000,cecum,1,7832,61821,60561,16877,360066,11027,1437,324712,333684,1.64604e+06,1.88518e+09,121,3.21314e-05,0.000660953,0.00733905,4.81965e+09,1.81677e+09,5.67596e+09,3.5054e+09,3.5054e+09,1,0
3850,231000,transverse,0.9975,10533,61023,135770,26141,433057,25726,2290,421611,357217,1.92018e+06,9.75963e+08,301,7.62783e-06,0.000142219,0.0078568,4.81965e+09,1.81677e+09,5.67596e+09,3.5054e+09,3.5054e+09,1,0
3850,231000,descending,0.9975,17182,57009,187176,29092,369517,36292,1924,375968,262923,3.00068e+06,6.44039e+08,361,2.79006e-06,5.09768e-05,0.00792435,4.81965e+09,1.81677e+09,5.67596e+09,3.5054e+09,3.5054e+09,1,0
3860,231600,cecum,1,7577,61375,60887,16967,361429,11091,1444,326668,334613,1.60732e+06,1.89523e+09,121,3.19018e-05,0.000655632,0.00734437,4.82915e+09,1.82221e+09,5.67596e+09,3.53226e+09,3.53226e+09,1,0
3860,231600,transverse,1,10384,61974,136265,26260,435525,25816,2294,423333,359246,1.89206e+06,9.84156e+08,301,7.41268e-06,0.000138111,0.00786092,4.82915e+09,1.82221e+09,5.67596e+09,3.53226e+09,3.53226e+09,1,0
3860,231600,descending,1,17718,56426,188006,29222,370066,36465,1925,377402,263480,3.09482e+06,6.5266e+08,361,2.647e-06,4.83374e-05,0.00792738,4.82915e+09,1.82221e+09,5.67596e+09,3.53226e+09,3.53226e+09,1,0
3870,232200,cecum,1,7995,60788,61216,17041,362565,11157,1448,328527,335974,1.68658e+06,1.90507e+09,121,3.1683e-05,0.000650572,0.00734943,4.83877e+09,1.82769e+09,5.67596e+09,3.55875e+09,3.55875e+09,1,0
3870,232200,transverse,1,10983,61983,136718,26376,436961,25905,2304,424955,361023,2.0022e+06,9.9222e+08,301,7.21117e-06,0.000134271,0.00786478,4.83877e+09,1.82769e+09,5.67596e+09,3.55875e+09,3.55875e+09,1,0
3870,232200,descending,0.9975,16912,56628,188817,29349,371548,36630,1925,378974,263637,2.95026e+06,6.6125e+08,361,2.51121e-06,4.58351e-05,0.00793027,4.83877e+09,1.82769e+09,5.67596e+09,3.55875e+09,3.55875e+09,1,0
3880,232800,cecum,1,7358,62197,61513,17119,365356,11214,1450,330042,337964,1.56645e+06,1.91472e+09,121,3.14744e-05,0.000645754,0.00735425,4.84852e+09,1.83322e+09,5.67596e+09,3.5849e+09,3.5849e+09,1,0
3880,232800,transverse,1,10149,62072,137210,26461,438640,26005,2311,426723,361554,1.84755e+06,1.00016e+09,301,7.02242e-06,0.000130678,0.0078684,4.84852e+09,1.83322e+09,5.67596e+09,3.5849e+09,3.5849e+09,1,0
3880,232800,descending,1,16954,57679,189641,29458,373660,36786,1932,380293,265225,2.96312e+06,6.69806e+08,361,2.38253e-06,4.34664e-05,0.00793302,4.84852e+09,1.83322e+09,5.67596e+09,3.5849e+09,3.5849e+09,1,0
3890,233400,cecum,1,8573,61962,61857,17208,366703,11270,1455,331764,340322,1.79069e+06,1.92418e+09,121,3.12751e-05,0.000641158,0.00735884,4.85839e+09,1.83879e+09,5.67596e+09,3.61071e+09,3.61071e+09,1,0
3890,233400,transverse,1,9757,61197,137678,26550,439592,26094,2314,428725,361821,1.77416e+06,1.00799e+09,301,6.84557e-06,0.000127316,0.00787178,4.85839e+09,1.83879e+09,5.67596e+09,3.61071e+09,3.61071e+09,1,0
3890,233400,descending,1,16983,56526,190418,29562,374547,36958,1937,382604,265635,2.96455e+06,6.78331e+08,361,2.26077e-06,4.12275e-05,0.00793563,4.85839e+09,1.83879e+09,5.67596e+09,3.61071e+09,3.61071e+09,1,0
3900,234000,cecum,1,7873,61639,62163,17295,367898,11319,1456,333417,340646,1.66752e+06,1.93346e+09,121,3.10844e-05,0.000636769,0.00736323,4.86839e+09,1.8444e+09,5.67596e+09,3.6362e+09,3.6362e+09,1,0
3900,234000,transverse,1,10796,59862,138172,26629,439976,26191,2322,430612,362918,1.96536e+06,1.0157e+09,301,6.67982e-06,0.00012417,0.00787494,4.86839e+09,1.8444e+09,5.67596e+09,3.6362e+09,3.6362e+09,1,0
3900,234000,descending,1,16709,57637,191169,29672,376914,37104,1937,384116,267233,2.92167e+06,6.86822e+08,361,2.14572e-06,3.91142e-05,0.00793811,4.86839e+09,1.8444e+09,5.67596e+09,3.6362e+09,3.6362e+09,1,0
3910,234600,cecum,1,7920,61658,62479,17365,369750,11377,1466,335368,342347,1.67121e+06,1.94257e+09,121,3.09018e-05,0.000632571,0.00736743,4.87851e+09,1.85006e+09,5.67596e+09,3.66137e+09,3.66137e+09,1,0
3910,234600,transverse,1,10897,60671,138636,26722,442300,26271,2339,432283,365035,1.98428e+06,1.0233e+09,301,6.5244e-06,0.000121222,0.00787791,4.87851e+09,1.85006e+09,5.67596e+09,3.66137e+09,3.66137e+09,1,0
3910,234600,descending,1,15377,58389,191932,29776,378920,37237,1941,385603,267377,2.68088e+06,6.95281e+08,361,2.03717e-06,3.71221e-05,0.00794047,4.87851e+09,1.85006e+09,5.67596e+09,3.66137e+09,3.66137e+09,1,0
3920,235200,cecum,1,7469,62806,62834,17450,372524,11429,1476,337121,344442,1.58112e+06,1.95152e+09,121,3.07267e-05,0.00062855,0.00737145,4.88876e+09,1.85576e+09,5.67596e+09,3.68624e+09,3.68624e+09,1,0
3920,235200,transverse,1,10033,61681,139110,26815,444793,26364,2346,433945,366369,1.82424e+06,1.0308e+09,301,6.37859e-06,0.00011846,0.00788069,4.88876e+09,1.85576e+09,5.67596e+09,3.68624e+09,3.68624e+09,1,0
3920,235200,descending,0.9975,16709,58549,192711,29876,380244,37381,1941,387011,269498,2.9257e+06,7.03706e+08,361,1.93488e-06,3.52466e-05,0.0079427,4.88876e+09,1.85576e+09,5.67596e+09,3.68624e+09,3.68624e+09,1,0
3930,235800,cecum,1,7877,62213,63118,17520,373601,11480,1489,338899,345751,1.65938e+06,1.9603e+09,121,3.05586e-05,0.000624693,0.00737531,4.89913e+09,1.8615e+09,5.67596e+09,3.71081e+09,3.71081e+09,1,0
3930,235800,transverse,1,10939,61637,139593,26894,446319,26440,2354,435662,368465,1.99095e+06,1.03819e+09,301,6.24169e-06,0.000115869,0.0078833,4.89913e+09,1.8615e+09,5.67596e+09,3.71081e+09,3.71081e+09,1,0
3930,235800,descending,1,16884,58033,193473,29998,381357,37514,1946,388890,270274,2.95535e+06,7.121e+08,361,1.8386e-06,3.34827e-05,0.00794481,4.89913e+09,1.8615e+09,5.67596e+09,3.71081e+09,3.71081e+09,1,0
3940,236400,cecum,1,7465,62631,63461,17618,375564,11538,1492,340597,347112,1.5793e+06,1.96893e+09,121,3.03969e-05,0.000620989,0.00737901,4.90962e+09,1.86729e+09,5.67596e+09,3.7351e+09,3.7351e+09,1,0
3940,236400,transverse,1,10493,60844,140072,26973,447337,26537,2360,437643,368728,1.90709e+06,1.04549e+09,301,6.11307e-06,0.000113437,0.00788575,4.90962e+09,1.86729e+09,5.67596e+09,3.7351e+09,3.7351e+09,1,0
3940,236400,descending,1,17340,56834,194220,30145,381357,37665,1953,390380,270274,3.03325e+06,7.20462e+08,361,1.74808e-06,3.18257e-05,0.00794682,4.90962e+09,1.86729e+09,5.67596e+09,3.7351e+09,3.7351e+09,1,0
3950,237000,cecum,1,7625,62071,63776,17696,376592,11610,1495,342332,348132,1.61601e+06,1.97741e+09,121,3.02412e-05,0.000617428,0.00738257,4.92023e+09,1.87311e+09,5.67596e+09,3.75912e+09,3.75912e+09,1,0
3950,237000,transverse,1,11039,60544,140634,27056,448580,26638,2371,439359,370128,2.00717e+06,1.0527e+09,301,5.99211e-06,0.000111152,0.00788805,4.92023e+09,1.87311e+09,5.67596e+09,3.75912e+09,3.75912e+09,1,0
3950,237000,descending,0.9975,16705,57887,195005,30261,383694,37818,1955,391931,271458,2.91938e+06,7.28791e+08,361,1.66306e-06,3.02704e-05,0.00794871,4.92023e+09,1.87311e+09,5.67596e+09,3.75912e+09,3.75912e+09,1,0
3960,237600,cecum,1,6430,62134,64095,17766,378345,11678,1499,344156,348505,1.38902e+06,1.98575e+09,121,3.00911e-05,0.000613999,0.007386,4.93097e+09,1.87898e+09,5.67596e+09,3.78287e+09,3.78287e+09,1,0
3960,237600,transverse,1,11177,59907,141143,27141,449308,26743,2385,440900,370661,2.03193e+06,1.05982e+09,301,5.87826e-06,0.000109003,0.00789021,4.93097e+09,1.87898e+09,5.67596e+09,3.78287e+09,3.78287e+09,1,0
3960,237600,descending,1,16138,58057,195737,30352,385226,37950,1957,393514,271912,2.81468e+06,7.37088e+08,361,1.58327e-06,2.88119e-05,0.0079505,4.93097e+09,1.87898e+09,5.67596e+09,3.78287e+09,3.78287e+09,1,0
3970,238200,cecum,1,8675,61970,64441,17857,379762,11740,1502,345887,351971,1.80876e+06,1.99394e+09,121,2.99464e-05,0.000610694,0.00738931,4.94182e+09,1.88488e+09,5.67596e+09,3.80636e+09,3.80636e+09,1,0
3970,238200,transverse,1,11379,59801,141663,27229,450618,26838,2393,442491,371828,2.06803e+06,1.06685e+09,301,5.77098e-06,0.000106979,0.00789225,4.94182e+09,1.88488e+09,5.67596e+09,3.80636e+09,3.80636e+09,1,0
3970,238200,descending,1,16211,57151,196490,30458,385821,38081,1958,395251,272063,2.8217e+06,7.45354e+08,361,1.50847e-06,2.74453e-05,0.0079522,4.94182e+09,1.88488e+09,5.67596e+09,3.80636e+09,3.80636e+09,1,0
3980,238800,cecum,1,7885,62313,64801,17951,381830,11813,1507,347774,353051,1.66796e+06,2.002e+09,121,2.98065e-05,0.000607505,0.00739249,4.9528e+09,1.89083e+09,5.67596e+09,3.8296e+09,3.8296e+09,1,0
3980,238800,transverse,0.9975,11527,60599,142172,27313,453072,26935,2395,444326,374100,2.09798e+06,1.0738e+09,301,5.66979e-06,0.000105072,0.00789418,4.9528e+09,1.89083e+09,5.67596e+09,3.8296e+09,3.8296e+09,1,0
3980,238800,descending,1,16958,57084,197289,30569,387288,38229,1964,397038,273731,2.96009e+06,7.53588e+08,361,1.43837e-06,2.61656e-05,0.0079538,4.9528e+09,1.89083e+09,5.67596e+09,3.8296e+09,3.8296e+09,1,0
3990,239400,cecum,0.9975,7292,62254,65142,18032,383626,11867,1515,349756,354040,1.56053e+06,2.00992e+09,121,2.96713e-05,0.000604425,0.00739558,4.9639e+09,1.89682e+09,5.67596e+09,3.85259e+09,3.85259e+09,1,0
3990,239400,transverse,1,10900,61447,142681,27408,455493,27025,2399,446080,375566,1.98296e+06,1.08066e+09,301,5.57422e-06,0.000103271,0.00789599,4.9639e+09,1.89682e+09,5.67596e+09,3.85259e+09,3.85259e+09,1,0
3990,239400,descending,1,17347,57335,198074,30679,389110,38363,1978,398839,275387,3.03436e+06,7.61791e+08,361,1.37274e-06,2.4968e-05,0.00795532,4.9639e+09,1.89682e+09,5.67596e+09,3.85259e+09,3.85259e+09,1,0
4000,240000,cecum,1,7805,63048,65486,18133,386044,11929,1522,351536,356783,1.64435e+06,2.01772e+09,121,2.95404e-05,0.000601446,0.00739855,4.97512e+09,1.90284e+09,5.67596e+09,3.87535e+09,3.87535e+09,1,0
4000,240000,transverse,0.9975,10107,62592,143179,27493,458268,27112,2400,447881,377221,1.83893e+06,1.08745e+09,301,5.48387e-06,0.00010157,0.00789771,4.97512e+09,1.90284e+09,5.67596e+09,3.87535e+09,3.87535e+09,1,0
4000,240000,descending,1,16480,57489,198834,30778,390840,38506,1986,400649,275724,2.87671e+06,7.69964e+08,361,1.31133e-06,2.38479e-05,0.00795675,4.97512e+09,1.90284e+09,5.67596e+09,3.87535e+09,3.87535e+09,1,0
4010,240600,cecum,1,7642,62883,65837,18213,387485,11990,1529,353276,357844,1.61902e+06,2.02539e+09,121,2.94137e-05,0.000598564,0.00740144,4.98646e+09,1.90891e+09,5.67596e+09,3.89787e+09,3.89787e+09,1,0
4010,240600,transverse,1,9509,62777,143626,27576,460297,27195,2405,449886,378366,1.72948e+06,1.09416e+09,301,5.39833e-06,9.99598e-05,0.00789933,4.98646e+09,1.90891e+09,5.67596e+09,3.89787e+09,3.89787e+09,1,0
4010,240600,descending,1,16750,56643,199647,30877,391587,38653,1989,402485,276171,2.92109e+06,7.78107e+08,361,1.25388e-06,2.28006e-05,0.00795811,4.98646e+09,1.90891e+09,5.67596e+09,3.89787e+09,3.89787e+09,1,0
4020,241200,cecum,0.9975,7903,62631,66153,18298,388826,12048,1542,354999,359260,1.67393e+06,2.03293e+09,121,2.92907e-05,0.000595772,0.00740423,4.99791e+09,1.91501e+09,5.67596e+09,3.92016e+09,3.92016e+09,1,0
4020,241200,transverse,1,9462,62815,144068,27655,461767,27279,2406,451480,379509,1.72129e+06,1.10079e+09,301,5.31724e-06,9.84345e-05,0.00790087,4.99791e+09,1.91501e+09,5.67596e+09,3.92016e+09,3.92016e+09,1,0
4020,241200,descending,1,17491,56432,200397,30998,392513,38788,1992,403875,277341,3.05593e+06,7.86219e+08,361,1.20016e-06,2.18218e-05,0.00795939,4.99791e+09,1.91501e+09,5.67596e+09,3.92016e+09,3.92016e+09,1,0
4030,241800,cecum,1,8338,62808,66522,18390,390705,12111,1552,356846,361350,1.755e+06,2.04036e+09,121,2.91715e-05,0.000593065,0.00740694,5.00949e+09,1.92115e+09,5.67596e+09,3.94223e+09,3.94223e+09,1,0
4030,241800,transverse,1,10632,62311,144528,27758,462898,27383,2409,453319,381554,1.93684e+06,1.10735e+09,301,5.24028e-06,9.69875e-05,0.00790234,5.00949e+09,1.92115e+09,5.67596e+09,3.94223e+09,3.94223e+09,1,0
4030,241800,descending,1,16861,56826,201184,31130,394283,38939,1994,405532,277975,2.93966e+06,7.94301e+08,361,1.14994e-06,2.09071e-05,0.00796061,5.00949e+09,1.92115e+09,5.67596e+09,3.94223e+09,3.94223e+09,1,0
4040,242400,cecum,1,8663,63103,66895,18474,392753,12185,1562,358747,363498,1.81109e+06,2.04767e+09,121,2.90556e-05,0.000590439,0.00740956,5.02118e+09,1.92733e+09,5.67596e+09,3.96408e+09,3.96408e+09,1,0
4040,242400,transverse,1,10369,62767,144981,27842,465239,27460,2411,455363,383338,1.8883e+06,1.11385e+09,301,5.16714e-06,9.56128e-05,0.00790372,5.02118e+09,1.92733e+09,5.67596e+09,3.96408e+09,3.96408e+09,1,0
4040,242400,descending,1,18275,55693,202047,31243,394615,39088,1995,407258,279119,3.19428e+06,8.02354e+08,361,1.103e-06,2.00525e-05,0.00796175,5.02118e+09,1.92733e+09,5.67596e+09,3.96408e+09,3.96408e+09,1,0
4050,243000,cecum,1,7493,63249,67236,18560,394824,12248,1577,360806,364192,1.59126e+06,2.05486e+09,121,2.89431e-05,0.000587889,0.00741211,5.033e+09,1.93355e+09,5.67596e+09,3.98572e+09,3.98572e+09,1,0
4050,243000,transverse,1,10433,62250,145428,27921,466352,27547,2415,457155,384230,1.89963e+06,1.12027e+09,301,5.09753e-06,9.4305e-05,0.00790505,5.033e+09,1.93355e+09,5.67596e+09,3.98572e+09,3.98572e+09,1,0
4050,243000,descending,0.9975,18130,55577,202910,31357,395875,39248,2005,408898,279635,3.16245e+06,8.10378e+08,361,1.05914e-06,1.92541e-05,0.00796284,5.033e+09,1.93355e+09,5.67596e+09,3.98572e+09,3.98572e+09,1,0
4060,243600,cecum,1,7765,62942,67551,18645,396175,12313,1595,362596,365632,1.64244e+06,2.06194e+09,121,2.88336e-05,0.000585411,0.00741459,5.04493e+09,1.9398e+09,5.67596e+09,4.00716e+09,4.00716e+09,1,0
4060,243600,transverse,1,10018,62923,145909,28004,468878,27648,2423,459184,386036,1.82332e+06,1.12662e+09,301,5.0312e-06,9.30593e-05,0.0079063,5.04493e+09,1.9398e+09,5.67596e+09,4.00716e+09,4.00716e+09,1,0
4060,243600,descending,0.9975,17924,55595,203741,31466,397327,39416,2015,410599,280317,3.12314e+06,8.18372e+08,361,1.01814e-06,1.85081e-05,0.00796387,5.04493e+09,1.9398e+09,5.67596e+09,4.00716e+09,4.00716e+09,1,0
4070,244200,cecum,1,7418,63946,67879,18758,398634,12371,1603,364214,367579,1.57196e+06,2.06892e+09,121,2.87272e-05,0.000583003,0.007417,5.05697e+09,1.94609e+09,5.67596e+09,4.02838e+09,4.02838e+09,1,0
4070,244200,transverse,1,10059,62278,146376,28089,469754,27725,2428,460862,386643,1.83079e+06,1.13291e+09,301,4.9679e-06,9.18711e-05,0.00790751,5.05697e+09,1.94609e+09,5.67596e+09,4.02838e+09,4.02838e+09,1,0
4070,244200,descending,1,18005,54795,204588,31571,398147,39593,2018,412498,280650,3.13346e+06,8.26339e+08,361,9.79818e-07,1.7811e-05,0.00796485,5.05697e+09,1.94609e+09,5.67596e+09,4.02838e+09,4.02838e+09,1,0
4080,244800,cecum,1,7039,64773,68199,18825,401009,12436,1611,365886,369379,1.49395e+06,2.07578e+09,121,2.86235e-05,0.00058066,0.00741934,5.06913e+09,1.95242e+09,5.67596e+09,4.04941e+09,4.04941e+09,1,0
4080,244800,transverse,1,10085,62165,146836,28185,471560,27810,2434,462956,388190,1.83564e+06,1.13914e+09,301,4.90743e-06,9.07362e-05,0.00790865,5.06913e+09,1.95242e+09,5.67596e+09,4.04941e+09,4.04941e+09,1,0
4080,244800,descending,1,18765,53410,205453,31677,398147,39778,2021,414171,280833,3.26627e+06,8.34276e+08,361,9.43992e-07,1.71594e-05,0.00796578,5.06913e+09,1.95242e+09,5.67596e+09,4.04941e+09,4.04941e+09,1,0
4090,245400,cecum,1,6591,64462,68491,18908,402358,12487,1617,367674,370116,1.41187e+06,2.08254e+09,121,2.85225e-05,0.000578379,0.00742162,5.08141e+09,1.95878e+09,5.67596e+09,4.07024e+09,4.07024e+09,1,0
4090,245400,transverse,0.9975,10435,62138,147319,28261,473072,27922,2434,464683,389757,1.89995e+06,1.14529e+09,301,4.84958e-06,8.96509e-05,0.00790975,5.08141e+09,1.95878e+09,5.67596e+09,4.07024e+09,4.07024e+09,1,0
4090,245400,descending,0.9975,19304,53174,206294,31770,399053,39960,2025,415584,281708,3.36362e+06,8.42183e+08,361,9.10489e-07,1.65503e-05,0.00796666,5.08141e+09,1.95878e+09,5.67596e+09,4.07024e+09,4.07024e+09,1,0
4100,246000,cecum,1,7057,63930,68795,18991,403834,12540,1633,369802,371874,1.49693e+06,2.0892e+09,121,2.84241e-05,0.000576158,0.00742384,5.09381e+09,1.96518e+09,5.67596e+09,4.09087e+09,4.09087e+09,1,0
4100,246000,transverse,0.9975,12141,62531,147806,28381,474967,28010,2440,466387,393073,2.21574e+06,1.15139e+09,301,4.79417e-06,8.86116e-05,0.0079108,5.09381e+09,1.96518e+09,5.67596e+09,4.09087e+09,4.09087e+09,1,0
4100,246000,descending,1,19584,52364,207182,31888,400081,40120,2031,417694,282400,3.41349e+06,8.50063e+08,361,8.79146e-07,1.59805e-05,0.0079675,5.09381e+09,1.96518e+09,5.67596e+09,4.09087e+09,4.09087e+09,1,0
4110,246600,cecum,1,7952,64118,69104,19078,405655,12598,1638,371575,374421,1.66224e+06,2.09576e+09,121,2.83281e-05,0.000573995,0.00742601,5.10632e+09,1.97162e+09,5.67596e+09,4.11131e+09,4.11131e+09,1,0
4110,246600,transverse,1,12550,61301,148319,28536,475456,28092,2447,468336,393688,2.28987e+06,1.15742e+09,301,4.74104e-06,8.76152e-05,0.00791181,5.10632e+09,1.97162e+09,5.67596e+09,4.11131e+09,4.11131e+09,1,0
4110,246600,descending,1,19994,51342,208128,31999,400347,40287,2039,419252,282400,3.48059e+06,8.57914e+08,361,8.49809e-07,1.54472e-05,0.0079683,5.10632e+09,1.97162e+09,5.67596e+09,4.11131e+09,4.11131e+09,1,0
4120,247200,cecum,1,7679,64723,69408,19168,407920,12646,1645,373366,376240,1.61294e+06,2.10222e+09,121,2.82345e-05,0.000571885,0.00742811,5.11894e+09,1.97809e+09,5.67596e+09,4.13157e+09,4.13157e+09,1,0
4120,247200,transverse,1,10949,62275,148822,28632,478259,28176,2450,470342,394564,1.99315e+06,1.1634e+09,301,4.69001e-06,8.66587e-05,0.00791278,5.11894e+09,1.97809e+09,5.67596e+09,4.13157e+09,4.13157e+09,1,0
4120,247200,descending,1,20065,50993,209095,32100,401291,40498,2042,420854,282757,3.48916e+06,8.65736e+08,361,8.22335e-07,1.49479e-05,0.00796905,5.11894e+09,1.97809e+09,5.67596e+09,4.13157e+09,4.13157e+09,1,0
4130,247800,cecum,1,8133,65842,69715,19236,410892,12695,1648,375333,379473,1.69481e+06,2.10858e+09,121,2.81431e-05,0.000569828,0.00743017,5.13168e+09,1.9846e+09,5.67596e+09,4.15164e+09,4.15164e+09,1,0
4130,247800,transverse,1,11506,62237,149307,28725,479800,28270,2457,472101,396357,2.09641e+06,1.16931e+09,301,4.64097e-06,8.57395e-05,0.00791371,5.13168e+09,1.9846e+09,5.67596e+09,4.15164e+09,4.15164e+09,1,0
4130,247800,descending,1,20812,51215,210004,32224,402213,40673,2042,421853,283816,3.62277e+06,8.73529e+08,361,7.96589e-07,1.44801e-05,0.00796978,5.13168e+09,1.9846e+09,5.67596e+09,4.15164e+09,4.15164e+09,1,0
4140,248400,cecum,1,7083,65219,70026,19331,412113,12754,1662,377317,379473,1.50214e+06,2.11485e+09,121,2.8054e-05,0.000567822,0.00743218,5.14453e+09,1.99114e+09,5.67596e+09,4.17152e+09,4.17152e+09,1,0
4140,248400,transverse,1,10517,62013,149803,28834,481075,28374,2460,473810,396357,1.91295e+06,1.17517e+09,301,4.59377e-06,8.48552e-05,0.00791461,5.14453e+09,1.99114e+09,5.67596e+09,4.17152e+09,4.17152e+09,1,0
4140,248400,descending,0.9975,20226,51699,210987,32350,404235,40849,2047,423688,284566,3.51787e+06,8.81294e+08,361,7.72445e-07,1.40414e-05,0.00797047,5.14453e+09,1.99114e+09,5.67596e+09,4.17152e+09,4.17152e+09,1,0
4150,249000,cecum,1,7165,64514,70368,19419,413383,12799,1666,379421,380612,1.52316e+06,2.12102e+09,121,2.79669e-05,0.000565863,0.00743414,5.1575e+09,1.99771e+09,5.67596e+09,4.19123e+09,4.19123e+09,1,0
4150,249000,transverse,0.9975,11045,60242,150261,28930,481425,28462,2463,476112,396958,2.00978e+06,1.18097e+09,301,4.54829e-06,8.40034e-05,0.00791547,5.1575e+09,1.99771e+09,5.67596e+09,4.19123e+09,4.19123e+09,1,0
4150,249000,descending,0.9975,20472,51725,211923,32474,405682,41015,2048,425398,285612,3.56275e+06,8.89029e+08,361,7.49786e-07,1.36297e-05,0.00797113,5.1575e+09,1.99771e+09,5.67596e+09,4.19123e+09,4.19123e+09,1,0
4160,249600,cecum,0.9975,7710,64402,70678,19474,414869,12870,1672,381139,382453,1.62475e+06,2.1271e+09,121,2.78818e-05,0.000563951,0.00743605,5.17058e+09,2.00432e+09,5.67596e+09,4.21076e+09,4.21076e+09,1,0
4160,249600,transverse,1,11151,61031,150742,29054,483734,28561,2474,477844,399104,2.03018e+06,1.1867e+09,301,4.50444e-06,8.31822e-05,0.0079163,5.17058e+09,2.00432e+09,5.67596e+09,4.21076e+09,4.21076e+09,1,0
4160,249600,descending,0.9975,20331,52502,212844,32590,407928,41198,2050,427164,287093,3.53778e+06,8.96736e+08,361,7.28501e-07,1.32431e-05,0.00797176,5.17058e+09,2.00432e+09,5.67596e+09,4.21076e+09,4.21076e+09,1,0
4170,250200,cecum,1,7635,65029,70975,19550,417380,12936,1673,383164,384733,1.61154e+06,2.13309e+09,121,2.77986e-05,0.000562084,0.00743792,5.18377e+09,2.01096e+09,5.67596e+09,4.23011e+09,4.23011e+09,1,0
4170,250200,transverse,1,11625,60739,151243,29158,484948,28651,2589,479429,400370,2.1178e+06,1.19239e+09,301,4.46212e-06,8.23896e-05,0.0079171,5.18377e+09,2.01096e+09,5.67596e+09,4.23011e+09,4.23011e+09,1,0
4170,250200,descending,1,20828,51671,213788,32711,408437,41378,2054,428801,287452,3.62395e+06,9.04415e+08,361,7.08488e-07,1.28795e-05,0.00797236,5.18377e+09,2.01096e+09,5.67596e+09,4.23011e+09,4.23011e+09,1,0
4180,250800,cecum,1,7555,65141,71291,19629,419168,12986,1676,384966,386251,1.59851e+06,2.13899e+09,121,2.77173e-05,0.00056026,0.00743974,5.19708e+09,2.01764e+09,5.67596e+09,4.24929e+09,4.24929e+09,1,0
4180,250800,transverse,1,10968,60898,151763,29247,486570,28747,2594,481072,400995,1.99554e+06,1.19801e+09,301,4.42122e-06,8.1624e-05,0.00791788,5.19708e+09,2.01764e+09,5.67596e+09,4.24929e+09,4.24929e+09,1,0
4180,250800,descending,1,20365,52296,214700,32824,410271,41563,2057,430305,288206,3.53858e+06,9.12064e+08,361,6.89653e-07,1.25374e-05,0.00797294,5.19708e+09,2.01764e+09,5.67596e+09,4.24929e+09,4.24929e+09,1,0
4190,251400,cecum,1,7351,65421,71620,19720,421050,13032,1679,386702,387734,1.56004e+06,2.14481e+09,121,2.76379e-05,0.000558478,0.00744152,5.21049e+09,2.02435e+09,5.67596e+09,4.26829e+09,4.26829e+09,1,0
4190,251400,transverse,1,11237,60115,152237,29322,487216,28845,2612,482656,401591,2.0444e+06,1.20358e+09,301,4.38167e-06,8.08838e-05,0.00791863,5.21049e+09,2.02435e+09,5.67596e+09,4.26829e+09,4.26829e+09,1,0
4190,251400,descending,1,20022,52907,215614,32948,411770,41755,2061,431505,288760,3.47792e+06,9.19685e+08,361,6.71909e-07,1.22151e-05,0.00797349,5.21049e+09,2.02435e+09,5.67596e+09,4.26829e+09,4.26829e+09,1,0
4200,252000,cecum,1,7944,65865,71973,19817,423322,13100,1683,388691,390407,1.66783e+06,2.15054e+09,121,2.75601e-05,0.000556735,0.00744326,5.22402e+09,2.0311e+09,5.67596e+09,4.28713e+09,4.28713e+09,1,0
4200,252000,transverse,1,10509,60467,152689,29408,489176,28933,2622,484428,402535,1.9099e+06,1.2091e+09,301,4.34339e-06,8.01675e-05,0.00791936,5.22402e+09,2.0311e+09,5.67596e+09,4.28713e+09,4.28713e+09,1,0
4200,252000,descending,1,19695,53248,216508,33046,413273,41921,2066,432926,289301,3.4195e+06,9.27276e+08,361,6.55173e-07,1.19111e-05,0.00797402,5.22402e+09,2.0311e+09,5.67596e+09,4.28713e+09,4.28713e+09,1,0
4210,252600,cecum,1,7622,65687,72284,19898,424893,13157,1690,390571,391476,1.61991e+06,2.15619e+09,121,2.74841e-05,0.000555032,0.00744497,5.23766e+09,2.03787e+09,5.67596e+09,4.3058e+09,4.3058e+09,1,0
4210,252600,transverse,1,10838,61186,153132,29501,491562,29011,2666,486222,404934,1.97311e+06,1.21456e+09,301,4.30631e-06,7.94738e-05,0.00792006,5.23766e+09,2.03787e+09,5.67596e+09,4.3058e+09,4.3058e+09,1,0
4210,252600,descending,1,20900,52524,217460,33164,413516,42091,2071,434176,290080,3.63433e+06,9.34837e+08,361,6.39371e-07,1.1624e-05,0.00797453,5.23766e+09,2.03787e+09,5.67596e+09,4.3058e+09,4.3058e+09,1,0
4220,253200,cecum,1,7916,65584,72612,19973,426647,13228,1696,392568,393336,1.67797e+06,2.16175e+09,121,2.74097e-05,0.000553366,0.00744663,5.25141e+09,2.04468e+09,5.67596e+09,4.3243e+09,4.3243e+09,1,0
4220,253200,transverse,1,9768,61684,153571,29592,493510,29083,2667,487834,405535,1.77588e+06,1.21996e+09,301,4.27036e-06,7.88015e-05,0.00792074,5.25141e+09,2.04468e+09,5.67596e+09,4.3243e+09,4.3243e+09,1,0
4220,253200,descending,1,21092,53207,218492,33283,415280,42275,2078,435553,291300,3.67146e+06,9.42369e+08,361,6.24433e-07,1.13527e-05,0.00797503,5.25141e+09,2.04468e+09,5.67596e+09,4.3243e+09,4.3243e+09,1,0
4230,253800,cecum,0.9975,8099,65806,72944,20055,428584,13280,1702,394411,395252,1.7101e+06,2.16723e+09,121,2.73368e-05,0.000551737,0.00744826,5.26527e+09,2.05152e+09,5.67596e+09,4.34264e+09,4.34264e+09,1,0
4230,253800,transverse,1,10141,60509,154005,29674,494030,29159,2673,489681,406146,1.84486e+06,1.22532e+09,301,4.2355e-06,7.81495e-05,0.0079214,5.26527e+09,2.05152e+09,5.67596e+09,4.34264e+09,4.34264e+09,1,0
4230,253800,descending,0.9975,20010,54759,219442,33399,417833,42449,2081,436841,292108,3.48023e+06,9.49871e+08,361,6.10294e-07,1.10959e-05,0.0079755,5.26527e+09,2.05152e+09,5.67596e+09,4.34264e+09,4.34264e+09,1,0
4240,254400,cecum,0.9775,7086,65302,73287,20140,429945,13341,1736,396388,395369,1.52874e+06,2.17264e+09,121,2.72656e-05,0.000550142,0.00744986,5.27924e+09,2.0584e+09,5.67596e+09,4.36081e+09,4.36081e+09,1,0
4240,254400,transverse,1,11238,60195,154481,29762,495142,29257,2679,491287,408059,2.04656e+06,1.23062e+09,301,4.20165e-06,7.75166e-05,0.00792205,5.27924e+09,2.0584e+09,5.67596e+09,4.36081e+09,4.36081e+09,1,0
4240,254400,descending,1,20417,55338,220398,33513,419683,42615,2088,438385,293682,3.55522e+06,9.57342e+08,361,5.96897e-07,1.08525e-05,0.00797596,5.27924e+09,2.0584e+09,5.67596e+09,4.36081e+09,4.36081e+09,1,0
4250,255000,cecum,0.9825,6355,64932,73556,20194,431270,13396,1742,398186,395797,1.38886e+06,2.17796e+09,121,2.71957e-05,0.000548582,0.00745142,5.29332e+09,2.0653e+09,5.67596e+09,4.37883e+09,4.37883e+09,1,0
4250,255000,transverse,1,11106,60473,154990,29865,497204,29349,2686,493259,409668,2.02249e+06,1.23586e+09,301,4.16877e-06,7.6902e-05,0.00792267,5.29332e+09,2.0653e+09,5.67596e+09,4.37883e+09,4.37883e+09,1,0
4250,255000,descending,0.9975,20477,55467,221333,33625,421075,42820,2095,439958,294509,3.56465e+06,9.64784e+08,361,5.84187e-07,1.06216e-05,0.0079764,5.29332e+09,2.0653e+09,5.67596e+09,4.37883e+09,4.37883e+09,1,0
4260,255600,cecum,0.9575,5756,64383,73810,20253,432551,13455,1749,400127,396336,1.26852e+06,2.18321e+09,121,2.71274e-05,0.000547055,0.00745294,5.30751e+09,2.07224e+09,5.67596e+09,4.39668e+09,4.39668e+09,1,0
4260,255600,transverse,1,11207,61155,155428,29960,499388,29427,2689,494931,411685,2.04119e+06,1.24106e+09,301,4.13682e-06,7.63048e-05,0.00792328,5.30751e+09,2.07224e+09,5.67596e+09,4.39668e+09,4.39668e+09,1,0
4260,255600,descending,1,20118,56270,222286,33742,423126,42993,2099,441492,295534,3.50336e+06,9.72196e+08,361,5.72113e-07,1.04023e-05,0.00797683,5.30751e+09,2.07224e+09,5.67596e+09,4.39668e+09,4.39668e+09,1,0
4270,256200,cecum,0.9225,5543,63690,74082,20301,433740,13510,1756,402105,397136,1.22463e+06,2.18838e+09,121,2.70604e-05,0.00054556,0.00745444,5.3218e+09,2.07921e+09,5.67596e+09,4.41438e+09,4.41438e+09,1,0
4270,256200,transverse,1,11035,61071,155923,30049,500830,29530,2699,496639,412642,2.00818e+06,1.2462e+09,301,4.10574e-06,7.57241e-05,0.00792387,5.3218e+09,2.07921e+09,5.67596e+09,4.41438e+09,4.41438e+09,1,0
4270,256200,descending,1,19329,56150,223224,33853,424561,43176,2101,443339,295534,3.35973e+06,9.79578e+08,361,5.60629e-07,1.01937e-05,0.00797724,5.3218e+09,2.07921e+09,5.67596e+09,4.41438e+09,4.41438e+09,1,0
4280,256800,cecum,0.9625,5705,62780,74345,20339,434690,13567,1770,404046,398066,1.24768e+06,2.19348e+09,121,2.69948e-05,0.000544096,0.0074559,5.33621e+09,2.08621e+09,5.67596e+09,4.43192e+09,4.43192e+09,1,0
4280,256800,transverse,1,11215,61839,156426,30153,503282,29610,2705,498501,414949,2.04068e+06,1.25129e+09,301,4.07551e-06,7.51592e-05,0.00792444,5.33621e+09,2.08621e+09,5.67596e+09,4.43192e+09,4.43192e+09,1,0
4280,256800,descending,0.9975,20220,55799,224155,33985,425521,43373,2101,444979,296783,3.52231e+06,9.86928e+08,361,5.49694e-07,9.99503e-06,0.00797764,5.33621e+09,2.08621e+09,5.67596e+09,4.43192e+09,4.43192e+09,1,0
4290,257400,cecum,0.95,5479,62164,74572,20385,435668,13608,1774,405723,398674,1.20116e+06,2.1985e+09,121,2.69305e-05,0.000542663,0.00745734,5.35072e+09,2.09324e+09,5.67596e+09,4.4493e+09,4.4493e+09,1,0
4290,257400,transverse,0.9975,11266,62235,156901,30248,505513,29689,2755,500460,416880,2.05127e+06,1.25633e+09,301,4.04608e-06,7.46094e-05,0.007925,5.35072e+09,2.09324e+09,5.67596e+09,4.4493e+09,4.4493e+09,1,0
4290,257400,descending,1,20666,56610,225101,34131,427574,43569,2110,446554,298669,3.60288e+06,9.94246e+08,361,5.39268e-07,9.80561e-06,0.00797803,5.35072e+09,2.09324e+09,5.67596e+09,4.4493e+09,4.4493e+09,1,0
4300,258000,cecum,0.96,5287,61616,74823,20429,436806,13657,1789,407487,399447,1.15867e+06,2.20345e+09,121,2.68675e-05,0.000541258,0.00745874,5.36534e+09,2.1003e+09,5.67596e+09,4.46653e+09,4.46653e+09,1,0
4300,258000,transverse,1,10525,63865,157427,30330,508862,29794,2758,502363,419146,1.91506e+06,1.26132e+09,301,4.01741e-06,7.4074e-05,0.00792554,5.36534e+09,2.1003e+09,5.67596e+09,4.46653e+09,4.46653e+09,1,0
4300,258000,descending,1,19974,56897,226029,34260,428905,43735,2116,447887,298669,3.47517e+06,1.00153e+09,361,5.29316e-07,9.62479e-06,0.0079784,5.36534e+09,2.1003e+09,5.67596e+09,4.46653e+09,4.46653e+09,1,0
4310,258600,cecum,0.96,5170,60882,75048,20473,437789,13698,1809,409269,400153,1.13064e+06,2.20833e+09,121,2.68058e-05,0.000539883,0.00746012,5.38006e+09,2.10739e+09,5.67596e+09,4.4836e+09,4.4836e+09,1,0
4310,258600,transverse,1,10992,64068,157928,30427,510641,29871,2758,504113,421065,2.00169e+06,1.26626e+09,301,3.98948e-06,7.35524e-05,0.00792607,5.38006e+09,2.10739e+09,5.67596e+09,4.4836e+09,4.4836e+09,1,0
4310,258600,descending,1,20153,57230,226999,34377,431081,43918,2126,450020,300344,3.51143e+06,1.00879e+09,361,5.19805e-07,9.45197e-06,0.00797877,5.38006e+09,2.10739e+09,5.67596e+09,4.4836e+09,4.4836e+09,1,0
