step,time_s,region,occ_frac,patch_cells,pool_cells,births_cum,washout_cum,contraction_cum,edge_cum,reseeds_cum,distal_cum,external_cum,mean_cfu_ml,lumen_cells,lumen_lineages,lumen_mu_per_s,lumen_carbon_mol_m3,lumen_acetate_mol_m3,stool_cum,deaths_cum,purged_cum,stocks,expected,ledger_ok,hapc
10,600,cecum,0.005,24,16,1,1,16,0,0,1,0,4339.39,3275.85,2,0.000169231,0.008,9.3476e-10,45.3575,16.1939,0,9952.29,9952.29,1,0
10,600,transverse,0.02,86,21,3,2,19,0,0,0,4,15826.1,3228.8,2,0.000138262,0.00506185,8.69616e-10,45.3575,16.1939,0,9952.29,9952.29,1,0
10,600,descending,0.025,81,46,3,5,41,0,0,0,4,15234.5,3173.64,2,9.2581e-05,0.00254178,6.7295e-10,45.3575,16.1939,0,9952.29,9952.29,1,0
20,1200,cecum,0.0075,17,21,3,2,26,0,0,7,2,3025.37,3580.06,8,0.000169231,0.008,1.94287e-09,93.3732,33.5749,0,10701.6,10701.6,1,0
20,1200,transverse,0.025,58,53,4,4,49,0,0,0,7,10628,3478.83,8,0.000139082,0.00512243,1.81319e-09,93.3732,33.5749,0,10701.6,10701.6,1,0
20,1200,descending,0.0275,64,63,5,6,60,0,0,3,5,11875.2,3366.75,10,9.35936e-05,0.00258389,1.39651e-09,93.3732,33.5749,0,10701.6,10701.6,1,0
30,1800,cecum,0.0075,10,29,3,2,34,0,0,7,3,1803.73,3906.96,8,0.000169231,0.008,3.03124e-09,144.334,52.2617,0,11514.8,11514.8,1,0
30,1800,transverse,0.025,41,71,6,5,67,1,0,2,8,7629.72,3755.1,10,0.000139877,0.00518176,2.83806e-09,144.334,52.2617,0,11514.8,11514.8,1,0
30,1800,descending,0.02,39,85,7,6,88,0,0,9,6,7263.05,3577.77,18,9.46021e-05,0.00262629,2.17624e-09,144.334,52.2617,0,11514.8,11514.8,1,0
40,2400,cecum,0.0175,9,32,4,2,42,0,0,12,9,1666.18,4263.76,13,0.000169231,0.008,4.20629e-09,198.513,72.37,0,12398.6,12398.6,1,0
40,2400,transverse,0.02,22,90,7,6,85,2,0,3,8,4037.41,4055.67,16,0.000140645,0.00523986,3.95169e-09,198.513,72.37,0,12398.6,12398.6,1,0
40,2400,descending,0.02,40,86,9,6,90,0,0,10,7,7463.85,3800.15,20,9.56058e-05,0.00266896,3.01768e-09,198.513,72.37,0,12398.6,12398.6,1,0
50,3000,cecum,0.025,12,32,4,2,44,0,0,14,14,2254.42,4651.28,14,0.000169231,0.00799999,5.47642e-09,256.078,94.007,0,13354.9,13354.9,1,0
50,3000,transverse,0.035,18,99,7,6,95,2,0,4,14,3303.63,4376.6,18,0.00014139,0.00529677,5.1613e-09,256.078,94.007,0,13354.9,13354.9,1,0
50,3000,descending,0.0325,26,105,9,7,110,0,0,12,14,4875.65,4035.02,29,9.66042e-05,0.00271188,3.92489e-09,256.078,94.007,0,13354.9,13354.9,1,0
60,3600,cecum,0.02,8,41,4,3,52,0,0,14,19,1497.81,5072.23,14,0.000169231,0.00799999,6.84951e-09,317.245,117.287,0,14395,14395,1,0
60,3600,transverse,0.0475,22,95,7,6,97,2,0,10,20,4046.23,4731.08,24,0.000142111,0.0053525,6.47458e-09,317.245,117.287,0,14395,14395,1,0
60,3600,descending,0.03,18,114,10,8,119,1,0,14,16,3432.38,4293.73,36,9.75967e-05,0.00275502,4.90277e-09,317.245,117.287,0,14395,14395,1,0
70,4200,cecum,0.015,6,45,4,3,57,0,0,15,22,1127.21,5534.86,14,0.000169231,0.00799999,8.33521e-09,382.389,142.373,0,15526.1,15526.1,1,0
70,4200,transverse,0.0575,24,101,8,6,103,2,0,10,27,4417.53,5109.99,24,0.00014281,0.00540709,7.90202e-09,382.389,142.373,0,15526.1,15526.1,1,0
70,4200,descending,0.0325,16,115,10,8,122,1,0,16,17,3003.58,4574.25,38,9.85827e-05,0.00279836,5.95891e-09,382.389,142.373,0,15526.1,15526.1,1,0
80,4800,cecum,0.02,8,46,4,3,59,0,0,16,26,1513.22,6038.72,14,0.000169231,0.00799999,9.94405e-09,451.781,169.408,0,16756.9,16756.9,1,0
80,4800,transverse,0.055,24,109,10,8,110,4,0,13,36,4361.83,5523.95,27,0.000143487,0.00546055,9.45268e-09,451.781,169.408,0,16756.9,16756.9,1,0
80,4800,descending,0.0425,18,118,10,8,126,1,0,17,23,3405.19,4871.22,42,9.95619e-05,0.00284188,7.09942e-09,451.781,169.408,0,16756.9,16756.9,1,0
90,5400,cecum,0.02,8,48,4,3,63,0,0,18,30,1513.22,6589.73,16,0.000169231,0.00799999,1.16877e-08,525.729,198.549,0,18097.1,18097.1,1,0
90,5400,transverse,0.0475,21,117,11,9,120,4,0,16,43,3804.42,5976.88,32,0.000144144,0.0055129,1.11368e-08,525.729,198.549,0,18097.1,18097.1,1,0
90,5400,descending,0.0425,19,117,13,8,131,2,0,24,27,3557.12,5200.46,51,0.000100534,0.00288556,8.33119e-09,525.729,198.549,0,18097.1,18097.1,1,0
100,6000,cecum,0.025,11,48,5,3,64,0,0,19,33,2073.75,7191.38,17,0.000169231,0.00799999,1.35794e-08,604.721,230.027,0,19555.2,19555.2,1,0
100,6000,transverse,0.045,18,117,11,9,126,4,0,22,46,3256.75,6478.04,39,0.000144781,0.00556418,1.297e-08,604.721,230.027,0,19555.2,19555.2,1,0
100,6000,descending,0.0375,17,119,15,8,139,2,0,30,31,3152.76,5555.73,66,0.000101498,0.00292936,9.66419e-09,604.721,230.027,0,19555.2,19555.2,1,0
110,6600,cecum,0.0375,17,50,6,3,67,1,0,21,42,3142.43,7842.88,17,0.000169231,0.00799998,1.56317e-08,689.166,264.043,0,21141.6,21141.6,1,0
110,6600,transverse,0.0475,19,114,11,9,127,4,0,26,48,3441.94,7023.24,43,0.000145398,0.0056144,1.49662e-08,689.166,264.043,0,21141.6,21141.6,1,0
110,6600,descending,0.0375,16,118,16,8,145,3,0,38,36,2949.2,5941.44,77,0.000102454,0.00297329,1.11074e-08,689.166,264.043,0,21141.6,21141.6,1,0
120,7200,cecum,0.0425,18,54,6,3,72,1,0,22,48,3332.37,8556.2,17,0.000169231,0.00799998,1.7859e-08,779.458,300.801,0,22866.5,22866.5,1,0
120,7200,transverse,0.04,17,119,11,9,134,4,0,28,53,3089.2,7612.31,45,0.000145997,0.00566358,1.71388e-08,779.458,300.801,0,22866.5,22866.5,1,0
120,7200,descending,0.04,16,123,16,8,151,3,0,39,42,2976.39,6351.01,80,0.000103402,0.00301731,1.26699e-08,779.458,300.801,0,22866.5,22866.5,1,0
130,7800,cecum,0.045,20,54,6,3,76,1,0,26,54,3659.85,9337.98,20,0.000169231,0.00799998,2.02783e-08,875.999,340.527,0,24746.5,24746.5,1,0
130,7800,transverse,0.045,18,127,13,10,140,5,0,28,60,3283.21,8250.55,48,0.000146579,0.00571175,1.95027e-08,875.999,340.527,0,24746.5,24746.5,1,0
130,7800,descending,0.0475,19,127,16,8,155,3,0,39,49,3524.42,6792.98,83,0.000104341,0.00306141,1.4361e-08,875.999,340.527,0,24746.5,24746.5,1,0
140,8400,cecum,0.035,15,60,6,3,88,1,0,32,61,2808.81,10192.5,24,0.000169231,0.00799998,2.29083e-08,979.404,383.513,0,26792.8,26792.8,1,0
140,8400,transverse,0.05,22,122,13,12,142,5,0,37,68,4033.7,8955.36,58,0.000147144,0.00575893,2.20775e-08,979.404,383.513,0,26792.8,26792.8,1,0
140,8400,descending,0.05,21,121,16,8,158,3,0,48,54,3871.64,7283.89,101,0.000105271,0.00310557,1.61938e-08,979.404,383.513,0,26792.8,26792.8,1,0
150,9000,cecum,0.055,24,64,8,3,92,1,0,32,72,4413.44,11114.8,24,0.000169231,0.00799997,2.57664e-08,1090.25,430.045,0,29024.2,29024.2,1,0
150,9000,transverse,0.0525,23,116,13,12,144,5,0,45,71,4200.32,9728.19,61,0.000147692,0.00580513,2.48828e-08,1090.25,430.045,0,29024.2,29024.2,1,0
150,9000,descending,0.0475,20,124,16,8,163,3,0,50,58,3589.26,7810.23,105,0.000106192,0.00314977,1.81814e-08,1090.25,430.045,0,29024.2,29024.2,1,0
160,9600,cecum,0.055,25,68,9,3,99,1,0,35,79,4668.04,12128.9,24,0.000169231,0.00799997,2.88735e-08,1209.17,480.431,0,31456.5,31456.5,1,0
160,9600,transverse,0.06,27,120,14,12,149,5,0,46,79,4961.48,10558.8,61,0.000148224,0.00585038,2.79393e-08,1209.17,480.431,0,31456.5,31456.5,1,0
160,9600,descending,0.0325,14,133,17,8,172,4,0,51,61,2498.72,8381.71,105,0.000107103,0.00319399,2.03376e-08,1209.17,480.431,0,31456.5,31456.5,1,0
170,10200,cecum,0.0425,21,73,10,3,106,1,0,37,81,3942.26,13240,24,0.000169231,0.00799997,3.22541e-08,1336.85,535.014,0,34106,34106,1,0
170,10200,transverse,0.0725,33,123,14,13,154,5,0,49,91,6130.14,11463.5,62,0.000148741,0.00589469,3.12687e-08,1336.85,535.014,0,34106,34106,1,0
170,10200,descending,0.04,17,135,18,10,175,4,0,54,68,3022.31,9000.46,108,0.000108005,0.00323823,2.26783e-08,1336.85,535.014,0,34106,34106,1,0
180,10800,cecum,0.05,27,73,13,3,107,1,0,38,85,5035.62,14449.7,24,0.00016923,0.00799996,3.59336e-08,1473.99,594.168,0,36998.2,36998.2,1,0
180,10800,transverse,0.0725,34,122,16,14,166,5,0,63,103,6324.14,12462.6,72,0.000149243,0.0059381,3.48972e-08,1473.99,594.168,0,36998.2,36998.2,1,0
180,10800,descending,0.0375,16,143,19,10,183,4,0,54,74,2851.45,9670.91,118,0.000108898,0.00328246,2.52194e-08,1473.99,594.168,0,36998.2,36998.2,1,0
190,11400,cecum,0.06,31,83,14,4,117,1,0,39,99,5829.2,15759.7,24,0.00016923,0.00799996,3.99373e-08,1621.45,658.312,0,40148.9,40148.9,1,0
190,11400,transverse,0.09,44,123,19,15,168,6,0,66,114,8198.27,13542.9,75,0.000149731,0.0059806,3.88536e-08,1621.45,658.312,0,40148.9,40148.9,1,0
190,11400,descending,0.04,18,143,19,10,185,4,0,56,78,3250.3,10404.2,122,0.00010978,0.00332667,2.79802e-08,1621.45,658.312,0,40148.9,40148.9,1,0
200,12000,cecum,0.06,30,98,15,4,134,1,0,41,114,5666.97,17189.9,24,0.00016923,0.00799996,4.42947e-08,1780.1,727.866,0,43582.9,43582.9,1,0
200,12000,transverse,0.0925,48,135,22,18,177,7,0,67,128,8911.63,14717.4,75,0.000150205,0.00602223,4.31655e-08,1780.1,727.866,0,43582.9,43582.9,1,0
200,12000,descending,0.0525,22,146,19,10,189,4,0,57,86,4053.52,11196.6,123,0.000110653,0.00337084,3.09806e-08,1780.1,727.866,0,43582.9,43582.9,1,0
210,12600,cecum,0.0825,40,102,16,5,137,1,0,41,127,7538.5,18751.1,24,0.00016923,0.00799995,4.90377e-08,1950.89,803.327,0,47326.9,47326.9,1,0
210,12600,transverse,0.1,49,143,24,20,191,7,0,75,143,9042.05,16006.7,78,0.000150667,0.00606301,4.78676e-08,1950.89,803.327,0,47326.9,47326.9,1,0
210,12600,descending,0.055,25,151,20,10,197,4,0,60,96,4577.1,12059.1,126,0.000111515,0.00341497,3.42425e-08,1950.89,803.327,0,47326.9,47326.9,1,0
220,13200,cecum,0.075,35,115,17,5,154,2,0,46,139,6591.96,20461.3,25,0.00016923,0.00799995,5.42014e-08,2134.98,885.23,0,51408.4,51408.4,1,0
220,13200,transverse,0.1075,52,148,25,21,198,7,0,78,153,9579.97,17414.7,79,0.000151115,0.00610294,5.29949e-08,2134.98,885.23,0,51408.4,51408.4,1,0
220,13200,descending,0.06,28,157,21,10,208,4,0,65,109,5046.31,12997.4,128,0.000112367,0.00345903,3.77918e-08,2134.98,885.23,0,51408.4,51408.4,1,0
230,13800,cecum,0.08,35,131,18,5,171,2,0,47,155,6601.13,22320,25,0.00016923,0.00799994,5.9826e-08,2333.53,974.181,0,55860,55860,1,0
230,13800,transverse,0.12,57,153,26,21,211,8,0,87,171,10507.8,18951,83,0.000151551,0.00614204,5.85894e-08,2333.53,974.181,0,55860,55860,1,0
230,13800,descending,0.05,24,159,21,12,219,4,0,76,118,4330.18,14030,137,0.000113209,0.00350302,4.16557e-08,2333.53,974.181,0,55860,55860,1,0
240,14400,cecum,0.095,41,140,20,5,184,2,0,51,172,7700.63,24351.1,25,0.00016923,0.00799993,6.59526e-08,2547.98,1070.83,0,60717.9,60717.9,1,0
240,14400,transverse,0.105,52,172,27,22,231,8,0,89,186,9624.99,20625.6,83,0.000151975,0.00618034,6.46931e-08,2547.98,1070.83,0,60717.9,60717.9,1,0
240,14400,descending,0.0525,26,144,21,12,220,4,0,92,121,4704.6,15166.3,150,0.000114041,0.00354692,4.58666e-08,2547.98,1070.83,0,60717.9,60717.9,1,0
250,15000,cecum,0.1,47,154,22,5,203,2,0,56,195,8744.73,26563,25,0.00016923,0.00799993,7.26267e-08,2779.72,1175.87,0,66024.6,66024.6,1,0
250,15000,transverse,0.1,52,185,32,23,249,9,0,96,201,9633.81,22460.8,83,0.000152387,0.00621785,7.13544e-08,2779.72,1175.87,0,66024.6,66024.6,1,0
250,15000,descending,0.0675,32,150,23,12,227,5,0,94,133,5852.28,16380.8,150,0.000114862,0.00359073,5.04563e-08,2779.72,1175.87,0,66024.6,66024.6,1,0
260,15600,cecum,0.105,48,172,24,7,224,2,1,60,216,8869.99,28978.4,26,0.00016923,0.00799992,7.98975e-08,3030.14,1290.03,0,71811.3,71811.3,1,0
260,15600,transverse,0.1425,69,194,36,24,264,10,0,104,231,12890.1,24452.2,84,0.000152788,0.00625459,7.86246e-08,3030.14,1290.03,0,71811.3,71811.3,1,0
260,15600,descending,0.0825,38,150,23,13,230,5,0,98,143,6921.14,17709.7,150,0.000115673,0.00363442,5.54582e-08,3030.14,1290.03,0,71811.3,71811.3,1,0
270,16200,cecum,0.1125,53,181,24,7,241,2,1,68,238,9816.53,31618.6,27,0.00016923,0.00799991,8.78224e-08,3300.89,1414.16,0,78121.3,78121.3,1,0
270,16200,transverse,0.1325,63,215,36,24,287,10,0,106,248,11768.3,26636.5,85,0.000153178,0.00629056,8.65591e-08,3300.89,1414.16,0,78121.3,78121.3,1,0
270,16200,descending,0.0975,47,155,24,13,236,5,0,99,157,8570.72,19152.3,152,0.000116474,0.00367799,6.09109e-08,3300.89,1414.16,0,78121.3,78121.3,1,0
280,16800,cecum,0.13,61,198,25,7,262,2,1,72,266,11403.6,34490.1,27,0.00016923,0.0079999,9.64586e-08,3593.87,1549.17,0,85013,85013,1,0
280,16800,transverse,0.1775,89,215,37,25,297,10,0,117,284,16566,29014.5,90,0.000153558,0.0063258,9.52228e-08,3593.87,1549.17,0,85013,85013,1,0
280,16800,descending,0.1,49,169,27,14,252,5,0,102,173,8953.41,20727.4,158,0.000117264,0.00372143,6.68583e-08,3593.87,1549.17,0,85013,85013,1,0
290,17400,cecum,0.17,79,203,27,8,275,2,1,81,296,14779.1,37627.9,27,0.00016923,0.00799989,1.05871e-07,3911.09,1696.03,0,92534.7,92534.7,1,0
290,17400,transverse,0.15,80,257,38,26,341,10,0,120,319,14809.7,31607.4,90,0.000153928,0.00636031,1.04679e-07,3911.09,1696.03,0,92534.7,92534.7,1,0
290,17400,descending,0.085,44,180,29,16,268,5,0,109,184,7878.84,22456.4,160,0.000118044,0.00376473,7.33478e-08,3911.09,1696.03,0,92534.7,92534.7,1,0
300,18000,cecum,0.17,78,216,28,10,297,2,1,92,318,14576.9,41063.4,29,0.00016923,0.00799988,1.16132e-07,4254.76,1855.84,0,100744,100744,1,0
300,18000,transverse,0.1675,88,264,39,28,356,10,0,130,343,16295.8,34461.7,94,0.000154288,0.0063941,1.15005e-07,4254.76,1855.84,0,100744,100744,1,0
300,18000,descending,0.1125,56,187,30,16,277,5,0,111,204,10130.8,24330.3,162,0.000118813,0.00380788,8.04311e-08,4254.76,1855.84,0,100744,100744,1,0
310,18600,cecum,0.15,69,244,30,11,329,3,1,98,341,12864.5,44807.2,31,0.00016923,0.00799987,1.27321e-07,4627.26,2029.86,0,109714,109714,1,0
310,18600,transverse,0.1875,96,269,41,29,375,11,0,146,370,17882.7,37586.9,100,0.000154638,0.0064272,1.26289e-07,4627.26,2029.86,0,109714,109714,1,0
310,18600,descending,0.14,70,190,32,18,284,5,0,117,225,12659.5,26381.7,170,0.000119573,0.00385087,8.81646e-08,4627.26,2029.86,0,109714,109714,1,0
320,19200,cecum,0.135,63,272,33,12,361,4,1,104,366,11832.8,48892.1,31,0.00016923,0.00799986,1.39522e-07,5031.37,2219.38,0,119517,119517,1,0
320,19200,transverse,0.1825,92,303,48,34,414,11,0,156,403,17092.3,40993,104,0.00015498,0.00645961,1.38619e-07,5031.37,2219.38,0,119517,119517,1,0
320,19200,descending,0.145,75,196,34,19,295,5,0,123,240,13568.5,28630.9,176,0.000120322,0.00389368,9.66138e-08,5031.37,2219.38,0,119517,119517,1,0
330,19800,cecum,0.13,58,298,33,12,394,4,1,111,394,10960.2,53349.2,31,0.00016923,0.00799985,1.52827e-07,5470,2425.82,0,130216,130216,1,0
330,19800,transverse,0.23,122,316,51,34,432,11,0,161,448,22641.3,44701.5,105,0.000155312,0.00649135,1.5209e-07,5470,2425.82,0,130216,130216,1,0
330,19800,descending,0.145,74,215,35,20,313,5,0,123,257,13419.4,31081.9,177,0.00012106,0.00393632,1.05847e-07,5470,2425.82,0,130216,130216,1,0
340,20400,cecum,0.1575,73,309,34,14,412,4,1,120,428,13596.6,58210.1,34,0.000169229,0.00799983,1.67336e-07,5946.4,2650.73,0,141906,141906,1,0
340,20400,transverse,0.2325,122,349,55,34,477,12,0,174,490,22591.7,48770.6,110,0.000155636,0.00652244,1.66809e-07,5946.4,2650.73,0,141906,141906,1,0
340,20400,descending,0.1325,71,224,38,21,339,5,0,141,278,12879.6,33777.4,194,0.000121789,0.00397878,1.15942e-07,5946.4,2650.73,0,141906,141906,1,0
350,21000,cecum,0.2075,99,314,36,18,418,4,1,125,462,18439,63512.1,34,0.000169229,0.00799982,1.83159e-07,6464.28,2895.86,0,154681,154681,1,0
350,21000,transverse,0.24,123,379,59,35,514,13,0,183,526,22814,53224.8,110,0.000155951,0.00655288,1.82895e-07,6464.28,2895.86,0,154681,154681,1,0
350,21000,descending,0.16,85,228,42,22,350,5,0,149,300,15481.6,36715.7,194,0.000122507,0.00402104,1.26986e-07,6464.28,2895.86,0,154681,154681,1,0
360,21600,cecum,0.245,116,328,39,19,435,6,1,131,496,21495.2,69301.2,34,0.000169229,0.0079998,2.00416e-07,7027.31,3163.1,0,168642,168642,1,0
360,21600,transverse,0.2425,129,410,65,36,554,14,0,194,568,23952.5,58094.9,110,0.000156258,0.0065827,2.00481e-07,7027.31,3163.1,0,168642,168642,1,0
360,21600,descending,0.1625,88,245,46,26,369,6,0,156,323,16037.9,39929.7,195,0.000123216,0.0040631,1.39067e-07,7027.31,3163.1,0,168642,168642,1,0
370,22200,cecum,0.225,106,366,44,21,488,7,1,149,537,19774.7,75626.1,34,0.000169229,0.00799978,2.1924e-07,7639.76,3454.49,0,183902,183902,1,0
370,22200,transverse,0.27,157,435,74,39,587,14,0,205,623,28950.6,63411.3,110,0.000156557,0.0066119,2.19705e-07,7639.76,3454.49,0,183902,183902,1,0
370,22200,descending,0.175,96,266,49,27,389,8,0,158,351,17617.1,43438.7,195,0.000123914,0.00410495,1.52288e-07,7639.76,3454.49,0,183902,183902,1,0
380,22800,cecum,0.2075,96,403,45,26,535,7,1,164,578,17872.5,82526.8,34,0.000169229,0.00799976,2.39774e-07,8306.22,3772.24,0,200569,200569,1,0
380,22800,transverse,0.325,184,461,77,40,620,15,0,214,682,33952,69223.7,110,0.000156849,0.00664049,2.4072e-07,8306.22,3772.24,0,200569,200569,1,0
380,22800,descending,0.2125,116,277,54,30,404,8,0,165,384,21190.2,47282,195,0.000124602,0.00414659,1.66758e-07,8306.22,3772.24,0,200569,200569,1,0
390,23400,cecum,0.2325,113,422,47,28,564,8,1,177,625,21098,90051.5,34,0.000169229,0.00799974,2.62173e-07,9031.95,4118.88,0,218794,218794,1,0
390,23400,transverse,0.36,208,481,84,43,648,18,0,228,733,38461.4,75600.1,111,0.000157133,0.00666849,2.637e-07,9031.95,4118.88,0,218794,218794,1,0
390,23400,descending,0.2,117,295,60,33,432,8,0,178,410,21135.6,51506.4,196,0.000125281,0.004188,1.82604e-07,9031.95,4118.88,0,218794,218794,1,0
400,24000,cecum,0.23,112,451,49,31,613,8,1,200,674,20901.9,98273.9,34,0.000169228,0.00799971,2.8661e-07,9822.66,4497.13,0,238712,238712,1,0
400,24000,transverse,0.3975,240,486,90,44,664,20,0,242,778,44390.6,82586.1,111,0.00015741,0.00669592,2.88834e-07,9822.66,4497.13,0,238712,238712,1,0
400,24000,descending,0.2475,147,290,63,36,432,8,0,186,440,26708.5,56126.5,196,0.00012595,0.00422919,1.99962e-07,9822.66,4497.13,0,238712,238712,1,0
410,24600,cecum,0.25,126,488,54,31,660,9,1,211,731,23527,107228,34,0.000169228,0.00799969,3.13266e-07,10684.5,4909.95,0,260498,260498,1,0
410,24600,transverse,0.4125,251,536,101,48,718,26,0,256,842,46549.7,90214.5,111,0.00015768,0.00672277,3.16327e-07,10684.5,4909.95,0,260498,260498,1,0
410,24600,descending,0.2925,171,292,67,39,437,9,0,193,469,31103.7,61191.2,196,0.000126609,0.00427015,2.18981e-07,10684.5,4909.95,0,260498,260498,1,0
420,25200,cecum,0.2875,152,510,60,34,690,11,2,223,785,28277.1,117007,34,0.000169228,0.00799966,3.42346e-07,11624.3,5360.53,0,284313,284313,1,0
420,25200,transverse,0.3275,201,650,108,52,843,26,0,271,914,37405.1,98558.8,112,0.000157943,0.00674907,3.46398e-07,11624.3,5360.53,0,284313,284313,1,0
420,25200,descending,0.3225,185,321,72,41,473,9,0,202,516,33602.4,66727.8,197,0.000127259,0.00431086,2.39824e-07,11624.3,5360.53,0,284313,284313,1,0
430,25800,cecum,0.27,147,572,68,35,764,12,2,237,848,27315.4,127675,34,0.000169228,0.00799963,3.7407e-07,12649.4,5852.42,0,310361,310361,1,0
430,25800,transverse,0.385,256,670,118,54,878,29,0,291,999,47625.5,107687,112,0.0001582,0.00677482,3.79289e-07,12649.4,5852.42,0,310361,310361,1,0
430,25800,descending,0.3525,211,336,82,41,494,13,1,211,556,38404.7,72807.8,197,0.000127899,0.00435134,2.62674e-07,12649.4,5852.42,0,310361,310361,1,0
440,26400,cecum,0.3525,194,585,73,40,784,14,2,251,917,36063,139312,34,0.000169227,0.00799959,4.08678e-07,13768.2,6389.51,0,338837,338837,1,0
440,26400,transverse,0.4375,290,708,128,59,930,29,0,310,1080,53869.4,117684,115,0.00015845,0.00680004,4.15269e-07,13768.2,6389.51,0,338837,338837,1,0
440,26400,descending,0.375,227,365,90,43,529,15,2,220,602,41218,79471.6,202,0.000128529,0.00439156,2.87729e-07,13768.2,6389.51,0,338837,338837,1,0
450,27000,cecum,0.32,192,639,82,45,844,17,2,265,974,35707.9,152029,34,0.000169227,0.00799955,4.46437e-07,14989.7,6976.12,0,369987,369987,1,0
450,27000,transverse,0.4175,290,778,141,65,1013,31,1,330,1157,53763.1,128637,115,0.000158694,0.00682473,4.54637e-07,14989.7,6976.12,0,369987,369987,1,0
450,27000,descending,0.365,220,407,98,47,584,17,2,239,648,39956.6,86794.3,202,0.000129151,0.00443153,3.15211e-07,14989.7,6976.12,0,369987,369987,1,0
460,27600,cecum,0.3475,211,696,92,46,913,17,2,278,1053,39298,165887,35,0.000169227,0.00799951,4.87635e-07,16324.1,7616.92,0,404052,404052,1,0
460,27600,transverse,0.455,312,829,150,71,1080,33,1,354,1245,57909.1,140624,116,0.000158932,0.00684891,4.97715e-07,16324.1,7616.92,0,404052,404052,1,0
460,27600,descending,0.34,209,455,105,49,642,19,2,253,692,37970.8,94827.9,204,0.000129763,0.00447124,3.45364e-07,16324.1,7616.92,0,404052,404052,1,0
470,28200,cecum,0.385,232,755,99,48,984,20,2,295,1143,43114,181008,35,0.000169226,0.00799947,5.32581e-07,17782.2,8317.04,0,441316,441316,1,0
470,28200,transverse,0.465,326,873,161,76,1141,36,1,379,1317,60376.4,153770,116,0.000159164,0.00687258,5.4486e-07,17782.2,8317.04,0,441316,441316,1,0
470,28200,descending,0.3875,241,483,116,55,676,21,2,267,755,44032.3,103628,208,0.000130366,0.00451068,3.78453e-07,17782.2,8317.04,0,441316,441316,1,0
480,28800,cecum,0.3725,247,812,111,50,1067,21,2,324,1232,45966,197527,35,0.000169226,0.00799942,5.81619e-07,19375.8,9082.06,0,482076,482076,1,0
480,28800,transverse,0.425,291,993,171,79,1280,38,1,403,1416,53914.4,168138,116,0.00015939,0.00689577,5.96459e-07,19375.8,9082.06,0,482076,482076,1,0
480,28800,descending,0.4075,260,525,121,58,729,21,2,281,825,47774.3,113284,208,0.00013096,0.00454986,4.14769e-07,19375.8,9082.06,0,482076,482076,1,0
490,29400,cecum,0.3975,278,866,121,53,1140,23,2,348,1331,51712,215543,35,0.000169226,0.00799936,6.35125e-07,21118.4,9918.13,0,526671,526671,1,0
490,29400,transverse,0.46,320,1046,182,84,1369,40,1,446,1530,59315.4,183878,121,0.000159611,0.00691846,6.5293e-07,21118.4,9918.13,0,526671,526671,1,0
490,29400,descending,0.4575,299,530,131,63,745,23,2,299,877,54942.4,123911,213,0.000131545,0.00458877,4.54639e-07,21118.4,9918.13,0,526671,526671,1,0
500,30000,cecum,0.4475,313,922,133,57,1215,23,2,371,1433,58340.8,235206,35,0.000169225,0.00799931,6.93505e-07,23024.9,10832.1,0,575471,575471,1,0
500,30000,transverse,0.4175,318,1121,196,85,1473,43,1,479,1622,59024.4,201130,121,0.000159826,0.00694069,7.14746e-07,23024.9,10832.1,0,575471,575471,1,0
500,30000,descending,0.455,305,576,144,68,797,24,2,311,928,55908.3,135580,213,0.000132121,0.0046274,4.98426e-07,23024.9,10832.1,0,575471,575471,1,0
510,30600,cecum,0.415,290,1036,147,60,1347,26,2,395,1534,54286.9,256671,35,0.000169225,0.00799924,7.57207e-07,25111.4,11831.2,0,628868,628868,1,0
510,30600,transverse,0.4175,342,1206,208,92,1589,45,2,518,1758,63360.3,219987,125,0.000160036,0.00696245,7.82408e-07,25111.4,11831.2,0,628868,628868,1,0
510,30600,descending,0.4525,319,621,159,75,846,27,2,325,986,58635.6,148395,217,0.000132689,0.00466576,5.46523e-07,25111.4,11831.2,0,628868,628868,1,0
520,31200,cecum,0.4125,306,1118,157,64,1451,29,2,424,1651,57116.1,280092,35,0.000169224,0.00799917,8.26713e-07,27395.5,12923.7,0,687295,687295,1,0
520,31200,transverse,0.38,336,1320,224,96,1727,49,2,550,1882,62221.3,240649,125,0.000160241,0.00698375,8.56475e-07,27395.5,12923.7,0,687295,687295,1,0
520,31200,descending,0.465,333,665,172,86,908,28,2,355,1061,61145.3,162476,217,0.000133248,0.00470383,5.99366e-07,27395.5,12923.7,0,687295,687295,1,0
530,31800,cecum,0.4075,293,1233,168,67,1590,29,2,451,1769,54733.4,305654,35,0.000169223,0.0079991,9.02556e-07,29896.6,14118.3,0,751227,751227,1,0
530,31800,transverse,0.455,388,1392,235,102,1837,49,2,594,2039,71925.2,263261,125,0.000160441,0.0070046,9.37556e-07,29896.6,14118.3,0,751227,751227,1,0
530,31800,descending,0.48,338,735,184,93,984,30,2,370,1139,61714.6,177933,217,0.000133798,0.00474162,6.5743e-07,29896.6,14118.3,0,751227,751227,1,0
540,32400,cecum,0.49,345,1292,184,69,1678,29,2,482,1895,64239.8,333554,35,0.000169223,0.00799901,9.85318e-07,32636.1,15424.8,0,821199,821199,1,0
540,32400,transverse,0.535,430,1485,247,109,1961,52,3,634,2202,79649.1,288020,126,0.000160636,0.00702502,1.02631e-06,32636.1,15424.8,0,821199,821199,1,0
540,32400,descending,0.4525,333,818,196,97,1083,30,2,390,1225,60868.6,194921,218,0.00013434,0.00477911,7.2124e-07,32636.1,15424.8,0,821199,821199,1,0
550,33000,cecum,0.445,315,1387,193,75,1815,30,3,530,1999,58671.6,364050,35,0.000169222,0.00799892,1.07563e-06,35637.8,16853.9,0,897787,897787,1,0
550,33000,transverse,0.53,446,1595,268,114,2106,56,3,678,2351,82383.3,315165,126,0.000160826,0.007045,1.12349e-06,35637.8,16853.9,0,897787,897787,1,0
550,33000,descending,0.415,320,913,210,102,1191,30,2,408,1311,58258.6,213597,220,0.000134874,0.00481632,7.91381e-07,35637.8,16853.9,0,897787,897787,1,0
560,33600,cecum,0.4575,348,1492,215,79,1956,32,4,571,2156,64874.4,397276,35,0.000169221,0.00799883,1.1742e-06,38927.4,18417.3,0,981627,981627,1,0
560,33600,transverse,0.655,557,1624,285,116,2169,62,3,720,2516,102969,344884,129,0.000161012,0.00706456,1.22988e-06,38927.4,18417.3,0,981627,981627,1,0
560,33600,descending,0.49,384,956,224,107,1247,32,2,428,1424,70175.1,234107,223,0.0001354,0.00485323,8.68489e-07,38927.4,18417.3,0,981627,981627,1,0
570,34200,cecum,0.4475,346,1605,234,80,2118,36,4,625,2302,64584,433571,39,0.00016922,0.00799872,1.28175e-06,42533.8,20127.7,0,1.07341e+06,1.07341e+06,1,0
570,34200,transverse,0.6475,578,1737,309,124,2302,66,3,752,2658,106983,377457,133,0.000161193,0.00708371,1.34638e-06,42533.8,20127.7,0,1.07341e+06,1.07341e+06,1,0
570,34200,descending,0.5575,435,995,246,114,1308,35,2,460,1524,79402.5,256690,227,0.000135917,0.00488985,9.53275e-07,42533.8,20127.7,0,1.07341e+06,1.07341e+06,1,0
580,34800,cecum,0.5025,397,1708,249,86,2265,38,5,676,2492,74270.1,473141,39,0.000169219,0.0079986,1.39912e-06,46488.6,21999.4,0,1.17388e+06,1.17388e+06,1,0
580,34800,transverse,0.58,520,1895,328,129,2515,70,3,816,2803,96563.6,413174,133,0.000161369,0.00710244,1.47396e-06,46488.6,21999.4,0,1.17388e+06,1.17388e+06,1,0
580,34800,descending,0.535,424,1088,264,121,1427,40,2,498,1626,77058,281534,227,0.000136427,0.00492617,1.04652e-06,46488.6,21999.4,0,1.17388e+06,1.17388e+06,1,0
590,35400,cecum,0.4975,389,1836,262,92,2439,39,7,727,2650,72852.4,516369,39,0.000169218,0.00799847,1.5272e-06,50826.9,24047.8,0,1.28386e+06,1.28386e+06,1,0
590,35400,transverse,0.635,598,1952,341,137,2615,72,3,869,2978,110910,452262,134,0.000161541,0.00712078,1.61367e-06,50826.9,24047.8,0,1.28386e+06,1.28386e+06,1,0
590,35400,descending,0.595,520,1088,280,126,1449,45,2,530,1738,94459.6,308849,228,0.000136928,0.00496218,1.14909e-06,50826.9,24047.8,0,1.28386e+06,1.28386e+06,1,0
600,36000,cecum,0.5725,473,1914,278,101,2558,42,7,780,2849,88482.4,563515,39,0.000169217,0.00799833,1.66698e-06,55586.8,26289.7,0,1.4043e+06,1.4043e+06,1,0
600,36000,transverse,0.625,606,2103,367,147,2799,75,3,915,3157,112385,495078,134,0.00016171,0.00713872,1.76666e-06,55586.8,26289.7,0,1.4043e+06,1.4043e+06,1,0
600,36000,descending,0.59,552,1146,300,138,1522,46,3,557,1835,100255,338911,228,0.000137422,0.00499789,1.26193e-06,55586.8,26289.7,0,1.4043e+06,1.4043e+06,1,0
610,36600,cecum,0.6,538,1994,304,107,2685,45,7,836,3024,100621,615007,39,0.000169216,0.00799818,1.81952e-06,60810.7,28743.7,0,1.53617e+06,1.53617e+06,1,0
610,36600,transverse,0.6825,663,2247,393,161,2985,78,3,974,3391,123087,541947,134,0.000161873,0.00715627,1.9342e-06,60810.7,28743.7,0,1.53617e+06,1.53617e+06,1,0
610,36600,descending,0.66,662,1120,320,149,1522,49,3,597,1939,120226,371996,230,0.000137908,0.00503329,1.38609e-06,60810.7,28743.7,0,1.53617e+06,1.53617e+06,1,0
620,37200,cecum,0.6275,567,2094,323,115,2833,48,7,895,3193,105901,671225,39,0.000169215,0.00799801,1.98599e-06,66545.4,31430.2,0,1.68057e+06,1.68057e+06,1,0
620,37200,transverse,0.685,660,2377,423,174,3169,86,3,1049,3563,122430,593382,134,0.000162033,0.00717345,2.11769e-06,66545.4,31430.2,0,1.68057e+06,1.68057e+06,1,0
620,37200,descending,0.6475,615,1257,338,163,1683,50,3,636,2050,111463,408397,230,0.000138386,0.00506838,1.52272e-06,66545.4,31430.2,0,1.68057e+06,1.68057e+06,1,0
630,37800,cecum,0.63,610,2211,338,119,2999,50,8,949,3392,114022,732555,39,0.000169213,0.00799783,2.16768e-06,72842,34371.5,0,1.83871e+06,1.83871e+06,1,0
630,37800,transverse,0.71,710,2521,453,185,3356,93,4,1109,3787,131687,649670,134,0.000162189,0.00719024,2.31866e-06,72842,34371.5,0,1.83871e+06,1.83871e+06,1,0
630,37800,descending,0.68,657,1333,369,168,1797,56,3,685,2186,119244,448445,237,0.000138857,0.00510316,1.6731e-06,72842,34371.5,0,1.83871e+06,1.83871e+06,1,0
640,38400,cecum,0.6775,656,2296,365,125,3148,54,8,1023,3570,122854,799545,39,0.000169212,0.00799763,2.36597e-06,79756.7,37592.1,0,2.01189e+06,2.01189e+06,1,0
640,38400,transverse,0.7075,744,2640,479,197,3545,99,6,1195,4000,137943,711385,134,0.000162342,0.00720667,2.53876e-06,79756.7,37592.1,0,2.01189e+06,2.01189e+06,1,0
640,38400,descending,0.6975,707,1402,393,175,1894,60,3,724,2320,128181,492518,241,0.000139321,0.00513763,1.83861e-06,79756.7,37592.1,0,2.01189e+06,2.01189e+06,1,0
650,39000,cecum,0.7275,740,2361,393,130,3266,58,8,1085,3753,138724,872652,40,0.00016921,0.00799742,2.58238e-06,87351.9,41118.9,0,2.20156e+06,2.20156e+06,1,0
650,39000,transverse,0.7,770,2787,508,214,3758,106,6,1285,4234,142585,778991,137,0.00016249,0.00722273,2.77985e-06,87351.9,41118.9,0,2.20156e+06,2.20156e+06,1,0
650,39000,descending,0.6875,689,1538,413,190,2042,63,3,754,2448,125053,541033,244,0.000139777,0.00517178,2.02082e-06,87351.9,41118.9,0,2.20156e+06,2.20156e+06,1,0
660,39600,cecum,0.7125,766,2484,418,140,3461,61,8,1170,3962,143121,952450,40,0.000169208,0.00799718,2.81858e-06,95696.4,44981.2,0,2.40931e+06,2.40931e+06,1,0
660,39600,transverse,0.7,781,3041,546,223,4063,115,6,1354,4530,144744,852984,137,0.000162635,0.00723844,3.0439e-06,95696.4,44981.2,0,2.40931e+06,2.40931e+06,1,0
660,39600,descending,0.7725,782,1577,446,203,2101,67,3,791,2584,142043,594445,244,0.000140226,0.00520561,2.22143e-06,95696.4,44981.2,0,2.40931e+06,2.40931e+06,1,0
670,40200,cecum,0.74,795,2632,460,155,3654,74,8,1243,4170,148666,1.03955e+06,40,0.000169206,0.00799692,3.07638e-06,104866,49211.2,0,2.63685e+06,2.63685e+06,1,0
670,40200,transverse,0.7825,957,3103,577,233,4176,123,6,1423,4806,177309,934085,137,0.000162776,0.00725379,3.33311e-06,104866,49211.2,0,2.63685e+06,2.63685e+06,1,0
670,40200,descending,0.685,685,1783,469,213,2343,72,3,842,2721,124313,653268,244,0.000140667,0.00523912,2.44232e-06,104866,49211.2,0,2.63685e+06,2.63685e+06,1,0
680,40800,cecum,0.72,763,2826,484,170,3903,78,8,1317,4382,142791,1.13461e+06,40,0.000169204,0.00799664,3.35774e-06,114943,53844.5,0,2.88609e+06,2.88609e+06,1,0
680,40800,transverse,0.75,920,3322,613,256,4467,129,7,1523,5052,170367,1.02302e+06,137,0.000162913,0.00726879,3.64989e-06,114943,53844.5,0,2.88609e+06,2.88609e+06,1,0
680,40800,descending,0.7075,734,1916,504,223,2517,80,3,901,2927,133221,717976,244,0.000141102,0.0052723,2.68555e-06,114943,53844.5,0,2.88609e+06,2.88609e+06,1,0
690,41400,cecum,0.69,767,3060,520,179,4194,84,8,1389,4656,143650,1.23832e+06,40,0.000169201,0.00799634,3.66483e-06,126020,58919.7,0,3.1591e+06,3.1591e+06,1,0
690,41400,transverse,0.7575,954,3481,649,270,4702,134,9,1616,5302,177024,1.12045e+06,137,0.000163047,0.00728344,3.99689e-06,126020,58919.7,0,3.1591e+06,3.1591e+06,1,0
690,41400,descending,0.7175,741,2093,535,231,2740,84,3,959,3138,134331,789231,245,0.000141529,0.00530516,2.95341e-06,126020,58919.7,0,3.1591e+06,3.1591e+06,1,0
700,42000,cecum,0.7375,880,3151,555,192,4353,90,9,1475,4911,164585,1.35156e+06,40,0.000169198,0.007996,3.99998e-06,138197,64479.6,0,3.45817e+06,3.45817e+06,1,0
700,42000,transverse,0.85,1101,3534,684,287,4842,143,14,1724,5575,204120,1.22721e+06,137,0.000163178,0.00729775,4.37699e-06,138197,64479.6,0,3.45817e+06,3.45817e+06,1,0
700,42000,descending,0.7525,851,2183,573,243,2872,90,3,1019,3360,154751,867699,245,0.00014195,0.00533769,3.24842e-06,138197,64479.6,0,3.45817e+06,3.45817e+06,1,0
710,42600,cecum,0.755,916,3312,584,204,4606,94,10,1582,5186,171055,1.47516e+06,41,0.000169196,0.00799563,4.36577e-06,151587,70570.8,0,3.78579e+06,3.78579e+06,1,0
710,42600,transverse,0.84,1115,3824,726,304,5213,149,14,1828,5941,206869,1.3441e+06,138,0.000163305,0.00731172,4.79336e-06,151587,70570.8,0,3.78579e+06,3.78579e+06,1,0
710,42600,descending,0.795,965,2188,609,256,2927,95,3,1087,3511,175803,954206,247,0.000142364,0.00536989,3.57336e-06,151587,70570.8,0,3.78579e+06,3.78579e+06,1,0
720,43200,cecum,0.7775,964,3504,623,215,4875,98,10,1674,5479,180184,1.61005e+06,41,0.000169192,0.00799523,4.76501e-06,166313,77244.6,0,4.1447e+06,4.1447e+06,1,0
720,43200,transverse,0.77,941,4208,752,319,5688,151,15,1935,6232,174584,1.47227e+06,138,0.000163429,0.00732536,5.24945e-06,166313,77244.6,0,4.1447e+06,4.1447e+06,1,0
720,43200,descending,0.84,1053,2220,642,271,2995,102,3,1145,3656,191598,1.04949e+06,247,0.00014277,0.00540176,3.93133e-06,166313,77244.6,0,4.1447e+06,4.1447e+06,1,0
730,43800,cecum,0.7775,995,3724,661,226,5180,104,10,1776,5794,186368,1.75728e+06,41,0.000169189,0.0079948,5.20074e-06,182511,84557.3,0,4.53794e+06,4.53794e+06,1,0
730,43800,transverse,0.8,1026,4404,801,335,5966,167,15,2049,6578,190176,1.61266e+06,138,0.00016355,0.00733866,5.74906e-06,182511,84557.3,0,4.53794e+06,4.53794e+06,1,0
730,43800,descending,0.84,1157,2251,687,283,3071,107,4,1206,3807,210704,1.15444e+06,247,0.000143171,0.00543328,4.3257e-06,182511,84557.3,0,4.53794e+06,4.53794e+06,1,0
740,44400,cecum,0.7425,966,3983,707,247,5520,112,10,1886,6088,181088,1.91802e+06,41,0.000169185,0.00799432,5.67631e-06,200331,92570.6,0,4.96878e+06,4.96878e+06,1,0
740,44400,transverse,0.845,1144,4507,849,352,6167,177,15,2174,6876,211887,1.76656e+06,138,0.000163667,0.00735163,6.29635e-06,200331,92570.6,0,4.96878e+06,4.96878e+06,1,0
740,44400,descending,0.7975,1052,2527,731,295,3394,114,4,1272,4000,190920,1.27002e+06,247,0.000143564,0.00546446,4.7602e-06,200331,92570.6,0,4.96878e+06,4.96878e+06,1,0
750,45000,cecum,0.81,1128,4126,753,260,5751,121,10,1996,6457,211514,2.09339e+06,41,0.000169181,0.0079938,6.19536e-06,219935,101352,0,5.44082e+06,5.44082e+06,1,0
750,45000,transverse,0.8725,1282,4590,896,369,6344,186,17,2292,7168,237560,1.9352e+06,138,0.000163781,0.00736427,6.89589e-06,219935,101352,0,5.44082e+06,5.44082e+06,1,0
750,45000,descending,0.79,1040,2771,775,313,3693,123,6,1352,4268,188394,1.3973e+06,247,0.000143951,0.0054953,5.23894e-06,219935,101352,0,5.44082e+06,5.44082e+06,1,0
760,45600,cecum,0.7875,1095,4376,797,281,6104,130,10,2129,6763,205382,2.2849e+06,41,0.000169176,0.00799324,6.76186e-06,241506,110976,0,5.95801e+06,5.95801e+06,1,0
760,45600,transverse,0.8775,1364,4713,942,400,6537,197,17,2404,7439,252806,2.12e+06,138,0.000163892,0.00737658,7.55268e-06,241506,110976,0,5.95801e+06,5.95801e+06,1,1
760,45600,descending,0.795,1086,2973,815,333,3945,134,7,1432,4556,197118,1.5375e+06,247,0.000144331,0.00552579,5.76643e-06,241506,110976,0,5.95801e+06,5.95801e+06,1,1
770,46200,cecum,0.8125,1126,4627,842,302,6434,136,13,2232,7103,210789,2.49388e+06,41,0.000169171,0.00799262,7.38017e-06,265244,121524,0,6.52473e+06,6.52473e+06,1,0
770,46200,transverse,0.9025,1510,4786,1001,430,6710,204,17,2541,7736,279825,2.3225e+06,139,0.000164,0.00738856,8.27218e-06,265244,121524,0,6.52473e+06,6.52473e+06,1,0
770,46200,descending,0.8175,1184,3061,855,351,4101,143,7,1527,4797,214878,1.69205e+06,250,0.000144704,0.00555592,6.34769e-06,265244,121524,0,6.52473e+06,6.52473e+06,1,0
780,46800,cecum,0.815,1160,4820,904,311,6750,153,13,2381,7417,216812,2.72206e+06,41,0.000169166,0.00799194,8.05502e-06,291369,133084,0,7.14575e+06,7.14575e+06,1,0
780,46800,transverse,0.875,1523,4993,1074,457,7021,217,20,2682,8024,282135,2.54441e+06,139,0.000164104,0.0074002,9.06039e-06,291369,133084,0,7.14575e+06,7.14575e+06,1,0
780,46800,descending,0.8725,1379,3074,905,372,4175,151,7,1617,5045,250754,1.86232e+06,250,0.000145071,0.0055857,6.98823e-06,291369,133084,0,7.14575e+06,7.14575e+06,1,0
790,47400,cecum,0.8475,1222,5051,952,329,7102,162,13,2529,7810,228073,2.97105e+06,41,0.00016916,0.00799121,8.79157e-06,320125,145757,0,7.82622e+06,7.82622e+06,1,0
790,47400,transverse,0.8775,1548,5230,1145,477,7351,230,23,2805,8338,286915,2.78752e+06,139,0.000164206,0.00741152,9.92386e-06,320125,145757,0,7.82622e+06,7.82622e+06,1,0
790,47400,descending,0.8625,1306,3341,952,386,4511,159,7,1708,5283,237387,2.04996e+06,250,0.000145432,0.00561511,7.69415e-06,320125,145757,0,7.82622e+06,7.82622e+06,1,0
800,48000,cecum,0.8075,1179,5289,989,349,7476,167,13,2690,8129,220181,3.2429e+06,41,0.000169153,0.0079904,9.59549e-06,351781,159647,0,8.57189e+06,8.57189e+06,1,0
800,48000,transverse,0.92,1711,5335,1217,496,7612,238,23,2988,8717,317214,3.0539e+06,139,0.000164304,0.0074225,1.08697e-05,351781,159647,0,8.57189e+06,8.57189e+06,1,0
800,48000,descending,0.8675,1360,3457,1000,401,4737,164,7,1838,5535,246947,2.25675e+06,251,0.000145786,0.00564415,8.47216e-06,351781,159647,0,8.57189e+06,8.57189e+06,1,0
810,48600,cecum,0.8725,1274,5513,1033,362,7847,175,15,2856,8570,237986,3.53951e+06,41,0.000169146,0.00798953,1.04729e-05,386633,174875,0,9.389e+06,9.389e+06,1,0
810,48600,transverse,0.89,1610,5809,1292,517,8209,245,23,3139,9166,298711,3.34567e+06,139,0.000164399,0.00743315,1.19059e-05,386633,174875,0,9.389e+06,9.389e+06,1,0
810,48600,descending,0.9325,1593,3383,1046,423,4737,172,7,1942,5752,289396,2.48464e+06,256,0.000146134,0.00567281,9.32965e-06,386633,174875,0,9.389e+06,9.389e+06,1,0
820,49200,cecum,0.8525,1218,5807,1093,379,8303,189,16,3048,8940,227609,3.86336e+06,41,0.000169138,0.00798857,1.14306e-05,425006,191568,0,1.02845e+07,1.02845e+07,1,0
820,49200,transverse,0.945,1887,5743,1349,541,8299,251,24,3324,9505,350017,3.66551e+06,139,0.000164491,0.00744346,1.3041e-05,425006,191568,0,1.02845e+07,1.02845e+07,1,0
820,49200,descending,0.89,1482,3626,1109,452,5045,180,7,2044,5923,268927,2.73582e+06,256,0.000146475,0.00570109,1.02748e-05,425006,191568,0,1.02845e+07,1.02845e+07,1,0
830,49800,cecum,0.87,1340,6019,1147,392,8636,200,18,3191,9363,250518,4.21673e+06,41,0.00016913,0.00798752,1.24758e-05,467261,209869,0,1.12658e+07,1.12658e+07,1,0
830,49800,transverse,0.9425,1814,6046,1435,569,8736,265,26,3498,9823,336371,4.01597e+06,139,0.00016458,0.00745342,1.42843e-05,467261,209869,0,1.12658e+07,1.12658e+07,1,0
830,49800,descending,0.9075,1576,3748,1161,469,5259,189,7,2162,6205,286501,3.01253e+06,257,0.000146809,0.00572898,1.13166e-05,467261,209869,0,1.12658e+07,1.12658e+07,1,0
840,50400,cecum,0.9125,1453,6199,1205,413,8955,212,18,3363,9770,271656,4.60247e+06,41,0.000169121,0.00798638,1.36165e-05,513791,229933,0,1.23412e+07,1.23412e+07,1,0
840,50400,transverse,0.9125,1796,6249,1516,595,9112,280,28,3710,10139,332799,4.40001e+06,139,0.000164665,0.00746303,1.56464e-05,513791,229933,0,1.23412e+07,1.23412e+07,1,0
840,50400,descending,0.895,1522,4015,1222,486,5641,205,7,2310,6505,276053,3.31749e+06,257,0.000147137,0.00575646,1.24649e-05,513791,229933,0,1.23412e+07,1.23412e+07,1,0
850,51000,cecum,0.92,1603,6368,1260,438,9249,218,19,3518,10189,299513,5.02346e+06,41,0.000169111,0.00798514,1.48615e-05,565036,251932,0,1.35198e+07,1.35198e+07,1,0
850,51000,transverse,0.9325,1870,6404,1608,629,9417,293,29,3906,10472,346644,4.82073e+06,139,0.000164748,0.00747229,1.71385e-05,565036,251932,0,1.35198e+07,1.35198e+07,1,0
850,51000,descending,0.9325,1776,3916,1282,508,5641,217,7,2443,6733,322624,3.65364e+06,257,0.000147459,0.00578354,1.37307e-05,565036,251932,0,1.35198e+07,1.35198e+07,1,0
860,51600,cecum,0.86,1401,6829,1322,464,9867,231,22,3711,10579,261969,5.48302e+06,41,0.0001691,0.00798378,1.62203e-05,621475,276052,0,1.48114e+07,1.48114e+07,1,0
860,51600,transverse,0.94,1985,6574,1684,659,9732,311,29,4099,10874,367522,5.28161e+06,139,0.000164826,0.00748118,1.87729e-05,621475,276052,0,1.48114e+07,1.48114e+07,1,0
860,51600,descending,0.93,1815,4083,1359,542,5859,229,7,2540,6959,329546,4.02408e+06,257,0.000147774,0.00581019,1.5126e-05,621475,276052,0,1.48114e+07,1.48114e+07,1,0
870,52200,cecum,0.8975,1543,7098,1377,480,10285,243,22,3888,11112,288652,5.98444e+06,41,0.000169088,0.0079823,1.77033e-05,683640,302499,0,1.62269e+07,1.62269e+07,1,0
870,52200,transverse,0.9275,2053,6901,1766,688,10194,329,29,4281,11369,380258,5.78645e+06,139,0.000164902,0.0074897,2.05631e-05,683640,302499,0,1.62269e+07,1.62269e+07,1,0
870,52200,descending,0.9225,1790,4322,1431,567,6175,246,9,2657,7218,324503,4.43232e+06,257,0.000148082,0.00583641,1.6664e-05,683640,302499,0,1.62269e+07,1.62269e+07,1,0
880,52800,cecum,0.8875,1496,7549,1443,499,10941,256,23,4124,11686,280080,6.53171e+06,41,0.000169075,0.00798068,1.93218e-05,752113,331498,0,1.77782e+07,1.77782e+07,1,0
880,52800,transverse,0.9525,2275,7081,1849,719,10511,338,29,4458,11865,421351,6.33953e+06,139,0.000164974,0.00749784,2.2524e-05,752113,331498,0,1.77782e+07,1.77782e+07,1,0
880,52800,descending,0.895,1806,4624,1515,594,6569,269,10,2798,7593,327293,4.88215e+06,257,0.000148384,0.00586218,1.83595e-05,752113,331498,0,1.77782e+07,1.77782e+07,1,0
890,53400,cecum,0.9175,1664,7713,1516,521,11299,268,25,4350,12171,310995,7.12908e+06,41,0.00016906,0.00797891,2.10881e-05,827539,363295,0,1.94783e+07,1.94783e+07,1,0
890,53400,transverse,0.935,2186,7595,1940,747,11206,354,34,4678,12419,404651,6.94543e+06,139,0.000165042,0.00750558,2.46718e-05,827539,363295,0,1.94783e+07,1.94783e+07,1,0
890,53400,descending,0.93,1981,4784,1590,618,6823,277,11,2923,7978,359265,5.37788e+06,257,0.000148679,0.00588749,2.02284e-05,827539,363295,0,1.94783e+07,1.94783e+07,1,0
900,54000,cecum,0.9075,1701,8089,1580,534,11857,283,27,4558,12728,318445,7.78095e+06,41,0.000169045,0.00797698,2.30158e-05,910627,398161,0,2.13415e+07,2.13415e+07,1,0
900,54000,transverse,0.945,2241,7858,2030,787,11614,376,34,4885,12854,414471,7.60931e+06,139,0.000165107,0.00751291,2.70242e-05,910627,398161,0,2.13415e+07,2.13415e+07,1,0
900,54000,descending,0.935,1938,5170,1701,644,7312,301,13,3074,8361,350583,5.92426e+06,257,0.000148967,0.00591232,2.22885e-05,910627,398161,0,2.13415e+07,2.13415e+07,1,0
910,54600,cecum,0.915,1795,8415,1660,552,12362,300,30,4769,13279,336125,8.49238e+06,41,0.000169028,0.00797488,2.51195e-05,1.00216e+06,436394,0,2.33834e+07,2.33834e+07,1,0
910,54600,transverse,0.96,2557,7803,2119,826,11736,388,35,5112,13253,473103,8.33663e+06,139,0.000165168,0.00751982,2.96007e-05,1.00216e+06,436394,0,2.33834e+07,2.33834e+07,1,0
910,54600,descending,0.9375,2062,5425,1795,671,7671,323,13,3227,8799,373447,6.52636e+06,257,0.000149248,0.00593665,2.45593e-05,1.00216e+06,436394,0,2.33834e+07,2.33834e+07,1,0
920,55200,cecum,0.905,1818,8899,1748,564,13033,317,30,4985,13914,339976,9.26871e+06,41,0.000169009,0.00797258,2.74152e-05,1.103e+06,478319,0,2.56212e+07,2.56212e+07,1,0
920,55200,transverse,0.92,2204,8632,2199,864,12713,400,35,5310,13847,408444,9.13313e+06,139,0.000165225,0.00752629,3.24225e-05,1.103e+06,478319,0,2.56212e+07,2.56212e+07,1,0
920,55200,descending,0.9325,2192,5579,1890,701,7937,338,13,3384,9145,397300,7.19003e+06,257,0.000149522,0.00596047,2.70624e-05,1.103e+06,478319,0,2.56212e+07,2.56212e+07,1,0
930,55800,cecum,0.92,1898,9338,1825,587,13713,327,30,5259,14630,355096,1.01159e+07,41,0.000168989,0.00797008,2.99205e-05,1.21409e+06,524294,0,2.80736e+07,2.80736e+07,1,0
930,55800,transverse,0.955,2509,8937,2315,890,13237,425,35,5580,14611,464660,1.00055e+07,139,0.000165278,0.0075323,3.55128e-05,1.21409e+06,524294,0,2.80736e+07,2.80736e+07,1,0
930,55800,descending,0.9625,2440,5611,1977,730,8093,353,14,3551,9505,442693,7.92142e+06,257,0.000149789,0.00598375,2.98216e-05,1.21409e+06,524294,0,2.80736e+07,2.80736e+07,1,0
940,56400,cecum,0.9075,1801,10031,1889,601,14639,345,32,5522,15425,337564,1.10403e+07,41,0.000168967,0.00796735,3.26543e-05,1.33649e+06,574711,0,3.07611e+07,3.07611e+07,1,0
940,56400,transverse,0.9575,2563,9358,2440,928,13841,445,35,5821,15202,474919,1.09612e+07,139,0.000165327,0.00753782,3.88971e-05,1.33649e+06,574711,0,3.07611e+07,3.07611e+07,1,0
940,56400,descending,0.9625,2345,6061,2081,761,8652,370,14,3708,9913,424442,8.72737e+06,257,0.000150048,0.00600646,3.28629e-05,1.33649e+06,574711,0,3.07611e+07,3.07611e+07,1,0
950,57000,cecum,0.9325,1989,10480,1967,625,15352,361,33,5825,16287,372601,1.20491e+07,41,0.000168943,0.00796436,3.56375e-05,1.47135e+06,629998,0,3.37062e+07,3.37062e+07,1,0
950,57000,transverse,0.98,2928,9317,2540,969,14021,460,38,6095,15700,542230,1.20081e+07,139,0.000165372,0.00754284,4.26032e-05,1.47135e+06,629998,0,3.37062e+07,3.37062e+07,1,0
950,57000,descending,0.97,2551,6097,2166,796,8787,390,14,3862,10224,462019,9.61563e+06,257,0.000150299,0.00602859,3.62152e-05,1.47135e+06,629998,0,3.37062e+07,3.37062e+07,1,0
960,57600,cecum,0.93,2051,10884,2044,647,16041,377,35,6146,16997,383896,1.31501e+07,41,0.000168916,0.00796111,3.88927e-05,1.61994e+06,690629,0,3.69337e+07,3.69337e+07,1,0
960,57600,transverse,0.9625,2759,9690,2662,1014,14610,491,41,6384,16071,510727,1.31548e+07,139,0.000165411,0.00754733,4.66615e-05,1.61994e+06,690629,0,3.69337e+07,3.69337e+07,1,0
960,57600,descending,0.9725,2769,6129,2277,831,8911,415,19,4009,10510,501644,1.05945e+07,257,0.000150543,0.00605009,3.991e-05,1.61994e+06,690629,0,3.69337e+07,3.69337e+07,1,0
970,58200,cecum,0.9275,2116,11360,2127,673,16801,393,40,6467,17776,395856,1.43514e+07,41,0.000168887,0.00795756,4.24447e-05,1.78366e+06,757118,0,4.04705e+07,4.04705e+07,1,0
970,58200,transverse,0.9425,2730,10432,2777,1056,15539,515,45,6633,16918,505870,1.44102e+07,139,0.000165446,0.00755126,5.11054e-05,1.78366e+06,757118,0,4.04705e+07,4.04705e+07,1,0
970,58200,descending,0.9625,2854,6323,2396,874,9231,435,19,4198,10859,516880,1.16731e+07,257,0.000150778,0.00607094,4.39823e-05,1.78366e+06,757118,0,4.04705e+07,4.04705e+07,1,0
980,58800,cecum,0.94,2053,11901,2215,703,17644,402,43,6805,18504,384757,1.56623e+07,41,0.000168856,0.00795368,4.63203e-05,1.96404e+06,830033,0,4.43461e+07,4.43461e+07,1,0
980,58800,transverse,0.9775,3082,10431,2906,1100,15833,534,45,6991,17498,571195,1.57853e+07,139,0.000165476,0.00755459,5.5971e-05,1.96404e+06,830033,0,4.43461e+07,4.43461e+07,1,0
980,58800,descending,0.9525,2498,7107,2492,905,10176,452,22,4404,11397,450929,1.28614e+07,257,0.000151005,0.0060911,4.84704e-05,1.96404e+06,830033,0,4.43461e+07,4.43461e+07,1,0
990,59400,cecum,0.96,2426,11942,2309,737,18002,424,45,7176,19195,453630,1.70927e+07,41,0.000168821,0.00794945,5.0549e-05,2.16279e+06,909994,0,4.85928e+07,4.85928e+07,1,0
990,59400,transverse,0.96,2855,11199,3041,1142,16851,564,51,7307,18220,529012,1.7291e+07,139,0.0001655,0.00755729,6.12983e-05,2.16279e+06,909994,0,4.85928e+07,4.85928e+07,1,0
990,59400,descending,0.9525,2662,7498,2592,933,10722,468,25,4600,12048,481736,1.41705e+07,257,0.000151222,0.00611053,5.34164e-05,2.16279e+06,909994,0,4.85928e+07,4.85928e+07,1,0
1000,60000,cecum,0.9575,2507,12148,2417,768,18510,439,47,7522,19720,469063,1.86535e+07,41,0.000168784,0.00794484,5.51627e-05,2.38178e+06,997681,0,5.3246e+07,5.3246e+07,1,0
1000,60000,transverse,0.9775,2959,11309,3172,1181,17230,590,51,7641,18637,548292,1.894e+07,139,0.000165518,0.00755933,6.71305e-05,2.38178e+06,997681,0,5.3246e+07,5.3246e+07,1,0
1000,60000,descending,0.9675,2767,7810,2703,965,11186,489,25,4805,12559,501110,1.5613e+07,257,0.000151431,0.00612918,5.88667e-05,2.38178e+06,997681,0,5.3246e+07,5.3246e+07,1,0
1010,60600,cecum,0.96,2462,12604,2515,811,19257,452,47,7869,20380,461263,2.03562e+07,41,0.000168743,0.0079398,6.01963e-05,2.62306e+06,1.09384e+06,0,5.83444e+07,5.83444e+07,1,0
1010,60600,transverse,0.9875,3223,11353,3281,1215,17543,606,58,7953,19148,597568,2.07454e+07,139,0.00016553,0.00756064,7.35153e-05,2.62306e+06,1.09384e+06,0,5.83444e+07,5.83444e+07,1,0
1010,60600,descending,0.975,2898,8065,2817,1004,11637,508,25,5059,13085,524556,1.72022e+07,257,0.000151629,0.00614701,6.48724e-05,2.62306e+06,1.09384e+06,0,5.83444e+07,5.83444e+07,1,0
1020,61200,cecum,0.955,2545,13373,2616,851,20374,470,47,8275,21537,476029,2.22133e+07,41,0.000168698,0.00793431,6.56876e-05,2.8889e+06,1.19929e+06,0,6.39304e+07,6.39304e+07,1,0
1020,61200,transverse,0.975,3232,11856,3427,1263,18291,634,58,8274,19835,599477,2.27218e+07,139,0.000165536,0.0075612,8.05043e-05,2.8889e+06,1.19929e+06,0,6.39304e+07,6.39304e+07,1,0
1020,61200,descending,0.98,2928,8323,2950,1043,12036,535,26,5265,13446,529599,1.8953e+07,257,0.000151817,0.00616395,7.14896e-05,2.8889e+06,1.19929e+06,0,6.39304e+07,6.39304e+07,1,0
1030,61800,cecum,0.9775,2721,13512,2723,883,20885,482,50,8688,22158,509304,2.42398e+07,41,0.000168649,0.00792832,7.1678e-05,3.18179e+06,1.31492e+06,0,7.005e+07,7.005e+07,1,0
1030,61800,transverse,0.965,3136,12484,3555,1299,19213,657,60,8625,20590,581274,2.48853e+07,139,0.000165534,0.00756093,8.81541e-05,3.18179e+06,1.31492e+06,0,7.005e+07,7.005e+07,1,0
1030,61800,descending,0.995,3167,8129,3064,1086,12036,563,26,5530,13642,573170,2.08818e+07,257,0.000151995,0.00617996,7.878e-05,3.18179e+06,1.31492e+06,0,7.005e+07,7.005e+07,1,0
1040,62400,cecum,0.96,2509,13997,2840,917,21682,492,51,9043,22669,470239,2.64505e+07,41,0.000168596,0.00792179,7.82126e-05,3.50449e+06,1.44173e+06,0,7.67541e+07,7.67541e+07,1,0
1040,62400,transverse,0.98,3319,13107,3685,1336,20143,686,60,8998,21639,614679,2.72533e+07,139,0.000165525,0.0075598,9.65265e-05,3.50449e+06,1.44173e+06,0,7.67541e+07,7.67541e+07,1,0
1040,62400,descending,0.985,3039,8586,3174,1124,12683,581,26,5776,14107,548056,2.30057e+07,257,0.000152161,0.00619496,8.68114e-05,3.50449e+06,1.44173e+06,0,7.67541e+07,7.67541e+07,1,0
1050,63000,cecum,0.965,2702,14272,2947,954,22294,513,52,9437,23424,505808,2.88616e+07,41,0.000168538,0.00791466,8.53402e-05,3.86002e+06,1.58077e+06,0,8.40977e+07,8.40977e+07,1,0
1050,63000,transverse,0.9775,3384,13671,3828,1389,20981,715,60,9354,22481,626979,2.98453e+07,139,0.000165508,0.00755772,0.000105689,3.86002e+06,1.58077e+06,0,8.40977e+07,8.40977e+07,1,0
1050,63000,descending,0.97,3260,8773,3299,1178,13012,612,28,6001,14615,588660,2.53448e+07,257,0.000152315,0.00620889,9.5658e-05,3.86002e+06,1.58077e+06,0,8.40977e+07,8.40977e+07,1,0
1060,63600,cecum,0.965,2676,14741,3076,989,23169,539,63,9893,24194,501255,3.14914e+07,41,0.000168474,0.00790689,9.31142e-05,4.25168e+06,1.73323e+06,0,9.21413e+07,9.21413e+07,1,0
1060,63600,transverse,0.9775,3611,14473,3979,1432,22045,738,64,9678,23683,668404,3.26816e+07,139,0.000165482,0.00755463,0.000115714,4.25168e+06,1.73323e+06,0,9.21413e+07,9.21413e+07,1,0
1060,63600,descending,0.985,3611,8772,3435,1214,13241,624,30,6277,15105,652875,2.79205e+07,257,0.000152456,0.00622166,0.000105401,4.25168e+06,1.73323e+06,0,9.21413e+07,9.21413e+07,1,0
1070,64200,cecum,0.98,2744,15228,3190,1032,24086,562,67,10385,25127,513741,3.43593e+07,41,0.000168405,0.00789841,0.000101592,4.68314e+06,1.90039e+06,0,1.00951e+08,1.00951e+08,1,0
1070,64200,transverse,0.99,3739,14837,4140,1483,22791,766,66,10137,24473,692313,3.57858e+07,139,0.000165446,0.00755046,0.000126683,4.68314e+06,1.90039e+06,0,1.00951e+08,1.00951e+08,1,0
1070,64200,descending,0.9825,3468,9304,3581,1251,13995,652,30,6564,15635,625920,3.07564e+07,257,0.000152583,0.00623318,0.000116131,4.68314e+06,1.90039e+06,0,1.00951e+08,1.00951e+08,1,0
1080,64800,cecum,0.98,3067,15226,3309,1070,24448,582,67,10807,25751,574231,3.74871e+07,41,0.000168329,0.00788916,0.000110838,5.15842e+06,2.08367e+06,0,1.10598e+08,1.10598e+08,1,0
1080,64800,transverse,0.9825,3726,15308,4294,1527,23652,798,70,10599,25239,690217,3.91822e+07,139,0.000165401,0.00754512,0.000138683,5.15842e+06,2.08367e+06,0,1.10598e+08,1.10598e+08,1,0
1080,64800,descending,0.9875,3788,9288,3758,1288,14187,682,31,6838,16036,684197,3.38784e+07,257,0.000152695,0.00624337,0.000127946,5.15842e+06,2.08367e+06,0,1.10598e+08,1.10598e+08,1,0
1090,65400,cecum,0.98,3259,15305,3436,1114,24942,601,70,11282,26370,610823,4.08978e+07,41,0.000168246,0.00787908,0.00012092,5.68193e+06,2.28461e+06,0,1.21162e+08,1.21162e+08,1,0
1090,65400,transverse,0.9775,3719,15606,4465,1584,24353,824,72,11083,25843,688689,4.28981e+07,139,0.000165344,0.00753851,0.00015181,5.68193e+06,2.28461e+06,0,1.21162e+08,1.21162e+08,1,0
1090,65400,descending,0.995,3872,9558,3922,1331,14641,721,35,7100,16488,699283,3.73148e+07,257,0.000152792,0.0062521,0.000140953,5.68193e+06,2.28461e+06,0,1.21162e+08,1.21162e+08,1,0
1100,66000,cecum,0.985,3511,15395,3586,1159,25338,632,72,11662,26942,657233,4.46164e+07,41,0.000168156,0.00786809,0.000131911,6.25852e+06,2.50491e+06,0,1.32728e+08,1.32728e+08,1,0
1100,66000,transverse,0.9875,3716,16010,4617,1639,25123,856,72,11536,26545,688587,4.69624e+07,139,0.000165276,0.00753054,0.000166166,6.25852e+06,2.50491e+06,0,1.32728e+08,1.32728e+08,1,0
1100,66000,descending,0.9825,3775,10285,4087,1367,15556,759,35,7362,17215,680504,4.10963e+07,257,0.000152871,0.00625927,0.000155269,6.25852e+06,2.50491e+06,0,1.32728e+08,1.32728e+08,1,0
1110,66600,cecum,0.975,3211,16000,3710,1196,26328,654,74,12104,27565,601406,4.86703e+07,41,0.000168057,0.00785611,0.000143895,6.89352e+06,2.7464e+06,0,1.45389e+08,1.45389e+08,1,0
1110,66600,transverse,0.99,3913,16304,4785,1691,25746,889,74,11948,27280,725514,5.14072e+07,139,0.000165194,0.0075211,0.000181864,6.89352e+06,2.7464e+06,0,1.45389e+08,1.45389e+08,1,0
1110,66600,descending,0.98,4061,10439,4252,1413,15947,792,37,7676,17804,732529,4.52573e+07,257,0.000152933,0.00626476,0.000171025,6.89352e+06,2.7464e+06,0,1.45389e+08,1.45389e+08,1,0
1120,67200,cecum,0.9775,3179,16792,3840,1235,27557,676,78,12598,28689,595683,5.30889e+07,41,0.000167949,0.00784304,0.000156957,7.59279e+06,3.01111e+06,0,1.59247e+08,1.59247e+08,1,0
1120,67200,transverse,0.9875,3906,17259,4958,1730,27156,916,76,12467,28574,723391,5.62669e+07,139,0.000165099,0.00751006,0.000199028,7.59279e+06,3.01111e+06,0,1.59247e+08,1.59247e+08,1,0
1120,67200,descending,0.97,4039,11300,4410,1464,17034,821,38,7981,18790,728651,4.98343e+07,257,0.000152974,0.00626841,0.000188361,7.59279e+06,3.01111e+06,0,1.59247e+08,1.59247e+08,1,0
1130,67800,cecum,0.97,3191,17345,3972,1291,28500,701,80,13067,29591,598000,5.7905e+07,41,0.000167832,0.00782881,0.000171193,8.36274e+06,3.30125e+06,0,1.74412e+08,1.74412e+08,1,0
1130,67800,transverse,0.9875,3920,18076,5109,1781,28369,941,79,12936,29723,726549,6.15799e+07,139,0.000164988,0.00749729,0.00021779,8.36274e+06,3.30125e+06,0,1.74412e+08,1.74412e+08,1,0
1130,67800,descending,0.985,4311,11808,4608,1532,17750,854,39,8289,19680,778295,5.48684e+07,257,0.000152995,0.00627009,0.000207431,8.36274e+06,3.30125e+06,0,1.74412e+08,1.74412e+08,1,0
1140,68400,cecum,0.9825,3261,17944,4126,1339,29537,730,83,13579,30618,611692,6.31531e+07,41,0.000167703,0.00781329,0.000186708,9.21042e+06,3.61923e+06,0,1.91005e+08,1.91005e+08,1,0
1140,68400,transverse,0.99,4292,18334,5295,1836,29060,974,89,13447,30678,795201,6.73872e+07,139,0.000164861,0.00748266,0.000238294,9.21042e+06,3.61923e+06,0,1.91005e+08,1.91005e+08,1,0
1140,68400,descending,0.995,4258,12263,4801,1586,18437,898,39,8619,20219,766808,6.04041e+07,257,0.000152992,0.00626961,0.000228403,9.21042e+06,3.61923e+06,0,1.91005e+08,1.91005e+08,1,0
1150,69000,cecum,0.9825,3186,18592,4282,1365,30641,763,85,14092,31548,597962,6.88716e+07,41,0.000167563,0.00779639,0.000203611,1.01436e+07,3.96769e+06,0,2.09156e+08,2.09156e+08,1,0
1150,69000,transverse,0.9875,4247,18665,5493,1896,29834,1003,95,13973,31292,786527,7.37336e+07,139,0.000164716,0.00746601,0.000260699,1.01436e+07,3.96769e+06,0,2.09156e+08,2.09156e+08,1,0
1150,69000,descending,0.9875,4298,12942,4972,1639,19405,927,39,8990,21138,773979,6.6489e+07,257,0.000152964,0.00626681,0.000251461,1.01436e+07,3.96769e+06,0,2.09156e+08,2.09156e+08,1,0
1160,69600,cecum,0.98,3406,19240,4451,1398,31766,795,88,14631,32786,638446,7.51009e+07,41,0.000167409,0.00777797,0.000222026,1.11706e+07,4.34951e+06,0,2.29008e+08,2.29008e+08,1,0
1160,69600,transverse,0.9875,4144,19656,5677,1944,31406,1034,95,14633,32656,767202,8.06663e+07,139,0.000164551,0.00744717,0.000285174,1.11706e+07,4.34951e+06,0,2.29008e+08,2.29008e+08,1,0
1160,69600,descending,0.9875,4353,13301,5174,1685,20036,966,45,9341,21701,783254,7.31763e+07,257,0.000152909,0.00626148,0.000276805,1.11706e+07,4.34951e+06,0,2.29008e+08,2.29008e+08,1,0
1170,70200,cecum,0.9875,3842,19470,4597,1441,32496,820,89,15198,33873,719334,8.1886e+07,41,0.000167241,0.00775792,0.000242083,1.23009e+07,4.76783e+06,0,2.50713e+08,2.50713e+08,1,0
1170,70200,transverse,0.99,4422,19595,5876,2013,31830,1067,96,15219,33260,818845,8.82389e+07,139,0.000164364,0.00742596,0.000311903,1.23009e+07,4.76783e+06,0,2.50713e+08,2.50713e+08,1,0
1170,70200,descending,0.995,4627,13631,5368,1746,20736,1005,49,9807,22577,833776,8.05227e+07,257,0.000152825,0.00625341,0.000304651,1.23009e+07,4.76783e+06,0,2.50713e+08,2.50713e+08,1,0
1180,70800,cecum,0.99,3635,20126,4759,1509,33689,850,89,15833,34795,681696,8.92749e+07,41,0.000167058,0.00773608,0.000263924,1.35446e+07,5.22608e+06,0,2.74439e+08,2.74439e+08,1,0
1180,70800,transverse,0.995,4209,20242,6042,2060,33007,1101,96,15830,34139,779614,9.65069e+07,139,0.000164155,0.00740218,0.000341086,1.35446e+07,5.22608e+06,0,2.74439e+08,2.74439e+08,1,0
1180,70800,descending,0.9925,4572,14117,5589,1787,21602,1048,52,10268,23248,823414,8.85907e+07,257,0.000152708,0.00624237,0.000335236,1.35446e+07,5.22608e+06,0,2.74439e+08,2.74439e+08,1,0
1190,71400,cecum,0.9825,3685,20756,4919,1556,34864,880,90,16454,35936,691404,9.73192e+07,41,0.000166858,0.0077123,0.000287703,1.49127e+07,5.728e+06,0,3.00367e+08,3.00367e+08,1,0
1190,71400,transverse,0.99,4282,20376,6233,2103,33694,1132,98,16455,34780,792738,1.05532e+08,139,0.000163919,0.00737562,0.000372938,1.49127e+07,5.728e+06,0,3.00367e+08,3.00367e+08,1,0
1190,71400,descending,0.99,4890,14655,5799,1833,22458,1094,53,10677,24303,882598,9.74468e+07,257,0.000152557,0.0062281,0.000368816,1.49127e+07,5.728e+06,0,3.00367e+08,3.00367e+08,1,0
1200,72000,cecum,0.9925,3892,21184,5103,1608,35847,913,103,17081,37014,730315,1.06075e+08,41,0.000166639,0.00768641,0.000313585,1.64174e+07,6.27764e+06,0,3.28689e+08,3.28689e+08,1,0
1200,72000,transverse,0.9975,4697,20652,6388,2153,34532,1161,102,17092,35953,869807,1.15379e+08,139,0.000163656,0.00734605,0.000407691,1.64174e+07,6.27764e+06,0,3.28689e+08,3.28689e+08,1,0
1200,72000,descending,0.995,5446,14849,6037,1901,22946,1145,53,11090,25228,984762,1.07165e+08,257,0.000152366,0.00621032,0.000405666,1.64174e+07,6.27764e+06,0,3.28689e+08,3.28689e+08,1,0
1210,72600,cecum,0.9925,4269,21949,5274,1653,37194,945,110,17733,38637,799601,1.15602e+08,41,0.0001664,0.00765825,0.000341749,1.8072e+07,6.87945e+06,0,3.59617e+08,3.59617e+08,1,0
1210,72600,transverse,0.9975,4616,20843,6585,2217,35218,1198,106,17684,36458,854854,1.26119e+08,140,0.000163363,0.00731323,0.000445594,1.8072e+07,6.87945e+06,0,3.59617e+08,3.59617e+08,1,0
1210,72600,descending,0.9975,5549,14869,6258,1971,23285,1192,58,11521,25561,1.00299e+06,1.17823e+08,258,0.000152134,0.00618874,0.000446088,1.8072e+07,6.87945e+06,0,3.59617e+08,3.59617e+08,1,0
1220,73200,cecum,0.9925,4405,22755,5449,1711,38512,978,112,18334,40005,824134,1.25966e+08,41,0.000166139,0.00762761,0.000372386,1.98909e+07,7.53823e+06,0,3.93376e+08,3.93376e+08,1,0
1220,73200,transverse,0.995,4693,21196,6815,2259,36118,1236,106,18311,37285,869686,1.37829e+08,140,0.000163035,0.00727688,0.000486917,1.98909e+07,7.53823e+06,0,3.93376e+08,3.93376e+08,1,0
1220,73200,descending,0.99,4924,16035,6488,2029,24768,1237,59,11940,26291,886121,1.29507e+08,258,0.000151856,0.00616304,0.000490401,1.98909e+07,7.53823e+06,0,3.93376e+08,3.93376e+08,1,0
1230,73800,cecum,0.985,4318,23399,5616,1759,39740,1014,125,18989,41050,808983,1.37238e+08,41,0.000165854,0.0075943,0.000405703,2.18899e+07,8.25922e+06,0,4.30209e+08,4.30209e+08,1,0
1230,73800,transverse,0.995,4379,22021,7026,2307,37478,1270,109,18925,38199,810655,1.50589e+08,140,0.000162672,0.00723672,0.000531948,2.18899e+07,8.25922e+06,0,4.30209e+08,4.30209e+08,1,0
1230,73800,descending,0.9925,4996,17003,6685,2076,26060,1280,62,12351,27545,899523,1.42306e+08,258,0.000151528,0.00613288,0.000538953,2.18899e+07,8.25922e+06,0,4.30209e+08,4.30209e+08,1,0
1240,74400,cecum,0.9925,4280,23875,5813,1818,40753,1059,127,19628,41930,802522,1.49491e+08,41,0.000165541,0.00755808,0.000441922,2.4086e+07,9.0481e+06,0,4.70375e+08,4.70375e+08,1,0
1240,74400,transverse,0.995,4496,22597,7227,2362,38668,1300,111,19622,39388,832443,1.64487e+08,140,0.000162268,0.00719244,0.000580995,2.4086e+07,9.0481e+06,0,4.70375e+08,4.70375e+08,1,0
1240,74400,descending,1,5126,17755,6896,2138,27134,1322,62,12777,28642,922855,1.56319e+08,258,0.000151144,0.00609788,0.000592114,2.4086e+07,9.0481e+06,0,4.70375e+08,4.70375e+08,1,0
1250,75000,cecum,0.9975,4256,24210,5979,1875,41813,1080,132,20426,42873,798403,1.62806e+08,41,0.0001652,0.00751872,0.000481279,2.6498e+07,9.91101e+06,0,5.14152e+08,5.14152e+08,1,0
1250,75000,transverse,1,4934,22990,7460,2421,39654,1344,113,20316,40680,912946,1.79616e+08,140,0.00016182,0.00714372,0.000634386,2.6498e+07,9.91101e+06,0,5.14152e+08,5.14152e+08,1,0
1250,75000,descending,0.9975,5300,17840,7138,2201,27690,1365,63,13353,29235,954890,1.7165e+08,258,0.0001507,0.00605766,0.000650279,2.6498e+07,9.91101e+06,0,5.14152e+08,5.14152e+08,1,0
1260,75600,cecum,0.9925,4226,24907,6184,1921,43209,1111,141,21193,44102,793345,1.77268e+08,41,0.000164827,0.00747597,0.00052403,2.91459e+07,1.08546e+07,0,5.61835e+08,5.61835e+08,1,0
1260,75600,transverse,0.995,5380,22864,7670,2480,40109,1377,117,20985,41459,996404,1.96075e+08,140,0.000161324,0.00709021,0.000692472,2.91459e+07,1.08546e+07,0,5.61835e+08,5.61835e+08,1,0
1260,75600,descending,1,5430,18276,7367,2266,28511,1412,66,13847,30066,978059,1.8841e+08,258,0.000150189,0.00601179,0.000713869,2.91459e+07,1.08546e+07,0,5.61835e+08,5.61835e+08,1,0
1270,76200,cecum,0.9875,4424,25840,6360,1979,44793,1150,145,21937,45801,829995,1.9297e+08,41,0.000164419,0.00742956,0.000570444,3.20518e+07,1.18862e+07,0,6.13739e+08,6.13739e+08,1,0
1270,76200,transverse,0.995,5560,23835,7908,2549,41640,1420,119,21655,43042,1.02948e+06,2.13969e+08,140,0.000160775,0.00703154,0.000755624,3.20518e+07,1.18862e+07,0,6.13739e+08,6.13739e+08,1,0
1270,76200,descending,1,5239,18414,7603,2329,28991,1455,67,14294,30224,941280,2.06718e+08,258,0.000149605,0.00595984,0.000783329,3.20518e+07,1.18862e+07,0,6.13739e+08,6.13739e+08,1,0
1280,76800,cecum,0.995,4572,26353,6550,2032,45944,1193,163,22653,46988,857235,2.10009e+08,41,0.000163973,0.00737919,0.00062081,3.52392e+07,1.30134e+07,0,6.70195e+08,6.70195e+08,1,0
1280,76800,transverse,1,5906,24900,8142,2616,43321,1461,122,22376,44940,1.09417e+06,2.33406e+08,140,0.000160168,0.00696732,0.000824235,3.52392e+07,1.30134e+07,0,6.70195e+08,6.70195e+08,1,0
1280,76800,descending,0.9975,6107,19012,7861,2372,30014,1492,69,14797,31935,1.10013e+06,2.26693e+08,258,0.00014894,0.00590133,0.000859125,3.52392e+07,1.30134e+07,0,6.70195e+08,6.70195e+08,1,0
1290,77400,cecum,1,4529,26285,6754,2089,46612,1226,167,23475,47495,849910,2.28489e+08,41,0.000163485,0.00732457,0.000675433,3.87336e+07,1.42446e+07,0,7.31551e+08,7.31551e+08,1,0
1290,77400,transverse,1,5488,25113,8364,2686,44140,1510,123,23100,45237,1.01689e+06,2.54507e+08,140,0.000159497,0.00689713,0.000898716,3.87336e+07,1.42446e+07,0,7.31551e+08,7.31551e+08,1,0
1290,77400,descending,1,5804,19545,8135,2430,31015,1543,71,15372,32466,1.04456e+06,2.48469e+08,258,0.000148186,0.00583578,0.000941748,3.87336e+07,1.42446e+07,0,7.31551e+08,7.31551e+08,1,0
1300,78000,cecum,0.9925,4746,26880,6975,2142,48000,1268,170,24360,48971,889983,2.48517e+08,41,0.000162952,0.00726536,0.000734637,4.25625e+07,1.5589e+07,0,7.98173e+08,7.98173e+08,1,0
1300,78000,transverse,0.9975,5761,25340,8593,2756,44940,1553,130,23779,46187,1.06719e+06,2.7739e+08,140,0.000158755,0.00682056,0.000979499,4.25625e+07,1.5589e+07,0,7.98173e+08,7.98173e+08,1,0
1300,78000,descending,0.9975,5863,20556,8380,2477,32595,1583,72,16027,33946,1.054e+06,2.72177e+08,258,0.000147335,0.00576269,0.0010317,4.25625e+07,1.5589e+07,0,7.98173e+08,7.98173e+08,1,0
1310,78600,cecum,0.99,4692,27427,7153,2203,49257,1308,173,25168,50094,880861,2.70211e+08,41,0.000162368,0.00720124,0.000798762,4.67552e+07,1.70561e+07,0,8.7044e+08,8.7044e+08,1,0
1310,78600,transverse,0.9975,5561,26754,8830,2833,47035,1588,130,24572,47957,1.03047e+06,3.02181e+08,140,0.000157937,0.00673715,0.00106703,4.67552e+07,1.70561e+07,0,8.7044e+08,8.7044e+08,1,0
1310,78600,descending,0.9975,6020,20609,8648,2546,33163,1627,73,16654,34515,1.08199e+06,2.97957e+08,258,0.000146375,0.00568154,0.00112951,4.67552e+07,1.70561e+07,0,8.7044e+08,8.7044e+08,1,0
1320,79200,cecum,0.9975,4840,28123,7345,2261,50682,1346,178,25988,51566,909224,2.9369e+08,41,0.000161729,0.00713184,0.000868164,5.13434e+07,1.86562e+07,0,9.48742e+08,9.48742e+08,1,0
1320,79200,transverse,0.995,5574,27780,9051,2901,48767,1622,137,25373,49576,1.03259e+06,3.2901e+08,140,0.000157033,0.00664644,0.00116178,5.13434e+07,1.86562e+07,0,9.48742e+08,9.48742e+08,1,0
1320,79200,descending,1,6497,20885,8915,2622,33851,1678,78,17188,35535,1.17062e+06,3.25948e+08,258,0.000145297,0.00559179,0.0012357,5.13434e+07,1.86562e+07,0,9.48742e+08,9.48742e+08,1,0
1330,79800,cecum,1,4982,28361,7546,2318,51662,1375,179,26815,52572,935133,3.19081e+08,41,0.00016103,0.00705678,0.000943217,5.63605e+07,2.04005e+07,0,1.03348e+09,1.03348e+09,1,0
1330,79800,transverse,0.995,5797,28375,9304,2962,49986,1670,139,26104,50872,1.07403e+06,3.58009e+08,140,0.000156036,0.00654796,0.00126421,5.63605e+07,2.04005e+07,0,1.03348e+09,1.03348e+09,1,0
1330,79800,descending,1,6665,21367,9206,2692,34849,1740,82,17832,36538,1.2017e+06,3.56292e+08,258,0.000144088,0.00549293,0.0013508,5.63605e+07,2.04005e+07,0,1.03348e+09,1.03348e+09,1,0
1340,80400,cecum,1,5259,28600,7766,2386,52722,1422,184,27746,53799,987136,3.46514e+08,41,0.000160264,0.00697569,0.00102431,6.18422e+07,2.23006e+07,0,1.12505e+09,1.12505e+09,1,0
1340,80400,transverse,0.9975,5967,29097,9555,3052,51316,1720,140,26851,52260,1.10609e+06,3.89313e+08,140,0.000154937,0.00644123,0.00137481,6.18422e+07,2.23006e+07,0,1.12505e+09,1.12505e+09,1,0
1340,80400,descending,1,6684,21783,9487,2774,35719,1797,86,18421,37281,1.20357e+06,3.89128e+08,260,0.000142734,0.00538443,0.00147534,6.18422e+07,2.23006e+07,0,1.12505e+09,1.12505e+09,1,0
1350,81000,cecum,1,5479,29760,8002,2460,54511,1460,191,28480,55677,1.02834e+06,3.76124e+08,41,0.000159427,0.00688817,0.00111183,6.7826e+07,2.43689e+07,0,1.22387e+09,1.22387e+09,1,0
1350,81000,transverse,0.9975,6367,29066,9788,3135,51967,1765,145,27656,53201,1.17987e+06,4.23053e+08,140,0.000153724,0.00632579,0.00149405,6.7826e+07,2.43689e+07,0,1.22387e+09,1.22387e+09,1,0
1350,81000,descending,0.9975,7279,22279,9773,2856,36669,1852,89,19009,38674,1.31286e+06,4.24589e+08,260,0.000141221,0.00526581,0.0016098,6.7826e+07,2.43689e+07,0,1.22387e+09,1.22387e+09,1,0
1360,81600,cecum,0.995,5464,30710,8251,2519,56318,1506,210,29423,57306,1.02531e+06,4.08048e+08,41,0.00015851,0.0067938,0.0012062,7.43514e+07,2.66187e+07,0,1.33031e+09,1.33031e+09,1,0
1360,81600,transverse,0.9975,6515,30164,10042,3216,53796,1805,150,28503,55040,1.20609e+06,4.59358e+08,140,0.000152386,0.00620115,0.0016224,7.43514e+07,2.66187e+07,0,1.33031e+09,1.33031e+09,1,0
1360,81600,descending,0.9975,6805,22652,10119,2942,37581,1935,89,19717,38935,1.22357e+06,4.62801e+08,260,0.000139532,0.00513659,0.00175465,7.43514e+07,2.66187e+07,0,1.33031e+09,1.33031e+09,1,0
1370,82200,cecum,1,5039,31094,8518,2576,57452,1563,213,30284,57859,946736,4.42427e+08,41,0.000157505,0.00669218,0.00130782,8.14597e+07,2.90636e+07,0,1.44476e+09,1.44476e+09,1,0
1370,82200,transverse,0.995,6437,30885,10311,3292,55342,1845,155,29439,56350,1.19191e+06,4.98353e+08,140,0.000150911,0.00606687,0.00176032,8.14597e+07,2.90636e+07,0,1.44476e+09,1.44476e+09,1,0
1370,82200,descending,1,7186,23337,10461,3014,38760,2000,92,20345,40287,1.29293e+06,5.03875e+08,260,0.00013765,0.00499637,0.0019103,8.14597e+07,2.90636e+07,0,1.44476e+09,1.44476e+09,1,0
1380,82800,cecum,0.9975,5449,32105,8752,2628,59225,1614,220,31142,59904,1.02291e+06,4.79397e+08,41,0.000156406,0.0065829,0.0014171,8.91935e+07,3.17181e+07,0,1.56756e+09,1.56756e+09,1,0
1380,82800,transverse,1,7119,30483,10602,3401,55684,1889,159,30332,57232,1.31798e+06,5.40151e+08,140,0.000149285,0.00592253,0.00190822,8.91935e+07,3.17181e+07,0,1.56756e+09,1.56756e+09,1,0
1380,82800,descending,1,7405,22801,10824,3097,38760,2066,97,21025,40287,1.33127e+06,5.47903e+08,260,0.000135555,0.00484483,0.00207708,8.91935e+07,3.17181e+07,0,1.56756e+09,1.56756e+09,1,0
1390,83400,cecum,0.995,5298,32715,8973,2689,60759,1658,224,32167,61167,995353,5.19098e+08,41,0.000155202,0.00646555,0.00153445,9.75967e+07,3.45969e+07,0,1.69901e+09,1.69901e+09,1,0
1390,83400,transverse,1,6192,31609,10879,3481,57624,1929,168,31257,58079,1.14651e+06,5.84852e+08,140,0.000147493,0.00576777,0.00206647,9.75967e+07,3.45969e+07,0,1.69901e+09,1.69901e+09,1,0
1390,83400,descending,0.995,7877,22918,11160,3199,39333,2136,97,21653,41168,1.41605e+06,5.9495e+08,260,0.000133227,0.00468174,0.00225522,9.75967e+07,3.45969e+07,0,1.69901e+09,1.69901e+09,1,0
1400,84000,cecum,0.9975,5971,33085,9227,2760,62026,1706,235,33172,62961,1.1207e+06,5.61658e+08,41,0.000153883,0.00633974,0.00166026,1.06714e+08,3.77155e+07,0,1.83935e+09,1.83935e+09,1,0
1400,84000,transverse,0.9975,6483,32820,11175,3551,59694,1973,170,32228,60256,1.20083e+06,6.32535e+08,140,0.000145519,0.00560226,0.00223539,1.06714e+08,3.77155e+07,0,1.83935e+09,1.83935e+09,1,0
1400,84000,descending,0.9975,7306,23616,11534,3286,40534,2199,99,22304,41572,1.31022e+06,6.45051e+08,260,0.000130643,0.00450701,0.00244481,1.06714e+08,3.77155e+07,0,1.83935e+09,1.83935e+09,1,0
1410,84600,cecum,0.9975,5739,33413,9476,2830,63263,1756,259,34177,63813,1.07838e+06,6.07204e+08,41,0.00015244,0.00620512,0.00179488,1.1659e+08,4.10896e+07,0,1.98877e+09,1.98877e+09,1,0
1410,84600,transverse,1,6493,33976,11452,3634,61582,2032,175,33097,62014,1.20284e+06,6.83256e+08,140,0.000143345,0.00542579,0.00241521,1.1659e+08,4.10896e+07,0,1.98877e+09,1.98877e+09,1,0
1410,84600,descending,1,8119,24505,11885,3378,41959,2272,105,22999,43618,1.4603e+06,6.98194e+08,260,0.000127781,0.00432071,0.00264578,1.1659e+08,4.10896e+07,0,1.98877e+09,1.98877e+09,1,0
1420,85200,cecum,1,5692,34396,9718,2890,65081,1806,260,35121,65451,1.06877e+06,6.55845e+08,41,0.000150859,0.00606134,0.00193866,1.27268e+08,4.47348e+07,0,2.14732e+09,2.14732e+09,1,0
1420,85200,transverse,0.9975,6386,34455,11731,3715,62807,2082,181,33968,62978,1.18265e+06,7.3704e+08,140,0.000140952,0.00523824,0.00260604,1.27268e+08,4.47348e+07,0,2.14732e+09,2.14732e+09,1,0
1420,85200,descending,0.9975,7735,25252,12247,3448,43322,2347,108,23757,44377,1.38881e+06,7.54321e+08,260,0.000124618,0.00412311,0.00285786,1.27268e+08,4.47348e+07,0,2.14732e+09,2.14732e+09,1,0
1430,85800,cecum,0.9975,5716,35043,9952,2961,66608,1855,264,36117,66884,1.07318e+06,7.07677e+08,41,0.000149129,0.00590813,0.00209187,1.38793e+08,4.86668e+07,0,2.31497e+09,2.31497e+09,1,0
1430,85800,transverse,1,7406,35050,12034,3804,64205,2127,192,34894,65216,1.37215e+06,7.93868e+08,140,0.00013832,0.00503962,0.00280788,1.38793e+08,4.86668e+07,0,2.31497e+09,2.31497e+09,1,0
1430,85800,descending,0.9975,7443,26608,12612,3534,45296,2421,113,24530,45849,1.33647e+06,8.13309e+08,260,0.000121128,0.00391472,0.00308054,1.38793e+08,4.86668e+07,0,2.31497e+09,2.31497e+09,1,0
1440,86400,cecum,1,6034,35737,10211,3043,68176,1902,289,37095,68615,1.13165e+06,7.62771e+08,41,0.000147235,0.00574527,0.00225473,1.51203e+08,5.29011e+07,0,2.49153e+09,2.49153e+09,1,0
1440,86400,transverse,1,7194,35751,12360,3906,65908,2177,200,36040,66525,1.33325e+06,8.53677e+08,140,0.000135428,0.0048301,0.00302054,1.51203e+08,5.29011e+07,0,2.49153e+09,2.49153e+09,1,0
1440,86400,descending,1,7456,27115,12948,3610,46349,2486,116,25214,46717,1.33875e+06,8.74965e+08,260,0.000117291,0.00369634,0.00331303,1.51203e+08,5.29011e+07,0,2.49153e+09,2.49153e+09,1,0
1450,87000,cecum,0.9975,5575,36399,10448,3131,69834,1942,290,38218,69704,1.04533e+06,8.21175e+08,41,0.000145165,0.00557264,0.00242736,1.64537e+08,5.74525e+07,0,2.67666e+09,2.67666e+09,1,0
1450,87000,transverse,0.9975,6587,36719,12663,4006,67832,2237,205,37151,67694,1.22048e+06,9.16345e+08,140,0.000132254,0.00461006,0.00324366,1.64537e+08,5.74525e+07,0,2.67666e+09,2.67666e+09,1,0
1450,87000,descending,1,7976,28084,13314,3677,48011,2560,118,26046,48672,1.43534e+06,9.39015e+08,260,0.000113086,0.00346908,0.00355422,1.64537e+08,5.74525e+07,0,2.67666e+09,2.67666e+09,1,0
1460,87600,cecum,0.9975,5767,36217,10695,3196,70677,1989,296,39349,70598,1.08103e+06,8.82898e+08,41,0.000142901,0.00539019,0.00260981,1.78825e+08,6.23347e+07,0,2.8698e+09,2.8698e+09,1,0
1460,87600,transverse,0.9975,7551,37648,12949,4089,69661,2292,210,38184,70334,1.39946e+06,9.81681e+08,140,0.000128778,0.00438009,0.00347664,1.78825e+08,6.23347e+07,0,2.8698e+09,2.8698e+09,1,0
1460,87600,descending,1,7883,28884,13656,3753,49528,2641,119,26919,49910,1.41724e+06,1.0051e+09,260,0.000108497,0.00323437,0.00380267,1.78825e+08,6.23347e+07,0,2.8698e+09,2.8698e+09,1,0
1470,88200,cecum,0.995,5715,37249,10950,3269,72782,2035,298,40539,72513,1.07107e+06,9.47906e+08,41,0.000140429,0.00519804,0.00280196,1.94096e+08,6.75604e+07,0,3.07022e+09,3.07022e+09,1,0
1470,88200,transverse,1,7537,37109,13275,4189,70103,2350,221,39312,70583,1.39667e+06,1.04942e+09,140,0.000124978,0.00414105,0.00371863,1.94096e+08,6.75604e+07,0,3.07022e+09,3.07022e+09,1,0
1470,88200,descending,1,7832,29423,14016,3818,50740,2692,120,27707,50826,1.40608e+06,1.07276e+09,260,0.000103517,0.00299404,0.00405657,1.94096e+08,6.75604e+07,0,3.07022e+09,3.07022e+09,1,0
1480,88800,cecum,0.9975,5972,37149,11205,3349,73700,2074,305,41669,73545,1.11956e+06,1.01612e+09,41,0.000137733,0.00499641,0.00300359,2.10367e+08,7.31402e+07,0,3.27692e+09,3.27692e+09,1,0
1480,88800,transverse,1,6745,38188,13609,4268,72205,2408,225,40468,71692,1.24969e+06,1.11922e+09,140,0.000120836,0.00389408,0.0039685,2.10367e+08,7.31402e+07,0,3.27692e+09,3.27692e+09,1,0
1480,88800,descending,1,7582,29445,14385,3874,51454,2757,122,28518,51040,1.35878e+06,1.14146e+09,260,9.81446e-05,0.00275025,0.00431376,2.10367e+08,7.31402e+07,0,3.27692e+09,3.27692e+09,1,0
1490,89400,cecum,1,5679,37603,11420,3411,75175,2115,311,42787,74609,1.06522e+06,1.0874e+09,41,0.000134796,0.00478572,0.00321428,2.27648e+08,7.90828e+07,0,3.48871e+09,3.48871e+09,1,0
1490,89400,transverse,1,7457,37522,13916,4353,72559,2468,228,41630,72593,1.3817e+06,1.19064e+09,140,0.000116338,0.00364062,0.00422479,2.27648e+08,7.90828e+07,0,3.48871e+09,3.48871e+09,1,0
1490,89400,descending,1,8114,29476,14759,3958,52089,2840,125,29286,51997,1.45505e+06,1.21055e+09,260,9.23953e-05,0.00250549,0.00457174,2.27648e+08,7.90828e+07,0,3.48871e+09,3.48871e+09,1,0
1500,90000,cecum,1,5947,38213,11661,3472,76819,2153,313,43918,76377,1.11497e+06,1.16152e+09,41,0.000131604,0.00456661,0.00343339,2.4594e+08,8.53944e+07,0,3.70413e+09,3.70413e+09,1,0
1500,90000,transverse,1,7991,37796,14249,4424,73887,2517,234,42798,74236,1.48009e+06,1.26314e+09,140,0.000111473,0.00338244,0.00448575,2.4594e+08,8.53944e+07,0,3.70413e+09,3.70413e+09,1,0
1500,90000,descending,1,8262,28956,15143,4044,52436,2915,125,30314,52269,1.48108e+06,1.27934e+09,260,8.6299e-05,0.00226253,0.00482775,2.4594e+08,8.53944e+07,0,3.70413e+09,3.70413e+09,1,0
1510,90600,cecum,0.9975,6688,37955,11899,3548,77467,2199,315,44944,77648,1.2523e+06,1.23822e+09,41,0.000128143,0.00433989,0.00366011,2.65232e+08,9.20781e+07,0,3.92152e+09,3.92152e+09,1,0
1510,90600,transverse,1,7384,37647,14564,4515,74674,2564,237,43869,74236,1.36832e+06,1.3361e+09,140,0.000106241,0.0031216,0.0047493,2.65232e+08,9.20781e+07,0,3.92152e+09,3.92152e+09,1,0
1510,90600,descending,1,8123,29798,15558,4109,53979,2984,135,31139,53382,1.4541e+06,1.34707e+09,260,7.99049e-05,0.00202433,0.00507883,2.65232e+08,9.20781e+07,0,3.92152e+09,3.92152e+09,1,0
1520,91200,cecum,1,6175,38870,12182,3618,79434,2267,321,46128,78951,1.15757e+06,1.31713e+09,41,0.000124401,0.00410666,0.00389334,2.85502e+08,9.91336e+07,0,4.13905e+09,4.13905e+09,1,0
1520,91200,transverse,1,7796,38242,14899,4598,76283,2624,237,45026,76065,1.44444e+06,1.40882e+09,140,0.000100652,0.00286049,0.00501308,2.85502e+08,9.91336e+07,0,4.13905e+09,4.13905e+09,1,0
1520,91200,descending,1,8563,30224,15941,4206,55153,3076,139,32072,54798,1.53539e+06,1.41298e+09,260,7.32833e-05,0.00179388,0.00532199,2.85502e+08,9.91336e+07,0,4.13905e+09,4.13905e+09,1,0
1530,91800,cecum,1,5818,39553,12463,3688,81089,2321,327,47218,80086,1.09147e+06,1.39779e+09,41,0.000120371,0.00386824,0.00413176,3.06718e+08,1.06557e+08,0,4.35475e+09,4.35475e+09,1,0
1530,91800,transverse,1,7958,39552,15223,4686,78628,2679,242,46199,78386,1.47516e+06,1.48052e+09,140,9.47282e-05,0.00260168,0.0052745,3.06718e+08,1.06557e+08,0,4.35475e+09,4.35475e+09,1,0
1530,91800,descending,1,9540,30645,16385,4290,56292,3153,154,32936,56616,1.71544e+06,1.47631e+09,260,6.65248e-05,0.00157409,0.00555432,3.06718e+08,1.06557e+08,0,4.35475e+09,4.35475e+09,1,0
1540,92400,cecum,0.9975,6176,39074,12699,3746,81619,2355,341,48305,80816,1.15897e+06,1.47966e+09,41,0.00011605,0.00362623,0.00437377,3.28836e+08,1.14342e+08,0,4.56658e+09,4.56658e+09,1,0
1540,92400,transverse,1,7655,40051,15590,4772,80304,2758,245,47538,79554,1.41882e+06,1.5504e+09,140,8.85086e-05,0.00234793,0.00553079,3.28836e+08,1.14342e+08,0,4.56658e+09,4.56658e+09,1,0
1540,92400,descending,1,9918,31077,16814,4382,57475,3229,154,33855,57916,1.78252e+06,1.53638e+09,260,5.97377e-05,0.00136757,0.00577322,3.28836e+08,1.14342e+08,0,4.56658e+09,4.56658e+09,1,0
1550,93000,cecum,1,6714,39621,12987,3846,83165,2409,377,49422,82730,1.25972e+06,1.56213e+09,41,0.000111443,0.00338247,0.00461753,3.51804e+08,1.22476e+08,0,4.77251e+09,4.77251e+09,1,0
1550,93000,transverse,1,8471,40380,15953,4853,81687,2823,248,48735,81533,1.57054e+06,1.61761e+09,140,8.20501e-05,0.00210205,0.00577918,3.51804e+08,1.22476e+08,0,4.77251e+09,4.77251e+09,1,0
1550,93000,descending,0.9975,10064,31508,17257,4479,58515,3317,154,34649,58844,1.80713e+06,1.59264e+09,260,5.30418e-05,0.0011765,0.0059765,3.51804e+08,1.22476e+08,0,4.77251e+09,4.77251e+09,1,0
1560,93600,cecum,1,6644,40489,13291,3946,85071,2454,381,50601,84403,1.24741e+06,1.64448e+09,41,0.000106563,0.00313903,0.00486097,3.75562e+08,1.30946e+08,0,4.97064e+09,4.97064e+09,1,0
1560,93600,transverse,1,9827,40664,16336,4979,83042,2889,250,49996,84051,1.81998e+06,1.68137e+09,140,7.54272e-05,0.00186674,0.00601694,3.75562e+08,1.30946e+08,0,4.97064e+09,4.97064e+09,1,0
1560,93600,descending,1,10641,31216,17747,4585,58933,3419,159,35562,59552,1.91144e+06,1.64465e+09,260,4.65598e-05,0.00100248,0.00616258,3.75562e+08,1.30946e+08,0,4.97064e+09,4.97064e+09,1,0
1570,94200,cecum,1,6126,40962,13594,4029,86654,2511,383,51849,85303,1.15074e+06,1.72598e+09,41,0.000101434,0.00289814,0.00510186,4.00045e+08,1.39735e+08,0,5.15921e+09,5.15921e+09,1,0
1570,94200,transverse,1,8283,41810,16720,5079,85223,2952,253,51191,84464,1.53389e+06,1.74095e+09,140,6.87308e-05,0.00164447,0.0062416,4.00045e+08,1.39735e+08,0,5.15921e+09,5.15921e+09,1,0
1570,94200,descending,1,9920,32171,18185,4679,60572,3494,165,36409,60195,1.77751e+06,1.69214e+09,260,4.04073e-05,0.00084644,0.00633051,4.00045e+08,1.39735e+08,0,5.15921e+09,5.15921e+09,1,0
1580,94800,cecum,1,6008,41538,13846,4096,88367,2556,389,53092,86752,1.12862e+06,1.80581e+09,41,9.60906e-05,0.00266216,0.00533784,4.25187e+08,1.48821e+08,0,5.33673e+09,5.33673e+09,1,0
1580,94800,transverse,1,9000,43526,17099,5166,87987,3024,258,52393,87720,1.66605e+06,1.79574e+09,140,6.20641e-05,0.00143737,0.00645106,4.25187e+08,1.48821e+08,0,5.33673e+09,5.33673e+09,1,0
1580,94800,descending,1,9842,32245,18678,4761,61311,3598,165,37260,60549,1.76127e+06,1.73504e+09,260,3.46827e-05,0.000708636,0.00648006,4.25187e+08,1.48821e+08,0,5.33673e+09,5.33673e+09,1,0
1590,95400,cecum,1,5947,41522,14088,4180,89510,2594,394,54368,87709,1.1177e+06,1.88319e+09,41,9.05826e-05,0.00243345,0.00556655,4.50921e+08,1.58183e+08,0,5.50201e+09,5.50201e+09,1,0
1590,95400,transverse,1,9661,44482,17469,5277,89979,3083,260,53597,90171,1.78926e+06,1.84527e+09,140,5.5536e-05,0.00124702,0.0066437,4.50921e+08,1.58183e+08,0,5.50201e+09,5.50201e+09,1,0
1590,95400,descending,1,11089,32377,19173,4865,62142,3692,169,38153,62326,1.98979e+06,1.77341e+09,260,2.94598e-05,0.000588683,0.00661159,4.50921e+08,1.58183e+08,0,5.50201e+09,5.50201e+09,1,0
1600,96000,cecum,1,6156,41639,14338,4236,90748,2640,396,55589,89006,1.15667e+06,1.95733e+09,41,8.49706e-05,0.00221431,0.00578569,4.77181e+08,1.67798e+08,0,5.65419e+09,5.65419e+09,1,0
1600,96000,transverse,1,8722,44939,17893,5380,91677,3163,293,54988,90656,1.61443e+06,1.88928e+09,141,4.92534e-05,0.00107446,0.00681851,4.77181e+08,1.67798e+08,0,5.65419e+09,5.65419e+09,1,0
1600,96000,descending,1,10472,32736,19659,4987,63018,3801,173,38897,62326,1.87516e+06,1.80745e+09,261,2.47833e-05,0.000485663,0.00672604,4.77181e+08,1.67798e+08,0,5.65419e+09,5.65419e+09,1,0
1610,96600,cecum,1,7132,41807,14636,4296,92014,2690,402,56791,91054,1.33716e+06,2.02751e+09,41,7.93263e-05,0.00200685,0.00599315,5.03906e+08,1.77642e+08,0,5.79277e+09,5.79277e+09,1,0
1610,96600,transverse,1,9079,45728,18292,5490,93600,3229,303,56288,92703,1.68153e+06,1.92765e+09,141,4.33128e-05,0.000920111,0.00697507,5.03906e+08,1.77642e+08,0,5.79277e+09,5.79277e+09,1,0
1610,96600,descending,1,10117,33415,20134,5067,64454,3900,176,39830,63108,1.80724e+06,1.83746e+09,261,2.06691e-05,0.000398263,0.00682472,5.03906e+08,1.77642e+08,0,5.79277e+09,5.79277e+09,1,0
1620,97200,cecum,1,6679,41623,14949,4361,92993,2756,404,58083,91396,1.25366e+06,2.09314e+09,41,7.37295e-05,0.00181286,0.00618714,5.31042e+08,1.87691e+08,0,5.91757e+09,5.91757e+09,1,0
1620,97200,transverse,1,9481,45423,18704,5591,94443,3313,306,57618,93718,1.75483e+06,1.96046e+09,141,3.7793e-05,0.00078379,0.00711356,5.31042e+08,1.87691e+08,0,5.91757e+09,5.91757e+09,1,0
1620,97200,descending,1,10583,34138,20608,5148,65916,3998,183,40741,64734,1.89224e+06,1.86383e+09,261,1.71071e-05,0.000324922,0.00690919,5.31042e+08,1.87691e+08,0,5.91757e+09,5.91757e+09,1,0
1630,97800,cecum,1,7709,41651,15279,4455,94075,2813,411,59281,93322,1.44425e+06,2.15373e+09,41,6.8263e-05,0.00163376,0.00636624,5.58537e+08,1.9792e+08,0,6.02877e+09,6.02877e+09,1,0
1630,97800,transverse,1,8634,45923,19127,5669,96058,3389,308,58885,94215,1.5974e+06,1.98795e+09,141,3.27503e-05,0.000664817,0.00723465,5.58537e+08,1.9792e+08,0,6.02877e+09,6.02877e+09,1,0
1630,97800,descending,1,10724,35056,21109,5222,67649,4099,183,41731,66282,1.91973e+06,1.88694e+09,261,1.40669e-05,0.000263964,0.00698112,5.58537e+08,1.9792e+08,0,6.02877e+09,6.02877e+09,1,0
1640,98400,cecum,0.9875,6241,42250,15605,4529,95794,2870,416,60527,93373,1.17238e+06,2.20896e+09,41,6.30078e-05,0.0014705,0.0065295,5.86346e+08,2.08308e+08,0,6.12679e+09,6.12679e+09,1,0
1640,98400,transverse,1,8403,45640,19503,5756,97034,3451,310,60291,94731,1.55534e+06,2.01048e+09,141,2.82162e-05,0.000562102,0.00733943,5.86346e+08,2.08308e+08,0,6.12679e+09,6.12679e+09,1,0
1640,98400,descending,1,10796,35512,21626,5315,69119,4197,190,42929,67491,1.93249e+06,1.9072e+09,261,1.15044e-05,0.000213715,0.0070422,5.86346e+08,2.08308e+08,0,6.12679e+09,6.12679e+09,1,0
1650,99000,cecum,0.9225,4957,43004,15873,4574,97670,2920,427,61733,93781,934806,2.25869e+09,41,5.80368e-05,0.00132352,0.00667648,6.14433e+08,2.18833e+08,0,6.2123e+09,6.2123e+09,1,0
1650,99000,transverse,1,8933,45805,19917,5836,98369,3542,320,61622,96343,1.65364e+06,2.02847e+09,141,2.41988e-05,0.000474276,0.00742929,6.14433e+08,2.18833e+08,0,6.2123e+09,6.2123e+09,1,0
1650,99000,descending,1,10128,36197,22125,5430,70874,4288,192,44203,68283,1.80959e+06,1.92499e+09,261,9.36761e-06,0.000172581,0.00709402,6.14433e+08,2.18833e+08,0,6.2123e+09,6.2123e+09,1,0
1660,99600,cecum,0.925,5067,42328,16102,4623,98223,2963,435,63046,94299,955683,2.30291e+09,41,5.34103e-05,0.00119282,0.00680718,6.42762e+08,2.29476e+08,0,6.28614e+09,6.28614e+09,1,0
1660,99600,transverse,1,8750,46172,20344,5937,99883,3627,326,62949,97427,1.62031e+06,2.04241e+09,141,2.0686e-05,0.000399813,0.00750574,6.42762e+08,2.29476e+08,0,6.28614e+09,6.28614e+09,1,0
1660,99600,descending,1,9870,36670,22619,5525,72242,4381,195,45283,69084,1.76049e+06,1.94067e+09,261,7.60188e-06,0.000139104,0.00713804,6.42762e+08,2.29476e+08,0,6.28614e+09,6.28614e+09,1,0
1670,100200,cecum,0.8925,5048,42305,16340,4661,99428,2998,440,64342,95315,950879,2.34178e+09,41,4.91723e-05,0.00107792,0.00692208,6.71307e+08,2.40219e+08,0,6.34928e+09,6.34928e+09,1,0
1670,100200,transverse,1,8516,45557,20751,6013,100374,3707,332,64205,97427,1.57703e+06,2.05281e+09,141,1.76499e-05,0.000337134,0.00757037,6.71307e+08,2.40219e+08,0,6.34928e+09,6.34928e+09,1,0
1670,100200,descending,1,10362,36844,23088,5606,73303,4469,197,46337,70335,1.85033e+06,1.95455e+09,261,6.1538e-06,0.00011199,0.00717556,6.71307e+08,2.40219e+08,0,6.34928e+09,6.34928e+09,1,0
1680,100800,cecum,0.8925,4926,42389,16591,4708,100668,3048,445,65590,96274,926776,2.37558e+09,41,4.53488e-05,0.000977997,0.007022,7.00042e+08,2.51046e+08,0,6.40276e+09,6.40276e+09,1,0
1680,100800,transverse,1,8425,46256,21126,6090,102299,3792,333,65592,99047,1.56004e+06,2.06014e+09,141,1.5052e-05,0.000284696,0.00762471,7.00042e+08,2.51046e+08,0,6.40276e+09,6.40276e+09,1,0
1680,100800,descending,1,10703,38278,23569,5694,75747,4568,200,47531,72823,1.9173e+06,1.9669e+09,261,4.97362e-06,9.01149e-05,0.00720769,7.00042e+08,2.51046e+08,0,6.40276e+09,6.40276e+09,1,0
1690,101400,cecum,0.8775,4750,42427,16830,4739,101854,3090,449,66807,97114,894955,2.40469e+09,41,4.19482e-05,0.000891966,0.00710803,7.28948e+08,2.61944e+08,0,6.44765e+09,6.44765e+09,1,0
1690,101400,transverse,1,8635,47948,21524,6162,105057,3878,341,66808,101767,1.59896e+06,2.06486e+09,141,1.28483e-05,0.000241048,0.00767023,7.28948e+08,2.61944e+08,0,6.44765e+09,6.44765e+09,1,0
1690,101400,descending,1,10115,39585,24097,5773,77941,4675,208,48596,74079,1.80758e+06,1.97795e+09,261,4.01664e-06,7.25218e-05,0.00723541,7.28948e+08,2.61944e+08,0,6.44765e+09,6.44765e+09,1,0
1700,102000,cecum,0.925,5140,41797,17073,4778,102433,3145,456,68103,97927,967951,2.42952e+09,41,3.89633e-05,0.000818557,0.00718144,7.58007e+08,2.72899e+08,0,6.48498e+09,6.48498e+09,1,0
1700,102000,transverse,1,8743,47467,21876,6244,105719,3942,348,68090,102324,1.61939e+06,2.06739e+09,141,1.09925e-05,0.000204869,0.00770824,7.58007e+08,2.72899e+08,0,6.48498e+09,6.48498e+09,1,0
1700,102000,descending,1,10645,39693,24575,5854,78991,4754,216,49690,75333,1.9043e+06,1.98791e+09,261,3.2438e-06,5.84074e-05,0.00725951,7.58007e+08,2.72899e+08,0,6.48498e+09,6.48498e+09,1,0
1710,102600,cecum,0.915,5031,41418,17337,4840,103249,3189,457,69403,98475,947783,2.45055e+09,41,3.63742e-05,0.000756417,0.00724358,7.87205e+08,2.83901e+08,0,6.51574e+09,6.51574e+09,1,0
1710,102600,transverse,1,11143,47345,22290,6335,106898,4017,354,69551,105649,2.06455e+06,2.06809e+09,141,9.43895e-06,0.000174982,0.00773991,7.87205e+08,2.83901e+08,0,6.51574e+09,6.51574e+09,1,0
1710,102600,descending,1,11501,39951,25116,5945,80115,4869,217,50761,76977,2.06286e+06,1.99694e+09,261,2.62168e-06,4.71057e-05,0.00728066,7.87205e+08,2.83901e+08,0,6.51574e+09,6.51574e+09,1,0
1720,103200,cecum,0.9375,5034,41223,17557,4879,104131,3226,464,70549,99209,948775,2.46822e+09,41,3.41521e-05,0.000704185,0.00729581,8.16528e+08,2.94941e+08,0,6.54086e+09,6.54086e+09,1,0
1720,103200,transverse,1,9913,47635,22745,6458,108377,4103,357,70946,105649,1.83653e+06,2.06731e+09,141,8.14505e-06,0.000150361,0.00776629,8.16528e+08,2.94941e+08,0,6.54086e+09,6.54086e+09,1,0
1720,103200,descending,1,12111,40378,25682,6049,81460,4994,224,51901,78588,2.17356e+06,2.00518e+09,261,2.12214e-06,3.80694e-05,0.00729942,8.16528e+08,2.94941e+08,0,6.54086e+09,6.54086e+09,1,0
1730,103800,cecum,0.93,5105,41006,17810,4931,105025,3271,471,71750,100011,962421,2.48298e+09,41,3.22626e-05,0.000660549,0.00733945,8.45967e+08,3.06012e+08,0,6.56117e+09,6.56117e+09,1,0
1730,103800,transverse,1,9593,49114,23170,6548,111132,4178,365,72379,107816,1.77793e+06,2.06529e+09,141,7.07181e-06,0.000130124,0.00778825,8.45967e+08,3.06012e+08,0,6.56117e+09,6.56117e+09,1,0
1730,103800,descending,1,12020,39671,26241,6173,81869,5111,224,53258,78588,2.1526e+06,2.01274e+09,261,1.7218e-06,3.08519e-05,0.00731622,8.45967e+08,3.06012e+08,0,6.56117e+09,6.56117e+09,1,0
1740,104400,cecum,0.89,4704,41353,18079,4969,106513,3321,479,72971,100909,887242,2.49525e+09,41,3.06688e-05,0.000624283,0.00737572,8.75512e+08,3.17106e+08,0,6.57741e+09,6.57741e+09,1,0
1740,104400,transverse,0.9975,9118,49678,23591,6634,112892,4260,365,73743,108848,1.6897e+06,2.0623e+09,141,6.18464e-06,0.000113519,0.00780653,8.75512e+08,3.17106e+08,0,6.57741e+09,6.57741e+09,1,0
1740,104400,descending,1,12608,40258,26787,6290,83254,5213,227,54272,80231,2.26171e+06,2.0197e+09,261,1.40142e-06,2.50916e-05,0.00733144,8.75512e+08,3.17106e+08,0,6.57741e+09,6.57741e+09,1,0
1750,105000,cecum,0.8975,5019,41125,18306,5003,107381,3356,481,74134,101932,946323,2.5054e+09,41,2.93337e-05,0.000594278,0.00740572,9.05155e+08,3.28219e+08,0,6.59022e+09,6.59022e+09,1,0
1750,105000,transverse,1,9078,49348,24004,6717,113726,4343,378,75060,109382,1.68186e+06,2.05851e+09,141,5.45334e-06,9.99167e-05,0.00782178,9.05155e+08,3.28219e+08,0,6.59022e+09,6.59022e+09,1,0
1750,105000,descending,1,11653,41309,27304,6408,85327,5317,231,55512,81050,2.0842e+06,2.02615e+09,261,1.14528e-06,2.04963e-05,0.00734536,9.05155e+08,3.28219e+08,0,6.59022e+09,6.59022e+09,1,0
1760,105600,cecum,0.8875,4906,41478,18564,5057,108745,3400,485,75239,103019,924364,2.51377e+09,41,2.82218e-05,0.000569545,0.00743045,9.34889e+08,3.39346e+08,0,6.60018e+09,6.60018e+09,1,0
1760,105600,transverse,1,8801,50861,24427,6780,116422,4409,387,76363,111498,1.63007e+06,2.05411e+09,141,4.85193e-06,8.87866e-05,0.00783453,9.34889e+08,3.39346e+08,0,6.60018e+09,6.60018e+09,1,0
1760,105600,descending,1,11691,41872,27870,6497,86874,5444,237,56706,82279,2.09109e+06,2.03215e+09,261,9.40658e-07,1.68313e-05,0.00735822,9.34889e+08,3.39346e+08,0,6.60018e+09,6.60018e+09,1,0
1770,106200,cecum,0.935,5165,40975,18803,5116,109371,3441,487,76466,103763,973009,2.52065e+09,41,2.73003e-05,0.000549222,0.00745078,9.64707e+08,3.50483e+08,0,6.60776e+09,6.60776e+09,1,0
1770,106200,transverse,1,8983,51207,24836,6861,118067,4481,396,77806,113060,1.6646e+06,2.04921e+09,141,4.35834e-06,7.96897e-05,0.00784521,9.64707e+08,3.50483e+08,0,6.60776e+09,6.60776e+09,1,0
1770,106200,descending,1,12210,41815,28443,6598,87986,5557,241,58085,83547,2.18473e+06,2.03774e+09,261,7.7725e-07,1.39084e-05,0.00737022,9.64707e+08,3.50483e+08,0,6.60776e+09,6.60776e+09,1,0
1780,106800,cecum,0.895,5019,40942,19057,5155,110519,3488,490,77730,104594,945180,2.52628e+09,41,2.65397e-05,0.000532567,0.00746743,9.94606e+08,3.61628e+08,0,6.61336e+09,6.61336e+09,1,0
1780,106800,transverse,1,9565,52280,25243,6978,120307,4562,401,79166,115668,1.77267e+06,2.04394e+09,141,3.95393e-06,7.22618e-05,0.00785418,9.94606e+08,3.61628e+08,0,6.61336e+09,6.61336e+09,1,0
1780,106800,descending,1,12599,40814,29032,6699,87986,5662,247,59286,83547,2.2533e+06,2.04297e+09,261,6.46782e-07,1.15773e-05,0.0073815,9.94606e+08,3.61628e+08,0,6.61336e+09,6.61336e+09,1,0
1790,107400,cecum,0.915,4878,41083,19292,5207,111774,3549,491,78956,105585,918109,2.53089e+09,41,2.59141e-05,0.000518946,0.00748105,1.02458e+09,3.72776e+08,0,6.61733e+09,6.61733e+09,1,0
1790,107400,transverse,1,8527,53240,25634,7077,122673,4631,404,80737,116770,1.58049e+06,2.0384e+09,141,3.62311e-06,6.62026e-05,0.00786176,1.02458e+09,3.72776e+08,0,6.61733e+09,6.61733e+09,1,0
1790,107400,descending,1,11778,41199,29637,6799,89191,5784,248,60327,83547,2.10204e+06,2.04788e+09,261,5.42617e-07,9.71763e-06,0.00739219,1.02458e+09,3.72776e+08,0,6.61733e+09,6.61733e+09,1,0
1800,108000,cecum,0.8925,4697,41098,19507,5247,112858,3597,492,80112,106360,884340,2.53465e+09,41,2.54011e-05,0.000507827,0.00749217,1.05462e+09,3.83927e+08,0,6.61996e+09,6.61996e+09,1,0
1800,108000,transverse,1,8970,52818,26064,7172,124032,4710,407,82689,118313,1.66347e+06,2.03265e+09,141,3.35288e-06,6.12645e-05,0.00786818,1.05462e+09,3.83927e+08,0,6.61996e+09,6.61996e+09,1,0
1800,108000,descending,1,11492,41288,30237,6893,90298,5896,253,61546,83969,2.04741e+06,2.05249e+09,261,4.59441e-07,8.23365e-06,0.00740238,1.05462e+09,3.83927e+08,0,6.61996e+09,6.61996e+09,1,0
1810,108600,cecum,0.9025,4700,41174,19719,5278,114023,3639,495,81271,107386,885353,2.53772e+09,41,2.49812e-05,0.000498764,0.00750124,1.08473e+09,3.95078e+08,0,6.62147e+09,6.62147e+09,1,0
1810,108600,transverse,1,11612,52415,26553,7300,124805,4820,410,84100,121474,2.15229e+06,2.02676e+09,141,3.13246e-06,5.72445e-05,0.00787366,1.08473e+09,3.95078e+08,0,6.62147e+09,6.62147e+09,1,0
1810,108600,descending,1,12998,41756,30855,7028,91789,6001,256,62806,86585,2.3261e+06,2.05683e+09,261,3.9301e-07,7.04903e-06,0.00741215,1.08473e+09,3.95078e+08,0,6.62147e+09,6.62147e+09,1,0
1820,109200,cecum,0.9,4563,41624,19947,5316,115365,3694,499,82252,108452,858753,2.54021e+09,41,2.46383e-05,0.000491385,0.00750862,1.1149e+09,4.06229e+08,0,6.62207e+09,6.62207e+09,1,0
1820,109200,transverse,1,8982,54707,26978,7401,128216,4896,413,85393,122004,1.66447e+06,2.02077e+09,141,2.95295e-06,5.39756e-05,0.00787835,1.1149e+09,4.06229e+08,0,6.62207e+09,6.62207e+09,1,0
1820,109200,descending,1,12863,41264,31446,7140,92285,6124,261,64024,86585,2.29795e+06,2.06091e+09,261,3.39936e-07,6.10299e-06,0.00742156,1.1149e+09,4.06229e+08,0,6.62207e+09,6.62207e+09,1,0
1830,109800,cecum,0.925,4707,41072,20163,5354,116122,3735,501,83638,109214,886441,2.54225e+09,41,2.43587e-05,0.000485383,0.00751462,1.14513e+09,4.17377e+08,0,6.62191e+09,6.62191e+09,1,0
1830,109800,transverse,1,10779,53708,27395,7485,128769,4977,426,87097,124089,1.99776e+06,2.01474e+09,141,2.80698e-06,5.13213e-05,0.0078824,1.14513e+09,4.17377e+08,0,6.62191e+09,6.62191e+09,1,0
1830,109800,descending,1,13191,42487,31996,7249,94401,6221,265,65119,88681,2.36267e+06,2.06476e+09,261,2.9752e-07,5.34713e-06,0.00743067,1.14513e+09,4.17377e+08,0,6.62191e+09,6.62191e+09,1,0
1840,110400,cecum,0.92,4798,40762,20401,5397,116908,3785,503,84825,109944,903074,2.5439e+09,41,2.4131e-05,0.000480506,0.00751949,1.17541e+09,4.28522e+08,0,6.62113e+09,6.62113e+09,1,0
1840,110400,transverse,1,10066,53783,27899,7597,130300,5057,431,88740,124590,1.86513e+06,2.00869e+09,141,2.68852e-06,4.91696e-05,0.00788592,1.17541e+09,4.28522e+08,0,6.62113e+09,6.62113e+09,1,0
1840,110400,descending,1,11340,43693,32556,7375,96551,6358,267,66324,88681,2.02367e+06,2.06839e+09,261,2.63608e-07,4.74296e-06,0.00743951,1.17541e+09,4.28522e+08,0,6.62113e+09,6.62113e+09,1,0
1850,111000,cecum,0.9175,4997,40456,20616,5440,117706,3827,509,86008,110805,939646,2.54524e+09,41,2.39457e-05,0.000476545,0.00752345,1.20574e+09,4.39664e+08,0,6.61984e+09,6.61984e+09,1,0
1850,111000,transverse,1,9389,54777,28365,7697,132777,5143,436,90404,126105,1.73949e+06,2.00264e+09,141,2.59259e-06,4.74289e-05,0.007889,1.20574e+09,4.39664e+08,0,6.61984e+09,6.61984e+09,1,0
1850,111000,descending,1,12132,42739,33101,7473,96551,6465,271,67479,89129,2.16737e+06,2.0718e+09,261,2.36486e-07,4.25985e-06,0.00744812,1.20574e+09,4.39664e+08,0,6.61984e+09,6.61984e+09,1,0
1860,111600,cecum,0.93,4981,40125,20822,5487,118493,3869,513,87211,111455,936975,2.54632e+09,41,2.37951e-05,0.00047333,0.00752667,1.23613e+09,4.508e+08,0,6.61813e+09,6.61813e+09,1,0
1860,111600,transverse,1,9351,55032,28816,7786,134606,5229,442,92147,127614,1.73235e+06,1.99662e+09,141,2.51511e-06,4.60243e-05,0.00789171,1.23613e+09,4.508e+08,0,6.61813e+09,6.61813e+09,1,0
1860,111600,descending,1,12158,41912,33690,7570,96911,6574,274,68869,89129,2.16877e+06,2.07502e+09,261,2.14787e-07,3.87339e-06,0.00745651,1.23613e+09,4.508e+08,0,6.61813e+09,6.61813e+09,1,0
1870,112200,cecum,0.95,5082,39685,21049,5538,119049,3913,517,88298,111976,956362,2.54721e+09,41,2.36728e-05,0.000470721,0.00752928,1.26655e+09,4.61932e+08,0,6.61608e+09,6.61608e+09,1,0
1870,112200,transverse,1,10285,55497,29270,7882,136653,5318,452,93904,130316,1.90518e+06,1.99065e+09,141,2.45273e-06,4.48944e-05,0.00789413,1.26655e+09,4.61932e+08,0,6.61608e+09,6.61608e+09,1,0
1870,112200,descending,1,13714,41421,34273,7656,97563,6681,274,70205,90947,2.45454e+06,2.07805e+09,261,1.97422e-07,3.56416e-06,0.00746472,1.26655e+09,4.61932e+08,0,6.61608e+09,6.61608e+09,1,0
1880,112800,cecum,0.9175,4813,39765,21271,5593,120155,3952,521,89414,112681,906462,2.54792e+09,41,2.35735e-05,0.000468605,0.00753139,1.29703e+09,4.73058e+08,0,6.61373e+09,6.61373e+09,1,0
1880,112800,transverse,0.9975,9402,55824,29728,7989,138285,5425,461,95414,130812,1.7419e+06,1.98474e+09,141,2.4027e-06,4.3989e-05,0.00789629,1.29703e+09,4.73058e+08,0,6.61373e+09,6.61373e+09,1,0
1880,112800,descending,1,14477,42408,34896,7754,99362,6782,279,71211,93080,2.59402e+06,2.0809e+09,261,1.83524e-07,3.31669e-06,0.00747276,1.29703e+09,4.73058e+08,0,6.61373e+09,6.61373e+09,1,0
1890,113400,cecum,0.9475,5387,39032,21501,5645,120311,4011,524,90411,113289,1.01352e+06,2.54851e+09,41,2.34929e-05,0.000466889,0.00753311,1.32754e+09,4.84177e+08,0,6.61115e+09,6.61115e+09,1,0
1890,113400,transverse,1,9706,55465,30154,8104,139270,5495,465,96939,131856,1.79786e+06,1.9789e+09,141,2.36278e-06,4.32672e-05,0.00789824,1.32754e+09,4.84177e+08,0,6.61115e+09,6.61115e+09,1,0
1890,113400,descending,1,12959,43821,35566,7871,101733,6900,289,72394,93488,2.31198e+06,2.08358e+09,261,1.724e-07,3.11864e-06,0.00748064,1.32754e+09,4.84177e+08,0,6.61115e+09,6.61115e+09,1,0
1900,114000,cecum,0.95,5210,38959,21746,5702,121112,4063,526,91392,113775,980258,2.54898e+09,41,2.34276e-05,0.000465499,0.0075345,1.35809e+09,4.95291e+08,0,6.60837e+09,6.60837e+09,1,0
1900,114000,transverse,1,10219,55725,30610,8198,140991,5586,472,98578,133812,1.89338e+06,1.97313e+09,141,2.33113e-06,4.26953e-05,0.00790002,1.35809e+09,4.95291e+08,0,6.60837e+09,6.60837e+09,1,0
1900,114000,descending,1,12739,44252,36151,7979,103176,7007,290,73620,94340,2.2714e+06,2.0861e+09,261,1.63499e-07,2.96018e-06,0.00748837,1.35809e+09,4.95291e+08,0,6.60837e+09,6.60837e+09,1,0
1910,114600,cecum,0.8825,4637,39457,21990,5747,122722,4104,531,92585,114649,874166,2.54936e+09,41,2.33746e-05,0.000464371,0.00753563,1.38868e+09,5.06398e+08,0,6.60543e+09,6.60543e+09,1,0
1910,114600,transverse,1,10078,56245,31030,8297,142866,5671,480,100109,135302,1.86629e+06,1.96745e+09,141,2.30623e-06,4.2246e-05,0.00790165,1.38868e+09,5.06398e+08,0,6.60543e+09,6.60543e+09,1,0
1910,114600,descending,1,12788,44044,36768,8064,104015,7118,300,74853,94797,2.27908e+06,2.08845e+09,261,1.5638e-07,2.83346e-06,0.00749597,1.38868e+09,5.06398e+08,0,6.60543e+09,6.60543e+09,1,0
1920,115200,cecum,0.8975,5106,39296,22222,5789,123566,4137,537,93659,115799,959805,2.54967e+09,41,2.33316e-05,0.000463458,0.00753654,1.4193e+09,5.17498e+08,0,6.60235e+09,6.60235e+09,1,0
1920,115200,transverse,1,10336,57628,31566,8408,145484,5796,504,101556,137854,1.9139e+06,1.96186e+09,141,2.28685e-06,4.18968e-05,0.00790316,1.4193e+09,5.17498e+08,0,6.60235e+09,6.60235e+09,1,0
1920,115200,descending,1,12354,44197,37344,8147,105249,7245,305,76139,95226,2.19904e+06,2.09066e+09,261,1.5069e-07,2.7322e-06,0.00750344,1.4193e+09,5.17498e+08,0,6.60235e+09,6.60235e+09,1,0
1930,115800,cecum,0.9025,5059,39344,22452,5845,124658,4173,540,94792,116703,951141,2.54992e+09,41,2.32968e-05,0.000462717,0.00753728,1.44995e+09,5.28591e+08,0,6.59916e+09,6.59916e+09,1,0
1930,115800,transverse,1,10856,56905,32079,8505,146339,5887,506,103320,138902,2.01039e+06,1.95636e+09,141,2.27197e-06,4.16293e-05,0.00790456,1.44995e+09,5.28591e+08,0,6.59916e+09,6.59916e+09,1,0
1930,115800,descending,1,14285,43448,38022,8252,105529,7388,308,77413,97004,2.55312e+06,2.09272e+09,261,1.46149e-07,2.65139e-06,0.00751078,1.44995e+09,5.28591e+08,0,6.59916e+09,6.59916e+09,1,0
1940,116400,cecum,0.8875,5162,39605,22669,5890,125929,4216,541,95889,117947,970230,2.55012e+09,41,2.32686e-05,0.000462118,0.00753788,1.48063e+09,5.39677e+08,0,6.59588e+09,6.59588e+09,1,0
1940,116400,transverse,1,11116,57275,32611,8651,147897,5988,511,104750,140430,2.05925e+06,1.95095e+09,141,2.26078e-06,4.14284e-05,0.00790587,1.48063e+09,5.39677e+08,0,6.59588e+09,6.59588e+09,1,0
1940,116400,descending,1,12314,44570,38672,8361,107904,7525,308,78912,97004,2.19148e+06,2.09464e+09,261,1.42531e-07,2.58703e-06,0.00751801,1.48063e+09,5.39677e+08,0,6.59588e+09,6.59588e+09,1,0
1950,117000,cecum,0.8875,4675,40255,22872,5932,127624,4257,544,97014,119032,880494,2.55028e+09,41,2.32457e-05,0.000461632,0.00753837,1.51134e+09,5.50756e+08,0,6.59252e+09,6.59252e+09,1,0
1950,117000,transverse,1,9940,57419,33093,8742,149381,6078,518,106264,140430,1.84141e+06,1.94564e+09,141,2.25258e-06,4.12818e-05,0.0079071,1.51134e+09,5.50756e+08,0,6.59252e+09,6.59252e+09,1,0
1950,117000,descending,1,14057,44392,39321,8490,108842,7646,313,80273,99281,2.5132e+06,2.09642e+09,261,1.39656e-07,2.53589e-06,0.00752512,1.51134e+09,5.50756e+08,0,6.59252e+09,6.59252e+09,1,0
1960,117600,cecum,0.865,4349,40866,23080,5974,129253,4289,549,98101,120196,818136,2.55042e+09,41,2.32272e-05,0.000461238,0.00753876,1.54207e+09,5.61828e+08,0,6.58909e+09,6.58909e+09,1,0
1960,117600,transverse,1,10001,56956,33562,8830,150588,6180,526,108116,141411,1.85307e+06,1.94043e+09,141,2.24683e-06,4.11795e-05,0.00790827,1.54207e+09,5.61828e+08,0,6.58909e+09,6.58909e+09,1,0
1960,117600,descending,1,14042,45577,39935,8589,111029,7754,318,81477,101041,2.51124e+06,2.09808e+09,261,1.37378e-07,2.49541e-06,0.00753212,1.54207e+09,5.61828e+08,0,6.58909e+09,6.58909e+09,1,0
1970,118200,cecum,0.8925,4233,40993,23281,6010,130521,4320,559,99299,121204,797475,2.55053e+09,41,2.32121e-05,0.00046092,0.00753908,1.57283e+09,5.72892e+08,0,6.58561e+09,6.58561e+09,1,0
1970,118200,transverse,1,10967,57348,34095,8923,152434,6286,533,109762,143882,2.03062e+06,1.93531e+09,141,2.24306e-06,4.11132e-05,0.00790938,1.57283e+09,5.72892e+08,0,6.58561e+09,6.58561e+09,1,0
1970,118200,descending,1,13145,45693,40552,8702,112312,7878,324,82875,101041,2.3427e+06,2.09961e+09,261,1.35584e-07,2.46352e-06,0.00753902,1.57283e+09,5.72892e+08,0,6.58561e+09,6.58561e+09,1,0
1980,118800,cecum,0.91,4200,40880,23490,6043,131532,4358,565,100488,122038,791105,2.55061e+09,41,2.32e-05,0.000460661,0.00753934,1.60361e+09,5.83948e+08,0,6.58208e+09,6.58208e+09,1,0
1980,118800,transverse,1,10909,57241,34618,9017,153788,6394,536,111422,144854,2.02019e+06,1.93029e+09,141,2.24092e-06,4.10762e-05,0.00791043,1.60361e+09,5.83948e+08,0,6.58208e+09,6.58208e+09,1,0
1980,118800,descending,1,12987,45490,41182,8792,113350,7987,336,84303,101478,2.31348e+06,2.10101e+09,261,1.34178e-07,2.43856e-06,0.00754581,1.60361e+09,5.83948e+08,0,6.58208e+09,6.58208e+09,1,0
1990,119400,cecum,0.8975,4326,40556,23678,6081,132402,4393,569,101751,122915,814915,2.55068e+09,41,2.31901e-05,0.000460452,0.00753955,1.6344e+09,5.94997e+08,0,6.57852e+09,6.57852e+09,1,0
1990,119400,transverse,1,10777,56250,35130,9130,154228,6493,544,113057,144854,1.99587e+06,1.92536e+09,141,2.24008e-06,4.10628e-05,0.00791145,1.6344e+09,5.94997e+08,0,6.57852e+09,6.57852e+09,1,0
1990,119400,descending,1,14275,45427,41806,8892,114184,8088,338,85399,103175,2.55151e+06,2.1023e+09,261,1.33086e-07,2.41921e-06,0.0075525,1.6344e+09,5.94997e+08,0,6.57852e+09,6.57852e+09,1,0
2000,120000,cecum,0.9275,4845,39975,23878,6132,132989,4433,572,103007,123909,911793,2.55074e+09,41,2.31822e-05,0.000460283,0.00753972,1.66522e+09,6.06038e+08,0,6.57492e+09,6.57492e+09,1,0
2000,120000,transverse,1,10073,57265,35656,9220,156787,6586,558,114770,146352,1.865e+06,1.92053e+09,141,2.2403e-06,4.10687e-05,0.00791242,1.66522e+09,6.06038e+08,0,6.57492e+09,6.57492e+09,1,0
2000,120000,descending,0.9975,13578,46786,42476,9005,116608,8213,339,86701,104469,2.42498e+06,2.10348e+09,261,1.32249e-07,2.40438e-06,0.00755909,1.66522e+09,6.06038e+08,0,6.57492e+09,6.57492e+09,1,0
2010,120600,cecum,0.935,4570,39897,24092,6180,134047,4473,574,104229,124564,860610,2.55079e+09,41,2.31757e-05,0.000460145,0.00753985,1.69605e+09,6.17072e+08,0,6.5713e+09,6.5713e+09,1,0
2010,120600,transverse,1,11216,56648,36119,9313,157887,6675,565,116662,148307,2.07747e+06,1.9158e+09,141,2.24138e-06,4.109e-05,0.00791336,1.69605e+09,6.17072e+08,0,6.5713e+09,6.5713e+09,1,0
2010,120600,descending,1,13950,46652,43143,9155,117520,8350,341,88032,105371,2.49096e+06,2.10454e+09,261,1.31617e-07,2.39321e-06,0.00756559,1.69605e+09,6.17072e+08,0,6.5713e+09,6.5713e+09,1,0
2020,121200,cecum,0.8925,4376,40127,24322,6220,135286,4517,579,105317,125458,824061,2.55083e+09,41,2.31705e-05,0.000460034,0.00753997,1.7269e+09,6.28098e+08,0,6.56766e+09,6.56766e+09,1,0
2020,121200,transverse,1,10722,57012,36613,9434,159692,6763,584,118293,149314,1.98653e+06,1.91116e+09,141,2.24314e-06,4.11238e-05,0.00791426,1.7269e+09,6.28098e+08,0,6.56766e+09,6.56766e+09,1,0
2020,121200,descending,1,14420,47024,43798,9283,118842,8465,390,89176,106702,2.5761e+06,2.1055e+09,261,1.31152e-07,2.38502e-06,0.00757199,1.7269e+09,6.28098e+08,0,6.56766e+09,6.56766e+09,1,0
2030,121800,cecum,0.9225,4479,39850,24535,6256,136162,4554,593,106529,126283,842649,2.55086e+09,41,2.31662e-05,0.000459944,0.00754006,1.75776e+09,6.39116e+08,0,6.564e+09,6.564e+09,1,0
2030,121800,transverse,1,10158,57431,37098,9520,161507,6862,586,119872,150263,1.88173e+06,1.90661e+09,141,2.24546e-06,4.11674e-05,0.00791514,1.75776e+09,6.39116e+08,0,6.564e+09,6.564e+09,1,0
2030,121800,descending,1,13961,47079,44463,9390,120148,8598,397,90660,107117,2.48957e+06,2.10637e+09,261,1.30822e-07,2.37923e-06,0.00757831,1.75776e+09,6.39116e+08,0,6.564e+09,6.564e+09,1,0
2040,122400,cecum,0.9075,4270,39745,24757,6303,137248,4596,599,107803,127021,803559,2.55088e+09,41,2.31628e-05,0.000459871,0.00754013,1.78863e+09,6.50127e+08,0,6.56033e+09,6.56033e+09,1,0
2040,122400,transverse,1,10960,58429,37572,9588,164008,6962,587,121542,153259,2.02972e+06,1.90215e+09,141,2.24821e-06,4.1219e-05,0.00791599,1.78863e+09,6.50127e+08,0,6.56033e+09,6.56033e+09,1,0
2040,122400,descending,1,14057,46785,45118,9494,120945,8715,403,91966,107570,2.50496e+06,2.10713e+09,261,1.30601e-07,2.37539e-06,0.00758452,1.78863e+09,6.50127e+08,0,6.56033e+09,6.56033e+09,1,0
2050,123000,cecum,0.935,4352,39523,24946,6348,138041,4636,602,108900,127789,818431,2.5509e+09,41,2.316e-05,0.000459812,0.00754019,1.81952e+09,6.6113e+08,0,6.55665e+09,6.55665e+09,1,0
2050,123000,transverse,1,10459,57657,38042,9694,164798,7045,595,123285,153259,1.93732e+06,1.89778e+09,141,2.25131e-06,4.12769e-05,0.00791681,1.81952e+09,6.6113e+08,0,6.55665e+09,6.55665e+09,1,0
2050,123000,descending,1,14091,46582,45771,9595,121771,8839,404,93219,108001,2.50994e+06,2.10779e+09,261,1.30469e-07,2.37314e-06,0.00759065,1.81952e+09,6.6113e+08,0,6.55665e+09,6.55665e+09,1,0
2060,123600,cecum,0.94,4664,38932,25173,6388,138488,4677,603,110018,128401,876528,2.55092e+09,41,2.31577e-05,0.000459764,0.00754024,1.85041e+09,6.72125e+08,0,6.55296e+09,6.55296e+09,1,0
2060,123600,transverse,1,10574,57676,38552,9790,166483,7133,598,125132,154730,1.95835e+06,1.8935e+09,141,2.25468e-06,4.13395e-05,0.00791761,1.85041e+09,6.72125e+08,0,6.55296e+09,6.55296e+09,1,0
2060,123600,descending,1,15411,45592,46454,9716,121771,8975,407,94463,108892,2.75064e+06,2.10837e+09,261,1.3041e-07,2.37217e-06,0.0075967,1.85041e+09,6.72125e+08,0,6.55296e+09,6.55296e+09,1,0
2070,124200,cecum,0.9375,4555,38601,25383,6435,139318,4719,610,111261,128994,856135,2.55093e+09,41,2.31559e-05,0.000459725,0.00754027,1.88131e+09,6.83112e+08,0,6.54927e+09,6.54927e+09,1,0
2070,124200,transverse,1,9905,57401,39042,9880,167474,7213,600,126566,154730,1.83493e+06,1.88931e+09,141,2.25825e-06,4.14059e-05,0.00791839,1.88131e+09,6.83112e+08,0,6.54927e+09,6.54927e+09,1,0
2070,124200,descending,0.9975,14791,48062,47144,9831,125421,9109,413,95886,111475,2.64215e+06,2.10885e+09,261,1.30409e-07,2.37225e-06,0.00760265,1.88131e+09,6.83112e+08,0,6.54927e+09,6.54927e+09,1,0
2080,124800,cecum,0.9325,4507,38472,25604,6474,140182,4764,610,112338,129673,847083,2.55094e+09,41,2.31544e-05,0.000459694,0.00754031,1.91222e+09,6.94092e+08,0,6.54558e+09,6.54558e+09,1,0
2080,124800,transverse,1,10289,57221,39485,9970,168861,7295,639,128266,156191,1.90618e+06,1.8852e+09,141,2.26198e-06,4.14752e-05,0.00791915,1.91222e+09,6.94092e+08,0,6.54558e+09,6.54558e+09,1,0
2080,124800,descending,1,15251,47524,47853,9974,125864,9227,421,97120,111922,2.72248e+06,2.10926e+09,261,1.30456e-07,2.37318e-06,0.00760852,1.91222e+09,6.94092e+08,0,6.54558e+09,6.54558e+09,1,0
2090,125400,cecum,0.9325,4329,38266,25786,6528,141014,4797,611,113462,130231,813714,2.55095e+09,41,2.31532e-05,0.000459669,0.00754033,1.94313e+09,7.05063e+08,0,6.54188e+09,6.54188e+09,1,0
2090,125400,transverse,1,11147,57675,39985,10056,170751,7400,647,129885,158622,2.06525e+06,1.88118e+09,141,2.26583e-06,4.15465e-05,0.00791989,1.94313e+09,7.05063e+08,0,6.54188e+09,6.54188e+09,1,0
2090,125400,descending,1,14052,48038,48552,10088,127524,9351,421,98504,111922,2.50121e+06,2.10958e+09,261,1.30542e-07,2.37481e-06,0.0076143,1.94313e+09,7.05063e+08,0,6.54188e+09,6.54188e+09,1,0
2100,126000,cecum,0.8975,4126,38594,25974,6567,142357,4833,614,114549,131255,776948,2.55096e+09,41,2.31523e-05,0.000459648,0.00754035,1.97405e+09,7.16027e+08,0,6.53819e+09,6.53819e+09,1,0
2100,126000,transverse,1,10073,58152,40507,10155,172651,7507,657,131504,159122,1.86676e+06,1.87723e+09,141,2.26976e-06,4.16193e-05,0.00792062,1.97405e+09,7.16027e+08,0,6.53819e+09,6.53819e+09,1,0
2100,126000,descending,1,14425,49204,49236,10179,129820,9509,425,99879,114152,2.57197e+06,2.10982e+09,261,1.30659e-07,2.377e-06,0.00762001,1.97405e+09,7.16027e+08,0,6.53819e+09,6.53819e+09,1,0
2110,126600,cecum,0.9225,4457,38302,26183,6601,143113,4882,617,115677,132213,838473,2.55097e+09,41,2.31515e-05,0.000459631,0.00754037,2.00497e+09,7.26984e+08,0,6.53449e+09,6.53449e+09,1,0
2110,126600,transverse,1,10448,58809,40969,10239,174986,7615,670,133361,161549,1.93555e+06,1.87337e+09,141,2.27375e-06,4.16931e-05,0.00792132,2.00497e+09,7.26984e+08,0,6.53449e+09,6.53449e+09,1,0
2110,126600,descending,1,15566,48598,49935,10298,130468,9649,432,101385,115494,2.78097e+06,2.10998e+09,261,1.30802e-07,2.37964e-06,0.00762563,2.00497e+09,7.26984e+08,0,6.53449e+09,6.53449e+09,1,0
2120,127200,cecum,0.9425,4571,37917,26355,6657,143724,4920,622,116762,132855,859527,2.55097e+09,41,2.31508e-05,0.000459618,0.00754038,2.03589e+09,7.37933e+08,0,6.53081e+09,6.53081e+09,1,0
2120,127200,transverse,1,10458,59481,41442,10336,177276,7712,680,135163,163560,1.93705e+06,1.86959e+09,141,2.27777e-06,4.17674e-05,0.00792201,2.03589e+09,7.37933e+08,0,6.53081e+09,6.53081e+09,1,0
2120,127200,descending,1,14948,48674,50638,10412,131550,9774,432,102630,115494,2.66587e+06,2.11007e+09,261,1.30967e-07,2.38266e-06,0.00763117,2.03589e+09,7.37933e+08,0,6.53081e+09,6.53081e+09,1,0
2130,127800,cecum,0.9,4226,38042,26540,6705,144761,4964,623,117765,133453,795981,2.55098e+09,41,2.31503e-05,0.000459607,0.00754039,2.06681e+09,7.48874e+08,0,6.52712e+09,6.52712e+09,1,0
2130,127800,transverse,1,9952,60049,41922,10428,179463,7800,682,136960,164939,1.84331e+06,1.86588e+09,141,2.2818e-06,4.18419e-05,0.00792268,2.06681e+09,7.48874e+08,0,6.52712e+09,6.52712e+09,1,0
2130,127800,descending,1,14538,48582,51339,10536,132414,9899,434,103833,115494,2.5876e+06,2.11009e+09,261,1.31148e-07,2.38599e-06,0.00763663,2.06681e+09,7.48874e+08,0,6.52712e+09,6.52712e+09,1,0
2140,128400,cecum,0.9075,4455,37769,26749,6741,145636,5004,627,118985,134420,836919,2.55098e+09,41,2.31499e-05,0.000459598,0.0075404,2.09773e+09,7.59807e+08,0,6.52345e+09,6.52345e+09,1,0
2140,128400,transverse,1,10750,59624,42364,10521,180395,7889,689,138492,166402,1.99044e+06,1.86225e+09,141,2.28583e-06,4.19165e-05,0.00792334,2.09773e+09,7.59807e+08,0,6.52345e+09,6.52345e+09,1,0
2140,128400,descending,1,15823,47391,52016,10646,132414,10025,447,105247,116325,2.82211e+06,2.11004e+09,261,1.31343e-07,2.38956e-06,0.00764201,2.09773e+09,7.59807e+08,0,6.52345e+09,6.52345e+09,1,0
2150,129000,cecum,0.895,4211,37703,26967,6786,146809,5044,632,120304,135211,791449,2.55098e+09,41,2.31496e-05,0.000459591,0.00754041,2.12865e+09,7.70733e+08,0,6.51978e+09,6.51978e+09,1,0
2150,129000,transverse,1,10503,60105,42817,10588,182368,7990,692,140149,167840,1.94399e+06,1.8587e+09,141,2.28985e-06,4.19907e-05,0.00792398,2.12865e+09,7.70733e+08,0,6.51978e+09,6.51978e+09,1,0
2150,129000,descending,1,14509,48421,52726,10762,134636,10145,449,106673,116757,2.57997e+06,2.10993e+09,261,1.31549e-07,2.39333e-06,0.00764731,2.12865e+09,7.70733e+08,0,6.51978e+09,6.51978e+09,1,0
2160,129600,cecum,0.91,4348,37757,27164,6821,147767,5079,638,121272,136173,816430,2.55098e+09,41,2.31493e-05,0.000459585,0.00754042,2.15957e+09,7.81651e+08,0,6.51612e+09,6.51612e+09,1,0
2160,129600,transverse,1,9876,59769,43278,10669,183773,8062,696,142039,168306,1.82918e+06,1.85522e+09,141,2.29385e-06,4.20646e-05,0.00792461,2.15957e+09,7.81651e+08,0,6.51612e+09,6.51612e+09,1,0
2160,129600,descending,1,15086,48473,53396,10850,136254,10261,454,108438,118481,2.68827e+06,2.10975e+09,261,1.31764e-07,2.39726e-06,0.00765254,2.15957e+09,7.81651e+08,0,6.51612e+09,6.51612e+09,1,0
2170,130200,cecum,0.905,3934,38115,27352,6886,149126,5114,647,122364,137021,739596,2.55099e+09,41,2.31491e-05,0.00045958,0.00754042,2.19049e+09,7.92561e+08,0,6.51247e+09,6.51247e+09,1,0
2170,130200,transverse,1,9352,59242,43743,10739,184609,8148,699,143555,168306,1.73208e+06,1.85181e+09,141,2.29781e-06,4.21378e-05,0.00792522,2.19049e+09,7.92561e+08,0,6.51247e+09,6.51247e+09,1,0
2170,130200,descending,1,15270,49900,54069,10949,138651,10384,455,109629,120610,2.72519e+06,2.10951e+09,261,1.31987e-07,2.40132e-06,0.0076577,2.19049e+09,7.92561e+08,0,6.51247e+09,6.51247e+09,1,0
2180,130800,cecum,0.895,4056,38185,27532,6928,150247,5150,659,123481,138150,761633,2.55099e+09,41,2.31489e-05,0.000459576,0.00754042,2.2214e+09,8.03464e+08,0,6.50884e+09,6.50884e+09,1,0
2180,130800,transverse,1,10074,59728,44258,10831,186640,8265,702,145306,170750,1.86625e+06,1.84847e+09,141,2.30174e-06,4.22104e-05,0.00792582,2.2214e+09,8.03464e+08,0,6.50884e+09,6.50884e+09,1,0
2180,130800,descending,1,14248,50490,54789,11056,140127,10545,457,110781,120610,2.53645e+06,2.10921e+09,261,1.32215e-07,2.40549e-06,0.00766278,2.2214e+09,8.03464e+08,0,6.50884e+09,6.50884e+09,1,0
2190,131400,cecum,0.905,3961,38546,27725,6966,151489,5192,674,124427,139169,743660,2.55099e+09,41,2.31487e-05,0.000459573,0.00754043,2.25231e+09,8.1436e+08,0,6.50521e+09,6.50521e+09,1,0
2190,131400,transverse,1,11715,59107,44758,10955,187636,8350,707,147127,173091,2.17051e+06,1.84519e+09,141,2.30563e-06,4.22822e-05,0.00792641,2.25231e+09,8.1436e+08,0,6.50521e+09,6.50521e+09,1,0
2190,131400,descending,1,14396,50665,55422,11154,141316,10666,457,112014,121533,2.56307e+06,2.10885e+09,261,1.32448e-07,2.40974e-06,0.00766778,2.25231e+09,8.1436e+08,0,6.50521e+09,6.50521e+09,1,0
2200,132000,cecum,0.9,3904,38546,27894,7004,152574,5225,681,125576,140092,733580,2.55099e+09,41,2.31486e-05,0.00045957,0.00754043,2.28321e+09,8.25248e+08,0,6.5016e+09,6.5016e+09,1,0
2200,132000,transverse,1,11173,59384,45305,11061,189479,8441,718,148879,174031,2.07064e+06,1.84199e+09,141,2.30947e-06,4.23532e-05,0.00792698,2.28321e+09,8.25248e+08,0,6.5016e+09,6.5016e+09,1,0
2200,132000,descending,1,15583,50056,56114,11255,141951,10807,459,113498,122903,2.78007e+06,2.10845e+09,261,1.32685e-07,2.41405e-06,0.00767272,2.28321e+09,8.25248e+08,0,6.5016e+09,6.5016e+09,1,0
2210,132600,cecum,0.8925,4056,38543,28103,7052,153601,5263,683,126690,141146,762520,2.55099e+09,41,2.31485e-05,0.000459568,0.00754043,2.3141e+09,8.36128e+08,0,6.498e+09,6.498e+09,1,0
2210,132600,transverse,1,10811,60471,45756,11191,191991,8524,719,150516,175942,2.00328e+06,1.83885e+09,141,2.31327e-06,4.24232e-05,0.00792755,2.3141e+09,8.36128e+08,0,6.498e+09,6.498e+09,1,0
2210,132600,descending,1,15317,49816,56797,11372,143086,10930,467,115105,123321,2.72666e+06,2.10799e+09,261,1.32924e-07,2.41842e-06,0.00767758,2.3141e+09,8.36128e+08,0,6.498e+09,6.498e+09,1,0
2220,133200,cecum,0.9075,4005,38684,28283,7091,154804,5303,702,127812,142178,752896,2.55099e+09,41,2.31484e-05,0.000459567,0.00754043,2.34499e+09,8.47001e+08,0,6.49442e+09,6.49442e+09,1,0
2220,133200,transverse,1,10474,61371,46279,11309,194545,8630,727,152386,177852,1.94068e+06,1.83577e+09,141,2.31701e-06,4.24923e-05,0.0079281,2.34499e+09,8.47001e+08,0,6.49442e+09,6.49442e+09,1,0
2220,133200,descending,1,14887,49621,57514,11475,144001,11063,471,116447,123321,2.64571e+06,2.10748e+09,261,1.33166e-07,2.42282e-06,0.00768237,2.34499e+09,8.47001e+08,0,6.49442e+09,6.49442e+09,1,0
2230,133800,cecum,0.8975,3870,38925,28450,7130,156011,5328,706,128838,143143,726269,2.55099e+09,41,2.31484e-05,0.000459565,0.00754043,2.37587e+09,8.57867e+08,0,6.49085e+09,6.49085e+09,1,0
2230,133800,transverse,1,10587,61419,46749,11405,196181,8719,732,154154,179311,1.96215e+06,1.83276e+09,141,2.3207e-06,4.25605e-05,0.00792863,2.37587e+09,8.57867e+08,0,6.49085e+09,6.49085e+09,1,0
2230,133800,descending,1,16491,51079,58262,11605,146450,11211,475,117712,126900,2.94339e+06,2.10692e+09,261,1.3341e-07,2.42726e-06,0.0076871,2.37587e+09,8.57867e+08,0,6.49085e+09,6.49085e+09,1,0
2240,134400,cecum,0.935,4015,38638,28622,7166,156743,5359,706,129924,143915,753581,2.55099e+09,41,2.31483e-05,0.000459564,0.00754044,2.40675e+09,8.68725e+08,0,6.4873e+09,6.4873e+09,1,0
2240,134400,transverse,1,10114,61935,47223,11518,198296,8816,741,155954,180680,1.87389e+06,1.82981e+09,141,2.32433e-06,4.26276e-05,0.00792916,2.40675e+09,8.68725e+08,0,6.4873e+09,6.4873e+09,1,0
2240,134400,descending,1,15981,50740,59010,11743,147415,11366,475,119309,126900,2.84604e+06,2.10631e+09,261,1.33654e-07,2.43171e-06,0.00769175,2.40675e+09,8.68725e+08,0,6.4873e+09,6.4873e+09,1,0
2250,135000,cecum,0.9025,3706,38715,28808,7208,157929,5397,707,131112,144685,695879,2.55099e+09,41,2.31483e-05,0.000459563,0.00754044,2.43761e+09,8.79576e+08,0,6.48376e+09,6.48376e+09,1,0
2250,135000,transverse,1,9415,61028,47676,11583,199305,8903,750,158013,180680,1.7443e+06,1.82693e+09,141,2.32791e-06,4.26937e-05,0.00792968,2.43761e+09,8.79576e+08,0,6.48376e+09,6.48376e+09,1,0
2250,135000,descending,1,16262,50824,59745,11858,148934,11508,476,121000,128221,2.89904e+06,2.10566e+09,261,1.339e-07,2.43618e-06,0.00769634,2.43761e+09,8.79576e+08,0,6.48376e+09,6.48376e+09,1,0
2260,135600,cecum,0.9125,4008,38481,28966,7246,158640,5421,708,132118,145601,752846,2.55099e+09,41,2.31482e-05,0.000459563,0.00754044,2.46846e+09,8.9042e+08,0,6.48025e+09,6.48025e+09,1,0
2260,135600,transverse,1,9923,59761,48146,11675,199595,8990,760,159739,181177,1.83841e+06,1.8241e+09,141,2.33144e-06,4.27588e-05,0.00793018,2.46846e+09,8.9042e+08,0,6.48025e+09,6.48025e+09,1,0
2260,135600,descending,1,15368,52439,60481,11983,151569,11639,478,122274,129480,2.73934e+06,2.10497e+09,261,1.34146e-07,2.44066e-06,0.00770086,2.46846e+09,8.9042e+08,0,6.48025e+09,6.48025e+09,1,0
2270,136200,cecum,0.9075,3928,38483,29167,7284,159610,5459,713,133157,146361,737877,2.55099e+09,41,2.31482e-05,0.000459562,0.00754044,2.4993e+09,9.01256e+08,0,6.47675e+09,6.47675e+09,1,0
2270,136200,transverse,1,11392,60389,48661,11782,201837,9089,763,161556,184576,2.11041e+06,1.82133e+09,141,2.33491e-06,4.28228e-05,0.00793068,2.4993e+09,9.01256e+08,0,6.47675e+09,6.47675e+09,1,0
2270,136200,descending,1,15291,52718,61193,12134,152909,11785,480,123630,130326,2.72439e+06,2.10424e+09,261,1.34392e-07,2.44514e-06,0.00770532,2.4993e+09,9.01256e+08,0,6.47675e+09,6.47675e+09,1,0
2280,136800,cecum,0.9325,4311,37850,29348,7328,160051,5489,717,134301,147074,809872,2.55099e+09,41,2.31482e-05,0.000459562,0.00754044,2.53014e+09,9.12085e+08,0,6.47326e+09,6.47326e+09,1,0
2280,136800,transverse,1,11122,60770,49161,11907,203805,9183,763,163362,185993,2.06035e+06,1.81861e+09,141,2.33832e-06,4.28858e-05,0.00793116,2.53014e+09,9.12085e+08,0,6.47326e+09,6.47326e+09,1,0
2280,136800,descending,1,15189,53615,61868,12227,155247,11930,483,125306,132122,2.7095e+06,2.10347e+09,261,1.34638e-07,2.44961e-06,0.00770971,2.53014e+09,9.12085e+08,0,6.47326e+09,6.47326e+09,1,0
2290,137400,cecum,0.8975,3974,38041,29521,7371,161260,5528,721,135397,147851,748010,2.55099e+09,41,2.31482e-05,0.000459561,0.00754044,2.56096e+09,9.22907e+08,0,6.4698e+09,6.4698e+09,1,0
2290,137400,transverse,1,11539,60094,49667,12009,204658,9279,766,165086,186952,2.13793e+06,1.81596e+09,141,2.34168e-06,4.29478e-05,0.00793163,2.56096e+09,9.22907e+08,0,6.4698e+09,6.4698e+09,1,0
2290,137400,descending,1,14892,54766,62570,12319,157741,12072,485,126881,133849,2.65424e+06,2.10266e+09,261,1.34884e-07,2.45409e-06,0.00771404,2.56096e+09,9.22907e+08,0,6.4698e+09,6.4698e+09,1,0
2300,138000,cecum,0.9325,4295,37552,29707,7407,161888,5562,731,136574,148674,807128,2.55099e+09,41,2.31482e-05,0.000459561,0.00754044,2.59176e+09,9.33722e+08,0,6.46635e+09,6.46635e+09,1,0
2300,138000,transverse,1,11529,60395,50184,12127,206418,9383,772,166761,188401,2.13676e+06,1.81335e+09,141,2.34498e-06,4.30088e-05,0.0079321,2.59176e+09,9.33722e+08,0,6.46635e+09,6.46635e+09,1,0
2300,138000,descending,1,14655,54600,63237,12409,158864,12199,494,128378,134276,2.60839e+06,2.10182e+09,261,1.35129e-07,2.45855e-06,0.0077183,2.59176e+09,9.33722e+08,0,6.46635e+09,6.46635e+09,1,0
2310,138600,cecum,0.9075,4027,37769,29897,7455,163043,5597,732,137594,149453,757686,2.55099e+09,41,2.31481e-05,0.000459561,0.00754044,2.62256e+09,9.4453e+08,0,6.46293e+09,6.46293e+09,1,0
2310,138600,transverse,1,10945,59870,50696,12226,207322,9482,778,168382,188401,2.02902e+06,1.81081e+09,141,2.34822e-06,4.30687e-05,0.00793255,2.62256e+09,9.4453e+08,0,6.46293e+09,6.46293e+09,1,0
2310,138600,descending,1,14705,55200,63932,12517,160576,12327,501,129719,135572,2.61997e+06,2.10095e+09,261,1.35374e-07,2.46301e-06,0.00772251,2.62256e+09,9.4453e+08,0,6.46293e+09,6.46293e+09,1,0
2320,139200,cecum,0.93,4307,37382,30090,7499,163744,5632,734,138759,150318,809164,2.55099e+09,41,2.31481e-05,0.00045956,0.00754044,2.65334e+09,9.55331e+08,0,6.45953e+09,6.45953e+09,1,0
2320,139200,transverse,1,11076,61223,51274,12333,210410,9594,782,170332,191257,2.05276e+06,1.80831e+09,141,2.35141e-06,4.31276e-05,0.00793299,2.65334e+09,9.55331e+08,0,6.45953e+09,6.45953e+09,1,0
2320,139200,descending,1,15669,54654,64602,12625,161379,12446,502,131294,136895,2.79496e+06,2.10004e+09,261,1.35618e-07,2.46745e-06,0.00772665,2.65334e+09,9.55331e+08,0,6.45953e+09,6.45953e+09,1,0
2330,139800,cecum,0.9075,3907,37666,30281,7538,165035,5668,740,139835,151087,735301,2.55099e+09,41,2.31481e-05,0.00045956,0.00754044,2.68411e+09,9.66125e+08,0,6.45614e+09,6.45614e+09,1,0
2330,139800,transverse,1,10261,61479,51774,12428,212478,9686,784,172329,192195,1.9008e+06,1.80586e+09,141,2.35455e-06,4.31854e-05,0.00793343,2.68411e+09,9.66125e+08,0,6.45614e+09,6.45614e+09,1,0
2330,139800,descending,1,15656,53825,65316,12741,161864,12573,503,132850,136895,2.7889e+06,2.0991e+09,261,1.35862e-07,2.47188e-06,0.00773073,2.68411e+09,9.66125e+08,0,6.45614e+09,6.45614e+09,1,0
2340,140400,cecum,0.915,4176,37460,30453,7579,165788,5709,742,140874,152017,784505,2.55099e+09,41,2.31481e-05,0.00045956,0.00754044,2.71487e+09,9.76912e+08,0,6.45278e+09,6.45278e+09,1,0
2340,140400,transverse,1,10154,62174,52204,12502,214772,9786,784,174102,194126,1.88128e+06,1.80347e+09,141,2.35763e-06,4.32423e-05,0.00793385,2.71487e+09,9.76912e+08,0,6.45278e+09,6.45278e+09,1,0
2340,140400,descending,1,15006,53832,66080,12853,163034,12715,513,134257,136895,2.66854e+06,2.09813e+09,261,1.36104e-07,2.47629e-06,0.00773475,2.71487e+09,9.76912e+08,0,6.45278e+09,6.45278e+09,1,0
2350,141000,cecum,0.9225,4173,37343,30648,7617,166819,5742,743,142092,152920,784092,2.55099e+09,41,2.31481e-05,0.00045956,0.00754044,2.74561e+09,9.87692e+08,0,6.44944e+09,6.44944e+09,1,0
2350,141000,transverse,1,10271,61820,52660,12593,215871,9871,796,175719,195050,1.90298e+06,1.80112e+09,141,2.36065e-06,4.32982e-05,0.00793427,2.74561e+09,9.87692e+08,0,6.44944e+09,6.44944e+09,1,0
2350,141000,descending,1,15729,54797,66778,12960,165344,12853,514,135846,139474,2.80447e+06,2.09714e+09,261,1.36346e-07,2.48069e-06,0.00773872,2.74561e+09,9.87692e+08,0,6.44944e+09,6.44944e+09,1,0
2360,141600,cecum,0.9425,4419,36930,30851,7658,167376,5784,749,143139,153597,830703,2.551e+09,41,2.31481e-05,0.00045956,0.00754044,2.77633e+09,9.98465e+08,0,6.44612e+09,6.44612e+09,1,0
2360,141600,transverse,0.9975,11074,61701,53140,12688,217260,9962,800,177409,196944,2.05093e+06,1.79882e+09,141,2.36363e-06,4.33531e-05,0.00793468,2.77633e+09,9.98465e+08,0,6.44612e+09,6.44612e+09,1,0
2360,141600,descending,1,16184,53200,67514,13091,165344,13008,519,137724,139474,2.88402e+06,2.09612e+09,261,1.36586e-07,2.48506e-06,0.00774262,2.77633e+09,9.98465e+08,0,6.44612e+09,6.44612e+09,1,0
2370,142200,cecum,0.9575,4462,36551,31026,7704,167987,5811,750,144201,154148,838952,2.551e+09,41,2.31481e-05,0.00045956,0.00754044,2.80704e+09,1.00923e+09,0,6.44282e+09,6.44282e+09,1,0
2370,142200,transverse,1,10602,61770,53669,12801,218975,10062,803,179265,197868,1.96302e+06,1.79657e+09,141,2.36655e-06,4.3407e-05,0.00793508,2.80704e+09,1.00923e+09,0,6.44282e+09,6.44282e+09,1,0
2370,142200,descending,1,16750,52981,68290,13199,166145,13161,519,139005,140326,2.98644e+06,2.09507e+09,261,1.36826e-07,2.48942e-06,0.00774647,2.80704e+09,1.00923e+09,0,6.44282e+09,6.44282e+09,1,0
2380,142800,cecum,0.9525,4483,36104,31241,7750,168575,5853,752,145322,154628,843065,2.551e+09,41,2.31481e-05,0.00045956,0.00754044,2.83774e+09,1.01999e+09,0,6.43955e+09,6.43955e+09,1,0
2380,142800,transverse,1,11694,62223,54193,12936,221019,10162,816,181078,200702,2.16489e+06,1.79437e+09,141,2.36942e-06,4.346e-05,0.00793547,2.83774e+09,1.01999e+09,0,6.43955e+09,6.43955e+09,1,0
2380,142800,descending,1,16688,52275,69026,13303,167128,13300,521,140935,140752,2.97174e+06,2.094e+09,261,1.37064e-07,2.49375e-06,0.00775026,2.83774e+09,1.01999e+09,0,6.43955e+09,6.43955e+09,1,0
2390,143400,cecum,0.96,4359,35783,31428,7805,169159,5895,754,146322,154996,820322,2.551e+09,41,2.31481e-05,0.000459559,0.00754044,2.86842e+09,1.03074e+09,0,6.4363e+09,6.4363e+09,1,0
2390,143400,transverse,1,11353,63112,54729,13045,223636,10266,820,183015,202651,2.10121e+06,1.79221e+09,141,2.37223e-06,4.35121e-05,0.00793585,2.86842e+09,1.03074e+09,0,6.4363e+09,6.4363e+09,1,0
2390,143400,descending,1,17661,51893,69810,13435,167997,13459,522,142476,142100,3.14816e+06,2.0929e+09,261,1.37301e-07,2.49807e-06,0.007754,2.86842e+09,1.03074e+09,0,6.4363e+09,6.4363e+09,1,0
2400,144000,cecum,0.9275,4091,35881,31616,7842,170245,5930,761,147375,155691,769533,2.551e+09,41,2.31481e-05,0.000459559,0.00754044,2.89908e+09,1.04149e+09,0,6.43307e+09,6.43307e+09,1,0
2400,144000,transverse,0.9975,12464,64258,55242,13141,226589,10356,830,184998,206378,2.30805e+06,1.7901e+09,141,2.375e-06,4.35632e-05,0.00793622,2.89908e+09,1.04149e+09,0,6.43307e+09,6.43307e+09,1,0
2400,144000,descending,1,17606,51598,70630,13549,169031,13634,523,144093,142547,3.13523e+06,2.09179e+09,261,1.37537e-07,2.50236e-06,0.00775768,2.89908e+09,1.04149e+09,0,6.43307e+09,6.43307e+09,1,0
2410,144600,cecum,0.93,4258,35732,31808,7888,170964,5979,765,148334,156476,800894,2.551e+09,41,2.31481e-05,0.000459559,0.00754044,2.92973e+09,1.05223e+09,0,6.42986e+09,6.42986e+09,1,0
2410,144600,transverse,1,11971,63828,55756,13271,227843,10458,844,186900,206843,2.21759e+06,1.78803e+09,141,2.37772e-06,4.36134e-05,0.00793659,2.92973e+09,1.05223e+09,0,6.42986e+09,6.42986e+09,1,0
2410,144600,descending,1,17828,51540,71471,13667,169794,13809,527,145203,142980,3.17199e+06,2.09065e+09,261,1.37772e-07,2.50663e-06,0.00776131,2.92973e+09,1.05223e+09,0,6.42986e+09,6.42986e+09,1,0
2420,145200,cecum,0.9425,4618,35279,32013,7931,171431,6021,771,149333,157177,867983,2.551e+09,41,2.31481e-05,0.000459559,0.00754044,2.96036e+09,1.06296e+09,0,6.42668e+09,6.42668e+09,1,0
2420,145200,transverse,1,10207,65663,56223,13391,231253,10544,845,188680,208227,1.8905e+06,1.786e+09,141,2.38039e-06,4.36627e-05,0.00793695,2.96036e+09,1.06296e+09,0,6.42668e+09,6.42668e+09,1,0
2420,145200,descending,1,18334,51378,72331,13781,171208,13963,560,147014,144275,3.26418e+06,2.0895e+09,261,1.38005e-07,2.51087e-06,0.00776489,2.96036e+09,1.06296e+09,0,6.42668e+09,6.42668e+09,1,0
2430,145800,cecum,0.9225,4435,35348,32228,7975,172472,6063,771,150391,157906,833692,2.551e+09,41,2.31481e-05,0.000459559,0.00754044,2.99097e+09,1.07369e+09,0,6.42352e+09,6.42352e+09,1,0
2430,145800,transverse,1,9957,64886,56674,13474,232220,10628,853,190583,208652,1.84439e+06,1.78401e+09,141,2.38301e-06,4.37111e-05,0.0079373,2.99097e+09,1.07369e+09,0,6.42352e+09,6.42352e+09,1,0
2430,145800,descending,1,18310,52718,73170,13926,174002,14107,570,148747,146485,3.26032e+06,2.08832e+09,261,1.38237e-07,2.51509e-06,0.00776841,2.99097e+09,1.07369e+09,0,6.42352e+09,6.42352e+09,1,0
2440,146400,cecum,0.8875,4077,35615,32439,8019,173812,6095,775,151536,158749,767355,2.551e+09,41,2.31481e-05,0.000459559,0.00754044,3.02157e+09,1.08441e+09,0,6.42039e+09,6.42039e+09,1,0
2440,146400,transverse,1,11385,65273,57155,13563,234263,10721,865,192409,211812,2.10769e+06,1.78207e+09,141,2.38558e-06,4.37586e-05,0.00793764,3.02157e+09,1.08441e+09,0,6.42039e+09,6.42039e+09,1,0
2440,146400,descending,1,18790,52682,73995,14069,174971,14260,584,150034,147391,3.34706e+06,2.08713e+09,261,1.38467e-07,2.51928e-06,0.00777188,3.02157e+09,1.08441e+09,0,6.42039e+09,6.42039e+09,1,0
2450,147000,cecum,0.875,4102,35931,32630,8065,175111,6126,779,152592,159955,771880,2.551e+09,41,2.31481e-05,0.000459559,0.00754044,3.05215e+09,1.09512e+09,0,6.41727e+09,6.41727e+09,1,0
2450,147000,transverse,1,10452,65216,57637,13664,235918,10812,875,194303,212234,1.93562e+06,1.78016e+09,141,2.38811e-06,4.38052e-05,0.00793798,3.05215e+09,1.09512e+09,0,6.41727e+09,6.41727e+09,1,0
2450,147000,descending,1,18568,52107,74878,14210,175780,14420,589,151714,147391,3.30131e+06,2.08593e+09,261,1.38697e-07,2.52345e-06,0.0077753,3.05215e+09,1.09512e+09,0,6.41727e+09,6.41727e+09,1,0
2460,147600,cecum,0.8925,4294,36028,32825,8120,176057,6162,781,153530,160987,808281,2.551e+09,41,2.31481e-05,0.000459559,0.00754044,3.08271e+09,1.10583e+09,0,6.41419e+09,6.41419e+09,1,0
2460,147600,transverse,1,11037,65170,58193,13758,237645,10900,939,196194,214108,2.04435e+06,1.7783e+09,141,2.39059e-06,4.3851e-05,0.00793831,3.08271e+09,1.10583e+09,0,6.41419e+09,6.41419e+09,1,0
2460,147600,descending,1,18950,53320,75734,14321,178159,14591,593,153158,149574,3.37601e+06,2.08471e+09,261,1.38924e-07,2.52759e-06,0.00777867,3.08271e+09,1.10583e+09,0,6.41419e+09,6.41419e+09,1,0
2470,148200,cecum,0.925,4483,35850,33044,8180,176836,6197,795,154568,161817,843505,2.551e+09,41,2.31481e-05,0.000459559,0.00754044,3.11325e+09,1.11653e+09,0,6.41113e+09,6.41113e+09,1,0
2470,148200,transverse,1,11137,64691,58716,13865,238835,11004,953,198060,215072,2.06387e+06,1.77647e+09,141,2.39302e-06,4.3896e-05,0.00793863,3.11325e+09,1.11653e+09,0,6.41113e+09,6.41113e+09,1,0
2470,148200,descending,1,18964,52884,76549,14443,178687,14743,594,154395,149574,3.37556e+06,2.08347e+09,261,1.39151e-07,2.5317e-06,0.00778199,3.11325e+09,1.11653e+09,0,6.41113e+09,6.41113e+09,1,0
2480,148800,cecum,0.9375,4584,35691,33253,8226,177604,6243,802,155580,162562,861607,2.551e+09,41,2.31481e-05,0.000459559,0.00754044,3.14377e+09,1.12723e+09,0,6.40809e+09,6.40809e+09,1,0
2480,148800,transverse,1,11349,65371,59242,13984,241232,11098,955,199988,217366,2.10204e+06,1.77468e+09,141,2.39541e-06,4.39401e-05,0.00793895,3.14377e+09,1.12723e+09,0,6.40809e+09,6.40809e+09,1,0
2480,148800,descending,1,18899,52562,77408,14599,179300,14906,602,155641,149574,3.35904e+06,2.08222e+09,261,1.39375e-07,2.53579e-06,0.00778526,3.14377e+09,1.12723e+09,0,6.40809e+09,6.40809e+09,1,0
2490,149400,cecum,0.9275,4105,36124,33458,8272,178935,6285,804,156564,163295,772811,2.551e+09,41,2.31481e-05,0.000459559,0.00754044,3.17428e+09,1.13791e+09,0,6.40508e+09,6.40508e+09,1,0
2490,149400,transverse,1,10852,65594,59807,14110,242954,11189,956,201703,218242,2.01002e+06,1.77293e+09,141,2.39776e-06,4.39834e-05,0.00793926,3.17428e+09,1.13791e+09,0,6.40508e+09,6.40508e+09,1,0
2490,149400,descending,1,18808,52280,78303,14715,180021,15066,613,156909,149574,3.33995e+06,2.08096e+09,261,1.39598e-07,2.53985e-06,0.00778849,3.17428e+09,1.13791e+09,0,6.40508e+09,6.40508e+09,1,0
2500,150000,cecum,0.9025,3995,36076,33641,8322,179843,6319,810,157598,163988,751639,2.551e+09,41,2.31481e-05,0.000459559,0.00754044,3.20477e+09,1.1486e+09,0,6.40209e+09,6.40209e+09,1,0
2500,150000,transverse,1,11728,65669,60295,14203,244735,11276,961,203584,220586,2.17292e+06,1.77121e+09,141,2.40006e-06,4.40259e-05,0.00793956,3.20477e+09,1.1486e+09,0,6.40209e+09,6.40209e+09,1,0
2500,150000,descending,1,19964,52588,79203,14845,181153,15239,616,158033,151262,3.55341e+06,2.07969e+09,261,1.3982e-07,2.54388e-06,0.00779166,3.20477e+09,1.1486e+09,0,6.40209e+09,6.40209e+09,1,0
2510,150600,cecum,0.905,4213,36081,33825,8360,180779,6351,811,158598,165027,793310,2.551e+09,41,2.31481e-05,0.000459559,0.00754044,3.23523e+09,1.15927e+09,0,6.39913e+09,6.39913e+09,1,0
2510,150600,transverse,1,10650,65281,60781,14308,246096,11383,970,205536,220586,1.97329e+06,1.76953e+09,141,2.40232e-06,4.40677e-05,0.00793986,3.23523e+09,1.15927e+09,0,6.39913e+09,6.39913e+09,1,0
2510,150600,descending,1,18676,55495,80144,14976,185215,15432,618,159510,153417,3.32042e+06,2.07841e+09,261,1.4004e-07,2.54789e-06,0.00779479,3.23523e+09,1.15927e+09,0,6.39913e+09,6.39913e+09,1,0
2520,151200,cecum,0.9225,4562,35703,34013,8402,181357,6384,812,159628,165840,858198,2.551e+09,41,2.31481e-05,0.000459559,0.00754044,3.26568e+09,1.16994e+09,0,6.39619e+09,6.39619e+09,1,0
2520,151200,transverse,1,11214,65168,61296,14427,247630,11481,977,207393,222379,2.07711e+06,1.76788e+09,141,2.40454e-06,4.41086e-05,0.00794015,3.26568e+09,1.16994e+09,0,6.39619e+09,6.39619e+09,1,0
2520,151200,descending,1,19221,55140,81058,15115,186112,15607,623,161071,154254,3.41755e+06,2.07712e+09,261,1.40259e-07,2.55186e-06,0.00779787,3.26568e+09,1.16994e+09,0,6.39619e+09,6.39619e+09,1,0
2530,151800,cecum,0.9475,4366,35656,34206,8453,182249,6423,820,160649,166425,821528,2.551e+09,41,2.31481e-05,0.000459559,0.00754044,3.29611e+09,1.18061e+09,0,6.39328e+09,6.39328e+09,1,0
2530,151800,transverse,1,11476,64936,61778,14520,249069,11571,993,209231,223765,2.12503e+06,1.76627e+09,141,2.40671e-06,4.41488e-05,0.00794043,3.29611e+09,1.18061e+09,0,6.39328e+09,6.39328e+09,1,0
2530,151800,descending,1,18979,57842,81931,15253,189551,15780,627,162115,156885,3.38128e+06,2.07581e+09,261,1.40476e-07,2.55581e-06,0.00780091,3.29611e+09,1.18061e+09,0,6.39328e+09,6.39328e+09,1,0
2540,152400,cecum,0.92,4274,35735,34396,8509,183305,6453,855,161677,167250,804212,2.551e+09,41,2.31481e-05,0.000459559,0.00754044,3.32653e+09,1.19127e+09,0,6.39039e+09,6.39039e+09,1,0
2540,152400,transverse,1,10533,64840,62287,14614,250808,11670,1014,211238,224224,1.9507e+06,1.76469e+09,141,2.40885e-06,4.41883e-05,0.00794071,3.32653e+09,1.19127e+09,0,6.39039e+09,6.39039e+09,1,0
2540,152400,descending,1,18754,57933,82779,15398,191166,15953,638,163946,157734,3.33855e+06,2.07451e+09,261,1.40692e-07,2.55973e-06,0.0078039,3.32653e+09,1.19127e+09,0,6.39039e+09,6.39039e+09,1,0
2550,153000,cecum,0.9225,4499,35714,34594,8551,184148,6486,858,162613,168192,845616,2.551e+09,41,2.31481e-05,0.000459559,0.00754044,3.35692e+09,1.20192e+09,0,6.38753e+09,6.38753e+09,1,0
2550,153000,transverse,1,11145,64349,62816,14718,251942,11783,1015,213079,225657,2.06401e+06,1.76315e+09,141,2.41094e-06,4.4227e-05,0.00794098,3.35692e+09,1.20192e+09,0,6.38753e+09,6.38753e+09,1,0
2550,153000,descending,1,19688,57209,83654,15511,192073,16138,644,165869,158992,3.51096e+06,2.07319e+09,261,1.40905e-07,2.56362e-06,0.00780685,3.35692e+09,1.20192e+09,0,6.38753e+09,6.38753e+09,1,0
2560,153600,cecum,0.9375,4405,35659,34815,8594,185035,6535,859,163646,168855,827892,2.551e+09,41,2.31481e-05,0.000459559,0.00754044,3.38729e+09,1.21257e+09,0,6.38469e+09,6.38469e+09,1,0
2560,153600,transverse,1,11140,64886,63349,14813,254060,11890,1022,214855,227432,2.06368e+06,1.76163e+09,141,2.413e-06,4.4265e-05,0.00794125,3.38729e+09,1.21257e+09,0,6.38469e+09,6.38469e+09,1,0
2560,153600,descending,1,19513,56779,84520,15643,192822,16300,646,167340,158992,3.47503e+06,2.07187e+09,261,1.41118e-07,2.56748e-06,0.00780975,3.38729e+09,1.21257e+09,0,6.38469e+09,6.38469e+09,1,0
2570,154200,cecum,0.95,4339,35307,35018,8650,185715,6576,862,164772,169360,815711,2.551e+09,41,2.31481e-05,0.000459559,0.00754044,3.41765e+09,1.22321e+09,0,6.38188e+09,6.38188e+09,1,0
2570,154200,transverse,1,12136,64898,63872,14923,255648,11993,1037,216629,229691,2.24764e+06,1.76015e+09,141,2.41502e-06,4.43022e-05,0.00794151,3.41765e+09,1.22321e+09,0,6.38188e+09,6.38188e+09,1,0
2570,154200,descending,1,20093,56386,85480,15789,193766,16487,656,169000,159879,3.57789e+06,2.07054e+09,261,1.41328e-07,2.57131e-06,0.00781262,3.41765e+09,1.22321e+09,0,6.38188e+09,6.38188e+09,1,0
2580,154800,cecum,0.9425,4364,35175,35216,8694,186502,6614,867,165768,170051,819875,2.551e+09,41,2.31481e-05,0.000459559,0.00754044,3.44798e+09,1.23384e+09,0,6.37909e+09,6.37909e+09,1,0
2580,154800,transverse,1,11723,64815,64454,15025,257372,12112,1051,218643,230627,2.17142e+06,1.75869e+09,141,2.417e-06,4.43388e-05,0.00794177,3.44798e+09,1.23384e+09,0,6.37909e+09,6.37909e+09,1,0
2580,154800,descending,1,19096,56361,86362,15939,195698,16664,663,171277,160252,3.3956e+06,2.06921e+09,261,1.41537e-07,2.57511e-06,0.00781543,3.44798e+09,1.23384e+09,0,6.37909e+09,6.37909e+09,1,0
2590,155400,cecum,0.93,4331,35173,35430,8739,187332,6648,873,166673,170707,814797,2.551e+09,41,2.31481e-05,0.000459559,0.00754044,3.47829e+09,1.24447e+09,0,6.37633e+09,6.37633e+09,1,0
2590,155400,transverse,1,11268,65043,64995,15148,259540,12210,1065,220790,232006,2.08671e+06,1.75727e+09,141,2.41894e-06,4.43747e-05,0.00794202,3.47829e+09,1.24447e+09,0,6.37633e+09,6.37633e+09,1,0
2590,155400,descending,1,18793,57464,87270,16064,197924,16848,672,172700,161567,3.34144e+06,2.06787e+09,261,1.41745e-07,2.57888e-06,0.00781821,3.47829e+09,1.24447e+09,0,6.37633e+09,6.37633e+09,1,0
2600,156000,cecum,0.92,4419,34931,35652,8784,188118,6679,874,167776,171434,830316,2.551e+09,41,2.31481e-05,0.000459559,0.00754044,3.50859e+09,1.25509e+09,0,6.3736e+09,6.3736e+09,1,0
2600,156000,transverse,1,11393,65904,65533,15245,262113,12308,1065,222697,234361,2.10933e+06,1.75588e+09,141,2.42085e-06,4.44099e-05,0.00794226,3.50859e+09,1.25509e+09,0,6.3736e+09,6.3736e+09,1,0
2600,156000,descending,1,18789,56556,88116,16192,198476,17020,674,174458,161567,3.3373e+06,2.06653e+09,261,1.4195e-07,2.58263e-06,0.00782095,3.50859e+09,1.25509e+09,0,6.3736e+09,6.3736e+09,1,0
2610,156600,cecum,0.905,4155,35276,35830,8835,189291,6718,878,168690,172251,780832,2.551e+09,41,2.31481e-05,0.000459559,0.00754044,3.53886e+09,1.26571e+09,0,6.37089e+09,6.37089e+09,1,0
2610,156600,transverse,1,11845,64802,66081,15339,262940,12425,1070,224832,235298,2.19327e+06,1.75451e+09,141,2.42272e-06,4.44444e-05,0.0079425,3.53886e+09,1.26571e+09,0,6.37089e+09,6.37089e+09,1,0
2610,156600,descending,1,19255,56780,88960,16317,200302,17179,678,176340,163295,3.42321e+06,2.06518e+09,261,1.42154e-07,2.58634e-06,0.00782364,3.53886e+09,1.26571e+09,0,6.37089e+09,6.37089e+09,1,0
2620,157200,cecum,0.9,4441,35036,36053,8869,190007,6760,885,169715,173099,834575,2.551e+09,41,2.31481e-05,0.000459559,0.00754044,3.56912e+09,1.27633e+09,0,6.3682e+09,6.3682e+09,1,0
2620,157200,transverse,1,11582,64009,66678,15463,264027,12537,1078,226940,235753,2.14561e+06,1.75318e+09,141,2.42455e-06,4.44783e-05,0.00794274,3.56912e+09,1.27633e+09,0,6.3682e+09,6.3682e+09,1,0
2620,157200,descending,1,19518,56541,89802,16447,201474,17337,678,178039,164176,3.47168e+06,2.06384e+09,261,1.42357e-07,2.59002e-06,0.0078263,3.56912e+09,1.27633e+09,0,6.3682e+09,6.3682e+09,1,0
2630,157800,cecum,0.915,4334,35326,36281,8915,191221,6810,889,170731,174070,814511,2.551e+09,41,2.3148e-05,0.000459559,0.00754044,3.59936e+09,1.28693e+09,0,6.36554e+09,6.36554e+09,1,0
2630,157800,transverse,1,11680,63861,67229,15553,265591,12630,1091,228822,237034,2.16415e+06,1.75187e+09,141,2.42635e-06,4.45116e-05,0.00794297,3.59936e+09,1.28693e+09,0,6.36554e+09,6.36554e+09,1,0
2630,157800,descending,1,19389,55505,90701,16562,202193,17534,681,180103,164176,3.44323e+06,2.06249e+09,261,1.42558e-07,2.59367e-06,0.00782891,3.59936e+09,1.28693e+09,0,6.36554e+09,6.36554e+09,1,0
2640,158400,cecum,0.9275,4270,35330,36465,8958,192220,6839,895,171792,174887,802276,2.551e+09,41,2.3148e-05,0.000459559,0.00754044,3.62957e+09,1.29754e+09,0,6.36291e+09,6.36291e+09,1,0
2640,158400,transverse,1,11944,64058,67787,15642,267525,12724,1098,230735,238850,2.2116e+06,1.75058e+09,141,2.42812e-06,4.45442e-05,0.0079432,3.62957e+09,1.29754e+09,0,6.36291e+09,6.36291e+09,1,0
2640,158400,descending,1,18830,55648,91566,16697,203757,17701,690,181817,164609,3.34372e+06,2.06114e+09,261,1.42757e-07,2.59729e-06,0.00783149,3.62957e+09,1.29754e+09,0,6.36291e+09,6.36291e+09,1,0
2650,159000,cecum,0.925,4128,35235,36651,8989,193161,6879,897,172897,175569,777118,2.551e+09,41,2.3148e-05,0.000459559,0.00754044,3.65977e+09,1.30813e+09,0,6.3603e+09,6.3603e+09,1,0
2650,159000,transverse,1,10868,63880,68325,15736,268950,12821,1100,232527,238850,2.01282e+06,1.74933e+09,141,2.42985e-06,4.45762e-05,0.00794342,3.65977e+09,1.30813e+09,0,6.3603e+09,6.3603e+09,1,0
2650,159000,descending,1,19883,55271,92448,16819,204514,17882,700,183244,165830,3.53555e+06,2.05978e+09,261,1.42954e-07,2.60088e-06,0.00783403,3.65977e+09,1.30813e+09,0,6.3603e+09,6.3603e+09,1,0
2660,159600,cecum,0.905,4302,35255,36847,9036,194053,6919,897,173856,176526,808951,2.551e+09,41,2.3148e-05,0.000459559,0.00754044,3.68994e+09,1.31872e+09,0,6.35772e+09,6.35772e+09,1,0
2660,159600,transverse,1,11497,63327,68823,15848,269978,12912,1108,234303,240204,2.12978e+06,1.7481e+09,141,2.43155e-06,4.46076e-05,0.00794363,3.68994e+09,1.31872e+09,0,6.35772e+09,6.35772e+09,1,0
2660,159600,descending,1,19556,54924,93322,16919,205463,18036,702,184792,165830,3.47228e+06,2.05843e+09,261,1.4315e-07,2.60444e-06,0.00783653,3.68994e+09,1.31872e+09,0,6.35772e+09,6.35772e+09,1,0
2670,160200,cecum,0.9375,4701,34761,37045,9099,194483,6948,898,174871,177248,882993,2.551e+09,41,2.3148e-05,0.000459559,0.00754044,3.7201e+09,1.32931e+09,0,6.35516e+09,6.35516e+09,1,0
2670,160200,transverse,1,12016,63064,69404,15935,271234,13049,1120,236034,241610,2.22599e+06,1.74689e+09,141,2.43321e-06,4.46383e-05,0.00794384,3.7201e+09,1.32931e+09,0,6.35516e+09,6.35516e+09,1,0
2670,160200,descending,1,19609,54205,94217,17036,206005,18226,709,186353,165830,3.47914e+06,2.05708e+09,261,1.43344e-07,2.60797e-06,0.00783899,3.7201e+09,1.32931e+09,0,6.35516e+09,6.35516e+09,1,0
2680,160800,cecum,0.9375,4373,34720,37231,9139,195498,6983,899,176001,177823,822473,2.551e+09,41,2.3148e-05,0.000459559,0.00754044,3.75024e+09,1.33989e+09,0,6.35262e+09,6.35262e+09,1,0
2680,160800,transverse,1,11400,62948,69997,16051,272701,13148,1122,237830,242081,2.1123e+06,1.74571e+09,141,2.43485e-06,4.46685e-05,0.00794405,3.75024e+09,1.33989e+09,0,6.35262e+09,6.35262e+09,1,0
2680,160800,descending,1,19860,55020,95138,17155,208091,18394,713,187907,167529,3.52922e+06,2.05572e+09,261,1.43536e-07,2.61147e-06,0.00784142,3.75024e+09,1.33989e+09,0,6.35262e+09,6.35262e+09,1,0
2690,161400,cecum,0.9225,4436,34319,37439,9190,196060,7015,903,177043,178319,834412,2.551e+09,41,2.3148e-05,0.000459558,0.00754044,3.78035e+09,1.35047e+09,0,6.35012e+09,6.35012e+09,1,0
2690,161400,transverse,1,12359,62762,70574,16149,274368,13268,1123,239900,244347,2.28984e+06,1.74456e+09,141,2.43645e-06,4.46981e-05,0.00794425,3.78035e+09,1.35047e+09,0,6.35012e+09,6.35012e+09,1,0
2690,161400,descending,1,19971,54892,96088,17272,209546,18570,713,189783,168438,3.54963e+06,2.05437e+09,261,1.43727e-07,2.61493e-06,0.0078438,3.78035e+09,1.35047e+09,0,6.35012e+09,6.35012e+09,1,0
2700,162000,cecum,0.8925,4180,34897,37620,9232,197485,7056,909,177967,179384,785676,2.551e+09,41,2.3148e-05,0.000459558,0.00754044,3.81045e+09,1.36104e+09,0,6.34763e+09,6.34763e+09,1,0
2700,162000,transverse,1,12388,62837,71135,16255,276097,13372,1123,241764,245754,2.29473e+06,1.74343e+09,141,2.43803e-06,4.47272e-05,0.00794445,3.81045e+09,1.36104e+09,0,6.34763e+09,6.34763e+09,1,0
2700,162000,descending,1,20208,54202,97054,17408,209968,18743,715,191202,168438,3.58891e+06,2.05302e+09,261,1.43916e-07,2.61837e-06,0.00784616,3.81045e+09,1.36104e+09,0,6.34763e+09,6.34763e+09,1,0
2710,162600,cecum,0.9175,4419,34855,37820,9273,198378,7095,913,178978,180392,831498,2.551e+09,41,2.3148e-05,0.000459558,0.00754044,3.84053e+09,1.3716e+09,0,6.34517e+09,6.34517e+09,1,0
2710,162600,transverse,1,11547,63995,71746,16363,278750,13497,1124,243491,247187,2.13869e+06,1.74232e+09,141,2.43957e-06,4.47557e-05,0.00794465,3.84053e+09,1.3716e+09,0,6.34517e+09,6.34517e+09,1,0
2710,162600,descending,1,20070,54760,98025,17533,212084,18927,721,193063,169748,3.56579e+06,2.05167e+09,261,1.44104e-07,2.62178e-06,0.00784848,3.84053e+09,1.3716e+09,0,6.34517e+09,6.34517e+09,1,0
2720,163200,cecum,0.915,4454,34695,38005,9322,199281,7146,915,180139,181243,838236,2.551e+09,41,2.3148e-05,0.000459558,0.00754044,3.87059e+09,1.38216e+09,0,6.34274e+09,6.34274e+09,1,0
2720,163200,transverse,1,11798,63009,72338,16453,279325,13612,1127,245254,247623,2.18502e+06,1.74123e+09,141,2.44108e-06,4.47836e-05,0.00794484,3.87059e+09,1.38216e+09,0,6.34274e+09,6.34274e+09,1,0
2720,163200,descending,1,20197,54211,98998,17647,212628,19118,724,194458,169748,3.58479e+06,2.05032e+09,261,1.44289e-07,2.62516e-06,0.00785076,3.87059e+09,1.38216e+09,0,6.34274e+09,6.34274e+09,1,0
2730,163800,cecum,0.93,4543,34502,38218,9370,199956,7192,916,181100,181887,854955,2.551e+09,41,2.3148e-05,0.000459558,0.00754044,3.90062e+09,1.39272e+09,0,6.34033e+09,6.34033e+09,1,0
2730,163800,transverse,1,12027,62804,72950,16547,280792,13738,1129,247144,248925,2.22765e+06,1.74017e+09,141,2.44256e-06,4.4811e-05,0.00794502,3.90062e+09,1.39272e+09,0,6.34033e+09,6.34033e+09,1,0
2730,163800,descending,1,21225,53400,99932,17780,213083,19297,730,196030,170603,3.77053e+06,2.04898e+09,261,1.44473e-07,2.6285e-06,0.00785301,3.90062e+09,1.39272e+09,0,6.34033e+09,6.34033e+09,1,0
2740,164400,cecum,0.9,4091,34959,38414,9409,201405,7233,917,182171,182767,770276,2.551e+09,41,2.3148e-05,0.000459558,0.00754044,3.93064e+09,1.40327e+09,0,6.33795e+09,6.33795e+09,1,0
2740,164400,transverse,1,13249,63652,73564,16634,283094,13858,1133,248801,252038,2.45373e+06,1.73913e+09,141,2.44402e-06,4.48379e-05,0.00794521,3.93064e+09,1.40327e+09,0,6.33795e+09,6.33795e+09,1,0
2740,164400,descending,1,22649,54390,100988,17890,214915,19509,734,197190,173121,4.02964e+06,2.04763e+09,261,1.44656e-07,2.63182e-06,0.00785523,3.93064e+09,1.40327e+09,0,6.33795e+09,6.33795e+09,1,0
2750,165000,cecum,0.9,4283,35056,38624,9449,202457,7271,921,183200,183875,805366,2.551e+09,41,2.3148e-05,0.000459558,0.00754044,3.96064e+09,1.41382e+09,0,6.33559e+09,6.33559e+09,1,0
2750,165000,transverse,1,11968,65159,74140,16738,286579,13991,1139,251010,253897,2.21676e+06,1.73811e+09,141,2.44545e-06,4.48643e-05,0.00794539,3.96064e+09,1.41382e+09,0,6.33559e+09,6.33559e+09,1,0
2750,165000,descending,1,21341,55480,102049,18035,217405,19692,739,198913,173565,3.79201e+06,2.04629e+09,261,1.44836e-07,2.63511e-06,0.00785741,3.96064e+09,1.41382e+09,0,6.33559e+09,6.33559e+09,1,0
2760,165600,cecum,0.9475,4546,34664,38854,9498,203097,7307,922,184316,184632,853532,2.551e+09,41,2.3148e-05,0.000459558,0.00754044,3.99062e+09,1.42436e+09,0,6.33326e+09,6.33326e+09,1,0
2760,165600,transverse,1,12746,65020,74681,16828,288018,14095,1203,252718,255703,2.3592e+06,1.73711e+09,141,2.44685e-06,4.48902e-05,0.00794556,3.99062e+09,1.42436e+09,0,6.33326e+09,6.33326e+09,1,0
2760,165600,descending,1,20212,56945,102979,18157,220021,19855,745,200343,174401,3.58778e+06,2.04495e+09,261,1.45015e-07,2.63836e-06,0.00785956,3.99062e+09,1.42436e+09,0,6.33326e+09,6.33326e+09,1,0
2770,166200,cecum,0.9225,4072,35120,39052,9542,204386,7342,925,185225,185325,767108,2.551e+09,41,2.3148e-05,0.000459558,0.00754044,4.02058e+09,1.43489e+09,0,6.33094e+09,6.33094e+09,1,0
2770,166200,transverse,1,11497,65435,75248,16924,290125,14182,1205,254591,256175,2.12834e+06,1.73613e+09,141,2.44822e-06,4.49155e-05,0.00794573,4.02058e+09,1.43489e+09,0,6.33094e+09,6.33094e+09,1,0
2770,166200,descending,1,20067,56670,103925,18282,220792,20054,749,201709,174401,3.5572e+06,2.04362e+09,261,1.45193e-07,2.64159e-06,0.00786168,4.02058e+09,1.43489e+09,0,6.33094e+09,6.33094e+09,1,0
2780,166800,cecum,0.9225,4048,35091,39223,9585,205286,7390,930,186240,186116,762085,2.551e+09,41,2.3148e-05,0.000459558,0.00754044,4.05052e+09,1.44543e+09,0,6.32866e+09,6.32866e+09,1,0
2780,166800,transverse,1,11825,66324,75791,17012,292935,14282,1217,256688,258946,2.18953e+06,1.73517e+09,141,2.44956e-06,4.49404e-05,0.0079459,4.05052e+09,1.44543e+09,0,6.32866e+09,6.32866e+09,1,0
2780,166800,descending,1,21042,56657,104834,18397,222203,20216,751,203408,176153,3.73735e+06,2.04229e+09,261,1.45368e-07,2.64478e-06,0.00786377,4.05052e+09,1.44543e+09,0,6.32866e+09,6.32866e+09,1,0
2790,167400,cecum,0.8925,4155,35044,39435,9624,206282,7436,942,187356,187080,782397,2.551e+09,41,2.3148e-05,0.000459558,0.00754044,4.08044e+09,1.45595e+09,0,6.3264e+09,6.3264e+09,1,0
2790,167400,transverse,1,11726,65979,76333,17110,293857,14378,1221,258145,259417,2.17109e+06,1.73423e+09,141,2.45088e-06,4.49648e-05,0.00794607,4.08044e+09,1.45595e+09,0,6.3264e+09,6.3264e+09,1,0
2790,167400,descending,1,20954,56699,105839,18535,223381,20415,751,204881,176575,3.71978e+06,2.04097e+09,261,1.45542e-07,2.64795e-06,0.00786582,4.08044e+09,1.45595e+09,0,6.3264e+09,6.3264e+09,1,0
2800,168000,cecum,0.9225,4181,35093,39632,9678,207222,7481,949,188339,187941,786142,2.551e+09,41,2.3148e-05,0.000459558,0.00754044,4.11034e+09,1.46648e+09,0,6.32416e+09,6.32416e+09,1,0
2800,168000,transverse,1,12073,65210,76865,17219,294807,14475,1229,260062,260380,2.2361e+06,1.73331e+09,141,2.45218e-06,4.49887e-05,0.00794623,4.11034e+09,1.46648e+09,0,6.32416e+09,6.32416e+09,1,0
2800,168000,descending,1,22301,56592,106831,18682,224756,20602,755,206693,178635,3.96693e+06,2.03965e+09,261,1.45715e-07,2.65108e-06,0.00786785,4.11034e+09,1.46648e+09,0,6.32416e+09,6.32416e+09,1,0
2810,168600,cecum,0.93,3993,34839,39804,9712,208175,7516,951,189613,188601,750944,2.551e+09,41,2.3148e-05,0.000459558,0.00754044,4.14022e+09,1.47699e+09,0,6.32194e+09,6.32194e+09,1,0
2810,168600,transverse,1,11561,65026,77385,17323,296097,14558,1247,261705,260807,2.14091e+06,1.73241e+09,141,2.45345e-06,4.50121e-05,0.00794638,4.14022e+09,1.47699e+09,0,6.32194e+09,6.32194e+09,1,0
2810,168600,descending,1,21906,56057,107833,18808,225858,20777,761,208625,178635,3.88968e+06,2.03834e+09,261,1.45886e-07,2.65419e-06,0.00786984,4.14022e+09,1.47699e+09,0,6.32194e+09,6.32194e+09,1,0
2820,169200,cecum,0.94,4092,34870,40002,9750,208948,7559,952,190435,189355,769355,2.551e+09,41,2.3148e-05,0.000459558,0.00754044,4.17008e+09,1.48751e+09,0,6.31975e+09,6.31975e+09,1,0
2820,169200,transverse,1,13131,64950,77915,17393,297681,14679,1247,263556,263622,2.43196e+06,1.73153e+09,141,2.45469e-06,4.50351e-05,0.00794654,4.17008e+09,1.48751e+09,0,6.31975e+09,6.31975e+09,1,0
2820,169200,descending,1,20752,57491,108799,18937,228453,20971,771,210099,179423,3.6816e+06,2.03703e+09,261,1.46055e-07,2.65726e-06,0.0078718,4.17008e+09,1.48751e+09,0,6.31975e+09,6.31975e+09,1,0
2830,169800,cecum,0.96,4394,34391,40173,9789,209317,7595,953,191357,189929,825243,2.551e+09,41,2.3148e-05,0.000459558,0.00754044,4.19992e+09,1.49802e+09,0,6.31759e+09,6.31759e+09,1,0
2830,169800,transverse,1,11785,65195,78496,17513,299842,14788,1252,265696,264080,2.18299e+06,1.73067e+09,141,2.45591e-06,4.50576e-05,0.00794669,4.19992e+09,1.49802e+09,0,6.31759e+09,6.31759e+09,1,0
2830,169800,descending,1,22029,58281,109808,19081,230406,21134,780,211560,181942,3.92045e+06,2.03572e+09,261,1.46222e-07,2.6603e-06,0.00787374,4.19992e+09,1.49802e+09,0,6.31759e+09,6.31759e+09,1,0
2840,170400,cecum,0.96,4245,34015,40383,9831,209922,7638,956,192420,190257,797305,2.551e+09,41,2.3148e-05,0.000459558,0.00754044,4.22975e+09,1.50852e+09,0,6.31544e+09,6.31544e+09,1,0
2840,170400,transverse,1,11984,64055,79056,17606,300998,14879,1265,268163,265046,2.21951e+06,1.72982e+09,141,2.45711e-06,4.50797e-05,0.00794684,4.22975e+09,1.50852e+09,0,6.31544e+09,6.31544e+09,1,0
2840,170400,descending,1,20655,59096,110853,19224,232901,21351,787,213593,182371,3.66937e+06,2.03443e+09,261,1.46388e-07,2.66332e-06,0.00787564,4.22975e+09,1.50852e+09,0,6.31544e+09,6.31544e+09,1,0
2850,171000,cecum,0.9125,3818,34281,40594,9871,211028,7680,959,193339,190804,718149,2.551e+09,41,2.3148e-05,0.000459558,0.00754044,4.25955e+09,1.51902e+09,0,6.31333e+09,6.31333e+09,1,0
2850,171000,transverse,1,12078,62705,79673,17700,301311,15001,1271,270036,265046,2.23732e+06,1.729e+09,141,2.45828e-06,4.51014e-05,0.00794698,4.25955e+09,1.51902e+09,0,6.31333e+09,6.31333e+09,1,0
2850,171000,descending,1,20837,59375,111762,19361,234631,21517,787,215347,183677,3.70151e+06,2.03313e+09,261,1.46552e-07,2.6663e-06,0.00787752,4.25955e+09,1.51902e+09,0,6.31333e+09,6.31333e+09,1,0
2860,171600,cecum,0.9225,4198,34034,40801,9898,211590,7718,961,194211,191602,788983,2.551e+09,41,2.3148e-05,0.000459558,0.00754044,4.28934e+09,1.52952e+09,0,6.31123e+09,6.31123e+09,1,0
2860,171600,transverse,1,13992,62305,80303,17797,302538,15127,1271,271886,267780,2.59152e+06,1.72818e+09,141,2.45943e-06,4.51226e-05,0.00794712,4.28934e+09,1.52952e+09,0,6.31123e+09,6.31123e+09,1,0
2860,171600,descending,1,21296,58710,112745,19495,235675,21713,797,217376,184517,3.78516e+06,2.03185e+09,261,1.46715e-07,2.66926e-06,0.00787937,4.28934e+09,1.52952e+09,0,6.31123e+09,6.31123e+09,1,0
2870,172200,cecum,0.9425,4444,33610,40993,9943,212147,7750,965,195265,192286,833212,2.551e+09,41,2.3148e-05,0.000459558,0.00754044,4.31911e+09,1.54001e+09,0,6.30916e+09,6.30916e+09,1,0
2870,172200,transverse,1,13701,63454,80883,17918,304963,15247,1272,273402,269574,2.53734e+06,1.72739e+09,141,2.46055e-06,4.51434e-05,0.00794726,4.31911e+09,1.54001e+09,0,6.30916e+09,6.30916e+09,1,0
2870,172200,descending,1,21591,57608,113693,19628,236009,21904,802,219131,184517,3.83386e+06,2.03057e+09,261,1.46875e-07,2.67218e-06,0.00788118,4.31911e+09,1.54001e+09,0,6.30916e+09,6.30916e+09,1,0
2880,172800,cecum,0.9225,4411,33607,41194,9991,212955,7785,968,196156,192940,827928,2.551e+09,41,2.3148e-05,0.000459558,0.00754044,4.34886e+09,1.5505e+09,0,6.30711e+09,6.30711e+09,1,0
2880,172800,transverse,1,13426,63206,81507,18046,306062,15370,1273,274999,270024,2.48664e+06,1.72661e+09,141,2.46166e-06,4.51638e-05,0.0079474,4.34886e+09,1.5505e+09,0,6.30711e+09,6.30711e+09,1,0
2880,172800,descending,1,22373,57749,114654,19747,237648,22121,802,220965,186313,3.97666e+06,2.0293e+09,261,1.47035e-07,2.67508e-06,0.00788298,4.34886e+09,1.5505e+09,0,6.30711e+09,6.30711e+09,1,0
2890,173400,cecum,0.9975,5582,34164,41412,10046,214405,7826,970,197143,195437,1.04439e+06,2.55334e+08,41,2.6536e-05,0.000543165,0.00745684,4.35451e+09,1.55249e+09,5.67604e+09,6.30939e+08,6.30939e+08,1,0
2890,173400,transverse,0.9925,12498,63797,82090,18145,308441,15488,1281,276996,271101,2.31384e+06,1.72603e+08,141,2.82151e-06,5.2737e-05,0.00793998,4.35451e+09,1.55249e+09,5.67604e+09,6.30939e+08,6.30939e+08,1,0
2890,173400,descending,1,22697,56607,115710,19881,238077,22297,809,222839,186313,4.03023e+06,2.02806e+08,261,1.76705e-07,3.28738e-06,0.00788413,4.35451e+09,1.55249e+09,5.67604e+09,6.30939e+08,6.30939e+08,1,0
2900,174000,cecum,0.9975,5238,34573,41625,10108,215727,7862,975,198149,196295,981318,2.56194e+08,41,3.05213e-05,0.000633065,0.00736694,4.35748e+09,1.55354e+09,5.67604e+09,6.3168e+08,6.3168e+08,1,0
2900,174000,transverse,1,11913,63361,82681,18234,309683,15591,1290,278857,271350,2.20595e+06,1.72603e+08,141,3.34476e-06,6.26168e-05,0.00793025,4.35748e+09,1.55354e+09,5.67604e+09,6.3168e+08,6.3168e+08,1,0
2900,174000,descending,1,21369,57816,116723,20003,240426,22487,810,224290,186632,3.78952e+06,2.02689e+08,261,2.1961e-07,4.08145e-06,0.00788508,4.35748e+09,1.55354e+09,5.67604e+09,6.3168e+08,6.3168e+08,1,0
2910,174600,cecum,0.995,5147,34875,41839,10172,216879,7903,979,199100,197243,966226,2.5765e+08,41,3.42522e-05,0.000719927,0.00728007,4.36045e+09,1.55459e+09,5.67604e+09,6.331e+08,6.331e+08,1,0
2910,174600,transverse,0.9975,12572,62768,83231,18321,310769,15686,1298,280710,272719,2.32846e+06,1.72676e+08,141,3.94284e-06,7.39221e-05,0.00791909,4.36045e+09,1.55459e+09,5.67604e+09,6.331e+08,6.331e+08,1,0
2910,174600,descending,1,20717,58365,117699,20113,242247,22698,812,225881,187144,3.67159e+06,2.02579e+08,261,2.70017e-07,5.01424e-06,0.00788586,4.36045e+09,1.55459e+09,5.67604e+09,6.331e+08,6.331e+08,1,0
2920,175200,cecum,0.995,5652,35431,42045,10243,218313,7940,981,200084,199082,1.06051e+06,2.59674e+08,41,3.77504e-05,0.000803851,0.00719615,4.36342e+09,1.55564e+09,5.67604e+09,6.35185e+08,6.35185e+08,1,0
2920,175200,transverse,0.9975,12085,62543,83812,18393,312291,15813,1302,282652,273368,2.23859e+06,1.72835e+08,141,4.60851e-06,8.65366e-05,0.00790662,4.36342e+09,1.55564e+09,5.67604e+09,6.35185e+08,6.35185e+08,1,0
2920,175200,descending,0.995,20165,59064,118679,20231,244572,22911,817,227833,188263,3.57429e+06,2.02481e+08,261,3.28844e-07,6.10236e-06,0.00788646,4.36342e+09,1.55564e+09,5.67604e+09,6.35185e+08,6.35185e+08,1,0
2930,175800,cecum,0.995,6030,35171,42283,10302,218964,7995,984,201106,199984,1.1305e+06,2.62246e+08,41,4.10345e-05,0.000884918,0.00711508,4.36638e+09,1.5567e+09,5.67604e+09,6.37928e+08,6.37928e+08,1,0
2930,175800,transverse,0.995,11778,63482,84374,18466,314682,15902,1305,284263,275049,2.18178e+06,1.73092e+08,141,5.33492e-06,0.00010035,0.00789295,4.36638e+09,1.5567e+09,5.67604e+09,6.37928e+08,6.37928e+08,1,0
2930,175800,descending,0.9975,20456,58870,119630,20349,245670,23122,817,229454,189030,3.62819e+06,2.02395e+08,261,3.96864e-07,7.35986e-06,0.00788687,4.36638e+09,1.5567e+09,5.67604e+09,6.37928e+08,6.37928e+08,1,0
2940,176400,cecum,0.995,5502,36051,42520,10357,220776,8035,985,202132,201125,1.03252e+06,2.65348e+08,41,4.41204e-05,0.000963194,0.00703681,4.36935e+09,1.55776e+09,5.67604e+09,6.41328e+08,6.41328e+08,1,0
2940,176400,transverse,0.995,11796,63356,84973,18541,316326,16022,1308,286225,276304,2.18446e+06,1.73459e+08,141,6.11554e-06,0.000115258,0.00787818,4.36935e+09,1.55776e+09,5.67604e+09,6.41328e+08,6.41328e+08,1,0
2940,176400,descending,0.9975,20101,58894,120572,20464,246914,23313,817,230980,189283,3.56361e+06,2.02325e+08,261,4.74717e-07,8.79845e-06,0.00788707,4.36935e+09,1.55776e+09,5.67604e+09,6.41328e+08,6.41328e+08,1,0
2950,177000,cecum,0.99,5585,36502,42772,10416,222101,8086,989,203112,202387,1.04862e+06,2.68967e+08,41,4.70225e-05,0.00103873,0.00696127,4.37231e+09,1.55882e+09,5.67604e+09,6.45385e+08,6.45385e+08,1,0
2950,177000,transverse,0.99,11732,63317,85569,18639,317986,16139,1372,288075,277455,2.17258e+06,1.73947e+08,141,6.94415e-06,0.00013116,0.00786241,4.37231e+09,1.55882e+09,5.67604e+09,6.45385e+08,6.45385e+08,1,0
2950,177000,descending,1,20604,58008,121502,20573,247899,23477,819,233122,190112,3.65514e+06,2.02275e+08,261,5.62922e-07,1.04277e-05,0.00788705,4.37231e+09,1.55882e+09,5.67604e+09,6.45385e+08,6.45385e+08,1,0
2960,177600,cecum,1,5616,36764,42996,10488,223352,8136,993,204219,203563,1.05476e+06,2.73096e+08,41,4.9753e-05,0.00111158,0.00688842,4.37528e+09,1.55989e+09,5.67604e+09,6.50103e+08,6.50103e+08,1,0
2960,177600,transverse,0.995,11816,63288,86157,18721,319629,16242,1374,289930,278777,2.18781e+06,1.74563e+08,141,7.81485e-06,0.000147962,0.00784574,4.37528e+09,1.55989e+09,5.67604e+09,6.50103e+08,6.50103e+08,1,0
2960,177600,descending,0.995,21125,57482,122447,20681,248836,23648,826,234857,190897,3.74731e+06,2.02247e+08,261,6.61882e-07,1.22551e-05,0.00788682,4.37528e+09,1.55989e+09,5.67604e+09,6.50103e+08,6.50103e+08,1,0
2970,178200,cecum,0.9975,5808,36810,43239,10545,224361,8176,995,205277,204616,1.0907e+06,2.77728e+08,41,5.23229e-05,0.00118176,0.00681824,4.37824e+09,1.56096e+09,5.67604e+09,6.55488e+08,6.55488e+08,1,0
2970,178200,transverse,0.995,11889,63130,86738,18799,321260,16345,1383,291891,280072,2.20107e+06,1.75319e+08,141,8.72205e-06,0.000165572,0.00782826,4.37824e+09,1.56096e+09,5.67604e+09,6.55488e+08,6.55488e+08,1,0
2970,178200,descending,0.9975,20839,58006,123413,20797,250512,23824,829,236298,191610,3.69674e+06,2.02245e+08,261,7.71896e-07,1.42864e-05,0.00788635,4.37824e+09,1.56096e+09,5.67604e+09,6.55488e+08,6.55488e+08,1,0
2980,178800,cecum,0.9975,6079,37186,43491,10619,225686,8226,1014,206331,206065,1.14041e+06,2.8286e+08,41,5.47418e-05,0.00124931,0.00675069,4.3812e+09,1.56204e+09,5.67604e+09,6.6155e+08,6.6155e+08,1,0
2980,178800,transverse,1,11889,62172,87282,18910,321780,16450,1389,293579,280258,2.20137e+06,1.76222e+08,141,9.6604e-06,0.000183902,0.00781006,4.3812e+09,1.56204e+09,5.67604e+09,6.6155e+08,6.6155e+08,1,0
2980,178800,descending,0.995,21042,57692,124385,20907,252155,24003,832,238541,192770,3.73619e+06,2.02272e+08,261,8.93162e-07,1.65256e-05,0.00788565,4.3812e+09,1.56204e+09,5.67604e+09,6.6155e+08,6.6155e+08,1,0
2990,179400,cecum,1,6160,37601,43737,10698,226948,8278,1016,207307,207291,1.15596e+06,2.88491e+08,41,5.70182e-05,0.00131425,0.00668575,4.38417e+09,1.56313e+09,5.67604e+09,6.68301e+08,6.68301e+08,1,0
2990,179400,transverse,0.9975,11306,61983,87840,18998,323165,16547,1394,295333,280682,2.09421e+06,1.77281e+08,141,1.06248e-05,0.000202866,0.00779122,4.38417e+09,1.56313e+09,5.67604e+09,6.68301e+08,6.68301e+08,1,0
2990,179400,descending,0.9975,20820,58008,125366,21022,253741,24214,840,240129,193471,3.69533e+06,2.02333e+08,261,1.02579e-06,1.8975e-05,0.00788472,4.38417e+09,1.56313e+09,5.67604e+09,6.68301e+08,6.68301e+08,1,0
3000,180000,cecum,0.9975,6170,37487,43999,10776,227877,8331,1021,208476,208094,1.15801e+06,2.94624e+08,41,5.91597e-05,0.00137657,0.00662343,4.38713e+09,1.56423e+09,5.67604e+09,6.75752e+08,6.75752e+08,1,0
3000,180000,transverse,0.995,11608,61570,88383,19070,324968,16646,1396,297718,282413,2.15009e+06,1.78501e+08,141,1.16106e-05,0.000222381,0.00777183,4.38713e+09,1.56423e+09,5.67604e+09,6.75752e+08,6.75752e+08,1,0
3000,180000,descending,0.9975,20343,58234,126378,21126,255688,24406,852,242134,194213,3.6087e+06,2.02431e+08,261,1.1698e-06,2.16356e-05,0.00788356,4.38713e+09,1.56423e+09,5.67604e+09,6.75752e+08,6.75752e+08,1,0
3010,180600,cecum,0.995,5595,38563,44247,10841,229851,8372,1021,209480,209351,1.051e+06,3.01261e+08,41,6.11732e-05,0.0014363,0.0065637,4.3901e+09,1.56534e+09,5.67604e+09,6.83919e+08,6.83919e+08,1,0
3010,180600,transverse,0.995,11020,61735,88997,19149,326775,16777,1402,299564,283222,2.04156e+06,1.79893e+08,141,1.2613e-05,0.000242369,0.00775196,4.3901e+09,1.56534e+09,5.67604e+09,6.83919e+08,6.83919e+08,1,0
3010,180600,descending,0.9975,19999,58381,127353,21244,257017,24616,854,243642,194549,3.5445e+06,2.02569e+08,261,1.32514e-06,2.45067e-05,0.00788216,4.3901e+09,1.56534e+09,5.67604e+09,6.83919e+08,6.83919e+08,1,0
3020,181200,cecum,0.9975,5669,38516,44494,10907,230708,8409,1021,210487,210138,1.06472e+06,3.08408e+08,41,6.30645e-05,0.00149342,0.00650658,4.39307e+09,1.56646e+09,5.67604e+09,6.92817e+08,6.92817e+08,1,0
3020,181200,transverse,1,10993,61380,89536,19215,328327,16885,1402,301645,284382,2.03592e+06,1.81462e+08,141,1.36277e-05,0.00026275,0.0077317,4.39307e+09,1.56646e+09,5.67604e+09,6.92817e+08,6.92817e+08,1,0
3020,181200,descending,1,20325,58685,128273,21357,258391,24796,856,245003,195620,3.60678e+06,2.02752e+08,261,1.49167e-06,2.75866e-05,0.00788053,4.39307e+09,1.56646e+09,5.67604e+09,6.92817e+08,6.92817e+08,1,0
3030,181800,cecum,1,5611,39109,44753,10950,232310,8462,1024,211589,211516,1.05395e+06,3.1607e+08,41,6.48391e-05,0.00154795,0.00645205,4.39605e+09,1.5676e+09,5.67604e+09,7.02466e+08,7.02466e+08,1,0
3030,181800,transverse,0.9975,10831,60709,90110,19301,329204,17005,1406,303395,284725,2.0059e+06,1.83217e+08,141,1.46506e-05,0.000283447,0.00771111,4.39605e+09,1.5676e+09,5.67604e+09,7.02466e+08,7.02466e+08,1,0
3030,181800,descending,1,20390,58176,129214,21468,259110,24972,857,246517,195749,3.61727e+06,2.02985e+08,261,1.6692e-06,3.08722e-05,0.00787867,4.39605e+09,1.5676e+09,5.67604e+09,7.02466e+08,7.02466e+08,1,0
3040,182400,cecum,0.995,5536,39463,44983,11004,233643,8504,1026,212662,212638,1.0395e+06,3.24255e+08,41,6.65016e-05,0.00159986,0.00640014,4.39902e+09,1.56874e+09,5.67604e+09,7.12883e+08,7.12883e+08,1,0
3040,182400,transverse,0.9975,11395,59242,90654,19388,329204,17111,1431,305030,284913,2.1104e+06,1.85164e+08,141,1.56777e-05,0.000304386,0.00769029,4.39902e+09,1.56874e+09,5.67604e+09,7.12883e+08,7.12883e+08,1,0
3040,182400,descending,0.9975,20287,57749,130175,21591,260155,25157,861,248293,196034,3.59508e+06,2.0327e+08,261,1.85745e-06,3.43591e-05,0.00787659,4.39902e+09,1.56874e+09,5.67604e+09,7.12883e+08,7.12883e+08,1,0
3050,183000,cecum,0.995,5846,39809,45232,11056,234855,8565,1036,213631,214014,1.09783e+06,3.32973e+08,41,6.80565e-05,0.00164914,0.00635086,4.402e+09,1.5699e+09,5.67604e+09,7.24089e+08,7.24089e+08,1,0
3050,183000,transverse,0.9975,11350,59130,91210,19460,330782,17221,1435,306898,286068,2.10177e+06,1.87309e+08,141,1.67053e-05,0.000325494,0.00766929,4.402e+09,1.5699e+09,5.67604e+09,7.24089e+08,7.24089e+08,1,0
3050,183000,descending,0.9975,20832,56999,131131,21688,260795,25332,863,249953,196533,3.6927e+06,2.03613e+08,261,2.05609e-06,3.80421e-05,0.00787429,4.402e+09,1.5699e+09,5.67604e+09,7.24089e+08,7.24089e+08,1,0
3060,183600,cecum,0.995,5622,40821,45490,11127,236841,8613,1045,214715,215628,1.05666e+06,3.42232e+08,41,6.95075e-05,0.0016958,0.0063042,4.40499e+09,1.57108e+09,5.67604e+09,7.36104e+08,7.36104e+08,1,0
3060,183600,transverse,0.995,11061,58997,91763,19523,332325,17323,1447,308727,286922,2.0485e+06,1.89661e+08,141,1.77297e-05,0.000346696,0.00764819,4.40499e+09,1.57108e+09,5.67604e+09,7.36104e+08,7.36104e+08,1,0
3060,183600,descending,0.995,20863,56830,132131,21788,262592,25550,876,252224,197666,3.70009e+06,2.04017e+08,261,2.26474e-06,4.19146e-05,0.00787178,4.40499e+09,1.57108e+09,5.67604e+09,7.36104e+08,7.36104e+08,1,0
3070,184200,cecum,0.995,5614,41482,45770,11193,238556,8676,1050,215893,217179,1.05559e+06,3.52043e+08,41,7.0858e-05,0.00173979,0.00626021,4.40798e+09,1.57227e+09,5.67604e+09,7.4895e+08,7.4895e+08,1,0
3070,184200,transverse,0.9975,10765,59337,92297,19592,334298,17433,1447,310539,288244,1.9937e+06,1.92226e+08,141,1.87475e-05,0.000367923,0.00762707,4.40798e+09,1.57227e+09,5.67604e+09,7.4895e+08,7.4895e+08,1,0
3070,184200,descending,0.995,20015,58389,133084,21892,265408,25751,880,253782,198982,3.54964e+06,2.04486e+08,261,2.48294e-06,4.59692e-05,0.00786907,4.40798e+09,1.57227e+09,5.67604e+09,7.4895e+08,7.4895e+08,1,0
3080,184800,cecum,0.9875,5811,41884,46014,11248,239884,8724,1057,216915,218556,1.09193e+06,3.62417e+08,41,7.21109e-05,0.00178112,0.00621888,4.41098e+09,1.57348e+09,5.67604e+09,7.62649e+08,7.62649e+08,1,0
3080,184800,transverse,0.995,10659,59254,92812,19668,335616,17534,1457,312107,289108,1.97384e+06,1.95011e+08,141,1.97554e-05,0.000389104,0.00760599,4.41098e+09,1.57348e+09,5.67604e+09,7.62649e+08,7.62649e+08,1,0
3080,184800,descending,0.9925,20045,58387,133966,22005,266763,25951,882,255450,199796,3.55404e+06,2.05025e+08,261,2.71021e-06,5.01975e-05,0.00786616,4.41098e+09,1.57348e+09,5.67604e+09,7.62649e+08,7.62649e+08,1,0
3090,185400,cecum,0.9975,6053,41760,46264,11322,240923,8773,1062,218196,219705,1.13639e+06,3.73367e+08,41,7.3269e-05,0.00181976,0.00618024,4.41399e+09,1.57471e+09,5.67604e+09,7.77226e+08,7.77226e+08,1,0
3090,185400,transverse,0.9975,10636,59459,93326,19756,337483,17637,1467,313950,290619,1.96868e+06,1.98024e+08,141,2.07503e-05,0.000410168,0.00758503,4.41399e+09,1.57471e+09,5.67604e+09,7.77226e+08,7.77226e+08,1,0
3090,185400,descending,0.9925,19296,59777,134902,22122,269583,26125,886,257167,201218,3.42009e+06,2.05638e+08,261,2.946e-06,5.459e-05,0.00786307,4.41399e+09,1.57471e+09,5.67604e+09,7.77226e+08,7.77226e+08,1,0
3100,186000,cecum,0.995,5775,42169,46517,11405,242426,8826,1068,219420,220807,1.08504e+06,3.84903e+08,41,7.43346e-05,0.00185568,0.00614432,4.41701e+09,1.57596e+09,5.67604e+09,7.92702e+08,7.92702e+08,1,0
3100,186000,transverse,1,10627,59090,93848,19848,338813,17743,1471,315843,291612,1.96739e+06,2.01273e+08,141,2.17291e-05,0.000431048,0.00756425,4.41701e+09,1.57596e+09,5.67604e+09,7.92702e+08,7.92702e+08,1,0
3100,186000,descending,0.9975,19529,59815,135800,22218,271080,26293,887,258889,202313,3.46525e+06,2.0633e+08,261,3.18971e-06,5.91366e-05,0.00785981,4.41701e+09,1.57596e+09,5.67604e+09,7.92702e+08,7.92702e+08,1,0
3110,186600,cecum,1,6174,42199,46801,11473,243514,8881,1071,220598,222130,1.15918e+06,3.97036e+08,41,7.53098e-05,0.00188887,0.00611113,4.42004e+09,1.57723e+09,5.67604e+09,8.09103e+08,8.09103e+08,1,0
3110,186600,transverse,0.9975,10873,58738,94403,19917,339919,17848,1479,317467,292575,2.01326e+06,2.04764e+08,141,2.2689e-05,0.000451674,0.00754372,4.42004e+09,1.57723e+09,5.67604e+09,8.09103e+08,8.09103e+08,1,0
3110,186600,descending,0.9975,20362,58654,136707,22343,271558,26466,904,260809,202998,3.61591e+06,2.07105e+08,261,3.4407e-06,6.38259e-05,0.00785638,4.42004e+09,1.57723e+09,5.67604e+09,8.09103e+08,8.09103e+08,1,0
3120,187200,cecum,0.9975,5947,42482,47047,11514,244971,8924,1074,221853,223195,1.11763e+06,4.09781e+08,41,7.61964e-05,0.0019193,0.0060807,4.42308e+09,1.57852e+09,5.67604e+09,8.26451e+08,8.26451e+08,1,0
3120,187200,transverse,0.995,10791,58255,94932,19985,341115,17944,1593,319196,293210,1.99898e+06,2.08505e+08,141,2.36273e-05,0.00047198,0.00752351,4.42308e+09,1.57852e+09,5.67604e+09,8.26451e+08,8.26451e+08,1,0
3120,187200,descending,0.9975,19918,59530,137589,22457,273472,26655,906,262148,203887,3.53503e+06,2.07968e+08,261,3.69831e-06,6.86462e-05,0.00785281,4.42308e+09,1.57852e+09,5.67604e+09,8.26451e+08,8.26451e+08,1,0
3130,187800,cecum,0.9975,6011,42279,47320,11572,245813,8976,1077,223005,223935,1.12952e+06,4.23147e+08,41,7.69961e-05,0.00194695,0.00605305,4.42614e+09,1.57984e+09,5.67604e+09,8.4477e+08,8.4477e+08,1,0
3130,187800,transverse,0.9975,10225,59278,95413,20069,343634,18045,1603,320867,294857,1.89372e+06,2.12503e+08,141,2.45412e-05,0.000491898,0.00750368,4.42614e+09,1.57984e+09,5.67604e+09,8.4477e+08,8.4477e+08,1,0
3130,187800,descending,0.995,20198,58636,138521,22584,274281,26847,908,264168,204361,3.58316e+06,2.08923e+08,261,3.9618e-06,7.35845e-05,0.00784909,4.42614e+09,1.57984e+09,5.67604e+09,8.4477e+08,8.4477e+08,1,0
3140,188400,cecum,0.9975,6472,42539,47594,11646,247254,9027,1079,224309,225686,1.21596e+06,4.37146e+08,41,7.77102e-05,0.00197181,0.00602819,4.42921e+09,1.58119e+09,5.67604e+09,8.64084e+08,8.64084e+08,1,0
3140,188400,transverse,0.995,10372,59346,95943,20146,345049,18140,1603,322386,296061,1.9214e+06,2.16766e+08,141,2.54283e-05,0.000511363,0.00748431,4.42921e+09,1.58119e+09,5.67604e+09,8.64084e+08,8.64084e+08,1,0
3140,188400,descending,1,20899,57945,139545,22708,274948,27036,914,265833,205012,3.70807e+06,2.09974e+08,261,4.23043e-06,7.86274e-05,0.00784525,4.42921e+09,1.58119e+09,5.67604e+09,8.64084e+08,8.64084e+08,1,0
3150,189000,cecum,0.9975,6444,42390,47867,11722,248181,9085,1082,225516,226443,1.21079e+06,4.5179e+08,41,7.83401e-05,0.00199385,0.00600615,4.43229e+09,1.58256e+09,5.67604e+09,8.84415e+08,8.84415e+08,1,0
3150,189000,transverse,0.9975,9843,59955,96455,20227,347330,18242,1615,324229,297472,1.82232e+06,2.21301e+08,141,2.62861e-05,0.00053031,0.00746545,4.43229e+09,1.58256e+09,5.67604e+09,8.84415e+08,8.84415e+08,1,0
3150,189000,descending,0.995,20137,58583,140474,22818,276962,27220,918,267499,205625,3.56938e+06,2.11127e+08,261,4.50341e-06,8.37605e-05,0.00784131,4.43229e+09,1.58256e+09,5.67604e+09,8.84415e+08,8.84415e+08,1,0
3160,189600,cecum,0.9975,6432,42848,48149,11795,249673,9134,1088,226666,227757,1.20978e+06,4.67088e+08,41,7.88867e-05,0.00201305,0.00598695,4.43539e+09,1.58396e+09,5.67604e+09,9.05786e+08,9.05786e+08,1,0
3160,189600,transverse,0.9975,9559,59475,96906,20300,348365,18332,1615,325907,297935,1.76999e+06,2.26116e+08,141,2.71122e-05,0.000548675,0.00744718,4.43539e+09,1.58396e+09,5.67604e+09,9.05786e+08,9.05786e+08,1,0
3160,189600,descending,0.9975,19701,59506,141403,22926,279134,27403,919,269038,206722,3.49531e+06,2.12385e+08,261,4.77992e-06,8.89689e-05,0.00783727,4.43539e+09,1.58396e+09,5.67604e+09,9.05786e+08,9.05786e+08,1,0
3170,190200,cecum,1,7095,42936,48434,11868,250862,9188,1092,227890,229447,1.33331e+06,4.83048e+08,41,7.9351e-05,0.00202941,0.00597059,4.43852e+09,1.58539e+09,5.67604e+09,9.28218e+08,9.28218e+08,1,0
3170,190200,transverse,1,9967,59266,97345,20372,349813,18434,1618,327735,299523,1.84495e+06,2.31218e+08,141,2.79046e-05,0.000566395,0.00742954,4.43852e+09,1.58539e+09,5.67604e+09,9.28218e+08,9.28218e+08,1,0
3170,190200,descending,0.995,20094,59284,142327,23054,280155,27582,921,270586,207517,3.56542e+06,2.13753e+08,261,5.05911e-06,9.42368e-05,0.00783315,4.43852e+09,1.58539e+09,5.67604e+09,9.28218e+08,9.28218e+08,1,0
3180,190800,cecum,0.9975,7076,43002,48735,11938,252117,9244,1100,229197,230500,1.33047e+06,4.99681e+08,41,7.97339e-05,0.0020429,0.0059571,4.44166e+09,1.58685e+09,5.67604e+09,9.51731e+08,9.51731e+08,1,0
3180,190800,transverse,0.995,9767,60210,97770,20455,352247,18505,1662,329335,301442,1.80898e+06,2.36614e+08,141,2.8661e-05,0.000583408,0.00741261,4.44166e+09,1.58685e+09,5.67604e+09,9.51731e+08,9.51731e+08,1,0
3180,190800,descending,1,19761,60699,143213,23164,282475,27741,925,271756,208883,3.50771e+06,2.15235e+08,261,5.3401e-06,9.95481e-05,0.00782897,4.44166e+09,1.58685e+09,5.67604e+09,9.51731e+08,9.51731e+08,1,0
3190,191400,cecum,1,6428,43365,49005,11991,253655,9304,1101,230484,231232,1.20909e+06,5.16991e+08,41,8.00361e-05,0.00205353,0.00594647,4.44483e+09,1.58835e+09,5.67604e+09,9.76342e+08,9.76342e+08,1,0
3190,191400,transverse,0.995,10119,59821,98246,20537,353284,18577,1666,330911,302505,1.87437e+06,2.42313e+08,141,2.93794e-05,0.000599653,0.00739645,4.44483e+09,1.58835e+09,5.67604e+09,9.76342e+08,9.76342e+08,1,0
3190,191400,descending,0.995,19678,60440,144130,23258,283754,27924,929,273567,209435,3.49158e+06,2.16838e+08,261,5.62199e-06,0.000104886,0.00782475,4.44483e+09,1.58835e+09,5.67604e+09,9.76342e+08,9.76342e+08,1,0
3200,192000,cecum,0.9975,5850,43459,49274,12046,254880,9358,1108,231717,231712,1.10176e+06,5.34984e+08,41,8.02583e-05,0.00206129,0.00593871,4.44802e+09,1.58988e+09,5.67604e+09,1.00207e+09,1.00207e+09,1,0
3200,192000,transverse,1,10734,58905,98730,20609,353971,18669,1680,332664,303473,1.98849e+06,2.4832e+08,141,3.00578e-05,0.000615073,0.00738111,4.44802e+09,1.58988e+09,5.67604e+09,1.00207e+09,1.00207e+09,1,0
3200,192000,descending,0.9975,19383,59793,145071,23368,285061,28128,976,275788,209773,3.43734e+06,2.18567e+08,261,5.90386e-06,0.000110233,0.00782051,4.44802e+09,1.58988e+09,5.67604e+09,1.00207e+09,1.00207e+09,1,0
3210,192600,cecum,0.9975,6033,43835,49532,12109,256505,9405,1109,233075,233371,1.13539e+06,5.53662e+08,41,8.0401e-05,0.00206618,0.00593382,4.45123e+09,1.59145e+09,5.67604e+09,1.02893e+09,1.02893e+09,1,0
3210,192600,transverse,0.995,9440,60208,99199,20680,356708,18755,1688,334247,304596,1.74931e+06,2.54643e+08,141,3.06944e-05,0.000629611,0.00736665,4.45123e+09,1.59145e+09,5.67604e+09,1.02893e+09,1.02893e+09,1,0
3210,192600,descending,1,19155,59715,146045,23467,286528,28324,979,277625,210330,3.39693e+06,2.20423e+08,261,6.18476e-06,0.00011557,0.00781625,4.45123e+09,1.59145e+09,5.67604e+09,1.02893e+09,1.02893e+09,1,0
3220,193200,cecum,0.9975,6544,44439,49819,12162,258187,9459,1110,234259,235383,1.22906e+06,5.73025e+08,41,8.04648e-05,0.00206821,0.00593179,4.45448e+09,1.59305e+09,5.67604e+09,1.05692e+09,1.05692e+09,1,0
3220,193200,transverse,0.9975,9265,60452,99643,20755,358458,18846,1700,335907,305881,1.71577e+06,2.61287e+08,141,3.12875e-05,0.000643211,0.00735313,4.45448e+09,1.59305e+09,5.67604e+09,1.05692e+09,1.05692e+09,1,0
3220,193200,descending,0.995,19461,59766,146933,23574,287836,28491,982,279153,211327,3.4516e+06,2.22413e+08,261,6.46374e-06,0.000120881,0.00781201,4.45448e+09,1.59305e+09,5.67604e+09,1.05692e+09,1.05692e+09,1,0
3230,193800,cecum,1,6595,44765,50085,12223,259699,9507,1112,235552,236787,1.23932e+06,5.93073e+08,41,8.04504e-05,0.00206741,0.00593259,4.45775e+09,1.5947e+09,5.67604e+09,1.08607e+09,1.08607e+09,1,0
3230,193800,transverse,0.9925,9427,60793,100102,20838,360307,18940,1711,337581,307599,1.74611e+06,2.68258e+08,141,3.18354e-05,0.000655821,0.00734059,4.45775e+09,1.5947e+09,5.67604e+09,1.08607e+09,1.08607e+09,1,0
3230,193800,descending,0.9975,20132,59012,147875,23684,288500,28670,988,280854,212003,3.57157e+06,2.24542e+08,261,6.73982e-06,0.000126145,0.00780779,4.45775e+09,1.5947e+09,5.67604e+09,1.08607e+09,1.08607e+09,1,0
3240,194400,cecum,0.995,6545,44275,50373,12289,260367,9563,1122,236822,237229,1.2305e+06,6.13803e+08,41,8.03583e-05,0.00206378,0.00593622,4.46106e+09,1.59639e+09,5.67604e+09,1.11638e+09,1.11638e+09,1,0
3240,194400,transverse,1,9159,60238,100569,20899,361257,19031,1717,339232,307960,1.69682e+06,2.75563e+08,141,3.23365e-05,0.000667392,0.0073291,4.46106e+09,1.59639e+09,5.67604e+09,1.11638e+09,1.11638e+09,1,0
3240,194400,descending,0.9975,19614,59857,148815,23792,290392,28831,989,282169,212705,3.47919e+06,2.26813e+08,261,7.01204e-06,0.000131344,0.00780362,4.46106e+09,1.59639e+09,5.67604e+09,1.11638e+09,1.11638e+09,1,0
3250,195000,cecum,1,6476,44836,50684,12359,262109,9629,1123,238138,238726,1.21802e+06,6.35205e+08,41,8.01892e-05,0.00205737,0.00594263,4.4644e+09,1.59812e+09,5.67604e+09,1.14784e+09,1.14784e+09,1,0
3250,195000,transverse,0.995,9473,60136,101017,20973,362824,19111,1721,341051,309543,1.75459e+06,2.83205e+08,141,3.27894e-05,0.000677877,0.00731868,4.4644e+09,1.59812e+09,5.67604e+09,1.14784e+09,1.14784e+09,1,0
3250,195000,descending,1,19586,59651,149713,23900,291285,29015,996,283553,212957,3.47255e+06,2.29232e+08,261,7.2794e-06,0.000136459,0.00779953,4.4644e+09,1.59812e+09,5.67604e+09,1.14784e+09,1.14784e+09,1,0
3260,195600,cecum,0.9975,6639,45087,50990,12432,263526,9689,1123,239437,240133,1.24909e+06,6.5727e+08,41,7.99437e-05,0.00204822,0.00595178,4.46778e+09,1.5999e+09,5.67604e+09,1.18046e+09,1.18046e+09,1,0
3260,195600,transverse,0.9975,10395,59630,101467,21063,363759,19194,1724,342662,311120,1.92521e+06,2.91188e+08,141,3.31928e-05,0.000687233,0.0073094,4.46778e+09,1.5999e+09,5.67604e+09,1.18046e+09,1.18046e+09,1,0
3260,195600,descending,0.995,19973,59738,150684,23999,292427,29199,1003,284884,213791,3.54158e+06,2.31803e+08,261,7.54091e-06,0.000141469,0.00779552,4.46778e+09,1.5999e+09,5.67604e+09,1.18046e+09,1.18046e+09,1,0
3270,196200,cecum,1,6934,45233,51320,12509,264784,9751,1126,240685,241492,1.30321e+06,6.79985e+08,41,7.96228e-05,0.00203637,0.00596363,4.47119e+09,1.60173e+09,5.67604e+09,1.21423e+09,1.21423e+09,1,0
3270,196200,transverse,1,9746,59446,101938,21156,365481,19291,1724,344758,311912,1.80467e+06,2.99517e+08,141,3.35455e-05,0.00069542,0.00730128,4.47119e+09,1.60173e+09,5.67604e+09,1.21423e+09,1.21423e+09,1,0
3270,196200,descending,0.9975,20504,59369,151612,24108,293313,29392,1008,286436,214577,3.63883e+06,2.3453e+08,261,7.79558e-06,0.000146356,0.00779162,4.47119e+09,1.60173e+09,5.67604e+09,1.21423e+09,1.21423e+09,1,0
3280,196800,cecum,0.9975,7151,45519,51623,12582,266317,9809,1128,242061,243068,1.34302e+06,7.03331e+08,41,7.92273e-05,0.00202189,0.00597811,4.47465e+09,1.6036e+09,5.67604e+09,1.24914e+09,1.24914e+09,1,0
3280,196800,transverse,1,8843,59338,102373,21234,367119,19378,1731,346662,312370,1.63742e+06,3.08194e+08,141,3.38463e-05,0.000702403,0.00729437,4.47465e+09,1.6036e+09,5.67604e+09,1.24914e+09,1.24914e+09,1,0
3280,196800,descending,1,20575,59491,152557,24215,294863,29564,1014,288137,215526,3.65291e+06,2.37419e+08,261,8.04245e-06,0.000151099,0.00778785,4.47465e+09,1.6036e+09,5.67604e+09,1.24914e+09,1.24914e+09,1,0
3290,197400,cecum,0.9975,7274,45761,51938,12669,267596,9860,1132,243232,244289,1.36544e+06,7.27289e+08,41,7.87583e-05,0.00200486,0.00599514,4.47815e+09,1.60553e+09,5.67604e+09,1.28518e+09,1.28518e+09,1,0
3290,197400,transverse,1,9062,59675,102799,21298,369132,19452,1771,348436,314274,1.67813e+06,3.17217e+08,141,3.40945e-05,0.000708152,0.00728868,4.47815e+09,1.60553e+09,5.67604e+09,1.28518e+09,1.28518e+09,1,0
3290,197400,descending,0.995,20612,59141,153527,24319,296221,29750,1017,290132,216238,3.6582e+06,2.40474e+08,261,8.28054e-06,0.00015568,0.00778422,4.47815e+09,1.60553e+09,5.67604e+09,1.28518e+09,1.28518e+09,1,0
3300,198000,cecum,1,7062,46379,52259,12747,269519,9918,1143,244662,245804,1.32663e+06,7.51834e+08,41,7.82171e-05,0.00198534,0.00601466,4.4817e+09,1.6075e+09,5.67604e+09,1.32232e+09,1.32232e+09,1,0
3300,198000,transverse,0.9975,9124,59497,103236,21363,370282,19536,1774,349910,315195,1.68993e+06,3.2659e+08,141,3.42891e-05,0.000712639,0.00728426,4.4817e+09,1.6075e+09,5.67604e+09,1.32232e+09,1.32232e+09,1,0
3300,198000,descending,1,21581,58124,154555,24446,296531,29959,1017,291795,216825,3.8323e+06,2.43697e+08,261,8.5089e-06,0.000160078,0.00778076,4.4817e+09,1.6075e+09,5.67604e+09,1.32232e+09,1.32232e+09,1,0
3310,198600,cecum,0.9975,7184,47233,52565,12819,271434,9973,1145,245848,247660,1.34959e+06,7.76935e+08,41,7.76052e-05,0.00196345,0.00603655,4.48529e+09,1.60954e+09,5.67604e+09,1.36054e+09,1.36054e+09,1,0
3310,198600,transverse,0.9975,9289,59707,103685,21449,372017,19626,1781,351604,316815,1.72083e+06,3.3631e+08,141,3.44296e-05,0.000715846,0.00728112,4.48529e+09,1.60954e+09,5.67604e+09,1.36054e+09,1.36054e+09,1,0
3310,198600,descending,0.99,20792,58825,155560,24570,298471,30135,1018,293333,217270,3.68761e+06,2.47094e+08,261,8.72659e-06,0.000164276,0.00777749,4.48529e+09,1.60954e+09,5.67604e+09,1.36054e+09,1.36054e+09,1,0
3320,199200,cecum,0.9975,7229,48243,52882,12890,273619,10025,1147,247144,249694,1.35781e+06,8.02562e+08,41,7.69244e-05,0.00193929,0.00606071,4.48894e+09,1.61162e+09,5.67604e+09,1.39981e+09,1.39981e+09,1,0
3320,199200,transverse,0.995,9327,59884,104095,21534,374002,19701,1796,353557,318573,1.72767e+06,3.46375e+08,141,3.45155e-05,0.000717757,0.00727927,4.48894e+09,1.61162e+09,5.67604e+09,1.39981e+09,1.39981e+09,1,0
3320,199200,descending,0.9925,21328,58338,156537,24706,300000,30310,1019,295659,218668,3.7857e+06,2.50668e+08,261,8.93272e-06,0.000168253,0.00777443,4.48894e+09,1.61162e+09,5.67604e+09,1.39981e+09,1.39981e+09,1,0
3330,199800,cecum,0.9975,7369,48433,53202,12968,275128,10080,1157,248586,251146,1.38452e+06,8.28678e+08,41,7.61765e-05,0.00191296,0.00608704,4.49264e+09,1.61377e+09,5.67604e+09,1.44009e+09,1.44009e+09,1,0
3330,199800,transverse,0.995,8841,60600,104538,21622,376133,19795,1798,355152,319955,1.63713e+06,3.56781e+08,141,3.45465e-05,0.000718364,0.00727872,4.49264e+09,1.61377e+09,5.67604e+09,1.44009e+09,1.44009e+09,1,0
3330,199800,descending,1,21787,58034,157564,24827,300891,30494,1023,297155,219292,3.86684e+06,2.54422e+08,261,9.1264e-06,0.000171993,0.00777159,4.49264e+09,1.61377e+09,5.67604e+09,1.44009e+09,1.44009e+09,1,0
3340,200400,cecum,0.9975,7566,48311,53495,13041,276314,10124,1168,250000,252342,1.42224e+06,8.55241e+08,41,7.53639e-05,0.00188462,0.00611538,4.49639e+09,1.61597e+09,5.67604e+09,1.48133e+09,1.48133e+09,1,0
3340,200400,transverse,0.9975,9319,59921,104963,21707,377051,19872,1801,356908,321085,1.7263e+06,3.67524e+08,141,3.45225e-05,0.000717664,0.00727948,4.49639e+09,1.61597e+09,5.67604e+09,1.48133e+09,1.48133e+09,1,0
3340,200400,descending,0.99,20614,59767,158592,24960,303697,30682,1076,298496,220165,3.65513e+06,2.58359e+08,261,9.30681e-06,0.000175479,0.00776899,4.49639e+09,1.61597e+09,5.67604e+09,1.48133e+09,1.48133e+09,1,0
3350,201000,cecum,1,7296,48154,53833,13126,277393,10178,1171,251372,252949,1.37239e+06,8.82208e+08,41,7.44892e-05,0.00185439,0.00614561,4.50021e+09,1.61824e+09,5.67604e+09,1.52349e+09,1.52349e+09,1,0
3350,201000,transverse,0.9975,8634,60821,105381,21783,379643,19952,1809,358748,322722,1.59884e+06,3.78596e+08,141,3.44437e-05,0.000715662,0.00728155,4.50021e+09,1.61824e+09,5.67604e+09,1.52349e+09,1.52349e+09,1,0
3350,201000,descending,1,20597,60844,159591,25085,305862,30904,1077,299930,221660,3.6558e+06,2.62483e+08,261,9.47314e-06,0.000178693,0.00776664,4.50021e+09,1.61824e+09,5.67604e+09,1.52349e+09,1.52349e+09,1,0
3360,201600,cecum,1,7871,47861,54156,13202,278244,10231,1178,252638,254174,1.48014e+06,9.0953e+08,41,7.35552e-05,0.00182243,0.00617757,4.50409e+09,1.62056e+09,5.67604e+09,1.56652e+09,1.56652e+09,1,0
3360,201600,transverse,0.9975,9205,61294,105804,21854,381572,20035,1810,360357,324952,1.70567e+06,3.89988e+08,141,3.43105e-05,0.000712368,0.0072849,4.50409e+09,1.62056e+09,5.67604e+09,1.56652e+09,1.56652e+09,1,0
3360,201600,descending,0.9975,20464,60071,160583,25225,307236,31088,1083,302395,222227,3.63205e+06,2.66798e+08,261,9.62465e-06,0.00018162,0.00776458,4.50409e+09,1.62056e+09,5.67604e+09,1.56652e+09,1.56652e+09,1,0
3370,202200,cecum,1,7327,48365,54550,13300,280085,10293,1180,254133,255235,1.38017e+06,9.37154e+08,41,7.25652e-05,0.0017889,0.0062111,4.50803e+09,1.62295e+09,5.67604e+09,1.61035e+09,1.61035e+09,1,0
3370,202200,transverse,1,9576,61460,106193,21940,382976,20117,1817,361756,326499,1.77396e+06,4.0169e+08,141,3.41233e-05,0.000707803,0.00728952,4.50803e+09,1.62295e+09,5.67604e+09,1.61035e+09,1.61035e+09,1,0
3370,202200,descending,0.9975,20395,59830,161522,25333,308452,31297,1096,304156,222739,3.61914e+06,2.71303e+08,261,9.76066e-06,0.000184246,0.00776279,4.50803e+09,1.62295e+09,5.67604e+09,1.61035e+09,1.61035e+09,1,0
3380,202800,cecum,0.9975,7957,49622,54911,13368,282806,10348,1188,255712,258340,1.49603e+06,9.65026e+08,41,7.15228e-05,0.00175397,0.00624603,4.51204e+09,1.62541e+09,5.67604e+09,1.65493e+09,1.65493e+09,1,0
3380,202800,transverse,1,8758,61405,106601,22027,384329,20196,1821,363326,326788,1.62204e+06,4.13693e+08,141,3.3883e-05,0.000701992,0.00729538,4.51204e+09,1.62541e+09,5.67604e+09,1.65493e+09,1.65493e+09,1,0
3380,202800,descending,1,20816,59228,162538,25450,308891,31528,1098,305543,222929,3.69245e+06,2.76001e+08,261,9.88054e-06,0.000186558,0.00776131,4.51204e+09,1.62541e+09,5.67604e+09,1.65493e+09,1.65493e+09,1,0
3390,203400,cecum,1,7871,48975,55269,13461,283406,10416,1193,257115,258652,1.48116e+06,9.93092e+08,41,7.04318e-05,0.00171782,0.00628218,4.51612e+09,1.62793e+09,5.67604e+09,1.70017e+09,1.70017e+09,1,0
3390,203400,transverse,0.9975,8914,61885,107017,22099,386439,20279,1831,365101,328783,1.65087e+06,4.25979e+08,141,3.35907e-05,0.000694967,0.00730246,4.51612e+09,1.62793e+09,5.67604e+09,1.70017e+09,1.70017e+09,1,0
3390,203400,descending,1,20515,59409,163456,25569,310635,31706,1101,307400,223748,3.63852e+06,2.80894e+08,261,9.98371e-06,0.000188544,0.00776015,4.51612e+09,1.62793e+09,5.67604e+09,1.70017e+09,1.70017e+09,1,0
3400,204000,cecum,0.9975,8248,49835,55629,13542,285539,10484,1205,258525,260939,1.55037e+06,1.02129e+09,41,6.92967e-05,0.00168063,0.00631937,4.52027e+09,1.63052e+09,5.67604e+09,1.74601e+09,1.74601e+09,1,0
3400,204000,transverse,0.9975,8806,62356,107435,22189,388462,20362,1837,366820,330447,1.63041e+06,4.38534e+08,141,3.32477e-05,0.00068677,0.00731071,4.52027e+09,1.63052e+09,5.67604e+09,1.74601e+09,1.74601e+09,1,0
3400,204000,descending,1,20971,58706,164456,25668,311548,31897,1106,309301,224402,3.72036e+06,2.85982e+08,261,1.00697e-05,0.000190194,0.0077593,4.52027e+09,1.63052e+09,5.67604e+09,1.74601e+09,1.74601e+09,1,0
3410,204600,cecum,0.9975,7898,50279,55981,13634,287198,10552,1216,259889,262045,1.4854e+06,1.04956e+09,41,6.81219e-05,0.0016426,0.0063574,4.5245e+09,1.63317e+09,5.67604e+09,1.79238e+09,1.79238e+09,1,0
3410,204600,transverse,1,8281,62463,107803,22273,390134,20423,1839,368528,331369,1.5335e+06,4.51343e+08,141,3.28555e-05,0.000677448,0.00732009,4.5245e+09,1.63317e+09,5.67604e+09,1.79238e+09,1.79238e+09,1,0
3410,204600,descending,0.9925,19513,60395,165444,25767,314561,32080,1110,310903,225247,3.45992e+06,2.91266e+08,261,1.01381e-05,0.0001915,0.00775879,4.5245e+09,1.63317e+09,5.67604e+09,1.79238e+09,1.79238e+09,1,0
3420,205200,cecum,0.9975,8499,50281,56351,13705,288484,10626,1224,261310,263699,1.59822e+06,1.07784e+09,41,6.69123e-05,0.0016039,0.0063961,4.5288e+09,1.6359e+09,5.67604e+09,1.83918e+09,1.83918e+09,1,0
3420,205200,transverse,1,8924,62549,108222,22358,391775,20510,1841,370253,333404,1.65177e+06,4.64384e+08,141,3.2416e-05,0.000667056,0.00733053,4.5288e+09,1.6359e+09,5.67604e+09,1.83918e+09,1.83918e+09,1,0
3420,205200,descending,0.9925,20035,60766,166428,25894,315985,32271,1118,312266,226519,3.5547e+06,2.96745e+08,261,1.01886e-05,0.000192454,0.00775862,4.5288e+09,1.6359e+09,5.67604e+09,1.83918e+09,1.83918e+09,1,0
3430,205800,cecum,1,8804,50744,56749,13784,290363,10694,1231,262866,265625,1.65658e+06,1.10606e+09,41,6.56731e-05,0.00156475,0.00643525,4.53319e+09,1.63869e+09,5.67604e+09,1.88633e+09,1.88633e+09,1,0
3430,205800,transverse,0.9975,8724,61779,108616,22435,393083,20585,1846,372478,334265,1.61571e+06,4.77641e+08,141,3.19313e-05,0.000655654,0.00734198,4.53319e+09,1.63869e+09,5.67604e+09,1.88633e+09,1.88633e+09,1,0
3430,205800,descending,0.9975,20746,59934,167348,26000,317048,32436,1120,314430,227642,3.68593e+06,3.02419e+08,261,1.02209e-05,0.000193052,0.00775879,4.53319e+09,1.63869e+09,5.67604e+09,1.88633e+09,1.88633e+09,1,0
3440,206400,cecum,1,8829,51862,57107,13869,292698,10760,1232,264233,267777,1.66096e+06,1.13417e+09,41,6.44095e-05,0.00152532,0.00647468,4.53767e+09,1.64156e+09,5.67604e+09,1.93376e+09,1.93376e+09,1,0
3440,206400,transverse,0.9975,8846,61794,109014,22502,394754,20653,1852,374263,335789,1.63794e+06,4.91088e+08,141,3.14037e-05,0.000643311,0.00735437,4.53767e+09,1.64156e+09,5.67604e+09,1.93376e+09,1.93376e+09,1,0
3440,206400,descending,0.9975,20185,59826,168319,26133,318480,32652,1125,316314,227886,3.58122e+06,3.08287e+08,261,1.02349e-05,0.00019329,0.00775931,4.53767e+09,1.64156e+09,5.67604e+09,1.93376e+09,1.93376e+09,1,0
3450,207000,cecum,1,7777,53402,57478,13969,295622,10811,1235,265765,269426,1.46573e+06,1.16211e+09,41,6.31272e-05,0.0014858,0.0065142,4.54223e+09,1.64449e+09,5.67604e+09,1.98137e+09,1.98137e+09,1,0
3450,207000,transverse,0.9975,8604,62253,109429,22594,396958,20728,1855,376172,337500,1.59326e+06,5.04705e+08,141,3.08357e-05,0.000630098,0.00736763,4.54223e+09,1.64449e+09,5.67604e+09,1.98137e+09,1.98137e+09,1,0
3450,207000,descending,1,20314,60092,169255,26249,320249,32848,1132,318122,229153,3.60581e+06,3.14346e+08,261,1.02305e-05,0.000193169,0.00776017,4.54223e+09,1.64449e+09,5.67604e+09,1.98137e+09,1.98137e+09,1,0
3460,207600,cecum,1,8595,52885,57841,14034,296434,10885,1242,267226,270825,1.61838e+06,1.18982e+09,41,6.18317e-05,0.00144638,0.00655362,4.54688e+09,1.6475e+09,5.67604e+09,2.02909e+09,2.02909e+09,1,0
3460,207600,transverse,1,9102,61065,109829,22687,397651,20798,1859,378212,338450,1.68669e+06,5.18468e+08,141,3.02304e-05,0.000616094,0.00738168,4.54688e+09,1.6475e+09,5.67604e+09,2.02909e+09,2.02909e+09,1,0
3460,207600,descending,0.9975,19877,61320,170185,26370,322662,33030,1132,319610,230502,3.52482e+06,3.20594e+08,261,1.02079e-05,0.000192688,0.00776139,4.54688e+09,1.6475e+09,5.67604e+09,2.02909e+09,2.02909e+09,1,0
3470,208200,cecum,0.9975,8278,53378,58270,14099,298274,10963,1245,268713,272059,1.55828e+06,1.21723e+09,41,6.05287e-05,0.00140722,0.00659278,4.55162e+09,1.65058e+09,5.67604e+09,2.07682e+09,2.07682e+09,1,0
3470,208200,transverse,1,9790,60687,110270,22769,398620,20880,1867,379715,339822,1.81374e+06,5.32351e+08,141,2.95905e-05,0.000601381,0.00739644,4.55162e+09,1.65058e+09,5.67604e+09,2.07682e+09,2.07682e+09,1,0
3470,208200,descending,0.9975,20731,59908,171108,26490,322843,33216,1137,321504,230915,3.67693e+06,3.27028e+08,261,1.0167e-05,0.000191852,0.00776295,4.55162e+09,1.65058e+09,5.67604e+09,2.07682e+09,2.07682e+09,1,0
3480,208800,cecum,1,8855,53911,58659,14174,300131,11028,1245,270177,274244,1.66446e+06,1.2443e+09,41,5.92239e-05,0.0013685,0.0066315,4.55646e+09,1.65374e+09,5.67604e+09,2.12449e+09,2.12449e+09,1,0
3480,208800,transverse,0.9975,9452,61227,110702,22857,400911,20955,1871,381625,341502,1.75093e+06,5.46329e+08,141,2.89195e-05,0.000586043,0.00741183,4.55646e+09,1.65374e+09,5.67604e+09,2.12449e+09,2.12449e+09,1,0
3480,208800,descending,0.9975,21913,59203,172089,26608,323040,33408,1140,322713,231620,3.89032e+06,3.33644e+08,261,1.01082e-05,0.000190665,0.00776485,4.55646e+09,1.65374e+09,5.67604e+09,2.12449e+09,2.12449e+09,1,0
3490,209400,cecum,0.9975,8170,54893,59072,14256,302624,11107,1256,271838,275789,1.53773e+06,1.27099e+09,41,5.79228e-05,0.00133038,0.00666962,4.56139e+09,1.65696e+09,5.67604e+09,2.17202e+09,2.17202e+09,1,0
3490,209400,transverse,1,9158,61470,111137,22933,402535,21032,1878,383152,342543,1.69649e+06,5.60377e+08,141,2.82206e-05,0.00057017,0.00742774,4.56139e+09,1.65696e+09,5.67604e+09,2.17202e+09,2.17202e+09,1,0
3490,209400,descending,0.9925,21825,59514,173116,26739,324578,33630,1145,324288,232391,3.87228e+06,3.40438e+08,261,1.00319e-05,0.000189135,0.00776708,4.56139e+09,1.65696e+09,5.67604e+09,2.17202e+09,2.17202e+09,1,0
3500,210000,cecum,0.995,8321,56006,59440,14337,305188,11188,1319,273388,278235,1.56677e+06,1.29723e+09,41,5.66308e-05,0.00129298,0.00670702,4.56643e+09,1.66026e+09,5.67604e+09,2.21932e+09,2.21932e+09,1,0
3500,210000,transverse,1,9344,61402,111565,23011,403991,21113,1888,384825,343906,1.73104e+06,5.74469e+08,141,2.74974e-05,0.000553849,0.00744411,4.56643e+09,1.66026e+09,5.67604e+09,2.21932e+09,2.21932e+09,1,0
3500,210000,descending,1,22480,59553,174140,26864,325755,33827,1150,325743,233516,3.98922e+06,3.47405e+08,261,9.93836e-06,0.000187272,0.00776963,4.56643e+09,1.66026e+09,5.67604e+09,2.21932e+09,2.21932e+09,1,0
3510,210600,cecum,0.9975,9790,55421,59826,14454,305997,11254,1323,274961,280306,1.84067e+06,1.32299e+09,41,5.53531e-05,0.00125644,0.00674356,4.57157e+09,1.66363e+09,5.67604e+09,2.26633e+09,2.26633e+09,1,0
3510,210600,transverse,0.9975,9789,61454,112001,23108,405458,21207,1888,386431,345573,1.81254e+06,5.88578e+08,141,2.67536e-05,0.000537172,0.00746083,4.57157e+09,1.66363e+09,5.67604e+09,2.26633e+09,2.26633e+09,1,0
3510,210600,descending,1,22917,58897,175143,27006,326135,34020,1153,327111,233662,4.06545e+06,3.5454e+08,261,9.82826e-06,0.000185086,0.00777249,4.57157e+09,1.66363e+09,5.67604e+09,2.26633e+09,2.26633e+09,1,0
3520,211200,cecum,1,7953,56147,60230,14535,308308,11331,1323,276704,280534,1.49945e+06,1.34825e+09,41,5.40944e-05,0.00122087,0.00677913,4.57682e+09,1.66707e+09,5.67604e+09,2.31298e+09,2.31298e+09,1,0
3520,211200,transverse,1,9810,60437,112425,23227,406098,21290,1890,388288,346010,1.81697e+06,6.02681e+08,141,2.59929e-05,0.000520228,0.00747781,4.57682e+09,1.66707e+09,5.67604e+09,2.31298e+09,2.31298e+09,1,0
3520,211200,descending,1,23313,59064,176166,27117,328150,34207,1156,329254,235345,4.14057e+06,3.61835e+08,261,9.70219e-06,0.000182592,0.00777566,4.57682e+09,1.66707e+09,5.67604e+09,2.31298e+09,2.31298e+09,1,0
3530,211800,cecum,0.9975,8699,56478,60650,14618,310004,11405,1332,278217,282704,1.63741e+06,1.37295e+09,41,5.28594e-05,0.00118638,0.00681362,4.58217e+09,1.67058e+09,5.67604e+09,2.3592e+09,2.3592e+09,1,0
3530,211800,transverse,0.9975,9910,60408,112883,23321,407600,21374,1891,389996,347331,1.83598e+06,6.16751e+08,141,2.52189e-05,0.000503104,0.00749498,4.58217e+09,1.67058e+09,5.67604e+09,2.3592e+09,2.3592e+09,1,0
3530,211800,descending,1,22640,59177,177210,27246,329756,34390,1158,331057,235544,4.015e+06,3.69286e+08,261,9.56088e-06,0.000179804,0.0077791,4.58217e+09,1.67058e+09,5.67604e+09,2.3592e+09,2.3592e+09,1,0
3540,212400,cecum,1,8251,56962,61028,14699,311890,11479,1333,279773,283918,1.55216e+06,1.39709e+09,41,5.16521e-05,0.00115304,0.00684696,4.58764e+09,1.67417e+09,5.67604e+09,2.40495e+09,2.40495e+09,1,0
3540,212400,transverse,0.9975,9650,61503,113385,23409,410118,21468,1893,391599,349267,1.78734e+06,6.30763e+08,141,2.44356e-05,0.000485888,0.00751223,4.58764e+09,1.67417e+09,5.67604e+09,2.40495e+09,2.40495e+09,1,0
3540,212400,descending,0.9975,23230,59004,178283,27358,330776,34587,1158,332559,236390,4.11958e+06,3.76884e+08,261,9.40513e-06,0.00017674,0.00778281,4.58764e+09,1.67417e+09,5.67604e+09,2.40495e+09,2.40495e+09,1,0
3550,213000,cecum,1,8472,56666,61361,14770,313142,11539,1396,281389,285126,1.59241e+06,1.42063e+09,41,5.04762e-05,0.00112092,0.00687908,4.59322e+09,1.67783e+09,5.67604e+09,2.45017e+09,2.45017e+09,1,0
3550,213000,transverse,1,9648,61206,113855,23495,411280,21551,1936,393184,350083,1.78721e+06,6.44697e+08,141,2.36464e-05,0.000468662,0.0075295,4.59322e+09,1.67783e+09,5.67604e+09,2.45017e+09,2.45017e+09,1,0
3550,213000,descending,0.9975,24034,58724,179350,27487,331702,34797,1158,334104,237392,4.26514e+06,3.84622e+08,261,9.23581e-06,0.000173416,0.00778678,4.59322e+09,1.67783e+09,5.67604e+09,2.45017e+09,2.45017e+09,1,0
3560,213600,cecum,0.9975,8652,56686,61726,14855,314609,11613,1402,282989,286561,1.6258e+06,1.44357e+09,41,4.93349e-05,0.00109008,0.00690992,4.59891e+09,1.68155e+09,5.67604e+09,2.49482e+09,2.49482e+09,1,0
3560,213600,transverse,1,9478,60017,114285,23586,411716,21625,1937,394973,350083,1.75572e+06,6.58531e+08,141,2.28551e-05,0.000451505,0.00754669,4.59891e+09,1.68155e+09,5.67604e+09,2.49482e+09,2.49482e+09,1,0
3560,213600,descending,0.9975,22369,60721,180380,27624,335263,34978,1164,335980,238570,3.96682e+06,3.92493e+08,261,9.05387e-06,0.000169854,0.00779097,4.59891e+09,1.68155e+09,5.67604e+09,2.49482e+09,2.49482e+09,1,0
3570,214200,cecum,1,7296,58261,62079,14937,317789,11662,1429,284698,288136,1.37321e+06,1.4659e+09,41,4.82308e-05,0.00106055,0.00693945,4.60472e+09,1.68535e+09,5.67604e+09,2.53885e+09,2.53885e+09,1,0
3570,214200,transverse,1,9798,60471,114747,23668,413812,21693,1949,396753,352175,1.81516e+06,6.72242e+08,141,2.20652e-05,0.000434492,0.00756374,4.60472e+09,1.68535e+09,5.67604e+09,2.53885e+09,2.53885e+09,1,0
3570,214200,descending,1,22003,61539,181460,27775,337878,35188,1164,338138,240100,3.90302e+06,4.00489e+08,261,8.86032e-06,0.000166073,0.00779536,4.60472e+09,1.68535e+09,5.67604e+09,2.53885e+09,2.53885e+09,1,0
3580,214800,cecum,1,7224,57817,62419,15013,319120,11722,1432,286606,289188,1.36022e+06,1.4876e+09,41,4.71662e-05,0.00103235,0.00696765,4.61064e+09,1.68921e+09,5.67604e+09,2.58223e+09,2.58223e+09,1,0
3580,214800,transverse,1,9985,59380,115237,23763,414130,21771,1956,398328,352356,1.84994e+06,6.85815e+08,141,2.128e-05,0.000417692,0.00758058,4.61064e+09,1.68921e+09,5.67604e+09,2.58223e+09,2.58223e+09,1,0
3580,214800,descending,1,21921,62148,182485,27898,339579,35418,1167,339580,241044,3.88739e+06,4.086e+08,261,8.65622e-06,0.000162095,0.00779995,4.61064e+09,1.68921e+09,5.67604e+09,2.58223e+09,2.58223e+09,1,0
3590,215400,cecum,1,7543,58031,62737,15087,320830,11774,1443,288217,291014,1.41796e+06,1.50868e+09,41,4.61427e-05,0.00100549,0.00699451,4.61669e+09,1.69315e+09,5.67604e+09,2.62495e+09,2.62495e+09,1,0
3590,215400,transverse,1,10282,58565,115695,23848,414779,21863,1964,399961,353013,1.90482e+06,6.9923e+08,141,2.05026e-05,0.000401168,0.00759714,4.61669e+09,1.69315e+09,5.67604e+09,2.62495e+09,2.62495e+09,1,0
3590,215400,descending,0.995,22777,61491,183549,28022,340219,35616,1171,341195,241794,4.04038e+06,4.1682e+08,261,8.44265e-06,0.000157942,0.0078047,4.61669e+09,1.69315e+09,5.67604e+09,2.62495e+09,2.62495e+09,1,0
3600,216000,cecum,1,7605,57337,63079,15184,321436,11826,1447,289662,291485,1.43094e+06,1.52914e+09,41,4.51616e-05,0.000979976,0.00702002,4.62285e+09,1.69715e+09,5.67604e+09,2.66697e+09,2.66697e+09,1,0
3600,216000,transverse,0.9975,10160,58682,116175,23928,416499,21945,1964,401726,354293,1.88292e+06,7.12473e+08,141,1.9736e-05,0.000384979,0.00761336,4.62285e+09,1.69715e+09,5.67604e+09,2.66697e+09,2.66697e+09,1,0
3600,216000,descending,0.9975,22349,62222,184659,28158,342068,35845,1178,342671,242463,3.96496e+06,4.25139e+08,261,8.22074e-06,0.000153637,0.0078096,4.62285e+09,1.69715e+09,5.67604e+09,2.66697e+09,2.66697e+09,1,0
3610,216600,cecum,1,7917,57646,63433,15272,323174,11883,1451,291232,293322,1.48884e+06,1.54899e+09,41,4.42235e-05,0.00095579,0.00704421,4.62914e+09,1.70121e+09,5.67604e+09,2.70829e+09,2.70829e+09,1,0
3610,216600,transverse,1,10108,58978,116657,24025,418367,22027,1977,403464,355793,1.87246e+06,7.2553e+08,141,1.89829e-05,0.000369174,0.0076292,4.62914e+09,1.70121e+09,5.67604e+09,2.70829e+09,2.70829e+09,1,0
3610,216600,descending,1,23519,61364,185759,28281,342459,36081,1178,344279,243283,4.17527e+06,4.33548e+08,261,7.99163e-06,0.000149203,0.00781461,4.62914e+09,1.70121e+09,5.67604e+09,2.70829e+09,2.70829e+09,1,0
3620,217200,cecum,1,7616,57086,63776,15355,324480,11938,1465,293222,294108,1.43324e+06,1.56824e+09,41,4.33288e-05,0.000932911,0.00706709,4.63555e+09,1.70534e+09,5.67604e+09,2.74888e+09,2.74888e+09,1,0
3620,217200,transverse,0.9975,9648,59268,117146,24096,419904,22131,1977,404886,356556,1.78733e+06,7.38391e+08,141,1.82458e-05,0.000353799,0.00764461,4.63555e+09,1.70534e+09,5.67604e+09,2.74888e+09,2.74888e+09,1,0
3620,217200,descending,1,23753,60908,186809,28404,343371,36308,1191,345984,243716,4.21474e+06,4.4204e+08,261,7.75647e-06,0.000144662,0.00781972,4.63555e+09,1.70534e+09,5.67604e+09,2.74888e+09,2.74888e+09,1,0
3630,217800,cecum,1,8455,57613,64155,15419,326484,12030,1467,294853,296726,1.58893e+06,1.58689e+09,41,4.24775e-05,0.000911307,0.00708869,4.64209e+09,1.70954e+09,5.67604e+09,2.78876e+09,2.78876e+09,1,0
3630,217800,transverse,0.9975,9609,59398,117587,24193,421767,22210,1980,406792,358112,1.7796e+06,7.51046e+08,141,1.75267e-05,0.000338892,0.00765955,4.64209e+09,1.70954e+09,5.67604e+09,2.78876e+09,2.78876e+09,1,0
3630,217800,descending,0.9975,24456,59911,187869,28527,344070,36511,1194,348003,244381,4.33919e+06,4.50605e+08,261,7.51642e-06,0.000140037,0.00782491,4.64209e+09,1.70954e+09,5.67604e+09,2.78876e+09,2.78876e+09,1,0
3640,218400,cecum,0.9975,8451,58076,64505,15500,328399,12092,1470,296445,298427,1.58838e+06,1.60497e+09,41,4.16691e-05,0.000890941,0.00710906,4.64875e+09,1.7138e+09,5.67604e+09,2.82791e+09,2.82791e+09,1,0
3640,218400,transverse,0.9975,10155,60007,118072,24292,423687,22314,1989,408297,360287,1.88029e+06,7.63486e+08,141,1.68277e-05,0.000324484,0.00767399,4.64875e+09,1.7138e+09,5.67604e+09,2.82791e+09,2.82791e+09,1,0
3640,218400,descending,0.995,24318,60747,188985,28670,346000,36720,1197,349446,245406,4.31541e+06,4.59234e+08,261,7.2726e-06,0.00013535,0.00783015,4.64875e+09,1.7138e+09,5.67604e+09,2.82791e+09,2.82791e+09,1,0
3650,219000,cecum,0.9975,8850,58028,64874,15599,329905,12140,1475,298141,300105,1.66271e+06,1.62249e+09,41,4.09029e-05,0.00087177,0.00712823,4.65554e+09,1.71813e+09,5.67604e+09,2.86634e+09,2.86634e+09,1,0
3650,219000,transverse,0.9975,9753,60150,118525,24387,425579,22394,1999,410211,361489,1.80587e+06,7.75707e+08,141,1.61504e-05,0.000310601,0.0076879,4.65554e+09,1.71813e+09,5.67604e+09,2.86634e+09,2.86634e+09,1,0
3650,219000,descending,1,23801,61431,190058,28811,347926,36896,1199,351003,246057,4.22006e+06,4.67921e+08,261,7.02612e-06,0.000130623,0.00783542,4.65554e+09,1.71813e+09,5.67604e+09,2.86634e+09,2.86634e+09,1,0
3660,219600,cecum,1,8561,57269,65234,15714,330668,12206,1478,299841,300397,1.61057e+06,1.63947e+09,41,4.01778e-05,0.000853745,0.00714625,4.66246e+09,1.72251e+09,5.67604e+09,2.90405e+09,2.90405e+09,1,0
3660,219600,transverse,1,9390,60092,119013,24482,427071,22499,2007,411953,362322,1.73849e+06,7.87705e+08,141,1.5496e-05,0.000297262,0.00770127,4.66246e+09,1.72251e+09,5.67604e+09,2.90405e+09,2.90405e+09,1,0
3660,219600,descending,0.9975,24413,61695,191126,28941,349654,37099,1210,352789,247651,4.33533e+06,4.76656e+08,261,6.77808e-06,0.000125877,0.00784071,4.66246e+09,1.72251e+09,5.67604e+09,2.90405e+09,2.90405e+09,1,0
3670,220200,cecum,1,8139,57597,65613,15800,332441,12284,1485,301443,301526,1.53208e+06,1.65593e+09,41,3.94926e-05,0.000836817,0.00716318,4.66951e+09,1.72696e+09,5.67604e+09,2.94106e+09,2.94106e+09,1,0
3670,220200,transverse,0.995,9487,60828,119473,24551,429383,22587,2010,413683,364425,1.75614e+06,7.99476e+08,141,1.48658e-05,0.00028448,0.00771409,4.66951e+09,1.72696e+09,5.67604e+09,2.94106e+09,2.94106e+09,1,0
3670,220200,descending,1,23465,62381,192152,29080,351768,37287,1221,354533,248107,4.16076e+06,4.85433e+08,261,6.52951e-06,0.000121132,0.00784598,4.66951e+09,1.72696e+09,5.67604e+09,2.94106e+09,2.94106e+09,1,0
3680,220800,cecum,0.9975,7877,56915,66014,15867,333268,12349,1489,303080,301818,1.48364e+06,1.67189e+09,41,3.8846e-05,0.000820932,0.00717907,4.67668e+09,1.73146e+09,5.67604e+09,2.97738e+09,2.97738e+09,1,0
3680,220800,transverse,0.9975,10125,59622,119909,24653,430021,22667,2018,415701,365439,1.87455e+06,8.1102e+08,141,1.42603e-05,0.000272264,0.00772633,4.67668e+09,1.73146e+09,5.67604e+09,2.97738e+09,2.97738e+09,1,0
3680,220800,descending,0.995,23711,61775,193243,29209,352462,37483,1226,356153,248276,4.20029e+06,4.94245e+08,261,6.28141e-06,0.000116406,0.00785123,4.67668e+09,1.73146e+09,5.67604e+09,2.97738e+09,2.97738e+09,1,0
3690,221400,cecum,1,7558,56746,66386,15941,334663,12415,1492,304781,302659,1.42467e+06,1.68737e+09,41,3.82363e-05,0.000806034,0.00719397,4.68398e+09,1.73603e+09,5.67604e+09,3.01301e+09,3.01301e+09,1,0
3690,221400,transverse,1,10110,59210,120408,24769,431311,22775,2018,417627,366439,1.87239e+06,8.22337e+08,141,1.36804e-05,0.000260617,0.00773801,4.68398e+09,1.73603e+09,5.67604e+09,3.01301e+09,3.01301e+09,1,0
3690,221400,descending,0.9975,24859,61691,194327,29320,353464,37679,1233,357539,249642,4.4101e+06,5.03081e+08,261,6.03472e-06,0.000111717,0.00785643,4.68398e+09,1.73603e+09,5.67604e+09,3.01301e+09,3.01301e+09,1,0
3700,222000,cecum,1,7892,57107,66781,16020,336376,12493,1501,306281,304459,1.48485e+06,1.70239e+09,41,3.76619e-05,0.00079207,0.00720793,4.69142e+09,1.74065e+09,5.67604e+09,3.04798e+09,3.04798e+09,1,0
3700,222000,transverse,1,9949,58626,120870,24862,432330,22865,2018,419413,367018,1.84282e+06,8.33429e+08,141,1.31261e-05,0.000249537,0.00774912,4.69142e+09,1.74065e+09,5.67604e+09,3.04798e+09,3.04798e+09,1,0
3700,222000,descending,0.9925,24521,63688,195459,29456,356746,37889,1237,359166,251796,4.35235e+06,5.11938e+08,261,5.79032e-06,0.000107082,0.00786157,4.69142e+09,1.74065e+09,5.67604e+09,3.04798e+09,3.04798e+09,1,0
3710,222600,cecum,1,8466,57744,67138,16099,338598,12556,1504,308005,307037,1.5901e+06,1.71697e+09,41,3.7121e-05,0.000778983,0.00722102,4.69898e+09,1.74533e+09,5.67604e+09,3.0823e+09,3.0823e+09,1,0
3710,222600,transverse,0.9975,10050,58401,121343,24942,433628,22970,2026,421113,368121,1.86171e+06,8.44297e+08,141,1.25977e-05,0.000239019,0.00775966,4.69898e+09,1.74533e+09,5.67604e+09,3.0823e+09,3.0823e+09,1,0
3710,222600,descending,0.995,24378,65152,196592,29610,359496,38128,1239,360843,253661,4.32638e+06,5.20809e+08,261,5.54903e-06,0.000102516,0.00786663,4.69898e+09,1.74533e+09,5.67604e+09,3.0823e+09,3.0823e+09,1,0
3720,223200,cecum,1,8345,58161,67508,16163,340713,12623,1511,309827,308785,1.56845e+06,1.73113e+09,41,3.6612e-05,0.00076672,0.00723328,4.70667e+09,1.75006e+09,5.67604e+09,3.11599e+09,3.11599e+09,1,0
3720,223200,transverse,1,10751,58821,121848,25037,435608,23059,2029,422854,370478,1.99165e+06,8.54945e+08,141,1.2095e-05,0.000229055,0.00776965,4.70667e+09,1.75006e+09,5.67604e+09,3.11599e+09,3.11599e+09,1,0
3720,223200,descending,1,24684,65268,197665,29756,360839,38337,1250,362414,254581,4.38151e+06,5.2969e+08,261,5.3116e-06,9.80324e-05,0.0078716,4.70667e+09,1.75006e+09,5.67604e+09,3.11599e+09,3.11599e+09,1,0
3730,223800,cecum,0.9975,8249,58076,67877,16261,342241,12689,1516,311599,310007,1.55074e+06,1.7449e+09,41,3.6133e-05,0.000755227,0.00724477,4.7145e+09,1.75485e+09,5.67604e+09,3.14908e+09,3.14908e+09,1,0
3730,223800,transverse,1,10322,59183,122371,25136,437471,23156,2034,424546,371580,1.91283e+06,8.65379e+08,141,1.16179e-05,0.000219634,0.0077791,4.7145e+09,1.75485e+09,5.67604e+09,3.14908e+09,3.14908e+09,1,0
3730,223800,descending,0.9975,24248,66225,198763,29898,363342,38544,1256,364303,255893,4.30506e+06,5.38574e+08,261,5.0787e-06,9.36433e-05,0.00787647,4.7145e+09,1.75485e+09,5.67604e+09,3.14908e+09,3.14908e+09,1,0
3740,224400,cecum,1,7839,59161,68221,16336,344959,12759,1526,313367,312106,1.47409e+06,1.75828e+09,41,3.56822e-05,0.000744454,0.00725555,4.72245e+09,1.7597e+09,5.67604e+09,3.18156e+09,3.18156e+09,1,0
3740,224400,transverse,1,9860,59976,122819,25231,439745,23240,2041,426199,373116,1.82735e+06,8.75602e+08,141,1.11657e-05,0.000210739,0.00778802,4.72245e+09,1.7597e+09,5.67604e+09,3.18156e+09,3.18156e+09,1,0
3740,224400,descending,1,23009,67771,199833,30046,366150,38769,1263,365931,256758,4.08349e+06,5.47455e+08,261,4.85096e-06,8.93597e-05,0.00788123,4.72245e+09,1.7597e+09,5.67604e+09,3.18156e+09,3.18156e+09,1,0
3750,225000,cecum,1,8418,59759,68551,16422,346975,12826,1532,314932,314518,1.58203e+06,1.7713e+09,41,3.52579e-05,0.00073435,0.00726565,4.73053e+09,1.7646e+09,5.67604e+09,3.21348e+09,3.21348e+09,1,0
3750,225000,transverse,1,10030,60174,123255,25325,441433,23347,2041,427890,374739,1.85834e+06,8.8562e+08,141,1.07381e-05,0.000202356,0.00779643,4.73053e+09,1.7646e+09,5.67604e+09,3.21348e+09,3.21348e+09,1,0
3750,225000,descending,1,22308,68139,200913,30175,368446,38982,1269,368195,257609,3.95815e+06,5.56332e+08,261,4.62889e-06,8.51911e-05,0.00788586,4.73053e+09,1.7646e+09,5.67604e+09,3.21348e+09,3.21348e+09,1,0
3760,225600,cecum,1,8129,60590,68917,16539,349254,12899,1540,316562,316324,1.52769e+06,1.78398e+09,41,3.48583e-05,0.000724869,0.00727513,4.73875e+09,1.76955e+09,5.67604e+09,3.24485e+09,3.24485e+09,1,0
3760,225600,transverse,1,10394,59185,123717,25418,441836,23446,2046,429469,375231,1.92576e+06,8.95441e+08,141,1.03343e-05,0.000194466,0.00780435,4.73875e+09,1.76955e+09,5.67604e+09,3.24485e+09,3.24485e+09,1,0
3760,225600,descending,1,22013,67524,201977,30301,369956,39171,1273,370631,258071,3.90337e+06,5.65198e+08,261,4.41297e-06,8.11456e-05,0.00789037,4.73875e+09,1.76955e+09,5.67604e+09,3.24485e+09,3.24485e+09,1,0
3770,226200,cecum,1,7690,59782,69250,16632,349890,12952,1550,318142,316324,1.44684e+06,1.79634e+09,41,3.4482e-05,0.000715965,0.00728404,4.74709e+09,1.77455e+09,5.67604e+09,3.27568e+09,3.27568e+09,1,0
3770,226200,transverse,1,9420,58777,124178,25514,443116,23524,2065,431312,375231,1.745e+06,9.0507e+08,141,9.95352e-06,0.000187049,0.00781179,4.74709e+09,1.77455e+09,5.67604e+09,3.27568e+09,3.27568e+09,1,0
3770,226200,descending,0.9975,22082,68215,202982,30414,372419,39362,1279,372701,259896,3.91943e+06,5.74049e+08,261,4.20359e-06,7.72297e-05,0.00789473,4.74709e+09,1.77455e+09,5.67604e+09,3.27568e+09,3.27568e+09,1,0
3780,226800,cecum,1,7575,60298,69577,16712,352097,13008,1555,319964,318220,1.4239e+06,1.80838e+09,41,3.41272e-05,0.000707596,0.0072924,4.75556e+09,1.7796e+09,5.67604e+09,3.306e+09,3.306e+09,1,0
3780,226800,transverse,1,10344,58290,124624,25617,444116,23617,2067,432993,376903,1.91606e+06,9.14512e+08,141,9.59497e-06,0.000180085,0.00781878,4.75556e+09,1.7796e+09,5.67604e+09,3.306e+09,3.306e+09,1,0
3780,226800,descending,1,22026,68155,203940,30546,373823,39551,1281,374484,260605,3.90745e+06,5.82883e+08,261,4.00107e-06,7.3449e-05,0.00789896,4.75556e+09,1.7796e+09,5.67604e+09,3.306e+09,3.306e+09,1,0
3790,227400,cecum,1,7310,60703,69931,16785,354153,13075,1555,321755,319797,1.37699e+06,1.82013e+09,41,3.37925e-05,0.000699722,0.00730028,4.76417e+09,1.78471e+09,5.67604e+09,3.33583e+09,3.33583e+09,1,0
3790,227400,transverse,1,10427,59125,125098,25714,446492,23719,2077,434723,379077,1.93188e+06,9.23774e+08,141,9.25772e-06,0.000173552,0.00782533,4.76417e+09,1.78471e+09,5.67604e+09,3.33583e+09,3.33583e+09,1,0
3790,227400,descending,1,21624,68214,204877,30655,375592,39727,1282,376478,261319,3.83655e+06,5.91698e+08,261,3.80568e-06,6.98074e-05,0.00790304,4.76417e+09,1.78471e+09,5.67604e+09,3.33583e+09,3.33583e+09,1,0
3800,228000,cecum,0.9975,7836,61003,70261,16859,356055,13142,1559,323494,322032,1.47407e+06,1.8316e+09,41,3.34764e-05,0.000692306,0.00730769,4.7729e+09,1.78986e+09,5.67604e+09,3.36518e+09,3.36518e+09,1,0
3800,228000,transverse,1,9792,59840,125577,25818,448614,23815,2078,436329,380284,1.81355e+06,9.32865e+08,141,8.94084e-06,0.000167429,0.00783148,4.7729e+09,1.78986e+09,5.67604e+09,3.36518e+09,3.36518e+09,1,0
3800,228000,descending,1,21501,68842,205813,30777,377813,39916,1291,378373,262783,3.81792e+06,6.00489e+08,261,3.61761e-06,6.63081e-05,0.00790697,4.7729e+09,1.78986e+09,5.67604e+09,3.36518e+09,3.36518e+09,1,0
3810,228600,cecum,1,8185,61997,70640,16984,358449,13215,1564,325087,324589,1.53902e+06,1.8428e+09,41,3.31776e-05,0.000685313,0.00731469,4.78176e+09,1.79506e+09,5.67604e+09,3.39407e+09,3.39407e+09,1,0
3810,228600,transverse,1,10219,60239,126025,25904,450473,23895,2089,437944,382277,1.89362e+06,9.4179e+08,141,8.64336e-06,0.000161695,0.00783723,4.78176e+09,1.79506e+09,5.67604e+09,3.39407e+09,3.39407e+09,1,0
3810,228600,descending,0.9975,21349,68845,206835,30897,379438,40097,1297,380290,263529,3.78932e+06,6.09256e+08,261,3.437e-06,6.29528e-05,0.00791075,4.78176e+09,1.79506e+09,5.67604e+09,3.39407e+09,3.39407e+09,1,0
3820,229200,cecum,1,7672,63201,71013,17090,361109,13287,1572,326713,326533,1.44381e+06,1.85375e+09,41,3.28948e-05,0.00067871,0.00732129,4.79074e+09,1.80031e+09,5.67604e+09,3.42253e+09,3.42253e+09,1,0
3820,229200,transverse,1,9618,61231,126452,26002,453026,23983,2097,439683,383980,1.78176e+06,9.50555e+08,141,8.3643e-06,0.000156328,0.00784262,4.79074e+09,1.80031e+09,5.67604e+09,3.42253e+09,3.42253e+09,1,0
3820,229200,descending,0.9975,21561,68963,207794,31018,380914,40274,1301,381942,264552,3.82883e+06,6.17995e+08,261,3.26393e-06,5.97425e-05,0.00791437,4.79074e+09,1.80031e+09,5.67604e+09,3.42253e+09,3.42253e+09,1,0
3830,229800,cecum,1,8901,63136,71379,17159,362655,13357,1578,328457,329075,1.67079e+06,1.86445e+09,41,3.26269e-05,0.000672467,0.00732753,4.79986e+09,1.80561e+09,5.67604e+09,3.45056e+09,3.45056e+09,1,0
3830,229800,transverse,1,10468,60295,126918,26105,453740,24074,2101,441523,385268,1.93996e+06,9.59169e+08,141,8.10267e-06,0.000151307,0.00784767,4.79986e+09,1.80561e+09,5.67604e+09,3.45056e+09,3.45056e+09,1,0
3830,229800,descending,1,22413,67908,208792,31154,381249,40483,1302,383676,265085,3.98047e+06,6.26708e+08,261,3.09842e-06,5.6677e-05,0.00791785,4.79986e+09,1.80561e+09,5.67604e+09,3.45056e+09,3.45056e+09,1,0
3840,230400,cecum,1,8669,64474,71750,17249,365635,13419,1588,330241,331594,1.62712e+06,1.87493e+09,41,3.23728e-05,0.000666556,0.00733344,4.8091e+09,1.81096e+09,5.67604e+09,3.47819e+09,3.47819e+09,1,0
3840,230400,transverse,1,9998,60841,127358,26215,455978,24159,2117,443394,386775,1.85232e+06,9.67637e+08,141,7.8575e-06,0.00014661,0.00785238,4.8091e+09,1.81096e+09,5.67604e+09,3.47819e+09,3.47819e+09,1,0
3840,230400,descending,0.9975,21766,68094,209781,31282,383347,40682,1306,385911,265870,3.86167e+06,6.35391e+08,261,2.94048e-06,5.37554e-05,0.00792118,4.8091e+09,1.81096e+09,5.67604e+09,3.47819e+09,3.47819e+09,1,0
3850,231000,cecum,0.9975,8244,64303,72147,17350,367212,13492,1595,332156,332516,1.54978e+06,1.88518e+09,41,3.21314e-05,0.000660952,0.00733905,4.81847e+09,1.81635e+09,5.67604e+09,3.50542e+09,3.50542e+09,1,0
3850,231000,transverse,1,9934,61283,127832,26309,457835,24254,2121,444994,388279,1.84087e+06,9.75964e+08,141,7.62781e-06,0.000142218,0.0078568,4.81847e+09,1.81635e+09,5.67604e+09,3.50542e+09,3.50542e+09,1,0
3850,231000,descending,1,22706,66888,210785,31413,383347,40883,1309,387446,266135,4.02946e+06,6.44044e+08,261,2.79002e-06,5.09761e-05,0.00792435,4.81847e+09,1.81635e+09,5.67604e+09,3.50542e+09,3.50542e+09,1,0
3860,231600,cecum,1,7939,64977,72514,17445,369534,13578,1600,333980,334342,1.49348e+06,1.89523e+09,41,3.19017e-05,0.000655631,0.00734437,4.82797e+09,1.82178e+09,5.67604e+09,3.53228e+09,3.53228e+09,1,0
3860,231600,transverse,1,9227,62086,128270,26409,460088,24331,2129,446613,389556,1.70915e+06,9.84157e+08,141,7.41266e-06,0.000138111,0.00786092,4.82797e+09,1.82178e+09,5.67604e+09,3.53228e+09,3.53228e+09,1,0
3860,231600,descending,1,22890,66255,211765,31525,385406,41085,1313,390448,267708,4.06542e+06,6.52665e+08,261,2.64696e-06,4.83367e-05,0.00792738,4.82797e+09,1.82178e+09,5.67604e+09,3.53228e+09,3.53228e+09,1,0
3870,232200,cecum,1,7713,64957,72873,17513,371263,13634,1610,335843,335600,1.45152e+06,1.90507e+09,41,3.1683e-05,0.000650572,0.00734943,4.83759e+09,1.82727e+09,5.67604e+09,3.55878e+09,3.55878e+09,1,0
3870,232200,transverse,1,8630,62076,128670,26485,461706,24411,2129,448397,390333,1.59864e+06,9.92222e+08,141,7.21116e-06,0.00013427,0.00786478,4.83759e+09,1.82727e+09,5.67604e+09,3.55878e+09,3.55878e+09,1,0
3870,232200,descending,1,23426,65853,212803,31667,386528,41268,1315,392295,268651,4.15901e+06,6.61254e+08,261,2.51117e-06,4.58344e-05,0.00793027,4.83759e+09,1.82727e+09,5.67604e+09,3.55878e+09,3.55878e+09,1,0
3880,232800,cecum,0.9975,7672,65403,73184,17597,373509,13682,1622,337763,337614,1.44366e+06,1.91472e+09,41,3.14743e-05,0.000645753,0.00735425,4.84734e+09,1.83279e+09,5.67604e+09,3.58492e+09,3.58492e+09,1,0
3880,232800,transverse,1,9418,61572,129152,26564,462814,24497,2196,450107,391845,1.74453e+06,1.00016e+09,141,7.0224e-06,0.000130678,0.0078684,4.84734e+09,1.83279e+09,5.67604e+09,3.58492e+09,3.58492e+09,1,0
3880,232800,descending,0.995,22820,66326,213869,31808,388739,41481,1319,394383,269540,4.04961e+06,6.69812e+08,261,2.38249e-06,4.34657e-05,0.00793302,4.84734e+09,1.83279e+09,5.67604e+09,3.58492e+09,3.58492e+09,1,0
3890,233400,cecum,1,7958,65209,73532,17688,375079,13749,1627,339680,339275,1.49539e+06,1.92418e+09,41,3.1275e-05,0.000641158,0.00735884,4.85721e+09,1.83836e+09,5.67604e+09,3.61073e+09,3.61073e+09,1,0
3890,233400,transverse,1,10713,60812,129588,26646,463420,24567,2199,451622,393459,1.98443e+06,1.00799e+09,141,6.84555e-06,0.000127316,0.00787178,4.85721e+09,1.83836e+09,5.67604e+09,3.61073e+09,3.61073e+09,1,0
3890,233400,descending,1,23012,66528,214963,31936,390617,41680,1319,396386,270843,4.08584e+06,6.78336e+08,261,2.26073e-06,4.12268e-05,0.00793563,4.85721e+09,1.83836e+09,5.67604e+09,3.61073e+09,3.61073e+09,1,0
3900,234000,cecum,1,7886,65761,73916,17755,377458,13828,1635,341645,341336,1.48184e+06,1.93346e+09,41,3.10844e-05,0.000636768,0.00736323,4.86721e+09,1.84398e+09,5.67604e+09,3.63622e+09,3.63622e+09,1,0
3900,234000,transverse,1,9571,60662,130080,26759,464839,24669,2199,453406,393459,1.77247e+06,1.0157e+09,141,6.67981e-06,0.000124169,0.00787494,4.86721e+09,1.84398e+09,5.67604e+09,3.63622e+09,3.63622e+09,1,0
3900,234000,descending,1,22940,66139,215960,32074,391520,41862,1324,397993,270992,4.0686e+06,6.86828e+08,261,2.14569e-06,3.91136e-05,0.00793811,4.86721e+09,1.84398e+09,5.67604e+09,3.63622e+09,3.63622e+09,1,0
3910,234600,cecum,1,7820,65896,74289,17842,379444,13898,1655,343633,343020,1.47126e+06,1.94257e+09,41,3.09018e-05,0.00063257,0.00736743,4.87733e+09,1.84964e+09,5.67604e+09,3.66139e+09,3.66139e+09,1,0
3910,234600,transverse,1,9752,61407,130545,26846,467381,24757,2220,455357,395871,1.8059e+06,1.0233e+09,141,6.52439e-06,0.000121222,0.00787791,4.87733e+09,1.84964e+09,5.67604e+09,3.66139e+09,3.66139e+09,1,0
3910,234600,descending,1,23628,64650,217012,32202,391520,42099,1325,399846,270992,4.18935e+06,6.95288e+08,261,2.03714e-06,3.71216e-05,0.00794047,4.87733e+09,1.84964e+09,5.67604e+09,3.66139e+09,3.66139e+09,1,0
3920,235200,cecum,1,7406,65366,74623,17909,380722,13961,1658,345568,343677,1.39458e+06,1.95152e+09,41,3.07267e-05,0.000628549,0.00737145,4.88758e+09,1.85534e+09,5.67604e+09,3.68626e+09,3.68626e+09,1,0
3920,235200,transverse,1,10074,60088,130992,26927,467683,24838,2269,457091,396161,1.86507e+06,1.0308e+09,141,6.37857e-06,0.00011846,0.00788069,4.88758e+09,1.85534e+09,5.67604e+09,3.68626e+09,3.68626e+09,1,0
3920,235200,descending,0.9975,23244,65546,218109,32313,393559,42322,1327,401321,271882,4.12134e+06,7.03714e+08,261,1.93485e-06,3.5246e-05,0.0079427,4.88758e+09,1.85534e+09,5.67604e+09,3.68626e+09,3.68626e+09,1,0
3930,235800,cecum,1,7376,65759,74995,17984,382939,14051,1664,347551,345651,1.3884e+06,1.9603e+09,41,3.05585e-05,0.000624693,0.00737531,4.89795e+09,1.86108e+09,5.67604e+09,3.71084e+09,3.71084e+09,1,0
3930,235800,transverse,0.9975,10613,60489,131435,27012,469538,24922,2278,458705,398272,1.96397e+06,1.03819e+09,141,6.24168e-06,0.000115869,0.0078833,4.89795e+09,1.86108e+09,5.67604e+09,3.71084e+09,3.71084e+09,1,0
3930,235800,descending,0.9975,23341,66382,219199,32440,396288,42534,1328,403552,273956,4.14115e+06,7.12107e+08,261,1.83858e-06,3.34822e-05,0.00794481,4.89795e+09,1.86108e+09,5.67604e+09,3.71084e+09,3.71084e+09,1,0
3940,236400,cecum,1,7724,65851,75362,18094,384808,14124,1666,349509,347682,1.45341e+06,1.96893e+09,41,3.03968e-05,0.000620989,0.00737901,4.90844e+09,1.86686e+09,5.67604e+09,3.73513e+09,3.73513e+09,1,0
3940,236400,transverse,1,10161,59920,131908,27115,470554,24998,2280,460467,398540,1.88046e+06,1.04549e+09,141,6.11306e-06,0.000113437,0.00788575,4.90844e+09,1.86686e+09,5.67604e+09,3.73513e+09,3.73513e+09,1,0
3940,236400,descending,1,24265,64682,220265,32584,396288,42763,1383,405570,274132,4.30636e+06,7.20469e+08,261,1.74806e-06,3.18252e-05,0.00794682,4.90844e+09,1.86686e+09,5.67604e+09,3.73513e+09,3.73513e+09,1,0
3950,237000,cecum,1,8256,65719,75690,18173,386548,14177,1674,351505,349750,1.55256e+06,1.97741e+09,41,3.02412e-05,0.000617427,0.00738257,4.91905e+09,1.87269e+09,5.67604e+09,3.75915e+09,3.75915e+09,1,0
3950,237000,transverse,1,9907,60466,132383,27221,472516,25097,2285,462083,399973,1.8341e+06,1.0527e+09,141,5.9921e-06,0.000111152,0.00788805,4.91905e+09,1.87269e+09,5.67604e+09,3.75915e+09,3.75915e+09,1,0
3950,237000,descending,0.995,23433,65554,221302,32712,399585,42978,1389,408332,275897,4.15814e+06,7.28798e+08,261,1.66303e-06,3.02699e-05,0.00794871,4.91905e+09,1.87269e+09,5.67604e+09,3.75915e+09,3.75915e+09,1,0
3960,237600,cecum,1,7943,65481,76084,18258,388152,14251,1685,353495,350795,1.49449e+06,1.98575e+09,41,3.00911e-05,0.000613999,0.007386,4.92979e+09,1.87855e+09,5.67604e+09,3.78289e+09,3.78289e+09,1,0
3960,237600,transverse,1,10708,60290,132867,27313,473916,25197,2290,463846,401877,1.98235e+06,1.05982e+09,141,5.87825e-06,0.000109003,0.00789021,4.92979e+09,1.87855e+09,5.67604e+09,3.78289e+09,3.78289e+09,1,0
3960,237600,descending,0.9975,25290,65073,222376,32865,400101,43185,1389,409689,277556,4.49641e+06,7.37094e+08,261,1.58325e-06,2.88115e-05,0.0079505,4.92979e+09,1.87855e+09,5.67604e+09,3.78289e+09,3.78289e+09,1,0
3970,238200,cecum,1,7160,65002,76437,18327,389507,14322,1691,355463,351148,1.34892e+06,1.99394e+09,41,2.99464e-05,0.000610694,0.00738931,4.94065e+09,1.88446e+09,5.67604e+09,3.80639e+09,3.80639e+09,1,0
3970,238200,transverse,0.9975,10938,60034,133343,27399,475081,25304,2300,465450,402979,2.0255e+06,1.06685e+09,141,5.77097e-06,0.000106979,0.00789225,4.94065e+09,1.88446e+09,5.67604e+09,3.80639e+09,3.80639e+09,1,0
3970,238200,descending,0.9975,23943,65688,223455,33001,402648,43378,1396,411943,277999,4.2524e+06,7.4536e+08,261,1.50844e-06,2.74448e-05,0.0079522,4.94065e+09,1.88446e+09,5.67604e+09,3.80639e+09,3.80639e+09,1,0
3980,238800,cecum,1,8251,64069,76751,18418,390373,14369,1701,357390,352919,1.55133e+06,2.002e+09,41,2.98065e-05,0.000607505,0.0073925,4.95163e+09,1.89041e+09,5.67604e+09,3.82962e+09,3.82962e+09,1,0
3980,238800,transverse,1,10732,59719,133868,27503,476206,25400,2304,467086,403569,1.98748e+06,1.0738e+09,141,5.66978e-06,0.000105071,0.00789418,4.95163e+09,1.89041e+09,5.67604e+09,3.82962e+09,3.82962e+09,1,0
3980,238800,descending,1,25104,64828,224508,33160,403227,43594,1401,413752,279056,4.46354e+06,7.53595e+08,261,1.43835e-06,2.61652e-05,0.0079538,4.95163e+09,1.89041e+09,5.67604e+09,3.82962e+09,3.82962e+09,1,0
3990,239400,cecum,1,8504,63606,77121,18489,391740,14445,1714,359354,354303,1.59874e+06,2.00993e+09,41,2.96713e-05,0.000604424,0.00739558,4.96272e+09,1.89639e+09,5.67604e+09,3.85262e+09,3.85262e+09,1,0
3990,239400,transverse,1,10768,60167,134374,27601,478215,25502,2317,468834,405295,1.9938e+06,1.08066e+09,141,5.57422e-06,0.000103271,0.00789599,4.96272e+09,1.89639e+09,5.67604e+09,3.85262e+09,3.85262e+09,1,0
3990,239400,descending,1,23868,65643,225567,33304,405478,43791,1405,415525,279349,4.2337e+06,7.61799e+08,261,1.37272e-06,2.49676e-05,0.00795532,4.96272e+09,1.89639e+09,5.67604e+09,3.85262e+09,3.85262e+09,1,0
4000,240000,cecum,1,8935,64830,77489,18560,394816,14520,1768,361298,357534,1.67593e+06,2.01772e+09,41,2.95404e-05,0.000601446,0.00739855,4.97394e+09,1.90242e+09,5.67604e+09,3.87537e+09,3.87537e+09,1,0
4000,240000,transverse,1,10687,60762,134872,27669,480285,25608,2321,470479,406956,1.97906e+06,1.08745e+09,141,5.48386e-06,0.00010157,0.00789771,4.97394e+09,1.90242e+09,5.67604e+09,3.87537e+09,3.87537e+09,1,0
4000,240000,descending,1,23814,65518,226641,33424,406951,44011,1408,417460,280031,4.22243e+06,7.69972e+08,261,1.31131e-06,2.38475e-05,0.00795675,4.97394e+09,1.90242e+09,5.67604e+09,3.87537e+09,3.87537e+09,1,0
4010,240600,cecum,0.9975,8446,65712,77846,18640,397289,14584,1776,363025,359297,1.58628e+06,2.02539e+09,41,2.94136e-05,0.000598563,0.00740144,4.98528e+09,1.90848e+09,5.67604e+09,3.89789e+09,3.89789e+09,1,0
4010,240600,transverse,1,10404,59711,135350,27757,480871,25704,2330,472291,406956,1.92671e+06,1.09416e+09,141,5.39832e-06,9.99596e-05,0.00789933,4.98528e+09,1.90848e+09,5.67604e+09,3.89789e+09,3.89789e+09,1,0
4010,240600,descending,1,23436,66347,227680,33570,409200,44198,1412,419209,281192,4.15559e+06,7.78114e+08,261,1.25386e-06,2.28003e-05,0.00795811,4.98528e+09,1.90848e+09,5.67604e+09,3.89789e+09,3.89789e+09,1,0
4020,241200,cecum,0.9975,7990,66532,78202,18721,399735,14656,1783,364797,361077,1.50142e+06,2.03293e+09,41,2.92907e-05,0.000595771,0.00740423,4.99674e+09,1.91459e+09,5.67604e+09,3.92019e+09,3.92019e+09,1,0
4020,241200,transverse,0.9975,11059,58942,135878,27843,481738,25804,2335,474108,408131,2.04774e+06,1.10079e+09,141,5.31723e-06,9.84344e-05,0.00790087,4.99674e+09,1.91459e+09,5.67604e+09,3.92019e+09,3.92019e+09,1,0
4020,241200,descending,1,23646,66016,228722,33690,410903,44386,1415,421548,282368,4.19793e+06,7.86226e+08,261,1.20014e-06,2.18214e-05,0.00795939,4.99674e+09,1.91459e+09,5.67604e+09,3.92019e+09,3.92019e+09,1,0
4030,241800,cecum,1,7200,67715,78551,18807,402800,14725,1793,366824,363148,1.3552e+06,2.04036e+09,41,2.91714e-05,0.000593065,0.00740694,5.00831e+09,1.92073e+09,5.67604e+09,3.94226e+09,3.94226e+09,1,0
4030,241800,transverse,0.9975,11670,59687,136410,27947,484121,25901,2340,475942,410789,2.16175e+06,1.10736e+09,141,5.24027e-06,9.69873e-05,0.00790234,5.00831e+09,1.92073e+09,5.67604e+09,3.94226e+09,3.94226e+09,1,0
4030,241800,descending,1,23836,66217,229801,33820,412103,44599,1424,422881,283013,4.22876e+06,7.94308e+08,261,1.14992e-06,2.09068e-05,0.00796061,5.00831e+09,1.92073e+09,5.67604e+09,3.94226e+09,3.94226e+09,1,0
4040,242400,cecum,1,8043,67027,78890,18884,403999,14794,1812,368838,364978,1.51272e+06,2.04767e+09,41,2.90556e-05,0.000590438,0.00740956,5.02001e+09,1.92691e+09,5.67604e+09,3.96411e+09,3.96411e+09,1,0
4040,242400,transverse,1,11973,59491,136907,28071,485322,25985,2345,477542,411999,2.2175e+06,1.11385e+09,141,5.16713e-06,9.56126e-05,0.00790372,5.02001e+09,1.92691e+09,5.67604e+09,3.96411e+09,3.96411e+09,1,0
4040,242400,descending,0.9975,24962,65618,230810,33961,413077,44805,1424,424801,284451,4.43354e+06,8.02361e+08,261,1.10299e-06,2.00522e-05,0.00796175,5.02001e+09,1.92691e+09,5.67604e+09,3.96411e+09,3.96411e+09,1,0
4050,243000,cecum,1,7840,66624,79230,18961,405470,14852,1813,370846,366040,1.47453e+06,2.05486e+09,41,2.89431e-05,0.000587889,0.00741211,5.03182e+09,1.93312e+09,5.67604e+09,3.98575e+09,3.98575e+09,1,0
4050,243000,transverse,1,11620,59265,137469,28186,486872,26102,2352,479543,412859,2.1532e+06,1.12027e+09,141,5.09752e-06,9.43049e-05,0.00790505,5.03182e+09,1.93312e+09,5.67604e+09,3.98575e+09,3.98575e+09,1,0
4050,243000,descending,1,24650,65735,231891,34117,414437,45016,1427,426408,284782,4.37411e+06,8.10385e+08,261,1.05912e-06,1.92538e-05,0.00796284,5.03182e+09,1.93312e+09,5.67604e+09,3.98575e+09,3.98575e+09,1,0
4060,243600,cecum,1,8022,66647,79594,19055,407282,14916,1818,372788,367823,1.5086e+06,2.06194e+09,41,2.88336e-05,0.000585411,0.00741459,5.04375e+09,1.93938e+09,5.67604e+09,4.00718e+09,4.00718e+09,1,0
4060,243600,transverse,1,11627,59926,138029,28271,489224,26188,2363,481394,414818,2.15423e+06,1.12662e+09,141,5.03119e-06,9.30592e-05,0.0079063,5.04375e+09,1.93938e+09,5.67604e+09,4.00718e+09,4.00718e+09,1,0
4060,243600,descending,1,24164,65633,232952,34247,415832,45229,1428,428247,284972,4.28102e+06,8.1838e+08,261,1.01812e-06,1.85078e-05,0.00796387,5.04375e+09,1.93938e+09,5.67604e+09,4.00718e+09,4.00718e+09,1,0
4070,244200,cecum,1,7472,66411,79935,19134,408817,14967,1830,374677,368585,1.4061e+06,2.06892e+09,41,2.87271e-05,0.000583003,0.007417,5.0558e+09,1.94567e+09,5.67604e+09,4.02841e+09,4.02841e+09,1,0
4070,244200,transverse,1,12030,60066,138582,28379,490876,26296,2366,483119,416533,2.2291e+06,1.13291e+09,141,4.9679e-06,9.1871e-05,0.00790751,5.0558e+09,1.94567e+09,5.67604e+09,4.02841e+09,4.02841e+09,1,0
4070,244200,descending,1,25461,64284,234019,34358,415832,45432,1433,429905,285511,4.51516e+06,8.26345e+08,261,9.79804e-07,1.78107e-05,0.00796485,5.0558e+09,1.94567e+09,5.67604e+09,4.02841e+09,4.02841e+09,1,0
4080,244800,cecum,1,7840,66815,80291,19237,411129,15024,1837,376738,371062,1.47274e+06,2.07578e+09,41,2.86235e-05,0.00058066,0.00741934,5.06796e+09,1.952e+09,5.67604e+09,4.04944e+09,4.04944e+09,1,0
4080,244800,transverse,1,11364,60092,139105,28483,493010,26391,2368,485424,417675,2.10531e+06,1.13914e+09,141,4.90743e-06,9.07361e-05,0.00790865,5.06796e+09,1.952e+09,5.67604e+09,4.04944e+09,4.04944e+09,1,0
4080,244800,descending,1,25965,63472,235186,34481,416839,45660,1436,432072,286203,4.60574e+06,8.34282e+08,261,9.43979e-07,1.71592e-05,0.00796578,5.06796e+09,1.952e+09,5.67604e+09,4.04944e+09,4.04944e+09,1,0
4090,245400,cecum,1,7042,66321,80613,19322,412454,15084,1843,378696,371406,1.32507e+06,2.08255e+09,41,2.85225e-05,0.000578379,0.00742162,5.08024e+09,1.95836e+09,5.67604e+09,4.07027e+09,4.07027e+09,1,0
4090,245400,transverse,1,11353,59414,139638,28574,493960,26493,2369,487244,418273,2.10286e+06,1.1453e+09,141,4.84958e-06,8.96507e-05,0.00790975,5.08024e+09,1.95836e+09,5.67604e+09,4.07027e+09,4.07027e+09,1,0
4090,245400,descending,1,26433,63063,236323,34627,417517,45871,1444,433508,286561,4.68902e+06,8.4219e+08,261,9.10477e-07,1.655e-05,0.00796666,5.08024e+09,1.95836e+09,5.67604e+09,4.07027e+09,4.07027e+09,1,0
4100,246000,cecum,1,8469,66199,80987,19399,414139,15142,1849,380632,374273,1.59048e+06,2.0892e+09,41,2.8424e-05,0.000576158,0.00742384,5.09263e+09,1.96476e+09,5.67604e+09,4.0909e+09,4.0909e+09,1,0
4100,246000,transverse,1,11182,60040,140195,28657,496002,26603,2374,488848,419775,2.07087e+06,1.15139e+09,141,4.79417e-06,8.86114e-05,0.0079108,5.09263e+09,1.96476e+09,5.67604e+09,4.0909e+09,4.0909e+09,1,0
4100,246000,descending,1,27747,61965,237469,34783,418184,46093,1449,435646,287769,4.92801e+06,8.50069e+08,261,8.79134e-07,1.59802e-05,0.0079675,5.09263e+09,1.96476e+09,5.67604e+09,4.0909e+09,4.0909e+09,1,0
4110,246600,cecum,1,7428,65617,81295,19471,415352,15208,1851,382563,374273,1.39706e+06,2.09576e+09,41,2.83281e-05,0.000573994,0.00742601,5.10514e+09,1.97119e+09,5.67604e+09,4.11134e+09,4.11134e+09,1,0
4110,246600,transverse,1,11118,61900,140688,28764,499432,26704,2377,490623,422853,2.05768e+06,1.15743e+09,141,4.74103e-06,8.7615e-05,0.00791181,5.10514e+09,1.97119e+09,5.67604e+09,4.11134e+09,4.11134e+09,1,0
4110,246600,descending,1,27314,61591,238708,34939,419488,46314,1458,437692,287769,4.84441e+06,8.57921e+08,261,8.49798e-07,1.5447e-05,0.0079683,5.10514e+09,1.97119e+09,5.67604e+09,4.11134e+09,4.11134e+09,1,0
4120,247200,cecum,1,7692,64389,81640,19552,416017,15290,1853,384617,375018,1.44577e+06,2.10222e+09,41,2.82345e-05,0.000571885,0.00742812,5.11777e+09,1.97767e+09,5.67604e+09,4.1316e+09,4.1316e+09,1,0
4120,247200,transverse,1,11622,62206,141201,28863,501402,26793,2429,492423,424950,2.15271e+06,1.1634e+09,141,4.69e-06,8.66586e-05,0.00791278,5.11777e+09,1.97767e+09,5.67604e+09,4.1316e+09,4.1316e+09,1,0
4120,247200,descending,1,26733,62855,239897,35092,421932,46549,1463,439255,288826,4.73934e+06,8.65742e+08,261,8.22324e-07,1.49477e-05,0.00796905,5.11777e+09,1.97767e+09,5.67604e+09,4.1316e+09,4.1316e+09,1,0
4130,247800,cecum,1,7665,64878,82018,19641,418075,15364,1857,386345,376830,1.44179e+06,2.10858e+09,41,2.81431e-05,0.000569828,0.00743017,5.13051e+09,1.98417e+09,5.67604e+09,4.15167e+09,4.15167e+09,1,0
4130,247800,transverse,1,10754,61749,141701,28955,502586,26889,2433,494248,424950,1.99249e+06,1.16931e+09,141,4.64096e-06,8.57394e-05,0.00791371,5.13051e+09,1.98417e+09,5.67604e+09,4.15167e+09,4.15167e+09,1,0
4130,247800,descending,1,27053,62575,241131,35211,423160,46802,1464,441134,289511,4.79508e+06,8.73536e+08,261,7.96579e-07,1.44799e-05,0.00796978,5.13051e+09,1.98417e+09,5.67604e+09,4.15167e+09,4.15167e+09,1,0
4140,248400,cecum,1,8259,64685,82374,19719,419592,15432,1862,388196,378726,1.55333e+06,2.11485e+09,41,2.80539e-05,0.000567821,0.00743218,5.14336e+09,1.99071e+09,5.67604e+09,4.17155e+09,4.17155e+09,1,0
4140,248400,transverse,1,10938,61208,142253,29055,503651,26989,2438,496049,425842,2.02726e+06,1.17517e+09,141,4.59376e-06,8.4855e-05,0.00791461,5.14336e+09,1.99071e+09,5.67604e+09,4.17155e+09,4.17155e+09,1,0
4140,248400,descending,1,27758,62540,242278,35365,424277,47034,1468,442668,290568,4.9231e+06,8.813e+08,261,7.72435e-07,1.40412e-05,0.00797047,5.14336e+09,1.99071e+09,5.67604e+09,4.17155e+09,4.17155e+09,1,0
4150,249000,cecum,1,8400,63908,82717,19810,420405,15498,1869,389936,379487,1.57888e+06,2.12102e+09,41,2.79668e-05,0.000565863,0.00743414,5.15632e+09,1.99729e+09,5.67604e+09,4.19126e+09,4.19126e+09,1,0
4150,249000,transverse,1,11219,60818,142781,29150,504946,27098,2445,497931,427087,2.07897e+06,1.18097e+09,141,4.54829e-06,8.40032e-05,0.00791547,5.15632e+09,1.99729e+09,5.67604e+09,4.19126e+09,4.19126e+09,1,0
4150,249000,descending,1,28478,62765,243419,35518,425886,47238,1477,444400,292104,5.05445e+06,8.89035e+08,261,7.49776e-07,1.36296e-05,0.00797113,5.15632e+09,1.99729e+09,5.67604e+09,4.19126e+09,4.19126e+09,1,0
4160,249600,cecum,1,7851,64845,83114,19891,423059,15571,1879,391797,381339,1.47547e+06,2.12711e+09,41,2.78817e-05,0.000563951,0.00743605,5.1694e+09,2.0039e+09,5.67604e+09,4.21079e+09,4.21079e+09,1,0
4160,249600,transverse,1,11166,60452,143309,29250,506262,27197,2455,499802,428011,2.06866e+06,1.1867e+09,141,4.50444e-06,8.3182e-05,0.0079163,5.1694e+09,2.0039e+09,5.67604e+09,4.21079e+09,4.21079e+09,1,0
4160,249600,descending,1,28214,62585,244652,35676,427326,47484,1824,446077,292104,5.00804e+06,8.96743e+08,261,7.28492e-07,1.32429e-05,0.00797176,5.1694e+09,2.0039e+09,5.67604e+09,4.21079e+09,4.21079e+09,1,0
4170,250200,cecum,1,8098,64975,83446,19956,424915,15627,1884,393639,383226,1.52255e+06,2.1331e+09,41,2.77986e-05,0.000562083,0.00743792,5.1826e+09,2.01054e+09,5.67604e+09,4.23014e+09,4.23014e+09,1,0
4170,250200,transverse,1,10671,59758,143838,29341,507101,27294,2458,501520,428011,1.97665e+06,1.19239e+09,141,4.46211e-06,8.23895e-05,0.0079171,5.1826e+09,2.01054e+09,5.67604e+09,4.23014e+09,4.23014e+09,1,0
4170,250200,descending,1,27324,64603,245826,35833,430340,47702,1836,447436,293417,4.84772e+06,9.04421e+08,261,7.08479e-07,1.28794e-05,0.00797236,5.1826e+09,2.01054e+09,5.67604e+09,4.23014e+09,4.23014e+09,1,0
4180,250800,cecum,1,8647,65212,83786,20041,426925,15692,1954,395492,385525,1.62392e+06,2.139e+09,41,2.77173e-05,0.000560259,0.00743974,5.1959e+09,2.01722e+09,5.67604e+09,4.24932e+09,4.24932e+09,1,0
4180,250800,transverse,1,10845,59058,144377,29415,507942,27377,2468,503208,428634,2.00918e+06,1.19801e+09,141,4.42121e-06,8.16239e-05,0.00791788,5.1959e+09,2.01722e+09,5.67604e+09,4.24932e+09,4.24932e+09,1,0
4180,250800,descending,1,28445,63517,247026,35968,430997,47947,1840,449555,294371,5.05048e+06,9.12071e+08,261,6.89645e-07,1.25372e-05,0.00797294,5.1959e+09,2.01722e+09,5.67604e+09,4.24932e+09,4.24932e+09,1,0
4190,251400,cecum,1,8032,65646,84200,20124,429318,15762,1961,397597,387035,1.51074e+06,2.14481e+09,41,2.76378e-05,0.000558477,0.00744152,5.20932e+09,2.02393e+09,5.67604e+09,4.26833e+09,4.26833e+09,1,0
4190,251400,transverse,1,11581,59641,144928,29501,510330,27483,2474,505199,431393,2.14514e+06,1.20358e+09,141,4.38166e-06,8.08836e-05,0.00791863,5.20932e+09,2.02393e+09,5.67604e+09,4.26833e+09,4.26833e+09,1,0
4190,251400,descending,1,28507,63961,248261,36130,432519,48177,1841,451024,295111,5.05968e+06,9.19691e+08,261,6.71901e-07,1.22149e-05,0.00797349,5.20932e+09,2.02393e+09,5.67604e+09,4.26833e+09,4.26833e+09,1,0
4200,252000,cecum,1,8189,66283,84578,20200,431687,15823,1968,399459,389313,1.53978e+06,2.15054e+09,41,2.75601e-05,0.000556735,0.00744327,5.22285e+09,2.03067e+09,5.67604e+09,4.28716e+09,4.28716e+09,1,0
4200,252000,transverse,1,11524,60340,145448,29614,512561,27595,2474,506956,433272,2.13355e+06,1.2091e+09,141,4.34338e-06,8.01674e-05,0.00791936,5.22285e+09,2.03067e+09,5.67604e+09,4.28716e+09,4.28716e+09,1,0
4200,252000,descending,0.9975,28220,65087,249470,36275,434760,48414,1841,452521,296238,5.00771e+06,9.27281e+08,261,6.55166e-07,1.19109e-05,0.00797402,5.22285e+09,2.03067e+09,5.67604e+09,4.28716e+09,4.28716e+09,1,0
4210,252600,cecum,1,7704,66316,84898,20273,433491,15874,1975,401347,390429,1.44851e+06,2.15619e+09,41,2.7484e-05,0.000555031,0.00744497,5.23649e+09,2.03745e+09,5.67604e+09,4.30583e+09,4.30583e+09,1,0
4210,252600,transverse,1,11131,59742,145993,29726,513591,27696,2477,508794,433574,2.06154e+06,1.21456e+09,141,4.3063e-06,7.94737e-05,0.00792006,5.23649e+09,2.03745e+09,5.67604e+09,4.30583e+09,4.30583e+09,1,0
4210,252600,descending,1,29642,63229,250694,36443,434760,48645,1843,454776,296833,5.26342e+06,9.34844e+08,261,6.39364e-07,1.16239e-05,0.00797453,5.23649e+09,2.03745e+09,5.67604e+09,4.30583e+09,4.30583e+09,1,0
4220,253200,cecum,0.995,7090,66272,85286,20357,435096,15939,1983,403137,391173,1.33511e+06,2.16176e+09,41,2.74096e-05,0.000553365,0.00744663,5.25024e+09,2.04426e+09,5.67604e+09,4.32433e+09,4.32433e+09,1,0
4220,253200,transverse,1,11430,59363,146548,29820,514646,27810,2480,510433,434578,2.11659e+06,1.21996e+09,141,4.27036e-06,7.88014e-05,0.00792074,5.25024e+09,2.04426e+09,5.67604e+09,4.32433e+09,4.32433e+09,1,0
4220,253200,descending,1,29568,63673,251955,36630,436453,48902,1843,456469,297635,5.24849e+06,9.42376e+08,261,6.24426e-07,1.13526e-05,0.00797503,5.25024e+09,2.04426e+09,5.67604e+09,4.32433e+09,4.32433e+09,1,0
4230,253800,cecum,0.9875,6448,65212,85575,20411,435985,15985,1985,405184,391229,1.21593e+06,2.16724e+09,41,2.73368e-05,0.000551736,0.00744826,5.2641e+09,2.0511e+09,5.67604e+09,4.34267e+09,4.34267e+09,1,0
4230,253800,transverse,0.9975,12410,59096,147092,29900,515927,27910,2492,512149,436463,2.29824e+06,1.22532e+09,141,4.23549e-06,7.81493e-05,0.0079214,5.2641e+09,2.0511e+09,5.67604e+09,4.34267e+09,4.34267e+09,1,0
4230,253800,descending,1,27985,64153,253102,36782,438806,49127,1843,458719,297635,4.96023e+06,9.4988e+08,261,6.10288e-07,1.10958e-05,0.0079755,5.2641e+09,2.0511e+09,5.67604e+09,4.34267e+09,4.34267e+09,1,0
4240,254400,cecum,0.9575,6292,63891,85864,20458,436705,16035,1992,407315,391594,1.18873e+06,2.17264e+09,41,2.72655e-05,0.000550141,0.00744986,5.27807e+09,2.05797e+09,5.67604e+09,4.36085e+09,4.36085e+09,1,0
4240,254400,transverse,0.9975,12217,59059,147648,30005,517130,28010,2494,513592,437120,2.26278e+06,1.23062e+09,141,4.20164e-06,7.75164e-05,0.00792205,5.27807e+09,2.05797e+09,5.67604e+09,4.36085e+09,4.36085e+09,1,0
4240,254400,descending,1,28883,62658,254371,36914,438806,49369,1846,460585,297635,5.11818e+06,9.57353e+08,261,5.96891e-07,1.08524e-05,0.00797596,5.27807e+09,2.05797e+09,5.67604e+09,4.36085e+09,4.36085e+09,1,0
4250,255000,cecum,0.945,6056,63074,86169,20504,437541,16087,2005,409053,391974,1.14434e+06,2.17797e+09,41,2.71957e-05,0.000548581,0.00745142,5.29215e+09,2.06488e+09,5.67604e+09,4.37886e+09,4.37886e+09,1,0
4250,255000,transverse,1,12400,58557,148253,30116,517978,28127,2503,515161,437765,2.29707e+06,1.23587e+09,141,4.16876e-06,7.69018e-05,0.00792267,5.29215e+09,2.06488e+09,5.67604e+09,4.37886e+09,4.37886e+09,1,0
4250,255000,descending,0.9975,29078,63190,255554,37052,440443,49576,1849,462032,298626,5.1536e+06,9.64795e+08,261,5.8418e-07,1.06215e-05,0.0079764,5.29215e+09,2.06488e+09,5.67604e+09,4.37886e+09,4.37886e+09,1,0
4260,255600,cecum,0.9175,6185,62013,86498,20546,438224,16146,2011,410892,392552,1.16817e+06,2.18322e+09,41,2.71273e-05,0.000547054,0.00745295,5.30633e+09,2.07182e+09,5.67604e+09,4.39671e+09,4.39671e+09,1,0
4260,255600,transverse,1,12934,58612,148844,30231,519433,28229,2507,516774,439376,2.39596e+06,1.24106e+09,141,4.13681e-06,7.63046e-05,0.00792328,5.30633e+09,2.07182e+09,5.67604e+09,4.39671e+09,4.39671e+09,1,0
4260,255600,descending,1,30643,61878,256784,37218,440743,49812,1849,464046,299663,5.43495e+06,9.72206e+08,261,5.72106e-07,1.04022e-05,0.00797683,5.30633e+09,2.07182e+09,5.67604e+09,4.39671e+09,4.39671e+09,1,0
4270,256200,cecum,0.9375,6357,61039,86809,20592,438828,16209,2017,412573,393120,1.20007e+06,2.18839e+09,41,2.70604e-05,0.000545559,0.00745444,5.32063e+09,2.07878e+09,5.67604e+09,4.41441e+09,4.41441e+09,1,0
4270,256200,transverse,1,12630,58178,149433,30321,520451,28324,2524,518394,439669,2.33934e+06,1.2462e+09,141,4.10573e-06,7.57239e-05,0.00792387,5.32063e+09,2.07878e+09,5.67604e+09,4.41441e+09,4.41441e+09,1,0
4270,256200,descending,1,28761,64132,258025,37378,444292,50065,1849,465754,300502,5.09629e+06,9.79587e+08,261,5.60623e-07,1.01936e-05,0.00797724,5.32063e+09,2.07878e+09,5.67604e+09,4.41441e+09,4.41441e+09,1,0
4280,256800,cecum,0.9275,6081,60445,87116,20635,439889,16262,2029,414312,393682,1.14897e+06,2.19348e+09,41,2.69947e-05,0.000544095,0.00745591,5.33503e+09,2.08578e+09,5.67604e+09,4.43195e+09,4.43195e+09,1,0
4280,256800,transverse,1,12712,58603,150016,30424,522374,28440,2527,520108,441307,2.35535e+06,1.2513e+09,141,4.0755e-06,7.5159e-05,0.00792444,5.33503e+09,2.08578e+09,5.67604e+09,4.43195e+09,4.43195e+09,1,0
4280,256800,descending,1,27067,65967,259270,37528,447247,50316,1850,467274,300918,4.794e+06,9.86938e+08,261,5.49687e-07,9.99491e-06,0.00797764,5.33503e+09,2.08578e+09,5.67604e+09,4.43195e+09,4.43195e+09,1,0
4290,257400,cecum,0.905,6241,59364,87443,20682,440626,16332,2033,416243,394365,1.17811e+06,2.19851e+09,41,2.69305e-05,0.000542661,0.00745734,5.34955e+09,2.09281e+09,5.67604e+09,4.44933e+09,4.44933e+09,1,0
4290,257400,transverse,1,12803,59637,150591,30525,524907,28548,2527,521816,443565,2.37245e+06,1.25634e+09,141,4.04606e-06,7.46091e-05,0.007925,5.34955e+09,2.09281e+09,5.67604e+09,4.44933e+09,4.44933e+09,1,0
4290,257400,descending,1,27247,66043,260440,37639,449140,50554,1859,469431,302161,4.83021e+06,9.94257e+08,261,5.39262e-07,9.80549e-06,0.00797803,5.34955e+09,2.09281e+09,5.67604e+09,4.44933e+09,4.44933e+09,1,0
4300,258000,cecum,0.9175,6419,58504,87707,20737,441415,16379,2042,417985,395161,1.21113e+06,2.20346e+09,41,2.68675e-05,0.000541257,0.00745874,5.36416e+09,2.09988e+09,5.67604e+09,4.46656e+09,4.46656e+09,1,0
4300,258000,transverse,1,12538,60472,151236,30634,527586,28673,2538,523883,445557,2.32283e+06,1.26133e+09,141,4.0174e-06,7.40737e-05,0.00792554,5.36416e+09,2.09988e+09,5.67604e+09,4.46656e+09,4.46656e+09,1,0
4300,258000,descending,1,27566,65124,261536,37760,449620,50777,1906,471127,302161,4.88443e+06,1.00155e+09,261,5.29309e-07,9.62466e-06,0.0079784,5.36416e+09,2.09988e+09,5.67604e+09,4.46656e+09,4.46656e+09,1,0
4310,258600,cecum,0.9025,6017,58170,88002,20782,442899,16447,2052,419906,396051,1.13509e+06,2.20834e+09,41,2.68057e-05,0.000539881,0.00746012,5.37889e+09,2.10697e+09,5.67604e+09,4.48364e+09,4.48364e+09,1,0
4310,258600,transverse,0.9975,12484,59516,151792,30721,528678,28780,2547,526116,446224,2.31274e+06,1.26627e+09,141,3.98947e-06,7.35521e-05,0.00792607,5.37889e+09,2.10697e+09,5.67604e+09,4.48364e+09,4.48364e+09,1,0
4310,258600,descending,1,27716,64179,262770,37895,450567,50999,1909,473373,302378,4.90974e+06,1.0088e+09,261,5.19798e-07,9.45184e-06,0.00797877,5.37889e+09,2.10697e+09,5.67604e+09,4.48364e+09,4.48364e+09,1,0
