step,time_s,region,occ_frac,patch_cells,pool_cells,births_cum,washout_cum,contraction_cum,edge_cum,reseeds_cum,distal_cum,external_cum,mean_cfu_ml,lumen_cells,lumen_lineages,lumen_mu_per_s,lumen_carbon_mol_m3,lumen_acetate_mol_m3,stool_cum,deaths_cum,purged_cum,stocks,expected,ledger_ok,hapc
10,600,cecum,0.02,78,48,3,1,47,0,0,0,3,14333.9,3187.75,1,0.0001375,0.005,8.53865e-10,58.7453,19.527,0,10068.6,10068.6,1,0
10,600,transverse,0.0325,103,90,10,3,88,1,0,2,5,18922.1,3247.69,3,0.0001375,0.005,8.69393e-10,58.7453,19.527,0,10068.6,10068.6,1,0
10,600,descending,0.0125,41,24,3,2,22,0,0,0,2,7584.21,3249.17,3,0.0001375,0.005,8.69291e-10,58.7453,19.527,0,10068.6,10068.6,1,0
20,1200,cecum,0.0225,38,91,5,1,90,0,0,0,4,7068.34,3389.5,1,0.0001375,0.005,1.74378e-09,122.36,40.5395,0,10823.5,10823.5,1,0
20,1200,transverse,0.0325,77,118,15,4,119,2,0,7,7,14130.4,3520.9,8,0.0001375,0.005,1.80978e-09,122.36,40.5395,0,10823.5,10823.5,1,0
20,1200,descending,0.0175,33,30,6,4,34,1,0,9,6,6061.31,3526.13,17,0.0001375,0.005,1.81064e-09,122.36,40.5395,0,10823.5,10823.5,1,0
30,1800,cecum,0.03,43,91,7,1,90,0,0,0,7,7979.74,3601.95,1,0.0001375,0.005,2.67225e-09,191.414,63.1862,0,11632.9,11632.9,1,0
30,1800,transverse,0.0325,70,124,18,6,128,2,0,12,8,12819.1,3816.64,13,0.0001375,0.005,2.82846e-09,191.414,63.1862,0,11632.9,11632.9,1,0
30,1800,descending,0.0225,30,37,8,5,39,2,0,9,8,5431.18,3819.29,22,0.0001375,0.005,2.83242e-09,191.414,63.1862,0,11632.9,11632.9,1,0
40,2400,cecum,0.0375,29,110,8,3,109,1,0,3,14,5421.93,3827,4,0.0001375,0.005,3.64244e-09,266.21,87.5707,0,12502.4,12502.4,1,0
40,2400,transverse,0.03,60,137,23,6,142,3,0,14,8,10982.2,4133.35,18,0.0001375,0.005,3.92994e-09,266.21,87.5707,0,12502.4,12502.4,1,0
40,2400,descending,0.02,26,42,8,6,43,2,0,9,9,4689.84,4138.01,27,0.0001375,0.005,3.93909e-09,266.21,87.5707,0,12502.4,12502.4,1,0
50,3000,cecum,0.03,19,123,9,3,123,1,0,4,17,3599.14,4068.35,5,0.0001375,0.005,4.65667e-09,347.205,113.809,0,13441,13441,1,0
50,3000,transverse,0.045,61,149,28,6,152,5,0,14,16,11139.9,4464.47,19,0.0001375,0.00499999,5.11883e-09,347.205,113.809,0,13441,13441,1,0
50,3000,descending,0.0325,34,44,12,6,46,2,0,10,16,6104.52,4478.15,28,0.0001375,0.00499999,5.13736e-09,347.205,113.809,0,13441,13441,1,0
60,3600,cecum,0.0475,20,127,9,3,132,1,0,9,27,3726.24,4322.08,10,0.0001375,0.00499999,5.7188e-09,434.878,142.032,0,14441.3,14441.3,1,0
60,3600,transverse,0.0425,53,162,29,6,165,5,0,14,20,9671.3,4825.53,24,0.0001375,0.00499999,6.39968e-09,434.878,142.032,0,14441.3,14441.3,1,0
60,3600,descending,0.02,23,59,13,6,61,2,0,10,19,4118.94,4849.65,33,0.0001375,0.00499999,6.4342e-09,434.878,142.032,0,14441.3,14441.3,1,0
70,4200,cecum,0.0475,19,132,9,3,139,1,0,11,33,3595.14,4592.96,12,0.0001375,0.00499999,6.8313e-09,529.831,172.407,0,15520.1,15520.1,1,0
70,4200,transverse,0.05,55,164,34,7,173,5,0,21,26,10031.5,5219.96,33,0.0001375,0.00499999,7.78135e-09,529.831,172.407,0,15520.1,15520.1,1,0
70,4200,descending,0.02,22,63,13,6,66,2,0,11,23,3901.34,5252.15,43,0.0001375,0.00499999,7.83835e-09,529.831,172.407,0,15520.1,15520.1,1,0
80,4800,cecum,0.0375,16,139,11,3,149,1,0,14,38,3081.74,4883,14,0.0001375,0.00499999,7.9977e-09,632.654,205.091,0,16680.9,16680.9,1,0
80,4800,transverse,0.055,52,170,37,8,188,5,0,31,36,9476.66,5643.77,44,0.0001375,0.00499999,9.27056e-09,632.654,205.091,0,16680.9,16680.9,1,0
80,4800,descending,0.035,28,66,14,6,68,3,0,11,31,4978.44,5683.1,54,0.0001375,0.00499999,9.35843e-09,632.654,205.091,0,16680.9,16680.9,1,0
90,5400,cecum,0.035,17,134,13,3,154,1,0,24,42,3267.96,5199.84,23,0.0001375,0.00499999,9.22422e-09,743.946,240.262,0,17926.9,17926.9,1,0
90,5400,transverse,0.0675,51,177,38,8,196,6,0,33,43,9309.18,6095.09,55,0.0001375,0.00499999,1.08735e-08,743.946,240.262,0,17926.9,17926.9,1,0
90,5400,descending,0.045,33,68,15,7,74,3,1,15,41,5822.22,6151.97,68,0.0001375,0.00499999,1.10031e-08,743.946,240.262,0,17926.9,17926.9,1,0
100,6000,cecum,0.0375,16,131,13,3,159,1,0,32,46,3091.59,5534.75,31,0.0001375,0.00499999,1.05153e-08,864.414,278.119,0,19267.1,19267.1,1,0
100,6000,transverse,0.06,42,192,41,8,211,6,0,33,46,7659.88,6583.6,63,0.0001375,0.00499999,1.25993e-08,864.414,278.119,0,19267.1,19267.1,1,0
100,6000,descending,0.0375,29,77,16,8,83,3,1,16,46,5060.04,6661.76,76,0.0001375,0.00499999,1.27825e-08,864.414,278.119,0,19267.1,19267.1,1,0
110,6600,cecum,0.05,21,130,13,4,162,1,0,37,55,4012.84,5882.59,35,0.0001375,0.00499999,1.18734e-08,994.846,318.859,0,20710.3,20710.3,1,0
110,6600,transverse,0.055,42,191,43,8,214,6,0,37,47,7653.67,7115.9,70,0.0001375,0.00499999,1.44574e-08,994.846,318.859,0,20710.3,20710.3,1,0
110,6600,descending,0.0475,37,77,20,9,83,3,1,17,51,6535.77,7213.78,84,0.0001375,0.00499999,1.47082e-08,994.846,318.859,0,20710.3,20710.3,1,0
120,7200,cecum,0.0475,19,133,13,4,172,1,0,44,63,3595.14,6255.74,39,0.0001375,0.00499999,1.33034e-08,1136.06,362.721,0,22258.8,22258.8,1,0
120,7200,transverse,0.06,46,180,44,8,217,6,0,51,53,8392.65,7694.43,86,0.0001375,0.00499998,1.64599e-08,1136.06,362.721,0,22258.8,22258.8,1,0
120,7200,descending,0.0625,44,79,21,9,86,3,1,18,60,7832.29,7807.61,99,0.0001375,0.00499998,1.67919e-08,1136.06,362.721,0,22258.8,22258.8,1,0
130,7800,cecum,0.0575,24,131,14,5,175,1,0,50,71,4451.42,6651.57,43,0.0001375,0.00499999,1.48099e-08,1288.85,409.911,0,23925.8,23925.8,1,0
130,7800,transverse,0.0575,38,192,47,9,234,7,0,58,61,6939.53,8307.68,93,0.0001375,0.00499998,1.86146e-08,1288.85,409.911,0,23925.8,23925.8,1,0
130,7800,descending,0.0825,50,87,21,9,94,3,1,18,74,8907.56,8444.52,107,0.0001375,0.00499998,1.90451e-08,1288.85,409.911,0,23925.8,23925.8,1,0
140,8400,cecum,0.0475,21,134,15,5,186,1,0,58,78,3957.72,7075.58,48,0.0001375,0.00499998,1.63981e-08,1454.31,460.691,0,25717.2,25717.2,1,0
140,8400,transverse,0.0575,38,199,48,9,242,7,0,59,68,6936.43,8962.79,99,0.0001375,0.00499998,2.09321e-08,1454.31,460.691,0,25717.2,25717.2,1,0
140,8400,descending,0.09,53,82,22,9,98,3,1,27,80,9453.97,9151.85,119,0.0001375,0.00499998,2.14833e-08,1454.31,460.691,0,25717.2,25717.2,1,0
150,9000,cecum,0.0325,14,149,16,6,200,1,0,58,85,2693.6,7518.36,48,0.0001375,0.00499998,1.80733e-08,1633.47,515.329,0,27642.5,27642.5,1,0
150,9000,transverse,0.06,38,201,49,9,248,7,0,63,73,6933.33,9673.17,101,0.0001375,0.00499998,2.34237e-08,1633.47,515.329,0,27642.5,27642.5,1,0
150,9000,descending,0.0725,44,98,22,10,113,3,1,27,87,7807.8,9906.92,122,0.0001375,0.00499998,2.41216e-08,1633.47,515.329,0,27642.5,27642.5,1,0
160,9600,cecum,0.045,19,151,16,6,206,1,0,62,96,3730.92,7989.42,50,0.0001375,0.00499998,1.98406e-08,1827.44,574.109,0,29715.2,29715.2,1,0
160,9600,transverse,0.0625,39,202,51,9,255,7,0,69,79,7126.8,10438.5,107,0.0001375,0.00499997,2.61021e-08,1827.44,574.109,0,29715.2,29715.2,1,0
160,9600,descending,0.075,47,102,25,10,121,3,1,31,95,8324.6,10727.3,128,0.0001375,0.00499997,2.69758e-08,1827.44,574.109,0,29715.2,29715.2,1,0
170,10200,cecum,0.0525,23,150,17,6,206,1,0,63,99,4521.06,8495.5,50,0.0001375,0.00499998,2.17058e-08,2037.42,637.342,0,31941.3,31941.3,1,0
170,10200,transverse,0.0725,44,207,52,10,263,7,0,73,92,8063.13,11252.7,108,0.0001375,0.00499997,2.89811e-08,2037.42,637.342,0,31941.3,31941.3,1,0
170,10200,descending,0.09,54,103,26,10,126,3,1,35,106,9621.12,11612.1,132,0.0001375,0.00499997,3.0063e-08,2037.42,637.342,0,31941.3,31941.3,1,0
180,10800,cecum,0.0525,25,149,19,6,209,1,0,67,102,5003.73,9036.9,50,0.0001375,0.00499998,2.36773e-08,2264.74,705.372,0,34338.7,34338.7,1,0
180,10800,transverse,0.0725,44,208,53,10,274,8,0,84,103,8050.32,12138.2,114,0.0001375,0.00499997,3.20742e-08,2264.74,705.372,0,34338.7,34338.7,1,0
180,10800,descending,0.075,51,117,30,11,142,3,1,38,116,9060.82,12569.6,138,0.0001375,0.00499997,3.34021e-08,2264.74,705.372,0,34338.7,34338.7,1,0
190,11400,cecum,0.06,29,156,20,7,219,1,0,71,116,5774.17,9601.4,50,0.0001375,0.00499997,2.57607e-08,2510.83,778.567,0,36913,36913,1,0
190,11400,transverse,0.08,47,206,54,11,281,8,0,94,113,8602.03,13090.7,121,0.0001375,0.00499996,3.53989e-08,2510.83,778.567,0,36913,36913,1,0
190,11400,descending,0.065,48,122,32,11,152,3,1,43,121,8469.08,13612.9,145,0.000137499,0.00499996,3.70133e-08,2510.83,778.567,0,36913,36913,1,0
200,12000,cecum,0.0525,26,170,20,7,235,1,0,73,129,5170.25,10200.9,51,0.0001375,0.00499997,2.79622e-08,2777.29,857.302,0,39678.1,39678.1,1,0
200,12000,transverse,0.0925,49,210,55,13,294,8,0,105,129,8973.85,14109.8,128,0.000137499,0.00499996,3.89704e-08,2777.29,857.302,0,39678.1,39678.1,1,0
200,12000,descending,0.0675,49,134,33,11,169,3,1,48,138,8648.29,14729.4,154,0.000137499,0.00499996,4.09197e-08,2777.29,857.302,0,39678.1,39678.1,1,0
210,12600,cecum,0.075,35,172,20,7,242,1,0,78,145,6777.25,10838.5,51,0.0001375,0.00499997,3.0289e-08,3065.61,941.967,0,42653.5,42653.5,1,0
210,12600,transverse,0.1025,52,218,57,13,303,8,0,106,139,9545.35,15201.6,128,0.000137499,0.00499996,4.28063e-08,3065.61,941.967,0,42653.5,42653.5,1,0
210,12600,descending,0.0775,57,140,37,11,179,3,1,52,152,10085.6,15939.4,154,0.000137499,0.00499995,4.5142e-08,3065.61,941.967,0,42653.5,42653.5,1,0
220,13200,cecum,0.065,30,179,21,8,252,1,0,82,150,5810.75,11526.8,52,0.0001375,0.00499997,3.275e-08,3377.63,1033.02,0,45851,45851,1,0
220,13200,transverse,0.1125,59,212,60,14,311,9,0,122,153,10842.6,16386.9,138,0.000137499,0.00499995,4.69256e-08,3377.63,1033.02,0,45851,45851,1,0
220,13200,descending,0.105,70,141,39,13,184,3,1,58,170,12448.7,17246.4,166,0.000137499,0.00499995,4.97064e-08,3377.63,1033.02,0,45851,45851,1,0
230,13800,cecum,0.0725,33,186,22,8,266,1,0,89,166,6385.11,12250.6,53,0.0001375,0.00499996,3.53552e-08,3715.2,1130.94,0,49292.4,49292.4,1,0
230,13800,transverse,0.15,75,214,62,16,313,9,0,124,171,13787.3,17642.7,141,0.000137499,0.00499995,5.1349e-08,3715.2,1130.94,0,49292.4,49292.4,1,0
230,13800,descending,0.0875,61,169,47,14,211,5,1,60,183,10778,18661,170,0.000137499,0.00499995,5.46391e-08,3715.2,1130.94,0,49292.4,49292.4,1,0
240,14400,cecum,0.0775,37,193,23,10,273,1,0,91,178,7230.36,13019.7,53,0.000137499,0.00499996,3.81134e-08,4080.55,1236.26,0,52991.3,52991.3,1,0
240,14400,transverse,0.12,67,232,65,17,334,10,0,129,183,12285.3,19002.3,144,0.000137499,0.00499994,5.60973e-08,4080.55,1236.26,0,52991.3,52991.3,1,0
240,14400,descending,0.1125,76,164,55,14,219,5,1,73,198,13525.7,20200.3,181,0.000137499,0.00499994,5.99715e-08,4080.55,1236.26,0,52991.3,52991.3,1,0
250,15000,cecum,0.09,48,203,26,11,286,1,0,95,200,9294.48,13829.3,54,0.000137499,0.00499996,4.10324e-08,4475.92,1349.5,0,56961.3,56961.3,1,0
250,15000,transverse,0.135,74,236,68,18,342,11,0,135,197,13579.8,20462.6,148,0.000137499,0.00499994,6.11948e-08,4475.92,1349.5,0,56961.3,56961.3,1,0
250,15000,descending,0.105,75,178,57,15,237,5,1,78,214,13310,21855.4,185,0.000137499,0.00499993,6.57353e-08,4475.92,1349.5,0,56961.3,56961.3,1,0
260,15600,cecum,0.0875,41,220,27,14,303,2,0,99,213,8130.73,14699.8,54,0.000137499,0.00499996,4.41231e-08,4903.62,1471.26,0,61222.5,61222.5,1,0
260,15600,transverse,0.1625,84,244,69,19,355,11,0,141,220,15427.3,22022.9,150,0.000137499,0.00499993,6.66663e-08,4903.62,1471.26,0,61222.5,61222.5,1,0
260,15600,descending,0.1425,94,176,59,17,237,5,1,82,233,16804.2,23640.8,187,0.000137499,0.00499993,7.19628e-08,4903.62,1471.26,0,61222.5,61222.5,1,0
270,16200,cecum,0.1175,57,222,30,14,310,2,0,104,233,11167.2,15619.4,54,0.000137499,0.00499995,4.73972e-08,5366.28,1602.15,0,65802.4,65802.4,1,0
270,16200,transverse,0.1575,88,252,70,22,368,11,0,149,239,16150.3,23705.7,154,0.000137499,0.00499993,7.25364e-08,5366.28,1602.15,0,65802.4,65802.4,1,0
270,16200,descending,0.15,104,182,61,20,246,5,1,88,253,18629.6,25572.2,191,0.000137499,0.00499992,7.8691e-08,5366.28,1602.15,0,65802.4,65802.4,1,0
280,16800,cecum,0.135,64,233,32,15,324,3,0,109,254,12437.2,16596.6,54,0.000137499,0.00499995,5.08655e-08,5866.73,1742.88,0,70724.8,70724.8,1,0
280,16800,transverse,0.175,97,258,73,23,388,12,0,165,267,17793.8,25513,163,0.000137499,0.00499992,7.88366e-08,5866.73,1742.88,0,70724.8,70724.8,1,0
280,16800,descending,0.17,110,196,64,23,263,5,1,94,276,19715.5,27657.2,201,0.000137499,0.00499991,8.59594e-08,5866.73,1742.88,0,70724.8,70724.8,1,0
290,17400,cecum,0.135,69,238,33,17,336,3,1,117,271,13569,17643,58,0.000137499,0.00499995,5.45411e-08,6407.98,1894.16,0,76013.4,76013.4,1,0
290,17400,transverse,0.19,101,284,75,24,419,12,0,171,301,18543.6,27438.4,169,0.000137499,0.00499991,8.55955e-08,6407.98,1894.16,0,76013.4,76013.4,1,0
290,17400,descending,0.1525,104,227,70,23,300,5,1,100,301,18650.8,29909,207,0.000137499,0.00499991,9.38103e-08,6407.98,1894.16,0,76013.4,76013.4,1,0
300,18000,cecum,0.14,71,255,36,18,356,3,1,121,291,14102.8,18748.6,59,0.000137499,0.00499994,5.84372e-08,6993.28,2056.77,0,81703,81703,1,0
300,18000,transverse,0.22,120,282,81,26,419,12,0,175,316,22047,29524.6,170,0.000137499,0.00499991,9.2846e-08,6993.28,2056.77,0,81703,81703,1,0
300,18000,descending,0.17,112,244,79,26,320,7,1,108,325,20112.6,32345.8,210,0.000137499,0.0049999,1.02289e-07,6993.28,2056.77,0,81703,81703,1,0
310,18600,cecum,0.125,67,269,39,19,378,3,1,130,307,13543,19934,59,0.000137499,0.00499994,6.25698e-08,7626.14,2231.57,0,87810.1,87810.1,1,0
310,18600,transverse,0.1875,113,316,87,27,454,12,0,177,339,20748.2,31755.2,170,0.000137499,0.0049999,1.00624e-07,7626.14,2231.57,0,87810.1,87810.1,1,0
310,18600,descending,0.1725,107,281,84,27,362,7,1,114,358,19150,34967.9,210,0.000137498,0.00499989,1.11445e-07,7626.14,2231.57,0,87810.1,87810.1,1,0
320,19200,cecum,0.1175,61,286,43,20,398,4,1,135,319,12429.7,21194.8,60,0.000137499,0.00499993,6.69548e-08,8310.4,2419.48,0,94366.5,94366.5,1,0
320,19200,transverse,0.1675,100,342,88,29,487,12,0,186,360,18346.3,34160.7,173,0.000137499,0.00499989,1.08969e-07,8310.4,2419.48,0,94366.5,94366.5,1,0
320,19200,descending,0.1625,111,299,89,27,390,8,1,125,386,19844.2,37812,213,0.000137498,0.00499988,1.21331e-07,8310.4,2419.48,0,94366.5,94366.5,1,0
330,19800,cecum,0.1375,70,290,44,21,408,4,1,142,338,14101.6,22530.6,60,0.000137499,0.00499993,7.16076e-08,9050.21,2621.48,0,101407,101407,1,0
330,19800,transverse,0.185,105,362,90,31,516,12,0,197,394,19246.1,36732.8,173,0.000137498,0.00499988,1.1792e-07,9050.21,2621.48,0,101407,101407,1,0
330,19800,descending,0.2225,141,302,94,30,398,8,1,133,422,25390.2,40873.7,213,0.000137498,0.00499987,1.32005e-07,9050.21,2621.48,0,101407,101407,1,0
340,20400,cecum,0.125,62,310,44,24,431,4,1,148,356,12580.5,23951.5,60,0.000137499,0.00499992,7.65451e-08,9849.95,2838.58,0,108977,108977,1,0
340,20400,transverse,0.2225,128,393,99,31,549,12,0,199,441,23501.6,39472.6,173,0.000137498,0.00499987,1.27518e-07,9849.95,2838.58,0,108977,108977,1,0
340,20400,descending,0.2175,124,345,101,30,445,10,1,139,447,22402.5,44190.8,213,0.000137498,0.00499986,1.43528e-07,9849.95,2838.58,0,108977,108977,1,0
350,21000,cecum,0.1175,61,329,48,25,455,6,1,156,378,12614.7,25460.6,61,0.000137499,0.00499992,8.17848e-08,10714.6,3071.91,0,117101,117101,1,0
350,21000,transverse,0.215,124,427,104,31,592,12,0,208,475,22716.9,42435.7,174,0.000137498,0.00499986,1.37809e-07,10714.6,3071.91,0,117101,117101,1,0
350,21000,descending,0.24,131,365,103,34,471,10,1,149,482,23580.2,47768,213,0.000137498,0.00499984,1.55969e-07,10714.6,3071.91,0,117101,117101,1,0
360,21600,cecum,0.14,72,331,50,27,468,7,1,170,403,14604,27069.1,65,0.000137499,0.00499991,8.73477e-08,11649.1,3322.71,0,125828,125828,1,0
360,21600,transverse,0.215,127,445,105,33,617,12,0,217,504,23272.1,45622.7,179,0.000137498,0.00499985,1.48848e-07,11649.1,3322.71,0,125828,125828,1,0
360,21600,descending,0.2425,138,383,111,35,504,11,2,165,515,24738.9,51640.1,218,0.000137498,0.00499983,1.69398e-07,11649.1,3322.71,0,125828,125828,1,0
370,22200,cecum,0.1525,76,341,52,28,484,7,1,177,422,15270.1,28778.4,68,0.000137499,0.00499991,9.32521e-08,12659.3,3592.26,0,135196,135196,1,0
370,22200,transverse,0.275,161,450,107,35,631,12,1,227,551,29585.2,49027,182,0.000137498,0.00499984,1.60686e-07,12659.3,3592.26,0,135196,135196,1,0
370,22200,descending,0.2675,159,393,114,37,524,12,3,177,555,28575.8,55811,222,0.000137497,0.00499982,1.83894e-07,12659.3,3592.26,0,135196,135196,1,0
380,22800,cecum,0.165,83,357,56,29,508,8,1,187,451,16689.7,30589.3,68,0.000137499,0.0049999,9.95204e-08,13751,3881.93,0,145273,145273,1,0
380,22800,transverse,0.3125,193,450,116,39,647,15,1,250,597,35456.2,52695.9,192,0.000137498,0.00499983,1.73379e-07,13751,3881.93,0,145273,145273,1,0
380,22800,descending,0.265,158,445,124,42,575,13,3,182,601,28349.8,60302.1,233,0.000137497,0.0049998,1.99538e-07,13751,3881.93,0,145273,145273,1,0
390,23400,cecum,0.17,90,369,61,33,529,8,1,200,478,17989.2,32520.8,74,0.000137499,0.00499989,1.06177e-07,14930.6,4193.24,0,156094,156094,1,0
390,23400,transverse,0.355,228,461,129,43,661,17,1,259,639,41905,56624.5,198,0.000137497,0.00499981,1.86992e-07,14930.6,4193.24,0,156094,156094,1,0
390,23400,descending,0.255,162,465,128,43,609,14,3,198,637,28916.7,65174,239,0.000137497,0.00499978,2.16419e-07,14930.6,4193.24,0,156094,156094,1,0
400,24000,cecum,0.185,94,381,64,36,549,8,1,211,502,18653.4,34576.3,75,0.000137498,0.00499989,1.13247e-07,16205.3,4527.8,0,167706,167706,1,0
400,24000,transverse,0.32,204,511,132,46,715,17,1,266,669,37444.4,60851.7,200,0.000137497,0.0049998,2.01589e-07,16205.3,4527.8,0,167706,167706,1,0
400,24000,descending,0.2625,165,513,135,43,678,15,3,220,703,29381.2,70409.7,243,0.000137497,0.00499977,2.34635e-07,16205.3,4527.8,0,167706,167706,1,0
410,24600,cecum,0.2075,108,390,65,39,563,8,1,219,532,21447.4,36752.9,75,0.000137498,0.00499988,1.20754e-07,17582.5,4887.33,0,180180,180180,1,0
410,24600,transverse,0.275,179,583,142,48,801,18,1,283,723,32808.9,65374.4,200,0.000137497,0.00499978,2.17243e-07,17582.5,4887.33,0,180180,180180,1,0
410,24600,descending,0.255,171,554,142,45,727,16,3,231,754,30460.2,76067.7,244,0.000137497,0.00499975,2.5429e-07,17582.5,4887.33,0,180180,180180,1,0
420,25200,cecum,0.2075,105,414,68,42,593,8,1,228,559,20666.4,39072,78,0.000137498,0.00499987,1.28726e-07,19070.4,5273.64,0,193581,193581,1,0
420,25200,transverse,0.285,186,632,155,49,860,22,3,296,779,34066.6,70222.2,203,0.000137497,0.00499977,2.34026e-07,19070.4,5273.64,0,193581,193581,1,0
420,25200,descending,0.3125,202,576,151,46,764,18,3,249,816,36298.7,82172.1,247,0.000137496,0.00499972,2.75494e-07,19070.4,5273.64,0,193581,193581,1,0
430,25800,cecum,0.2575,129,422,72,43,607,10,1,237,596,25017.5,41528.4,78,0.000137498,0.00499986,1.37193e-07,20677.6,5688.69,0,207962,207962,1,0
430,25800,transverse,0.2925,198,690,161,50,928,23,3,308,855,36283.5,75402.9,204,0.000137497,0.00499975,2.52015e-07,20677.6,5688.69,0,207962,207962,1,0
430,25800,descending,0.325,205,611,159,47,820,20,3,273,870,36958.8,88775.9,248,0.000137496,0.0049997,2.98369e-07,20677.6,5688.69,0,207962,207962,1,0
440,26400,cecum,0.2125,111,469,75,45,665,10,1,250,635,21949.1,44143.2,78,0.000137498,0.00499985,1.46185e-07,22413.9,6134.62,0,223407,223407,1,0
440,26400,transverse,0.3775,261,696,177,57,941,25,3,324,924,47870.9,80973.4,204,0.000137496,0.00499973,2.71294e-07,22413.9,6134.62,0,223407,223407,1,0
440,26400,descending,0.35,227,645,163,48,873,20,3,293,942,41057.2,95881.4,248,0.000137496,0.00499968,3.23046e-07,22413.9,6134.62,0,223407,223407,1,0
450,27000,cecum,0.23,124,488,80,46,688,10,1,255,667,24582.4,46923.4,78,0.000137498,0.00499984,1.55737e-07,24289.1,6613.72,0,239993,239993,1,0
450,27000,transverse,0.375,258,739,185,60,1000,28,3,346,978,47277.7,86972.1,206,0.000137496,0.00499971,2.91962e-07,24289.1,6613.72,0,239993,239993,1,0
450,27000,descending,0.3625,249,676,177,51,929,22,3,323,1011,44808.3,103564,250,0.000137495,0.00499965,3.49662e-07,24289.1,6613.72,0,239993,239993,1,0
460,27600,cecum,0.2275,127,522,88,49,729,11,1,266,707,25162.6,49878.3,78,0.000137498,0.00499983,1.65883e-07,26314.4,7128.5,0,257802,257802,1,0
460,27600,transverse,0.34,233,810,196,65,1093,31,3,376,1043,42656.2,93404.9,210,0.000137496,0.00499969,3.14121e-07,26314.4,7128.5,0,257802,257802,1,0
460,27600,descending,0.345,236,736,185,56,1009,24,3,350,1077,42363.4,111855,254,0.000137495,0.00499962,3.7837e-07,26314.4,7128.5,0,257802,257802,1,0
470,28200,cecum,0.2,110,559,90,51,782,12,1,285,744,22109.3,53032.9,78,0.000137498,0.00499982,1.76664e-07,28501.6,7681.59,0,276924,276924,1,0
470,28200,transverse,0.375,258,825,203,66,1127,33,3,398,1098,47295.6,100308,210,0.000137495,0.00499966,3.37877e-07,28501.6,7681.59,0,276924,276924,1,0
470,28200,descending,0.4425,302,767,204,57,1053,29,4,368,1173,54490.7,120762,254,0.000137494,0.00499959,4.09331e-07,28501.6,7681.59,0,276924,276924,1,0
480,28800,cecum,0.2525,140,575,95,53,812,12,1,301,801,27829.5,56364.1,78,0.000137497,0.00499981,1.88116e-07,30862.9,8275.74,0,297454,297454,1,0
480,28800,transverse,0.3975,292,861,216,73,1170,36,3,415,1172,53516.7,107688,210,0.000137495,0.00499964,3.63342e-07,30862.9,8275.74,0,297454,297454,1,0
480,28800,descending,0.465,323,827,216,61,1135,31,4,396,1270,58299.5,130383,255,0.000137494,0.00499956,4.42711e-07,30862.9,8275.74,0,297454,297454,1,0
490,29400,cecum,0.3,168,582,102,53,838,14,1,322,850,33397.7,59920.6,79,0.000137497,0.0049998,2.00283e-07,33412.5,8913.99,0,319486,319486,1,0
490,29400,transverse,0.3825,282,928,221,77,1259,36,3,441,1250,51655.3,115609,213,0.000137495,0.00499961,3.90632e-07,33412.5,8913.99,0,319486,319486,1,0
490,29400,descending,0.43,315,906,228,66,1230,34,4,420,1353,56789.1,140775,258,0.000137493,0.00499952,4.78705e-07,33412.5,8913.99,0,319486,319486,1,0
500,30000,cecum,0.2925,169,632,106,55,896,14,1,332,907,33900.8,63683.7,79,0.000137497,0.00499979,2.13209e-07,36165.3,9599.63,0,343142,343142,1,0
500,30000,transverse,0.3625,266,1011,235,80,1357,39,3,462,1324,48661.3,124104,214,0.000137494,0.00499958,4.19883e-07,36165.3,9599.63,0,343142,343142,1,0
500,30000,descending,0.435,327,947,238,67,1296,36,4,448,1424,58903,152002,259,0.000137493,0.00499948,5.17517e-07,36165.3,9599.63,0,343142,343142,1,0
510,30600,cecum,0.2925,169,668,110,56,946,15,1,348,955,33946.1,67701.3,79,0.000137497,0.00499977,2.2694e-07,39137.3,10336.2,0,368540,368540,1,0
510,30600,transverse,0.44,325,1000,243,83,1384,39,4,502,1404,59551.7,133228,221,0.000137494,0.00499955,4.51233e-07,39137.3,10336.2,0,368540,368540,1,0
510,30600,descending,0.475,381,977,257,71,1351,39,4,480,1521,68801.3,164091,266,0.000137492,0.00499944,5.59365e-07,39137.3,10336.2,0,368540,368540,1,0
520,31200,cecum,0.2825,166,706,117,60,991,19,1,363,998,33361.8,71978.9,83,0.000137497,0.00499976,2.41534e-07,42345.7,11127.4,0,395810,395810,1,0
520,31200,transverse,0.455,353,1046,256,88,1444,41,4,523,1486,64679.1,142990,225,0.000137493,0.00499952,4.84833e-07,42345.7,11127.4,0,395810,395810,1,0
520,31200,descending,0.48,378,1053,272,78,1451,42,4,514,1613,68218.7,177139,270,0.000137492,0.0049994,6.04482e-07,42345.7,11127.4,0,395810,395810,1,0
530,31800,cecum,0.3275,193,703,129,62,1011,23,1,392,1039,38566.8,76544.8,91,0.000137496,0.00499974,2.57046e-07,45808.8,11977.3,0,425097,425097,1,0
530,31800,transverse,0.4875,382,1098,267,91,1524,42,4,555,1588,69996.9,153450,233,0.000137493,0.00499948,5.20839e-07,45808.8,11977.3,0,425097,425097,1,0
530,31800,descending,0.4425,362,1182,297,82,1597,46,5,538,1725,64892.5,191182,278,0.000137491,0.00499935,6.53119e-07,45808.8,11977.3,0,425097,425097,1,0
540,32400,cecum,0.33,198,738,136,65,1061,24,1,411,1091,39342.4,81379.6,93,0.000137496,0.00499973,2.73536e-07,49546.6,12890.2,0,456517,456517,1,0
540,32400,transverse,0.5225,415,1158,282,97,1598,44,4,577,1688,76094.8,164658,235,0.000137492,0.00499944,5.59419e-07,49546.6,12890.2,0,456517,456517,1,0
540,32400,descending,0.48,398,1229,308,89,1671,49,5,575,1834,71623.8,206343,280,0.00013749,0.00499929,7.05545e-07,49546.6,12890.2,0,456517,456517,1,0
550,33000,cecum,0.31,191,784,145,73,1111,28,1,427,1137,38058.6,86525.2,94,0.000137496,0.00499971,2.91064e-07,53580.8,13870.8,0,490244,490244,1,0
550,33000,transverse,0.505,406,1230,297,103,1698,49,5,615,1774,74427.3,176706,236,0.000137492,0.0049994,6.00759e-07,53580.8,13870.8,0,490244,490244,1,0
550,33000,descending,0.505,414,1288,317,92,1759,51,5,609,1934,74573.4,222700,281,0.00013749,0.00499924,7.62056e-07,53580.8,13870.8,0,490244,490244,1,0
560,33600,cecum,0.3675,231,762,153,76,1125,29,1,467,1187,45841.8,92018.6,94,0.000137496,0.00499969,3.09698e-07,57934.4,14924.1,0,526457,526457,1,0
560,33600,transverse,0.485,415,1289,312,107,1798,49,5,660,1872,76052.5,189618,239,0.000137491,0.00499935,6.45059e-07,57934.4,14924.1,0,526457,526457,1,0
560,33600,descending,0.4925,405,1404,335,101,1897,53,5,642,2056,72669.1,240315,284,0.000137489,0.00499918,8.22964e-07,57934.4,14924.1,0,526457,526457,1,0
570,34200,cecum,0.3425,222,805,162,81,1190,30,1,495,1240,44382.2,97846.2,94,0.000137495,0.00499967,3.29511e-07,62631.8,16055.3,0,565328,565328,1,0
570,34200,transverse,0.5125,452,1337,327,111,1868,50,5,687,1969,82874.6,203443,239,0.000137491,0.00499931,6.92528e-07,62631.8,16055.3,0,565328,565328,1,0
570,34200,descending,0.5325,454,1473,353,107,2009,56,5,694,2208,81426.7,259296,288,0.000137488,0.00499911,8.88599e-07,62631.8,16055.3,0,565328,565328,1,0
580,34800,cecum,0.3475,225,869,169,86,1263,30,1,509,1314,45167.2,104008,94,0.000137495,0.00499965,3.50569e-07,67700.6,17270.3,0,607052,607052,1,0
580,34800,transverse,0.4925,432,1453,351,119,2024,55,5,740,2094,79155.7,218261,239,0.00013749,0.00499926,7.43389e-07,67700.6,17270.3,0,607052,607052,1,0
580,34800,descending,0.5725,496,1534,368,116,2096,57,5,730,2332,89031.1,279774,288,0.000137487,0.00499904,9.59335e-07,67700.6,17270.3,0,607052,607052,1,0
590,35400,cecum,0.3975,274,866,175,91,1279,31,1,534,1379,54636.2,110583,94,0.000137495,0.00499963,3.72949e-07,73169.9,18575.3,0,651832,651832,1,0
590,35400,transverse,0.505,449,1517,369,125,2127,59,5,789,2206,82280.6,234154,240,0.000137489,0.0049992,7.97884e-07,73169.9,18575.3,0,651832,651832,1,0
590,35400,descending,0.545,484,1611,386,126,2217,60,5,787,2436,86819.9,301894,289,0.000137486,0.00499896,1.03557e-06,73169.9,18575.3,0,651832,651832,1,0
600,36000,cecum,0.37,258,932,185,94,1363,33,2,556,1441,51621.3,117575,95,0.000137495,0.0049996,3.96739e-07,79070.9,19976.7,0,699902,699902,1,0
600,36000,transverse,0.57,506,1565,388,130,2210,61,5,831,2334,92767.3,251166,241,0.000137488,0.00499914,8.56264e-07,79070.9,19976.7,0,699902,699902,1,0
600,36000,descending,0.54,506,1703,407,135,2342,65,5,834,2576,90838.2,325691,289,0.000137485,0.00499888,1.11771e-06,79070.9,19976.7,0,699902,699902,1,0
610,36600,cecum,0.4,266,970,194,102,1422,35,2,587,1509,53343.2,125016,98,0.000137494,0.00499958,4.22033e-07,85436.7,21481.8,0,751495,751495,1,0
610,36600,transverse,0.58,529,1643,406,138,2318,64,5,872,2458,96975.5,269402,244,0.000137487,0.00499908,9.18807e-07,85436.7,21481.8,0,751495,751495,1,0
610,36600,descending,0.5925,558,1794,433,143,2469,69,5,882,2741,100463,351318,298,0.000137484,0.00499879,1.20622e-06,85436.7,21481.8,0,751495,751495,1,0
620,37200,cecum,0.3525,250,1049,207,106,1520,38,2,613,1585,50653.1,132916,98,0.000137494,0.00499955,4.48919e-07,92302.9,23098,0,806872,806872,1,0
620,37200,transverse,0.675,650,1592,424,151,2318,65,6,936,2574,119318,288977,244,0.000137487,0.00499901,9.85809e-07,92302.9,23098,0,806872,806872,1,0
620,37200,descending,0.5975,569,1939,463,150,2643,77,5,926,2911,102276,378929,298,0.000137482,0.0049987,1.30157e-06,92302.9,23098,0,806872,806872,1,0
630,37800,cecum,0.405,302,1057,218,108,1557,38,2,644,1665,61013.3,141320,98,0.000137493,0.00499952,4.77501e-07,99708.7,24833.6,0,866299,866299,1,0
630,37800,transverse,0.6325,652,1656,449,163,2416,68,6,985,2664,119626,309968,244,0.000137486,0.00499894,1.05759e-06,99708.7,24833.6,0,866299,866299,1,0
630,37800,descending,0.69,694,1948,484,163,2689,81,5,980,3078,125253,408703,300,0.000137481,0.0049986,1.40428e-06,99708.7,24833.6,0,866299,866299,1,0
640,38400,cecum,0.4425,324,1090,227,112,1615,40,2,675,1742,65133.6,150261,98,0.000137493,0.00499949,5.07885e-07,107697,26697.4,0,930088,930088,1,0
640,38400,transverse,0.6725,703,1709,486,174,2496,74,6,1029,2775,128996,332433,244,0.000137485,0.00499887,1.1345e-06,107697,26697.4,0,930088,930088,1,0
640,38400,descending,0.68,681,2063,507,181,2829,85,5,1027,3204,122485,440824,300,0.000137479,0.00499849,1.51494e-06,107697,26697.4,0,930088,930088,1,0
650,39000,cecum,0.4525,355,1124,237,119,1670,44,2,707,1829,71366.7,159762,99,0.000137493,0.00499946,5.40189e-07,116312,28698.9,0,998534,998534,1,0
650,39000,transverse,0.615,605,1918,506,183,2722,78,6,1059,2896,110822,356481,245,0.000137483,0.00499878,1.21687e-06,116312,28698.9,0,998534,998534,1,0
650,39000,descending,0.6425,678,2175,536,186,2998,90,5,1094,3351,121906,475437,304,0.000137478,0.00499837,1.63415e-06,116312,28698.9,0,998534,998534,1,0
660,39600,cecum,0.425,321,1222,243,123,1803,46,2,748,1928,65210.7,169864,100,0.000137492,0.00499943,5.7453e-07,125603,30848,0,1.07199e+06,1.07199e+06,1,0
660,39600,transverse,0.6075,612,2013,531,193,2872,79,6,1125,3039,112082,382262,251,0.000137482,0.00499869,1.3051e-06,125603,30848,0,1.07199e+06,1.07199e+06,1,0
660,39600,descending,0.68,748,2273,568,200,3129,98,5,1149,3542,134491,512675,310,0.000137476,0.00499824,1.76256e-06,125603,30848,0,1.07199e+06,1.07199e+06,1,0
670,40200,cecum,0.4625,344,1276,251,124,1893,47,2,786,2035,69633.3,180597,101,0.000137492,0.00499939,6.11038e-07,135622,33155.5,0,1.15082e+06,1.15082e+06,1,0
670,40200,transverse,0.6525,656,2116,556,201,3008,84,6,1171,3207,120243,409837,252,0.000137481,0.0049986,1.3996e-06,135622,33155.5,0,1.15082e+06,1.15082e+06,1,0
670,40200,descending,0.665,738,2441,603,211,3359,104,6,1227,3743,132583,552810,311,0.000137474,0.0049981,1.90087e-06,135622,33155.5,0,1.15082e+06,1.15082e+06,1,0
680,40800,cecum,0.4625,365,1338,264,128,1988,51,2,827,2146,73642.1,192011,104,0.000137491,0.00499935,6.4985e-07,146425,35633,0,1.2354e+06,1.2354e+06,1,0
680,40800,transverse,0.59,613,2306,582,216,3232,90,6,1226,3383,112237,439381,255,0.00013748,0.0049985,1.5008e-06,146425,35633,0,1.2354e+06,1.2354e+06,1,0
680,40800,descending,0.7275,847,2515,634,222,3485,106,6,1292,3960,152365,596019,314,0.000137472,0.00499795,2.04982e-06,146425,35633,0,1.2354e+06,1.2354e+06,1,0
690,41400,cecum,0.475,358,1435,277,134,2118,54,2,869,2265,72220.6,204145,104,0.000137491,0.00499931,6.91111e-07,158071,38292.9,0,1.32616e+06,1.32616e+06,1,0
690,41400,transverse,0.695,732,2334,619,223,3317,98,6,1298,3565,134151,471044,259,0.000137478,0.00499839,1.60917e-06,158071,38292.9,0,1.32616e+06,1.32616e+06,1,0
690,41400,descending,0.685,769,2773,663,229,3814,111,6,1375,4194,137814,642568,318,0.00013747,0.00499779,2.21022e-06,158071,38292.9,0,1.32616e+06,1.32616e+06,1,0
700,42000,cecum,0.485,363,1516,288,136,2244,55,3,916,2387,73423.3,217052,104,0.00013749,0.00499927,7.34975e-07,170627,41148.4,0,1.42353e+06,1.42353e+06,1,0
700,42000,transverse,0.71,846,2376,652,228,3409,105,6,1360,3750,155146,504947,259,0.000137476,0.00499827,1.72523e-06,170627,41148.4,0,1.42353e+06,1.42353e+06,1,0
700,42000,descending,0.645,741,2993,693,235,4121,116,7,1472,4453,132602,692698,318,0.000137467,0.00499762,2.38294e-06,170627,41148.4,0,1.42353e+06,1.42353e+06,1,0
710,42600,cecum,0.435,329,1660,298,142,2421,56,3,956,2527,66893.2,230754,104,0.000137489,0.00499922,7.81604e-07,184162,44214.1,0,1.528e+06,1.528e+06,1,0
710,42600,transverse,0.745,885,2458,683,242,3537,110,6,1425,3905,162295,541298,259,0.000137475,0.00499815,1.8495e-06,184162,44214.1,0,1.528e+06,1.528e+06,1,0
710,42600,descending,0.73,855,3049,721,243,4259,118,12,1559,4682,153727,746714,318,0.000137465,0.00499743,2.56892e-06,184162,44214.1,0,1.528e+06,1.528e+06,1,0
720,43200,cecum,0.48,383,1717,311,149,2511,57,3,997,2666,77696.7,245330,104,0.000137489,0.00499917,8.31175e-07,198752,47505.2,0,1.64011e+06,1.64011e+06,1,0
720,43200,transverse,0.7525,906,2537,723,260,3667,118,6,1502,4042,166146,580263,259,0.000137473,0.00499802,1.98259e-06,198752,47505.2,0,1.64011e+06,1.64011e+06,1,0
720,43200,descending,0.7175,870,3194,752,259,4481,125,13,1658,4910,156110,804906,318,0.000137462,0.00499723,2.76917e-06,198752,47505.2,0,1.64011e+06,1.64011e+06,1,0
730,43800,cecum,0.485,387,1822,329,154,2658,61,3,1048,2808,78707.3,260840,104,0.000137488,0.00499912,8.83872e-07,214479,51038.4,0,1.7604e+06,1.7604e+06,1,0
730,43800,transverse,0.7875,973,2579,767,267,3798,125,7,1604,4209,178437,621992,259,0.000137471,0.00499787,2.1251e-06,214479,51038.4,0,1.7604e+06,1.7604e+06,1,0
730,43800,descending,0.755,990,3230,794,274,4599,130,13,1760,5126,177877,867592,318,0.000137459,0.00499702,2.98477e-06,214479,51038.4,0,1.7604e+06,1.7604e+06,1,0
740,44400,cecum,0.5975,478,1837,344,163,2704,63,4,1089,2940,95676.4,277336,104,0.000137487,0.00499906,9.39899e-07,231430,54831.5,0,1.88945e+06,1.88945e+06,1,0
740,44400,transverse,0.81,1057,2601,804,282,3873,131,7,1678,4352,193935,666680,259,0.000137469,0.00499772,2.27772e-06,231430,54831.5,0,1.88945e+06,1.88945e+06,1,0
740,44400,descending,0.79,1076,3320,826,288,4754,135,13,1844,5354,193222,935067,318,0.000137456,0.00499678,3.2169e-06,231430,54831.5,0,1.88945e+06,1.88945e+06,1,0
750,45000,cecum,0.6525,553,1871,364,168,2772,66,4,1131,3071,109981,294883,104,0.000137486,0.004999,9.99466e-07,249698,58903.3,0,2.0279e+06,2.0279e+06,1,0
750,45000,transverse,0.715,939,2851,842,297,4184,138,7,1761,4529,171991,714513,259,0.000137467,0.00499756,2.44113e-06,249698,58903.3,0,2.0279e+06,2.0279e+06,1,0
750,45000,descending,0.7325,1068,3544,857,298,5032,141,14,1913,5608,191293,1.00768e+06,318,0.000137453,0.00499653,3.4668e-06,249698,58903.3,0,2.0279e+06,2.0279e+06,1,0
760,45600,cecum,0.5975,530,2008,381,178,2934,68,4,1168,3205,105848,313538,107,0.000137485,0.00499894,1.0628e-06,269385,63273.9,0,2.17645e+06,2.17645e+06,1,0
760,45600,transverse,0.735,960,3044,882,313,4422,143,7,1827,4769,175895,765653,262,0.000137464,0.00499738,2.61607e-06,269385,63273.9,0,2.17645e+06,2.17645e+06,1,0
760,45600,descending,0.7975,1117,3708,905,316,5282,149,16,2023,5883,200101,1.08589e+06,321,0.000137449,0.00499626,3.7358e-06,269385,63273.9,0,2.17645e+06,2.17645e+06,1,0
770,46200,cecum,0.5425,459,2203,390,184,3193,70,4,1240,3392,92673.6,333360,107,0.000137485,0.00499887,1.13014e-06,290598,67965.2,0,2.33578e+06,2.33578e+06,1,0
770,46200,transverse,0.725,923,3252,923,328,4697,149,7,1915,4987,169073,820462,262,0.000137462,0.0049972,2.80336e-06,290598,67965.2,0,2.33578e+06,2.33578e+06,1,0
770,46200,descending,0.8125,1184,3854,947,323,5522,157,16,2132,6163,212306,1.17009e+06,322,0.000137445,0.00499597,4.02534e-06,290598,67965.2,0,2.33578e+06,2.33578e+06,1,0
780,46800,cecum,0.5725,506,2290,405,191,3332,71,4,1300,3571,102178,354440,107,0.000137484,0.0049988,1.20173e-06,313457,73000.7,0,2.50671e+06,2.50671e+06,1,0
780,46800,transverse,0.8425,1096,3232,948,343,4759,151,8,2013,5213,201052,879151,264,0.000137459,0.004997,3.00385e-06,313457,73000.7,0,2.50671e+06,2.50671e+06,1,0
780,46800,descending,0.8,1160,4094,1006,334,5873,168,16,2265,6453,207227,1.26074e+06,324,0.000137441,0.00499566,4.337e-06,313457,73000.7,0,2.50671e+06,2.50671e+06,1,0
790,47400,cecum,0.615,568,2358,430,198,3447,76,4,1359,3735,114616,376873,107,0.000137483,0.00499872,1.27785e-06,338085,78405.3,0,2.69009e+06,2.69009e+06,1,0
790,47400,transverse,0.7775,1040,3422,995,360,5019,157,9,2105,5392,190437,942035,265,0.000137456,0.00499678,3.21849e-06,338085,78405.3,0,2.69009e+06,2.69009e+06,1,0
790,47400,descending,0.835,1284,4188,1056,349,6067,175,16,2387,6743,230000,1.35833e+06,325,0.000137436,0.00499533,4.67241e-06,338085,78405.3,0,2.69009e+06,2.69009e+06,1,0
800,48000,cecum,0.5925,558,2490,453,206,3632,80,4,1424,3899,112951,400739,112,0.000137481,0.00499864,1.35878e-06,364619,84206.2,0,2.8868e+06,2.8868e+06,1,0
800,48000,transverse,0.835,1218,3438,1041,376,5087,164,9,2180,5615,223292,1.0093e+06,270,0.000137453,0.00499655,3.44826e-06,364619,84206.2,0,2.8868e+06,2.8868e+06,1,0
800,48000,descending,0.8025,1226,4438,1107,363,6426,183,16,2518,7015,219073,1.46339e+06,325,0.000137431,0.00499497,5.03339e-06,364619,84206.2,0,2.8868e+06,2.8868e+06,1,0
810,48600,cecum,0.6525,609,2559,478,221,3768,87,4,1513,4083,122792,426127,112,0.00013748,0.00499856,1.44483e-06,393204,90432,0,3.09781e+06,3.09781e+06,1,0
810,48600,transverse,0.8425,1294,3503,1087,398,5243,173,9,2302,5832,237254,1.08137e+06,270,0.00013745,0.00499631,3.6942e-06,393204,90432,0,3.09781e+06,3.09781e+06,1,0
810,48600,descending,0.8375,1348,4571,1171,371,6645,199,16,2628,7316,241449,1.57643e+06,330,0.000137426,0.00499458,5.42186e-06,393204,90432,0,3.09781e+06,3.09781e+06,1,0
820,49200,cecum,0.6625,651,2640,496,238,3895,92,4,1581,4256,130883,453119,112,0.000137479,0.00499846,1.53634e-06,423995,97113.8,0,3.32412e+06,3.32412e+06,1,0
820,49200,transverse,0.76,1100,3898,1133,416,5709,179,9,2397,6082,201326,1.15846e+06,270,0.000137446,0.00499604,3.95747e-06,423995,97113.8,0,3.32412e+06,3.32412e+06,1,0
820,49200,descending,0.885,1499,4633,1225,385,6801,213,16,2750,7597,268756,1.69812e+06,330,0.00013742,0.00499416,5.83986e-06,423995,97113.8,0,3.32412e+06,3.32412e+06,1,0
830,49800,cecum,0.67,686,2745,518,247,4065,97,4,1660,4453,138410,481814,112,0.000137478,0.00499837,1.63365e-06,457164,104285,0,3.56687e+06,3.56687e+06,1,0
830,49800,transverse,0.765,1062,4165,1173,430,6087,185,9,2528,6402,194220,1.24096e+06,270,0.000137442,0.00499576,4.23923e-06,457164,104285,0,3.56687e+06,3.56687e+06,1,0
830,49800,descending,0.8475,1424,4897,1297,400,7191,226,17,2903,7867,254162,1.82912e+06,330,0.000137414,0.00499371,6.28966e-06,457164,104285,0,3.56687e+06,3.56687e+06,1,0
840,50400,cecum,0.7225,754,2808,538,258,4199,104,5,1748,4652,151104,512340,112,0.000137476,0.00499826,1.73712e-06,492889,111980,0,3.82722e+06,3.82722e+06,1,0
840,50400,transverse,0.76,1137,4316,1224,448,6329,195,9,2647,6696,207972,1.32929e+06,270,0.000137438,0.00499546,4.54079e-06,492889,111980,0,3.82722e+06,3.82722e+06,1,0
840,50400,descending,0.8425,1485,5078,1346,416,7503,235,17,3059,8216,265029,1.97002e+06,330,0.000137407,0.00499323,6.7736e-06,492889,111980,0,3.82722e+06,3.82722e+06,1,0
850,51000,cecum,0.6025,648,3018,564,272,4471,109,6,1828,4810,132060,544842,112,0.000137475,0.00499815,1.84714e-06,531366,120238,0,4.10647e+06,4.10647e+06,1,0
850,51000,transverse,0.805,1216,4481,1266,472,6592,202,9,2776,7027,222591,1.4238e+06,270,0.000137434,0.00499514,4.86352e-06,531366,120238,0,4.10647e+06,4.10647e+06,1,0
850,51000,descending,0.8175,1547,5270,1424,431,7837,246,18,3226,8559,276023,2.12165e+06,330,0.0001374,0.00499271,7.29428e-06,531366,120238,0,4.10647e+06,4.10647e+06,1,0
860,51600,cecum,0.63,728,3115,609,282,4645,113,6,1919,5033,148388,579353,112,0.000137473,0.00499804,1.96414e-06,572801,129100,0,4.40598e+06,4.40598e+06,1,0
860,51600,transverse,0.8475,1330,4568,1313,489,6769,208,9,2889,7294,243696,1.52502e+06,271,0.000137429,0.00499479,5.2089e-06,572801,129100,0,4.40598e+06,4.40598e+06,1,0
860,51600,descending,0.8475,1513,5692,1506,445,8379,262,18,3376,9015,269239,2.28466e+06,331,0.000137393,0.00499215,7.85439e-06,572801,129100,0,4.40598e+06,4.40598e+06,1,0
870,52200,cecum,0.6775,765,3180,637,299,4795,120,7,2027,5215,155977,616119,112,0.000137471,0.00499791,2.08856e-06,617419,138609,0,4.72716e+06,4.72716e+06,1,0
870,52200,transverse,0.8275,1339,4758,1370,505,7065,223,11,3024,7571,245244,1.63338e+06,271,0.000137424,0.00499442,5.57851e-06,617419,138609,0,4.72716e+06,4.72716e+06,1,0
870,52200,descending,0.845,1526,6057,1575,463,8899,276,19,3562,9510,272206,2.46004e+06,331,0.000137384,0.00499154,8.45689e-06,617419,138609,0,4.72716e+06,4.72716e+06,1,0
880,52800,cecum,0.7675,926,3138,665,312,4839,126,7,2132,5411,186252,655203,112,0.00013747,0.00499778,2.22087e-06,665460,148811,0,5.07159e+06,5.07159e+06,1,0
880,52800,transverse,0.8675,1503,4814,1438,524,7213,236,13,3146,7845,275447,1.74933e+06,271,0.000137418,0.00499403,5.97404e-06,665460,148811,0,5.07159e+06,5.07159e+06,1,0
880,52800,descending,0.865,1630,6295,1642,484,9271,288,20,3728,9951,291590,2.64875e+06,331,0.000137376,0.0049909,9.10494e-06,665460,148811,0,5.07159e+06,5.07159e+06,1,0
890,53400,cecum,0.7475,882,3305,698,322,5093,129,7,2232,5601,178401,696774,112,0.000137468,0.00499764,2.36158e-06,717187,159759,0,5.44096e+06,5.44096e+06,1,0
890,53400,transverse,0.8425,1423,5147,1500,555,7671,244,13,3310,8200,260688,1.87339e+06,271,0.000137413,0.0049936,6.3973e-06,717187,159759,0,5.44096e+06,5.44096e+06,1,0
890,53400,descending,0.88,1761,6424,1714,511,9544,299,22,3908,10319,315367,2.85185e+06,331,0.000137366,0.0049902,9.80196e-06,717187,159759,0,5.44096e+06,5.44096e+06,1,0
900,54000,cecum,0.78,934,3363,733,347,5210,137,8,2323,5767,188641,741003,113,0.000137466,0.00499749,2.51122e-06,772878,171505,0,5.83704e+06,5.83704e+06,1,0
900,54000,transverse,0.8875,1551,5242,1564,573,7905,248,14,3470,8519,284195,2.00619e+06,272,0.000137406,0.00499315,6.85019e-06,772878,171505,0,5.83704e+06,5.83704e+06,1,0
900,54000,descending,0.8875,1735,6683,1773,536,9963,307,22,4101,10686,310354,3.07034e+06,332,0.000137356,0.00498945,1.05516e-05,772878,171505,0,5.83704e+06,5.83704e+06,1,0
910,54600,cecum,0.67,782,3674,772,364,5593,145,8,2420,5984,161071,787997,113,0.000137463,0.00499733,2.67036e-06,832834,184108,0,6.26177e+06,6.26177e+06,1,0
910,54600,transverse,0.865,1532,5539,1619,591,8289,260,14,3587,8859,280608,2.14824e+06,272,0.0001374,0.00499267,7.33477e-06,832834,184108,0,6.26177e+06,6.26177e+06,1,0
910,54600,descending,0.9075,1824,6806,1857,559,10238,321,23,4289,11002,326478,3.30538e+06,332,0.000137345,0.00498864,1.13579e-05,832834,184108,0,6.26177e+06,6.26177e+06,1,0
920,55200,cecum,0.7075,874,3787,810,371,5817,151,8,2544,6275,177776,837930,113,0.000137461,0.00499716,2.83958e-06,897377,197630,0,6.71721e+06,6.71721e+06,1,0
920,55200,transverse,0.855,1497,5852,1677,610,8728,270,15,3741,9233,273985,2.30025e+06,272,0.000137393,0.00499215,7.85324e-06,897377,197630,0,6.71721e+06,6.71721e+06,1,0
920,55200,descending,0.8925,1743,7141,1950,584,10726,343,23,4489,11363,310869,3.55814e+06,332,0.000137333,0.00498778,1.22249e-05,897377,197630,0,6.71721e+06,6.71721e+06,1,0
930,55800,cecum,0.7175,872,3967,844,387,6083,157,8,2652,6527,177850,891060,114,0.000137459,0.00499698,3.01953e-06,966854,212136,0,7.2055e+06,7.2055e+06,1,0
930,55800,transverse,0.88,1537,6184,1730,628,9172,282,16,3882,9693,281371,2.46279e+06,273,0.000137385,0.00499159,8.40791e-06,966854,212136,0,7.2055e+06,7.2055e+06,1,0
930,55800,descending,0.94,2055,7051,2030,607,10829,352,25,4712,11728,368088,3.82998e+06,333,0.00013732,0.00498684,1.31572e-05,966854,212136,0,7.2055e+06,7.2055e+06,1,0
940,56400,cecum,0.7775,954,4047,879,405,6267,164,9,2780,6782,193826,947584,114,0.000137456,0.00499679,3.21089e-06,1.04164e+06,227698,0,7.72906e+06,7.72906e+06,1,0
940,56400,transverse,0.9125,1784,6135,1797,649,9261,292,16,4051,9993,326843,2.63691e+06,273,0.000137377,0.004991,9.00133e-06,1.04164e+06,227698,0,7.72906e+06,7.72906e+06,1,0
940,56400,descending,0.8975,1891,7510,2116,618,11457,367,26,4906,12131,337479,4.12224e+06,333,0.000137306,0.00498584,1.41597e-05,1.04164e+06,227698,0,7.72906e+06,7.72906e+06,1,0
950,57000,cecum,0.775,963,4139,905,422,6466,174,9,2914,6991,196090,1.00775e+06,114,0.000137453,0.00499659,3.41439e-06,1.12212e+06,244392,0,8.2904e+06,8.2904e+06,1,0
950,57000,transverse,0.9,1845,6286,1876,672,9571,305,16,4246,10321,337918,2.82321e+06,273,0.000137368,0.00499036,9.63618e-06,1.12212e+06,244392,0,8.2904e+06,8.2904e+06,1,0
950,57000,descending,0.9075,1939,7808,2218,648,11904,381,26,5099,12568,346091,4.43646e+06,333,0.000137292,0.00498476,1.52375e-05,1.12212e+06,244392,0,8.2904e+06,8.2904e+06,1,0
960,57600,cecum,0.8275,1108,4147,952,443,6545,183,9,3015,7198,223786,1.07172e+06,114,0.00013745,0.00499637,3.63081e-06,1.20874e+06,262301,0,8.8922e+06,8.8922e+06,1,0
960,57600,transverse,0.84,1634,6757,1935,693,10197,316,23,4426,10702,298774,3.02245e+06,277,0.000137359,0.00498968,1.03153e-05,1.20874e+06,262301,0,8.8922e+06,8.8922e+06,1,0
960,57600,descending,0.9225,2185,7755,2298,676,12029,393,26,5317,12899,390810,4.77445e+06,337,0.000137276,0.0049836,1.63963e-05,1.20874e+06,262301,0,8.8922e+06,8.8922e+06,1,0
970,58200,cecum,0.7775,1070,4330,996,461,6830,196,9,3148,7432,218464,1.13975e+06,114,0.000137447,0.00499614,3.86097e-06,1.30195e+06,281512,0,9.53738e+06,9.53738e+06,1,0
970,58200,transverse,0.8875,1670,7093,1997,716,10719,328,25,4645,11231,305569,3.2355e+06,282,0.000137349,0.00498896,1.10418e-05,1.30195e+06,281512,0,9.53738e+06,9.53738e+06,1,0
970,58200,descending,0.9025,2184,8199,2401,703,12639,408,29,5522,13444,390089,5.13759e+06,342,0.000137259,0.00498236,1.76419e-05,1.30195e+06,281512,0,9.53738e+06,9.53738e+06,1,0
980,58800,cecum,0.8425,1224,4352,1048,482,6936,205,9,3262,7670,248264,1.21208e+06,114,0.000137444,0.00499589,4.10573e-06,1.40226e+06,302117,0,1.0229e+07,1.0229e+07,1,0
980,58800,transverse,0.895,1825,7222,2069,739,11017,339,25,4848,11646,334212,3.46351e+06,282,0.000137338,0.00498818,1.18189e-05,1.40226e+06,302117,0,1.0229e+07,1.0229e+07,1,0
980,58800,descending,0.9175,2194,8470,2492,727,13158,432,33,5814,13926,391180,5.52814e+06,342,0.00013724,0.00498102,1.89809e-05,1.40226e+06,302117,0,1.0229e+07,1.0229e+07,1,0
990,59400,cecum,0.81,1181,4596,1103,501,7303,219,9,3418,7972,241895,1.28898e+06,114,0.00013744,0.00499563,4.36602e-06,1.51018e+06,324219,0,1.09704e+07,1.09704e+07,1,0
990,59400,transverse,0.875,1690,7717,2138,765,11684,356,27,5061,12150,309068,3.70734e+06,282,0.000137327,0.00498735,1.26501e-05,1.51018e+06,324219,0,1.09704e+07,1.09704e+07,1,0
990,59400,descending,0.94,2226,8678,2589,753,13586,445,34,6072,14327,397137,5.94801e+06,342,0.000137221,0.00497958,2.04201e-05,1.51018e+06,324219,0,1.09704e+07,1.09704e+07,1,0
1000,60000,cecum,0.8275,1272,4651,1141,521,7469,225,9,3555,8217,259945,1.37081e+06,114,0.000137437,0.00499536,4.64283e-06,1.62629e+06,347925,0,1.17651e+07,1.17651e+07,1,0
1000,60000,transverse,0.9025,1729,7912,2204,789,12066,368,29,5282,12539,316211,3.96829e+06,282,0.000137315,0.00498646,1.35391e-05,1.62629e+06,347925,0,1.17651e+07,1.17651e+07,1,0
1000,60000,descending,0.94,2246,8947,2678,788,14064,453,34,6324,14779,400371,6.39926e+06,342,0.000137199,0.00497803,2.19669e-05,1.62629e+06,347925,0,1.17651e+07,1.17651e+07,1,0
1010,60600,cecum,0.7775,1166,5010,1197,531,7937,234,9,3683,8542,241359,1.45774e+06,115,0.000137432,0.00499506,4.93719e-06,1.75121e+06,373350,0,1.2617e+07,1.2617e+07,1,0
1010,60600,transverse,0.88,1829,8105,2279,814,12452,375,30,5506,12981,334502,4.24736e+06,283,0.000137302,0.00498551,1.449e-05,1.75121e+06,373350,0,1.2617e+07,1.2617e+07,1,0
1010,60600,descending,0.94,2494,9075,2801,817,14404,479,36,6589,15297,445237,6.88421e+06,343,0.000137177,0.00497637,2.36293e-05,1.75121e+06,373350,0,1.2617e+07,1.2617e+07,1,0
1020,61200,cecum,0.78,1229,5155,1240,550,8215,242,10,3842,8866,254057,1.55023e+06,115,0.000137428,0.00499475,5.25022e-06,1.88559e+06,400617,0,1.353e+07,1.353e+07,1,0
1020,61200,transverse,0.91,1869,8528,2372,830,13065,397,30,5734,13579,341778,4.54568e+06,283,0.000137288,0.00498449,1.55068e-05,1.88559e+06,400617,0,1.353e+07,1.353e+07,1,0
1020,61200,descending,0.9075,2345,9657,2890,834,15224,491,37,6855,15907,417181,7.40529e+06,343,0.000137152,0.00497458,2.54156e-05,1.88559e+06,400617,0,1.353e+07,1.353e+07,1,0
1030,61800,cecum,0.8275,1372,5248,1289,573,8440,252,12,4005,9216,282286,1.64858e+06,115,0.000137424,0.00499442,5.58309e-06,2.03014e+06,429859,0,1.45085e+07,1.45085e+07,1,0
1030,61800,transverse,0.9125,2027,8614,2460,850,13392,409,32,6005,14006,370829,4.86497e+06,283,0.000137273,0.00498341,1.65943e-05,2.03014e+06,429859,0,1.45085e+07,1.45085e+07,1,0
1030,61800,descending,0.9475,2690,9563,3010,874,15396,514,38,7183,16366,480273,7.96547e+06,343,0.000137126,0.00497266,2.73351e-05,2.03014e+06,429859,0,1.45085e+07,1.45085e+07,1,0
1040,62400,cecum,0.855,1445,5419,1355,596,8713,266,12,4144,9533,296670,1.75317e+06,115,0.000137419,0.00499406,5.93708e-06,2.18562e+06,461219,0,1.55572e+07,1.55572e+07,1,0
1040,62400,transverse,0.9375,2147,8840,2553,874,13809,422,32,6233,14487,392674,5.20634e+06,283,0.000137257,0.00498224,1.77572e-05,2.18562e+06,461219,0,1.55572e+07,1.55572e+07,1,0
1040,62400,descending,0.96,2724,9819,3111,902,15827,539,40,7409,16781,486378,8.56734e+06,343,0.000137098,0.0049706,2.93975e-05,2.18562e+06,461219,0,1.55572e+07,1.55572e+07,1,0
1050,63000,cecum,0.8325,1445,5647,1422,611,9080,278,12,4310,9860,297751,1.86443e+06,115,0.000137414,0.00499369,6.31351e-06,2.35284e+06,494847,0,1.66811e+07,1.66811e+07,1,0
1050,63000,transverse,0.95,2257,8938,2647,890,14136,441,32,6497,14865,412792,5.57154e+06,283,0.00013724,0.004981,1.90008e-05,2.35284e+06,494847,0,1.66811e+07,1.66811e+07,1,0
1050,63000,descending,0.9625,2811,10099,3241,931,16356,559,41,7706,17315,502390,9.21397e+06,343,0.000137067,0.00496839,3.16132e-05,2.35284e+06,494847,0,1.66811e+07,1.66811e+07,1,0
1060,63600,cecum,0.88,1552,5697,1473,635,9285,282,13,4492,10148,317353,1.98281e+06,115,0.000137408,0.00499329,6.71382e-06,2.53267e+06,530907,0,1.78855e+07,1.78855e+07,1,0
1060,63600,transverse,0.95,2326,9105,2754,921,14506,468,33,6757,15254,425458,5.96206e+06,287,0.000137222,0.00497967,2.03306e-05,2.53267e+06,530907,0,1.78855e+07,1.78855e+07,1,0
1060,63600,descending,0.96,2994,10149,3364,975,16658,576,42,8018,17737,535228,9.9088e+06,347,0.000137034,0.00496601,3.39934e-05,2.53267e+06,530907,0,1.78855e+07,1.78855e+07,1,0
1070,64200,cecum,0.9,1641,5772,1550,649,9494,295,15,4651,10394,335426,2.10872e+06,116,0.000137402,0.00499286,7.13954e-06,2.72606e+06,569573,0,1.91761e+07,1.91761e+07,1,0
1070,64200,transverse,0.9375,2359,9392,2862,943,15014,481,33,7013,15722,431367,6.37956e+06,291,0.000137202,0.00497825,2.17524e-05,2.72606e+06,569573,0,1.91761e+07,1.91761e+07,1,0
1070,64200,descending,0.9575,2823,10839,3513,1006,17577,614,43,8315,18404,503920,1.0655e+07,351,0.000136999,0.00496345,3.65502e-05,2.72606e+06,569573,0,1.91761e+07,1.91761e+07,1,0
1080,64800,cecum,0.9025,1649,5953,1619,674,9778,315,19,4795,10658,337978,2.24259e+06,116,0.000137396,0.00499241,7.59227e-06,2.934e+06,611030,0,2.05588e+07,2.05588e+07,1,0
1080,64800,transverse,0.9075,2122,10088,2955,975,15944,500,35,7296,16371,387718,6.82581e+06,291,0.000137181,0.00497673,2.32725e-05,2.934e+06,611030,0,2.05588e+07,2.05588e+07,1,0
1080,64800,descending,0.965,2992,11136,3638,1047,18103,639,46,8607,19037,534603,1.14565e+07,351,0.000136961,0.0049607,3.92964e-05,2.934e+06,611030,0,2.05588e+07,2.05588e+07,1,0
1090,65400,cecum,0.915,1765,5954,1699,705,9891,334,19,4957,10857,361579,2.38505e+06,116,0.00013739,0.00499193,8.07373e-06,3.15758e+06,655479,0,2.20403e+07,2.20403e+07,1,0
1090,65400,transverse,0.94,2336,10319,3045,1006,16418,518,35,7588,17018,427099,7.30294e+06,291,0.000137159,0.0049751,2.48977e-05,3.15758e+06,655479,0,2.20403e+07,2.20403e+07,1,0
1090,65400,descending,0.96,2830,11636,3764,1088,18885,663,47,8953,19595,504813,1.23175e+07,351,0.000136921,0.00495775,4.22456e-05,3.15758e+06,655479,0,2.20403e+07,2.20403e+07,1,0
1100,66000,cecum,0.82,1511,6428,1777,727,10490,346,21,5114,11156,315009,2.53644e+06,116,0.000137383,0.00499141,8.58576e-06,3.39795e+06,703134,0,2.36275e+07,2.36275e+07,1,0
1100,66000,transverse,0.915,2266,10818,3136,1033,17167,537,35,7884,17652,414225,7.81308e+06,291,0.000137135,0.00497336,2.66351e-05,3.39795e+06,703134,0,2.36275e+07,2.36275e+07,1,0
1100,66000,descending,0.9725,3020,11680,3878,1137,19176,683,50,9266,20028,538918,1.32423e+07,351,0.000136877,0.00495459,4.54128e-05,3.39795e+06,703134,0,2.36275e+07,2.36275e+07,1,0
1110,66600,cecum,0.8625,1665,6675,1841,742,10893,362,21,5301,11680,343233,2.69723e+06,116,0.000137375,0.00499087,9.13022e-06,3.65636e+06,754221,0,2.53278e+07,2.53278e+07,1,0
1110,66600,transverse,0.94,2376,11140,3228,1056,17768,553,36,8201,18309,434768,8.35844e+06,291,0.00013711,0.00497151,2.84923e-05,3.65636e+06,754221,0,2.53278e+07,2.53278e+07,1,0
1110,66600,descending,0.98,3183,11899,4009,1165,19680,701,52,9595,20608,569078,1.42352e+07,351,0.00013683,0.00495119,4.88136e-05,3.65636e+06,754221,0,2.53278e+07,2.53278e+07,1,0
1120,67200,cecum,0.88,1742,6870,1918,766,11274,380,24,5526,12100,358160,2.86838e+06,116,0.000137367,0.00499029,9.70917e-06,3.93414e+06,808988,0,2.71492e+07,2.71492e+07,1,0
1120,67200,transverse,0.96,2474,11363,3336,1087,18309,576,36,8573,18894,452737,8.94156e+06,291,0.000137082,0.00496952,3.04775e-05,3.93414e+06,808988,0,2.71492e+07,2.71492e+07,1,0
1120,67200,descending,0.9775,3251,12138,4139,1199,20192,719,55,9917,21107,580954,1.53014e+07,351,0.00013678,0.00494754,5.24649e-05,3.93414e+06,808988,0,2.71492e+07,2.71492e+07,1,0
1130,67800,cecum,0.9125,1893,6936,2002,793,11485,394,24,5712,12419,388650,3.05044e+06,116,0.000137359,0.00498968,1.03248e-05,4.2327e+06,867695,0,2.91002e+07,2.91002e+07,1,0
1130,67800,transverse,0.9425,2461,11868,3446,1116,19084,598,36,8894,19597,450221,9.5647e+06,291,0.000137053,0.0049674,3.25995e-05,4.2327e+06,867695,0,2.91002e+07,2.91002e+07,1,0
1130,67800,descending,0.975,3110,12550,4286,1250,20902,736,68,10270,21584,554951,1.64462e+07,351,0.000136726,0.00494362,5.63848e-05,4.2327e+06,867695,0,2.91002e+07,2.91002e+07,1,0
1140,68400,cecum,0.9125,1825,7119,2075,812,11832,403,24,5904,12653,377453,3.24415e+06,116,0.00013735,0.00498902,1.09795e-05,4.55359e+06,930623,0,3.11897e+07,3.11897e+07,1,0
1140,68400,transverse,0.955,2619,12137,3558,1149,19636,619,36,9231,20249,479357,1.02308e+07,291,0.000137022,0.00496513,3.48674e-05,4.55359e+06,930623,0,3.11897e+07,3.11897e+07,1,0
1140,68400,descending,0.9725,3220,12793,4429,1292,21494,767,68,10692,22216,574256,1.7675e+07,351,0.000136668,0.00493941,6.05926e-05,4.55359e+06,930623,0,3.11897e+07,3.11897e+07,1,0
1150,69000,cecum,0.9025,1769,7402,2158,840,12284,421,24,6119,13012,368997,3.45003e+06,116,0.00013734,0.00498832,1.16757e-05,4.89845e+06,998071,0,3.34276e+07,3.34276e+07,1,0
1150,69000,transverse,0.96,2750,12200,3685,1186,19942,649,40,9537,20622,503349,1.0943e+07,291,0.000136989,0.00496271,3.72912e-05,4.89845e+06,998071,0,3.34276e+07,3.34276e+07,1,0
1150,69000,descending,0.9725,3314,13049,4590,1326,22033,788,68,11030,22743,590417,1.89941e+07,351,0.000136605,0.00493489,6.51089e-05,4.89845e+06,998071,0,3.34276e+07,3.34276e+07,1,0
1160,69600,cecum,0.91,1809,7610,2254,871,12701,432,24,6370,13415,376716,3.66896e+06,116,0.00013733,0.00498758,1.24161e-05,5.26902e+06,1.07036e+06,0,3.58241e+07,3.58241e+07,1,0
1160,69600,transverse,0.9775,2916,12183,3802,1226,20233,673,47,9902,21019,533693,1.17042e+07,291,0.000136953,0.00496012,3.98815e-05,5.26902e+06,1.07036e+06,0,3.58241e+07,3.58241e+07,1,0
1160,69600,descending,0.98,3343,13278,4742,1368,22536,812,73,11365,23184,595293,2.04098e+07,351,0.000136538,0.00493004,6.99556e-05,5.26902e+06,1.07036e+06,0,3.58241e+07,3.58241e+07,1,0
1170,70200,cecum,0.9125,1977,7767,2334,893,13079,447,26,6626,13916,410375,3.90167e+06,121,0.000137319,0.0049868,1.32033e-05,5.66719e+06,1.14784e+06,0,3.83902e+07,3.83902e+07,1,0
1170,70200,transverse,0.9675,2940,12379,3920,1272,20719,690,53,10249,21468,537790,1.25176e+07,296,0.000136915,0.00495735,4.26495e-05,5.66719e+06,1.14784e+06,0,3.83902e+07,3.83902e+07,1,0
1170,70200,descending,0.9875,3398,13306,4901,1405,22949,845,74,11819,23562,605573,2.19292e+07,353,0.000136466,0.00492484,7.51566e-05,5.66719e+06,1.14784e+06,0,3.83902e+07,3.83902e+07,1,0
1180,70800,cecum,0.9075,1935,8107,2414,912,13598,461,26,6838,14346,404609,4.14916e+06,121,0.000137308,0.00498596,1.40404e-05,6.09499e+06,1.23087e+06,0,4.11378e+07,4.11378e+07,1,0
1180,70800,transverse,0.965,2813,12762,4027,1305,21355,716,54,10560,21928,514099,1.33867e+07,296,0.000136874,0.00495439,4.56073e-05,6.09499e+06,1.23087e+06,0,4.11378e+07,4.11378e+07,1,0
1180,70800,descending,0.96,3321,13853,5044,1452,23740,865,74,12130,24200,590703,2.35591e+07,356,0.000136389,0.00491926,8.07369e-05,6.09499e+06,1.23087e+06,0,4.11378e+07,4.11378e+07,1,0
1190,71400,cecum,0.92,1997,8372,2494,944,14056,478,27,7079,14834,415461,4.41231e+06,121,0.000137296,0.00498507,1.49305e-05,6.55455e+06,1.31984e+06,0,4.40792e+07,4.40792e+07,1,0
1190,71400,transverse,0.9775,3033,12748,4152,1338,21693,738,57,10964,22413,554614,1.43153e+07,296,0.000136831,0.00495123,4.87675e-05,6.55455e+06,1.31984e+06,0,4.40792e+07,4.40792e+07,1,0
1190,71400,descending,0.9675,3345,14605,5195,1487,24893,885,74,12586,25281,595862,2.53075e+07,356,0.000136306,0.00491328,8.67231e-05,6.55455e+06,1.31984e+06,0,4.40792e+07,4.40792e+07,1,0
1200,72000,cecum,0.9425,2134,8434,2594,978,14308,495,27,7320,15174,442661,4.69227e+06,121,0.000137283,0.00498412,1.5877e-05,7.0482e+06,1.41517e+06,0,4.7228e+07,4.7228e+07,1,0
1200,72000,transverse,0.9875,3220,12726,4285,1372,22019,757,61,11361,22842,589111,1.53076e+07,296,0.000136784,0.00494786,5.21438e-05,7.0482e+06,1.41517e+06,0,4.7228e+07,4.7228e+07,1,0
1200,72000,descending,0.9825,3870,14667,5371,1528,25265,921,75,12972,26078,691718,2.71831e+07,356,0.000136217,0.00490686,9.31441e-05,7.0482e+06,1.41517e+06,0,4.7228e+07,4.7228e+07,1,0
1210,72600,cecum,0.9525,2299,8341,2677,1007,14442,503,28,7583,15426,475148,4.99007e+06,121,0.000137269,0.00498312,1.68834e-05,7.57841e+06,1.51732e+06,0,5.05983e+07,5.05983e+07,1,0
1210,72600,transverse,0.9725,3041,13199,4412,1406,22826,780,62,11751,23399,555490,1.63675e+07,296,0.000136734,0.00494425,5.57506e-05,7.57841e+06,1.51732e+06,0,5.05983e+07,5.05983e+07,1,0
1210,72600,descending,0.985,3588,15135,5532,1572,26118,950,76,13429,26560,639803,2.91952e+07,356,0.000136121,0.00489997,0.00010003,7.57841e+06,1.51732e+06,0,5.05983e+07,5.05983e+07,1,0
1220,73200,cecum,0.9575,2411,8311,2773,1034,14598,518,29,7810,15639,497620,5.30673e+06,121,0.000137254,0.00498205,1.79535e-05,8.14783e+06,1.62675e+06,0,5.42054e+07,5.42054e+07,1,0
1220,73200,transverse,0.97,3189,13611,4546,1432,23588,809,64,12154,24228,582865,1.74995e+07,296,0.000136681,0.0049404,5.96033e-05,8.14783e+06,1.62675e+06,0,5.42054e+07,5.42054e+07,1,0
1220,73200,descending,0.985,3824,15201,5686,1609,26576,985,76,13893,27172,681915,3.13527e+07,356,0.000136018,0.00489259,0.000107415,8.14783e+06,1.62675e+06,0,5.42054e+07,5.42054e+07,1,0
1230,73800,cecum,0.9075,2048,8932,2870,1065,15446,537,29,8087,16077,427982,5.64326e+06,121,0.000137239,0.00498091,1.90914e-05,8.7593e+06,1.74399e+06,0,5.80655e+07,5.80655e+07,1,0
1230,73800,transverse,0.9875,3454,13545,4669,1476,23883,841,66,12589,24739,631692,1.87089e+07,296,0.000136624,0.00493628,6.37184e-05,8.7593e+06,1.74399e+06,0,5.80655e+07,5.80655e+07,1,0
1230,73800,descending,0.985,4075,15374,5865,1658,27156,1018,78,14380,27904,727402,3.36659e+07,356,0.000135907,0.00488467,0.000115332,8.7593e+06,1.74399e+06,0,5.80655e+07,5.80655e+07,1,0
1240,74400,cecum,0.95,2288,9040,2971,1097,15803,552,30,8382,16619,474240,6.00099e+06,121,0.000137222,0.0049797,2.03012e-05,9.41584e+06,1.86958e+06,0,6.21957e+07,6.21957e+07,1,0
1240,74400,transverse,0.9575,2995,14315,4805,1510,24985,863,67,12976,25301,547118,2.00005e+07,296,0.000136563,0.00493189,6.81134e-05,9.41584e+06,1.86958e+06,0,6.21957e+07,6.21957e+07,1,0
1240,74400,descending,0.99,4235,15489,6051,1722,27564,1058,81,14774,28387,755787,3.61458e+07,356,0.000135788,0.00487618,0.000123818,9.41584e+06,1.86958e+06,0,6.21957e+07,6.21957e+07,1,0
1250,75000,cecum,0.925,2250,9315,3064,1139,16276,574,30,8644,17025,469271,6.38145e+06,121,0.000137204,0.00497841,2.15875e-05,1.01207e+07,2.0041e+06,0,6.66143e+07,6.66143e+07,1,0
1250,75000,transverse,0.9725,3080,14910,4961,1548,25930,895,67,13396,26245,562639,2.13795e+07,296,0.000136498,0.00492719,7.28066e-05,1.01207e+07,2.0041e+06,0,6.66143e+07,6.66143e+07,1,0
1250,75000,descending,0.995,4430,15397,6251,1780,27767,1109,81,15178,28694,790382,3.88039e+07,356,0.000135661,0.00486709,0.000132914,1.01207e+07,2.0041e+06,0,6.66143e+07,6.66143e+07,1,0
1260,75600,cecum,0.9375,2324,9698,3171,1161,16873,590,31,8895,17626,483772,6.78576e+06,121,0.000137186,0.00497704,2.29552e-05,1.08774e+07,2.14817e+06,0,7.13408e+07,7.13408e+07,1,0
1260,75600,transverse,0.9825,3175,15234,5099,1577,26559,919,67,13754,26884,580212,2.28523e+07,296,0.000136429,0.00492218,7.7818e-05,1.08774e+07,2.14817e+06,0,7.13408e+07,7.13408e+07,1,0
1260,75600,descending,0.9925,4543,15240,6421,1835,28006,1134,82,15653,28955,809666,4.16525e+07,356,0.000135524,0.00485734,0.000142661,1.08774e+07,2.14817e+06,0,7.13408e+07,7.13408e+07,1,0
1270,76200,cecum,0.925,2221,10134,3278,1195,17539,611,31,9180,18137,465473,7.21575e+06,121,0.000137166,0.00497559,2.44092e-05,1.16895e+07,2.30247e+06,0,7.6396e+07,7.6396e+07,1,0
1270,76200,transverse,0.975,3291,15677,5241,1625,27352,954,67,14187,27734,601323,2.44247e+07,296,0.000136355,0.00491683,8.31684e-05,1.16895e+07,2.30247e+06,0,7.6396e+07,7.6396e+07,1,0
1270,76200,descending,0.9725,4189,16224,6642,1883,29343,1171,83,16090,29801,744438,4.47039e+07,356,0.000135377,0.0048469,0.000153103,1.16895e+07,2.30247e+06,0,7.6396e+07,7.6396e+07,1,0
1280,76800,cecum,0.93,2223,10453,3357,1227,18139,627,31,9509,18708,465893,7.67288e+06,121,0.000137144,0.00497404,2.5955e-05,1.25611e+07,2.46769e+06,0,8.18018e+07,8.18018e+07,1,0
1280,76800,transverse,0.98,3366,15771,5413,1672,27823,987,70,14641,28185,614851,2.61038e+07,296,0.000136275,0.00491112,8.88804e-05,1.25611e+07,2.46769e+06,0,8.18018e+07,8.18018e+07,1,0
1280,76800,descending,0.9925,4331,16714,6847,1938,30173,1212,85,16524,30662,770013,4.79723e+07,356,0.00013522,0.00483571,0.000164288,1.25611e+07,2.46769e+06,0,8.18018e+07,8.18018e+07,1,0
1290,77400,cecum,0.95,2440,10473,3457,1253,18391,650,31,9790,19126,507321,8.159e+06,121,0.000137122,0.0049724,2.75984e-05,1.34963e+07,2.6446e+06,0,8.75816e+07,8.75816e+07,1,0
1290,77400,transverse,0.975,3318,16203,5547,1709,28683,1008,76,15121,28915,606229,2.78958e+07,296,0.00013619,0.00490502,9.49775e-05,1.34963e+07,2.6446e+06,0,8.75816e+07,8.75816e+07,1,0
1290,77400,descending,0.98,4374,17278,7074,1998,31135,1248,88,17015,31533,777188,5.14726e+07,356,0.00013505,0.00482373,0.000176265,1.34963e+07,2.6446e+06,0,8.75816e+07,8.75816e+07,1,0
1300,78000,cecum,0.9575,2383,10800,3564,1278,19001,674,34,10119,19618,498192,8.67577e+06,121,0.000137098,0.00497065,2.93456e-05,1.44997e+07,2.83401e+06,0,9.376e+07,9.376e+07,1,0
1300,78000,transverse,0.9725,3404,16610,5699,1751,29461,1052,77,15577,29712,621626,2.98085e+07,296,0.0001361,0.00489852,0.000101485,1.44997e+07,2.83401e+06,0,9.376e+07,9.376e+07,1,0
1300,78000,descending,0.985,4849,17643,7309,2051,31903,1286,92,17505,32628,864965,5.52201e+07,356,0.000134869,0.00481091,0.000189089,1.44997e+07,2.83401e+06,0,9.376e+07,9.376e+07,1,0
1310,78600,cecum,0.9525,2476,10943,3653,1308,19417,700,34,10448,20094,514953,9.22516e+06,121,0.000137072,0.0049688,3.1203e-05,1.55761e+07,3.03677e+06,0,1.00363e+08,1.00363e+08,1,0
1310,78600,transverse,0.965,3618,17201,5845,1788,30507,1073,78,16089,30883,661351,3.18493e+07,296,0.000136003,0.00489157,0.000108429,1.55761e+07,3.03677e+06,0,1.00363e+08,1.00363e+08,1,0
1310,78600,descending,0.9925,5318,17446,7530,2116,32156,1325,93,18058,33232,949790,5.92319e+07,356,0.000134674,0.00479719,0.000202815,1.55761e+07,3.03677e+06,0,1.00363e+08,1.00363e+08,1,0
1320,79200,cecum,0.9225,2446,11392,3756,1339,20121,724,36,10756,20718,510863,9.80903e+06,121,0.000137045,0.00496682,3.31774e-05,1.67305e+07,3.25381e+06,0,1.0742e+08,1.0742e+08,1,0
1320,79200,transverse,0.9825,3727,17610,6011,1842,31348,1094,81,16593,31739,680919,3.40273e+07,296,0.000135899,0.00488416,0.000115839,1.67305e+07,3.25381e+06,0,1.0742e+08,1.0742e+08,1,0
1320,79200,descending,0.9825,4651,18622,7762,2159,33776,1371,95,18589,34040,825407,6.35247e+07,356,0.000134465,0.0047825,0.000217502,1.67305e+07,3.25381e+06,0,1.0742e+08,1.0742e+08,1,0
1330,79800,cecum,0.9425,2547,11835,3862,1373,20788,742,36,11032,21432,530119,1.04296e+07,121,0.000137016,0.00496472,3.52763e-05,1.79685e+07,3.48609e+06,0,1.14958e+08,1.14958e+08,1,0
1330,79800,transverse,0.9875,3835,17850,6175,1887,31982,1122,86,17055,32385,700737,3.63512e+07,296,0.000135789,0.00487626,0.000123744,1.79685e+07,3.48609e+06,0,1.14958e+08,1.14958e+08,1,0
1330,79800,descending,0.995,4903,18912,7960,2218,34499,1399,98,19106,34901,872110,6.81171e+07,356,0.00013424,0.00476678,0.000233215,1.79685e+07,3.48609e+06,0,1.14958e+08,1.14958e+08,1,0
1340,80400,cecum,0.93,2463,12401,3969,1403,21654,768,36,11388,22163,511838,1.10893e+07,121,0.000136986,0.00496249,3.75072e-05,1.92959e+07,3.73467e+06,0,1.23009e+08,1.23009e+08,1,0
1340,80400,transverse,0.985,3990,18001,6341,1922,32581,1145,92,17555,33025,729154,3.88302e+07,296,0.00013567,0.00486782,0.000132177,1.92959e+07,3.73467e+06,0,1.23009e+08,1.23009e+08,1,0
1340,80400,descending,0.995,4782,19546,8151,2252,35638,1440,98,19686,35803,849818,7.30287e+07,356,0.000133999,0.00474998,0.000250019,1.92959e+07,3.73467e+06,0,1.23009e+08,1.23009e+08,1,0
1350,81000,cecum,0.95,2487,12705,4059,1442,22251,787,37,11738,22751,519133,1.17906e+07,121,0.000136953,0.00496012,3.98785e-05,2.07189e+07,4.00064e+06,0,1.31607e+08,1.31607e+08,1,0
1350,81000,transverse,0.9875,4222,18175,6539,1975,33178,1191,92,18077,33755,771708,4.14741e+07,296,0.000135544,0.00485883,0.000141171,2.07189e+07,4.00064e+06,0,1.31607e+08,1.31607e+08,1,0
1350,81000,descending,0.995,5081,19595,8347,2301,36168,1482,100,20256,36525,904480,7.828e+07,356,0.000133741,0.00473202,0.000267984,2.07189e+07,4.00064e+06,0,1.31607e+08,1.31607e+08,1,0
1360,81600,cecum,0.955,2604,13007,4175,1465,22881,811,37,12113,23429,541060,1.2536e+07,121,0.000136918,0.0049576,4.2399e-05,2.2244e+07,4.28518e+06,0,1.40785e+08,1.40785e+08,1,0
1360,81600,transverse,0.985,3987,18998,6708,2015,34449,1223,93,18596,34693,728204,4.42933e+07,296,0.000135409,0.00484924,0.000150761,2.2244e+07,4.28518e+06,0,1.40785e+08,1.40785e+08,1,0
1360,81600,descending,0.9925,5083,19937,8544,2347,36985,1515,102,20808,37224,905086,8.38924e+07,356,0.000133463,0.00471281,0.000287185,2.2244e+07,4.28518e+06,0,1.40785e+08,1.40785e+08,1,0
1370,82200,cecum,0.955,2661,13420,4307,1506,23594,834,39,12475,24129,553521,1.33282e+07,121,0.000136881,0.00495492,4.50778e-05,2.38783e+07,4.58955e+06,0,1.50581e+08,1.50581e+08,1,0
1370,82200,transverse,0.995,4163,18966,6871,2064,34925,1251,94,19180,35258,760498,4.72995e+07,296,0.000135265,0.00483901,0.000160986,2.38783e+07,4.58955e+06,0,1.50581e+08,1.50581e+08,1,0
1370,82200,descending,0.9975,5092,20200,8776,2413,37696,1556,104,21361,37817,905422,8.98888e+07,356,0.000133166,0.0046923,0.000307699,2.38783e+07,4.58955e+06,0,1.50581e+08,1.50581e+08,1,0
1380,82800,cecum,0.9675,2892,13561,4439,1550,24057,858,40,12864,24758,598104,1.41703e+07,121,0.000136842,0.00495208,4.79249e-05,2.56292e+07,4.91508e+06,0,1.61032e+08,1.61032e+08,1,0
1380,82800,transverse,0.99,4211,19261,7062,2113,35702,1291,94,19751,35981,769157,5.05038e+07,296,0.000135111,0.00482811,0.000171885,2.56292e+07,4.91508e+06,0,1.61032e+08,1.61032e+08,1,0
1380,82800,descending,0.9975,5283,19845,9023,2468,37891,1600,110,22004,38049,938655,9.62933e+07,356,0.000132847,0.00467039,0.000329606,2.56292e+07,4.91508e+06,0,1.61032e+08,1.61032e+08,1,0
1390,83400,cecum,0.9625,2848,13975,4572,1584,24806,891,41,13265,25396,593640,1.50653e+07,121,0.0001368,0.00494905,5.09506e-05,2.75047e+07,5.26318e+06,0,1.7218e+08,1.7218e+08,1,0
1390,83400,transverse,0.9925,4127,19527,7245,2166,36488,1323,100,20350,36579,753402,5.39191e+07,296,0.000134947,0.0048165,0.000183501,2.75047e+07,5.26318e+06,0,1.7218e+08,1.7218e+08,1,0
1390,83400,descending,0.9925,5588,20595,9272,2540,39106,1639,111,22579,39430,993771,1.03129e+08,356,0.000132504,0.00464701,0.000352993,2.75047e+07,5.26318e+06,0,1.7218e+08,1.7218e+08,1,0
1400,84000,cecum,0.9675,2863,14155,4683,1623,25323,910,42,13659,25874,596831,1.60165e+07,121,0.000136756,0.00494583,5.4166e-05,2.95129e+07,5.63535e+06,0,1.84066e+08,1.84066e+08,1,0
1400,84000,transverse,0.9875,4337,19970,7452,2216,37361,1359,101,20865,37540,791731,5.75577e+07,296,0.000134771,0.00480412,0.000195878,2.95129e+07,5.63535e+06,0,1.84066e+08,1.84066e+08,1,0
1400,84000,descending,0.995,5951,20738,9541,2607,39751,1682,117,23185,40273,1.05959e+06,1.10424e+08,356,0.000132137,0.00462205,0.000377949,2.95129e+07,5.63535e+06,0,1.84066e+08,1.84066e+08,1,0
1410,84600,cecum,0.9775,3027,14344,4810,1663,25906,934,47,14112,26553,629811,1.70272e+07,121,0.000136709,0.00494242,5.75829e-05,3.1663e+07,6.03317e+06,0,1.96734e+08,1.96734e+08,1,0
1410,84600,transverse,0.9925,4489,20140,7669,2278,38047,1413,102,21496,38276,819345,6.14342e+07,296,0.000134583,0.00479094,0.000209063,3.1663e+07,6.03317e+06,0,1.96734e+08,1.96734e+08,1,0
1410,84600,descending,0.995,5710,21138,9791,2657,40748,1731,120,23878,40875,1.01389e+06,1.18204e+08,356,0.000131744,0.00459544,0.000404565,3.1663e+07,6.03317e+06,0,1.96734e+08,1.96734e+08,1,0
1420,85200,cecum,0.9675,3068,14579,4936,1704,26517,955,47,14550,27141,640390,1.81012e+07,121,0.000136658,0.00493879,6.12137e-05,3.39642e+07,6.45833e+06,0,2.10232e+08,2.10232e+08,1,0
1420,85200,transverse,0.995,4920,19874,7852,2332,38233,1453,102,22042,38804,898820,6.5563e+07,296,0.000134383,0.0047769,0.000223105,3.39642e+07,6.45833e+06,0,2.10232e+08,2.10232e+08,1,0
1420,85200,descending,1,5303,21418,10031,2709,41582,1773,124,24522,41152,938984,1.26498e+08,356,0.000131322,0.00456706,0.000432939,3.39642e+07,6.45833e+06,0,2.10232e+08,2.10232e+08,1,0
1430,85800,cecum,0.965,3074,14948,5085,1746,27284,975,51,15006,27823,641635,1.92423e+07,121,0.000136605,0.00493493,6.50715e-05,3.64265e+07,6.91262e+06,0,2.24607e+08,2.24607e+08,1,0
1430,85800,transverse,0.995,5016,20198,8073,2390,38969,1487,104,22544,39505,916437,6.99589e+07,296,0.000134169,0.00476194,0.000238056,3.64265e+07,6.91262e+06,0,2.24607e+08,2.24607e+08,1,0
1430,85800,descending,1,5360,21357,10274,2767,42030,1824,125,25139,41522,948300,1.35336e+08,356,0.000130869,0.00453683,0.00046317,3.64265e+07,6.91262e+06,0,2.24607e+08,2.24607e+08,1,0
1440,86400,cecum,0.975,2987,15488,5203,1781,28199,996,52,15436,28588,623984,2.04545e+07,121,0.000136548,0.00493083,6.91702e-05,3.90603e+07,7.39792e+06,0,2.39909e+08,2.39909e+08,1,0
1440,86400,transverse,0.995,4689,20616,8275,2450,39923,1521,104,23174,40024,855496,7.46385e+07,296,0.000133941,0.00474603,0.000253971,3.90603e+07,7.39792e+06,0,2.39909e+08,2.39909e+08,1,0
1440,86400,descending,0.995,6015,21278,10514,2812,42450,1874,126,25732,42451,1.06815e+06,1.44745e+08,356,0.000130384,0.00450464,0.000495361,3.90603e+07,7.39792e+06,0,2.39909e+08,2.39909e+08,1,0
1450,87000,cecum,0.975,2951,16012,5330,1819,29131,1019,52,15905,29418,617575,2.17424e+07,121,0.000136488,0.00492648,7.35245e-05,4.18768e+07,7.91622e+06,0,2.56191e+08,2.56191e+08,1,0
1450,87000,transverse,0.9925,4778,20778,8484,2492,40633,1568,107,23808,40700,871955,7.96181e+07,296,0.000133697,0.00472909,0.000270907,4.18768e+07,7.91622e+06,0,2.56191e+08,2.56191e+08,1,0
1450,87000,descending,0.9975,6229,21610,10796,2880,43310,1915,129,26366,43349,1.10657e+06,1.54758e+08,356,0.000129864,0.00447038,0.00052962,4.18768e+07,7.91622e+06,0,2.56191e+08,2.56191e+08,1,0
1460,87600,cecum,0.98,3204,16074,5467,1857,29628,1038,59,16390,30081,666290,2.31107e+07,121,0.000136424,0.00492185,7.81501e-05,4.48876e+07,8.46962e+06,0,2.73507e+08,2.73507e+08,1,0
1460,87600,transverse,0.99,4982,21394,8697,2539,41796,1599,112,24428,41927,909739,8.49151e+07,296,0.000133436,0.00471108,0.000288924,4.48876e+07,8.46962e+06,0,2.73507e+08,2.73507e+08,1,0
1460,87600,descending,0.9975,5971,21834,11034,2945,44164,1954,145,27084,43795,1.05849e+06,1.65408e+08,356,0.000129308,0.00443395,0.000566054,4.48876e+07,8.46962e+06,0,2.73507e+08,2.73507e+08,1,0
1470,88200,cecum,0.9875,3753,15679,5620,1922,29628,1061,59,16873,30565,772016,2.45643e+07,121,0.000136355,0.00491694,8.30635e-05,4.81049e+07,9.06035e+06,0,2.91913e+08,2.91913e+08,1,0
1470,88200,transverse,0.9925,4778,22291,8936,2586,43236,1644,113,25062,43015,872338,9.05484e+07,296,0.000133158,0.00469192,0.000308085,4.81049e+07,9.06035e+06,0,2.91913e+08,2.91913e+08,1,0
1470,88200,descending,0.995,6252,21941,11316,3016,44770,2007,148,27704,44521,1.10916e+06,1.76725e+08,356,0.000128711,0.00439522,0.000604775,4.81049e+07,9.06035e+06,0,2.91913e+08,2.91913e+08,1,0
1480,88800,cecum,0.98,3369,16377,5797,1963,30706,1104,61,17335,31164,701239,2.61081e+07,121,0.000136283,0.00491172,8.82822e-05,5.15416e+07,9.69074e+06,0,3.11464e+08,3.11464e+08,1,0
1480,88800,transverse,0.99,4868,22856,9171,2642,44276,1687,117,25632,44005,889263,9.65372e+07,296,0.000132861,0.00467155,0.000328454,5.15416e+07,9.69074e+06,0,3.11464e+08,3.11464e+08,1,0
1480,88800,descending,0.9975,6493,22278,11573,3077,45633,2052,155,28329,45467,1.15309e+06,1.88743e+08,356,0.000128072,0.0043541,0.000645896,5.15416e+07,9.69074e+06,0,3.11464e+08,3.11464e+08,1,0
1490,89400,cecum,0.985,3568,16557,5940,2002,31311,1129,64,17821,31886,739829,2.77475e+07,121,0.000136206,0.00490618,9.38247e-05,5.52112e+07,1.03632e+07,0,3.32222e+08,3.32222e+08,1,0
1490,89400,transverse,0.9925,4783,23570,9402,2694,45583,1732,129,26310,45081,873524,1.02902e+08,296,0.000132544,0.0046499,0.0003501,5.52112e+07,1.03632e+07,0,3.32222e+08,3.32222e+08,1,0
1490,89400,descending,0.995,6886,22040,11859,3161,45942,2103,158,29008,46015,1.22419e+06,2.01495e+08,356,0.000127388,0.00431047,0.000689529,5.52112e+07,1.03632e+07,0,3.32222e+08,3.32222e+08,1,0
1500,90000,cecum,0.98,3725,16361,6082,2052,31544,1155,69,18321,32205,771249,2.9489e+07,121,0.000136124,0.00490029,9.97106e-05,5.91278e+07,1.10804e+07,0,3.54244e+08,3.54244e+08,1,0
1500,90000,transverse,0.9975,5030,23655,9637,2747,46275,1776,136,27007,45875,918772,1.09663e+08,296,0.000132206,0.0046269,0.000373095,5.91278e+07,1.10804e+07,0,3.54244e+08,3.54244e+08,1,0
1500,90000,descending,1,6582,22818,12174,3253,47213,2165,161,29652,46818,1.16605e+06,2.15014e+08,356,0.000126655,0.00426421,0.00073579,5.91278e+07,1.10804e+07,0,3.54244e+08,3.54244e+08,1,0
1510,90600,cecum,0.9825,3926,16594,6219,2111,32178,1182,69,18808,32989,808191,3.13376e+07,121,0.000136036,0.00489404,0.00010596,6.3306e+07,1.1845e+07,0,3.77591e+08,3.77591e+08,1,0
1510,90600,transverse,0.9925,5001,23912,9872,2805,47159,1823,137,27738,46599,913051,1.16842e+08,296,0.000131845,0.00460249,0.000397512,6.3306e+07,1.1845e+07,0,3.77591e+08,3.77591e+08,1,0
1510,90600,descending,1,6281,23180,12482,3320,48183,2218,163,30378,47297,1.11067e+06,2.29333e+08,356,0.000125871,0.00421521,0.000784792,6.3306e+07,1.1845e+07,0,3.77591e+08,3.77591e+08,1,0
1520,91200,cecum,0.99,3734,17290,6374,2166,33255,1215,73,19273,33803,773879,3.33003e+07,121,0.000135944,0.0048874,0.000112596,6.77613e+07,1.26599e+07,0,4.02326e+08,4.02326e+08,1,0
1520,91200,transverse,0.9975,4837,24240,10110,2868,48113,1870,140,28471,47258,882342,1.24462e+08,296,0.00013146,0.00457657,0.000423428,6.77613e+07,1.26599e+07,0,4.02326e+08,4.02326e+08,1,0
1520,91200,descending,0.9975,6432,23829,12741,3385,49440,2267,166,31097,48557,1.13938e+06,2.44483e+08,356,0.000125033,0.00416336,0.000836644,6.77613e+07,1.26599e+07,0,4.02326e+08,4.02326e+08,1,0
1530,91800,cecum,0.9925,3678,17611,6546,2197,34052,1241,75,19804,34427,764464,3.53842e+07,121,0.000135845,0.00488036,0.00011964,7.25096e+07,1.35279e+07,0,4.28508e+08,4.28508e+08,1,0
1530,91800,transverse,0.9975,5273,24685,10320,2930,49169,1895,143,29166,48624,962767,1.32545e+08,296,0.00013105,0.00454908,0.00045092,7.25096e+07,1.35279e+07,0,4.28508e+08,4.28508e+08,1,0
1530,91800,descending,0.9975,6500,24477,13044,3444,50639,2331,167,31770,49643,1.14932e+06,2.60497e+08,356,0.000124136,0.00410854,0.000891456,7.25096e+07,1.35279e+07,0,4.28508e+08,4.28508e+08,1,0
1540,92400,cecum,0.9775,3578,18109,6693,2241,35012,1268,76,20336,35210,746500,3.7596e+07,121,0.00013574,0.00487288,0.000127118,7.75673e+07,1.44522e+07,0,4.56198e+08,4.56198e+08,1,0
1540,92400,transverse,0.9975,6030,24743,10544,2996,49813,1936,150,29852,49901,1.10224e+06,1.41115e+08,296,0.000130612,0.00451993,0.000480071,7.75673e+07,1.44522e+07,0,4.56198e+08,4.56198e+08,1,0
1540,92400,descending,1,6068,25640,13357,3497,52422,2376,169,32486,50777,1.07073e+06,2.77403e+08,356,0.000123177,0.00405067,0.00094933,7.75673e+07,1.44522e+07,0,4.56198e+08,4.56198e+08,1,0
1550,93000,cecum,0.98,3607,18779,6861,2289,36130,1300,77,20863,36268,754747,3.99432e+07,121,0.000135629,0.00486495,0.000135054,8.29514e+07,1.5436e+07,0,4.85457e+08,4.85457e+08,1,0
1550,93000,transverse,1,6061,24484,10791,3066,50133,1980,156,30539,50113,1.10735e+06,1.50199e+08,296,0.000130144,0.00448904,0.000510963,8.29514e+07,1.5436e+07,0,4.85457e+08,4.85457e+08,1,0
1550,93000,descending,0.9975,6708,26259,13655,3553,53809,2426,178,33351,52603,1.18988e+06,2.9523e+08,356,0.000122152,0.00398964,0.00101036,8.29514e+07,1.5436e+07,0,4.85457e+08,4.85457e+08,1,0
1560,93600,cecum,0.9825,3730,19049,7005,2333,36918,1325,79,21448,37102,779881,4.24343e+07,121,0.000135511,0.00485652,0.000143475,8.86796e+07,1.64826e+07,0,5.16343e+08,5.16343e+08,1,0
1560,93600,transverse,0.9925,5882,24957,11045,3143,51252,2020,158,31300,50914,1.074e+06,1.59818e+08,296,0.000129646,0.00445632,0.000543681,8.86796e+07,1.64826e+07,0,5.16343e+08,5.16343e+08,1,0
1560,93600,descending,0.9975,7746,26156,13952,3625,54351,2479,187,34112,54002,1.37933e+06,3.14003e+08,356,0.000121058,0.00392536,0.00107464,8.86796e+07,1.64826e+07,0,5.16343e+08,5.16343e+08,1,0
1570,94200,cecum,0.9675,3595,19453,7177,2385,37855,1359,84,22062,37813,758582,4.50777e+07,121,0.000135385,0.00484759,0.000152411,9.47698e+07,1.75955e+07,0,5.48912e+08,5.48912e+08,1,0
1570,94200,transverse,1,6347,24355,11353,3217,51252,2080,159,32035,51204,1.15935e+06,1.7e+08,296,0.000129115,0.00442169,0.000578313,9.47698e+07,1.75955e+07,0,5.48912e+08,5.48912e+08,1,0
1570,94200,descending,0.995,6846,27389,14258,3712,56184,2535,208,34834,54751,1.2129e+06,3.33746e+08,356,0.00011989,0.00385775,0.00114225,9.47698e+07,1.75955e+07,0,5.48912e+08,5.48912e+08,1,0
1580,94800,cecum,0.9875,4086,19496,7365,2439,38334,1395,84,22588,38685,851624,4.78817e+07,121,0.000135251,0.00483811,0.000161891,1.0124e+08,1.87782e+07,0,5.83217e+08,5.83217e+08,1,0
1580,94800,transverse,0.995,6015,25505,11629,3282,52987,2138,159,32743,52454,1.09824e+06,1.8077e+08,296,0.000128549,0.00438505,0.000614946,1.0124e+08,1.87782e+07,0,5.83217e+08,5.83217e+08,1,0
1580,94800,descending,0.9975,7955,27678,14586,3798,57134,2606,214,35646,56633,1.41703e+06,3.54474e+08,356,0.000118643,0.00378675,0.00121325,1.0124e+08,1.87782e+07,0,5.83217e+08,5.83217e+08,1,0
1590,95400,cecum,0.985,3868,20092,7559,2496,39421,1433,88,23170,39451,812940,5.08562e+07,121,0.000135109,0.00482805,0.000171946,1.0811e+08,2.00345e+07,0,6.19306e+08,6.19306e+08,1,0
1590,95400,transverse,0.9975,6105,25841,11896,3340,53948,2191,165,33473,53343,1.1144e+06,1.92153e+08,296,0.000127946,0.00434633,0.000653667,1.0811e+08,2.00345e+07,0,6.19306e+08,6.19306e+08,1,0
1590,95400,descending,0.9975,6991,28743,14920,3884,58744,2673,217,36341,57095,1.2385e+06,3.76205e+08,356,0.000117315,0.00371231,0.00128769,1.0811e+08,2.00345e+07,0,6.19306e+08,6.19306e+08,1,0
1600,96000,cecum,0.98,4072,20636,7766,2540,40479,1482,88,23777,40599,851759,5.40103e+07,121,0.000134958,0.00481739,0.00018261,1.15397e+08,2.13681e+07,0,6.57225e+08,6.57225e+08,1,0
1600,96000,transverse,0.9975,5909,26146,12175,3403,54956,2251,166,34298,53998,1.07755e+06,2.04177e+08,296,0.000127303,0.00430543,0.000694565,1.15397e+08,2.13681e+07,0,6.57225e+08,6.57225e+08,1,0
1600,96000,descending,1,7028,29054,15208,3962,59751,2730,217,37172,57986,1.24531e+06,3.98945e+08,356,0.0001159,0.0036344,0.0013656,1.15397e+08,2.13681e+07,0,6.57225e+08,6.57225e+08,1,0
1610,96600,cecum,0.995,4489,20771,7939,2606,41149,1513,89,24408,41609,932124,5.73548e+07,121,0.000134798,0.00480608,0.000193917,1.23121e+08,2.27828e+07,0,6.97012e+08,6.97012e+08,1,0
1610,96600,transverse,0.9975,5830,26315,12433,3458,55883,2302,167,35161,54693,1.0627e+06,2.16865e+08,296,0.000126619,0.00426227,0.000737729,1.23121e+08,2.27828e+07,0,6.97012e+08,6.97012e+08,1,0
1610,96600,descending,1,6928,28623,15515,4032,60045,2775,219,38010,57986,1.225e+06,4.22699e+08,356,0.000114393,0.003553,0.001447,1.23121e+08,2.27828e+07,0,6.97012e+08,6.97012e+08,1,0
1620,97200,cecum,0.9975,4382,20801,8108,2660,41647,1540,91,24955,41910,916217,6.0901e+07,121,0.000134627,0.0047941,0.000205903,1.31301e+08,2.42826e+07,0,7.38697e+08,7.38697e+08,1,0
1620,97200,transverse,0.9975,6028,26476,12732,3509,56705,2354,171,35921,55513,1.09915e+06,2.30244e+08,296,0.000125891,0.00421676,0.000783243,1.31301e+08,2.42826e+07,0,7.38697e+08,7.38697e+08,1,0
1620,97200,descending,1,7441,30162,15844,4079,62250,2831,219,38779,60478,1.31889e+06,4.47456e+08,356,0.000112792,0.00346813,0.00153187,1.31301e+08,2.42826e+07,0,7.38697e+08,7.38697e+08,1,0
1630,97800,cecum,0.9825,4305,21327,8300,2711,42657,1585,92,25534,42746,907735,6.46591e+07,121,0.000134446,0.00478139,0.000218608,1.39956e+08,2.58715e+07,0,7.82305e+08,7.82305e+08,1,0
1630,97800,transverse,0.9975,6218,26973,13019,3566,57916,2402,171,36740,56732,1.13406e+06,2.44338e+08,296,0.000125115,0.00416881,0.000831194,1.39956e+08,2.58715e+07,0,7.82305e+08,7.82305e+08,1,0
1630,97800,descending,1,7486,31129,16137,4132,63998,2888,232,39657,62075,1.32815e+06,4.7321e+08,356,0.000111091,0.00337982,0.00162018,1.39956e+08,2.58715e+07,0,7.82305e+08,7.82305e+08,1,0
1640,98400,cecum,0.9875,4353,21791,8501,2757,43663,1618,93,26154,43677,914910,6.86414e+07,121,0.000134253,0.00476793,0.000232071,1.49103e+08,2.75534e+07,0,8.27849e+08,8.27849e+08,1,0
1640,98400,transverse,1,6126,26820,13292,3623,58465,2458,173,37553,57027,1.11657e+06,2.59172e+08,296,0.00012429,0.00411834,0.00088166,1.49103e+08,2.75534e+07,0,8.27849e+08,8.27849e+08,1,0
1640,98400,descending,1,7480,31511,16452,4193,65205,2939,232,40594,63073,1.32627e+06,4.99937e+08,356,0.000109287,0.00328815,0.00171185,1.49103e+08,2.75534e+07,0,8.27849e+08,8.27849e+08,1,0
1650,99000,cecum,0.985,4199,22501,8703,2808,44873,1666,96,26750,44627,888867,7.28602e+07,121,0.000134049,0.00475367,0.000246333,1.58762e+08,2.93325e+07,0,8.75332e+08,8.75332e+08,1,0
1650,99000,transverse,1,6310,26365,13588,3681,58704,2504,173,38351,57258,1.14999e+06,2.74767e+08,296,0.000123413,0.00406528,0.00093472,1.58762e+08,2.93325e+07,0,8.75332e+08,8.75332e+08,1,0
1650,99000,descending,1,7737,32068,16771,4273,66494,2988,240,41447,64421,1.37173e+06,5.27606e+08,356,0.000107375,0.00319322,0.00180678,1.58762e+08,2.93325e+07,0,8.75332e+08,8.75332e+08,1,0
1660,99600,cecum,0.99,4398,22855,8878,2857,45792,1691,101,27384,45639,925896,7.73285e+07,121,0.000133831,0.00473856,0.000261439,1.68948e+08,3.12127e+07,0,9.24747e+08,9.24747e+08,1,0
1660,99600,transverse,0.9975,6478,26982,13902,3754,59976,2556,173,39131,58509,1.18082e+06,2.91143e+08,296,0.000122481,0.00400956,0.000990444,1.68948e+08,3.12127e+07,0,9.24747e+08,9.24747e+08,1,0
1660,99600,descending,1,7733,32499,17111,4356,67720,3050,243,42384,65445,1.36964e+06,5.56174e+08,356,0.000105354,0.00309516,0.00190484,1.68948e+08,3.12127e+07,0,9.24747e+08,9.24747e+08,1,0
1670,100200,cecum,0.995,4975,22751,9080,2927,46251,1727,103,28051,46577,1.0389e+06,8.20599e+07,121,0.0001336,0.00472257,0.000277433,1.79679e+08,3.31982e+07,0,9.76071e+08,9.76071e+08,1,0
1670,100200,transverse,0.995,6768,27855,14219,3821,61582,2612,199,39961,60185,1.23457e+06,3.08319e+08,299,0.00012149,0.0039511,0.0010489,1.79679e+08,3.31982e+07,0,9.76071e+08,9.76071e+08,1,0
1670,100200,descending,1,7427,33212,17433,4423,69156,3115,246,43236,66382,1.31347e+06,5.85589e+08,359,0.000103219,0.00299416,0.00200584,1.79679e+08,3.31982e+07,0,9.76071e+08,9.76071e+08,1,0
1680,100800,cecum,0.99,4810,23347,9284,2999,47441,1768,107,28754,47507,1.01232e+06,8.70683e+07,121,0.000133355,0.00470564,0.000294365,1.9097e+08,3.52927e+07,0,1.02927e+09,1.02927e+09,1,0
1680,100800,transverse,1,7302,27846,14526,3909,62236,2673,200,40772,61214,1.3326e+06,3.26312e+08,299,0.000120438,0.00388987,0.00111013,1.9097e+08,3.52927e+07,0,1.02927e+09,1.02927e+09,1,0
1680,100800,descending,1,7770,33363,17778,4491,70129,3184,249,44192,67487,1.37583e+06,6.15784e+08,359,0.000100969,0.00289042,0.00210958,1.9097e+08,3.52927e+07,0,1.02927e+09,1.02927e+09,1,0
1690,101400,cecum,0.9975,4942,23158,9492,3063,47871,1820,109,29487,47975,1.04203e+06,9.23689e+07,121,0.000133095,0.00468772,0.000312282,2.02834e+08,3.75001e+07,0,1.08429e+09,1.08429e+09,1,0
1690,101400,transverse,0.9975,7232,28664,14869,3973,63717,2732,200,41558,62405,1.32004e+06,3.45135e+08,299,0.000119322,0.0038258,0.0011742,2.02834e+08,3.75001e+07,0,1.08429e+09,1.08429e+09,1,0
1690,101400,descending,1,7810,33999,18118,4567,71593,3248,265,45144,68775,1.38104e+06,6.46681e+08,359,9.86035e-05,0.00278422,0.00221578,2.02834e+08,3.75001e+07,0,1.08429e+09,1.08429e+09,1,0
1700,102000,cecum,0.9975,4787,23565,9706,3115,48859,1857,116,30150,48676,1.01206e+06,9.79761e+07,121,0.000132818,0.00466876,0.000331236,2.15284e+08,3.98243e+07,0,1.14107e+09,1.14107e+09,1,0
1700,102000,transverse,0.9975,7335,29915,15247,4063,65643,2807,206,42392,64215,1.33908e+06,3.64797e+08,299,0.000118138,0.00375887,0.00124113,2.15284e+08,3.98243e+07,0,1.14107e+09,1.14107e+09,1,0
1700,102000,descending,0.9975,7653,34294,18444,4642,72860,3310,267,46251,69694,1.35128e+06,6.78191e+08,359,9.61212e-05,0.00267584,0.00232416,2.15284e+08,3.98243e+07,0,1.14107e+09,1.14107e+09,1,0
1710,102600,cecum,0.9975,4738,23672,9912,3172,49535,1900,120,30815,49193,1.00703e+06,1.03906e+08,121,0.000132524,0.00464872,0.000351281,2.2833e+08,4.22686e+07,0,1.19953e+09,1.19953e+09,1,0
1710,102600,transverse,0.995,6859,30804,15554,4131,67219,2860,207,43199,65128,1.2512e+06,3.85304e+08,299,0.000116884,0.00368906,0.00131094,2.2833e+08,4.22686e+07,0,1.19953e+09,1.19953e+09,1,0
1710,102600,descending,1,8227,34575,18770,4725,74084,3364,280,47318,71290,1.45622e+06,7.10209e+08,359,9.35234e-05,0.00256565,0.00243435,2.2833e+08,4.22686e+07,0,1.19953e+09,1.19953e+09,1,0
1720,103200,cecum,0.9925,4982,23972,10105,3222,50499,1941,120,31570,50299,1.05246e+06,1.10174e+08,121,0.000132213,0.00462753,0.000372472,2.4198e+08,4.48367e+07,0,1.25956e+09,1.25956e+09,1,0
1720,103200,transverse,1,7215,31874,15847,4197,69081,2921,207,44118,67180,1.31724e+06,4.06656e+08,299,0.000115557,0.00361636,0.00138364,2.4198e+08,4.48367e+07,0,1.25956e+09,1.25956e+09,1,0
1720,103200,descending,1,8578,34788,19130,4817,75061,3425,281,48234,72410,1.52021e+06,7.4262e+08,359,9.08127e-05,0.00245401,0.00254599,2.4198e+08,4.48367e+07,0,1.25956e+09,1.25956e+09,1,0
1730,103800,cecum,0.99,5268,24324,10323,3290,51468,1970,123,32281,51430,1.10713e+06,1.16798e+08,121,0.000131882,0.00460514,0.000394864,2.56241e+08,4.75315e+07,0,1.32106e+09,1.32106e+09,1,0
1730,103800,transverse,0.9975,6935,32682,16166,4278,70743,2982,210,45111,68382,1.26587e+06,4.28851e+08,299,0.000114152,0.00354078,0.00145922,2.56241e+08,4.75315e+07,0,1.32106e+09,1.32106e+09,1,0
1730,103800,descending,1,7715,36620,19474,4895,77666,3487,285,49143,73944,1.36354e+06,7.75298e+08,359,8.79928e-05,0.00234136,0.00265864,2.56241e+08,4.75315e+07,0,1.32106e+09,1.32106e+09,1,0
1740,104400,cecum,1,5105,25274,10570,3344,53068,2016,125,33029,52718,1.07422e+06,1.23794e+08,121,0.00013153,0.00458148,0.000418517,2.71116e+08,5.0356e+07,0,1.38389e+09,1.38389e+09,1,0
1740,104400,transverse,0.9975,7405,33349,16513,4356,72184,3049,211,46029,70090,1.35274e+06,4.51877e+08,299,0.000112669,0.00346235,0.00153765,2.71116e+08,5.0356e+07,0,1.38389e+09,1.38389e+09,1,0
1740,104400,descending,1,8344,36284,19820,4967,78256,3560,293,50206,74954,1.47735e+06,8.08107e+08,359,8.50694e-05,0.00222816,0.00277184,2.71116e+08,5.0356e+07,0,1.38389e+09,1.38389e+09,1,0
1750,105000,cecum,0.9975,4620,25655,10792,3402,54104,2059,125,33785,53148,981048,1.31182e+08,121,0.000131158,0.00455651,0.00044349,2.86606e+08,5.33128e+07,0,1.44792e+09,1.44792e+09,1,0
1750,105000,transverse,1,7089,33865,16845,4438,73526,3118,213,47004,70933,1.29384e+06,4.75719e+08,299,0.000111102,0.00338114,0.00161886,2.86606e+08,5.33128e+07,0,1.44792e+09,1.44792e+09,1,0
1750,105000,descending,1,7865,35970,20166,5036,78939,3633,293,51345,74954,1.38801e+06,8.40901e+08,359,8.20499e-05,0.00211488,0.00288512,2.86606e+08,5.33128e+07,0,1.44792e+09,1.44792e+09,1,0
1760,105600,cecum,0.9925,5175,26218,11028,3464,55371,2104,127,34594,54839,1.08351e+06,1.38977e+08,121,0.000130762,0.00453016,0.000469844,3.02709e+08,5.64042e+07,0,1.51297e+09,1.51297e+09,1,0
1760,105600,transverse,1,6775,34735,17170,4501,75145,3183,214,47880,72040,1.23629e+06,5.00352e+08,299,0.000109452,0.00329722,0.00170278,3.02709e+08,5.64042e+07,0,1.51297e+09,1.51297e+09,1,0
1760,105600,descending,1,8850,36148,20519,5132,79893,3699,294,52282,76701,1.56897e+06,8.73528e+08,359,7.89437e-05,0.00200204,0.00299796,3.02709e+08,5.64042e+07,0,1.51297e+09,1.51297e+09,1,0
1770,106200,cecum,0.9975,5209,26810,11253,3526,56684,2137,129,35408,56054,1.09286e+06,1.472e+08,121,0.000130342,0.00450236,0.000497643,3.19421e+08,5.96322e+07,0,1.5789e+09,1.5789e+09,1,0
1770,106200,transverse,1,6590,35653,17477,4572,76830,3237,220,48766,73352,1.20179e+06,5.25745e+08,299,0.000107714,0.00321068,0.00178932,3.19421e+08,5.96322e+07,0,1.5789e+09,1.5789e+09,1,0
1770,106200,descending,1,8330,37619,20884,5211,82381,3761,300,53434,78439,1.47345e+06,9.05833e+08,359,7.5762e-05,0.00189016,0.00310984,3.19421e+08,5.96322e+07,0,1.5789e+09,1.5789e+09,1,0
1780,106800,cecum,0.9975,5279,27613,11460,3584,58159,2177,133,36174,57486,1.11096e+06,1.55869e+08,121,0.000129897,0.00447305,0.00052695,3.36734e+08,6.29983e+07,0,1.64551e+09,1.64551e+09,1,0
1780,106800,transverse,1,6768,35445,17771,4634,77576,3290,230,49825,74087,1.23412e+06,5.51861e+08,299,0.000105887,0.00312167,0.00187833,3.36734e+08,6.29983e+07,0,1.64551e+09,1.64551e+09,1,0
1780,106800,descending,1,8224,37837,21246,5298,83628,3831,317,54603,79358,1.45181e+06,9.37661e+08,359,7.25179e-05,0.00177977,0.00322023,3.36734e+08,6.29983e+07,0,1.64551e+09,1.64551e+09,1,0
1790,107400,cecum,0.995,4917,28242,11694,3652,59533,2223,140,37026,58371,1.04399e+06,1.65004e+08,121,0.000129425,0.00444217,0.000557828,3.54636e+08,6.65038e+07,0,1.71263e+09,1.71263e+09,1,0
1790,107400,transverse,1,7045,35402,18070,4705,78685,3355,236,51107,75304,1.28501e+06,5.7865e+08,299,0.000103971,0.00303033,0.00196967,3.54636e+08,6.65038e+07,0,1.71263e+09,1.71263e+09,1,0
1790,107400,descending,1,8707,38415,21626,5395,85127,3884,331,55660,81096,1.5408e+06,9.68857e+08,359,6.92265e-05,0.00167137,0.00332863,3.54636e+08,6.65038e+07,0,1.71263e+09,1.71263e+09,1,0
1800,108000,cecum,0.9925,5414,29119,11920,3698,61103,2263,140,37805,60298,1.13331e+06,1.74621e+08,121,0.000128925,0.00440966,0.000590344,3.73116e+08,7.01496e+07,0,1.78008e+09,1.78008e+09,1,0
1800,108000,transverse,1,7190,35614,18395,4782,79805,3412,239,52146,76375,1.31171e+06,6.06056e+08,299,0.000101964,0.00293687,0.00206313,3.73116e+08,7.01496e+07,0,1.78008e+09,1.78008e+09,1,0
1800,108000,descending,1,8872,39625,22022,5489,87238,3970,333,56739,83154,1.57136e+06,9.99273e+08,359,6.59042e-05,0.00156547,0.00343453,3.73116e+08,7.01496e+07,0,1.78008e+09,1.78008e+09,1,0
1810,108600,cecum,1,5673,29167,12148,3771,61900,2308,143,38669,61241,1.18507e+06,1.84743e+08,121,0.000128395,0.00437544,0.000624561,3.92156e+08,7.39361e+07,0,1.84766e+09,1.84766e+09,1,0
1810,108600,transverse,1,7744,35832,18724,4865,81069,3480,245,53337,78009,1.41427e+06,6.34014e+08,299,9.98654e-05,0.00284149,0.00215851,3.92156e+08,7.39361e+07,0,1.84766e+09,1.84766e+09,1,0
1810,108600,descending,1,8575,41285,22434,5572,89900,4063,338,57912,85278,1.51787e+06,1.02877e+09,359,6.25686e-05,0.00146253,0.00353747,3.92156e+08,7.39361e+07,0,1.84766e+09,1.84766e+09,1,0
1820,109200,cecum,0.9975,5159,30046,12391,3826,63527,2356,150,39513,62207,1.09012e+06,1.95388e+08,121,0.000127833,0.00433946,0.000660545,4.11738e+08,7.78633e+07,0,1.91519e+09,1.91519e+09,1,0
1820,109200,transverse,0.995,7862,38188,19039,4949,84177,3537,248,54227,81058,1.43781e+06,6.62449e+08,299,9.7677e-05,0.00274444,0.00225556,4.11738e+08,7.78633e+07,0,1.91519e+09,1.91519e+09,1,0
1820,109200,descending,1,8512,42061,22790,5660,91851,4119,400,59169,86892,1.50506e+06,1.05722e+09,359,5.92385e-05,0.00136299,0.00363701,4.11738e+08,7.78633e+07,0,1.91519e+09,1.91519e+09,1,0
1830,109800,cecum,0.9975,5207,30152,12625,3884,64397,2412,150,40391,63005,1.10474e+06,2.06574e+08,121,0.000127238,0.00430164,0.000698359,4.31841e+08,8.1931e+07,0,1.98251e+09,1.98251e+09,1,0
1830,109800,transverse,1,8494,38323,19433,5048,85361,3604,252,55438,82642,1.55407e+06,6.9128e+08,299,9.54e-05,0.00264601,0.00235399,4.31841e+08,8.1931e+07,0,1.98251e+09,1.98251e+09,1,0
1830,109800,descending,0.9975,8661,42529,23174,5742,93269,4198,404,60276,88232,1.52998e+06,1.08452e+09,359,5.59328e-05,0.00126722,0.00373278,4.31841e+08,8.1931e+07,0,1.98251e+09,1.98251e+09,1,0
1840,110400,cecum,0.9975,5779,30325,12890,3940,65343,2461,152,41267,64361,1.21656e+06,2.1832e+08,121,0.000126608,0.00426193,0.000738065,4.52443e+08,8.61385e+07,0,2.04943e+09,2.04943e+09,1,0
1840,110400,transverse,1,7180,38888,19796,5137,86890,3665,254,56550,82642,1.30989e+06,7.20418e+08,300,9.30369e-05,0.00254649,0.00245351,4.52443e+08,8.61385e+07,0,2.04943e+09,2.04943e+09,1,0
1840,110400,descending,1,8910,42520,23570,5828,94430,4269,414,61593,89393,1.57532e+06,1.11056e+09,360,5.26704e-05,0.00117554,0.00382446,4.52443e+08,8.61385e+07,0,2.04943e+09,2.04943e+09,1,0
1850,111000,cecum,0.9975,5548,30971,13123,4002,66904,2495,155,42275,65551,1.16735e+06,2.30643e+08,121,0.000125941,0.00422027,0.000779726,4.73519e+08,9.04848e+07,0,2.11581e+09,2.11581e+09,1,0
1850,111000,transverse,0.9975,7593,39363,20139,5205,88373,3729,260,57684,84321,1.38532e+06,7.4976e+08,300,9.05913e-05,0.00244621,0.00255379,4.73519e+08,9.04848e+07,0,2.11581e+09,2.11581e+09,1,0
1850,111000,descending,1,9384,43519,23963,5916,96506,4336,422,62817,91697,1.66505e+06,1.13527e+09,360,4.94696e-05,0.00108821,0.00391179,4.73519e+08,9.04848e+07,0,2.11581e+09,2.11581e+09,1,0
1860,111600,cecum,0.9975,5392,31854,13335,4077,68700,2530,158,43295,67086,1.13855e+06,2.43562e+08,121,0.000125235,0.0041766,0.000823398,4.95043e+08,9.49686e+07,0,2.18149e+09,2.18149e+09,1,0
1860,111600,transverse,1,7199,40847,20469,5271,90947,3788,266,58893,86290,1.31321e+06,7.79202e+08,300,8.8068e-05,0.00234554,0.00265446,4.95043e+08,9.49686e+07,0,2.18149e+09,2.18149e+09,1,0
1860,111600,descending,1,8149,44164,24391,6005,98305,4414,427,64133,91995,1.43523e+06,1.15859e+09,360,4.63477e-05,0.00100543,0.00399457,4.95043e+08,9.49686e+07,0,2.18149e+09,2.18149e+09,1,0
1870,112200,cecum,1,5776,32114,13588,4150,69840,2572,160,44288,68470,1.21097e+06,2.57092e+08,121,0.000124489,0.00413086,0.000869136,5.1699e+08,9.95883e+07,0,2.24635e+09,2.24635e+09,1,0
1870,112200,transverse,1,7147,40753,20777,5346,91817,3847,268,59989,86932,1.30276e+06,8.08636e+08,300,8.54729e-05,0.00224484,0.00275516,5.1699e+08,9.95883e+07,0,2.24635e+09,2.24635e+09,1,0
1870,112200,descending,1,8950,43930,24750,6076,99274,4481,430,65471,93541,1.58272e+06,1.18049e+09,360,4.33202e-05,0.000927318,0.00407268,5.1699e+08,9.95883e+07,0,2.24635e+09,2.24635e+09,1,0
1880,112800,cecum,0.9975,5759,32642,13868,4218,71169,2620,171,45194,69607,1.21546e+06,2.71248e+08,121,0.0001237,0.00408301,0.000916992,5.39331e+08,1.04342e+08,0,2.31027e+09,2.31027e+09,1,0
1880,112800,transverse,1,7528,40218,21118,5418,92286,3915,270,61131,87579,1.37237e+06,8.37946e+08,300,8.28131e-05,0.00214449,0.00285551,5.39331e+08,1.04342e+08,0,2.31027e+09,2.31027e+09,1,0
1880,112800,descending,1,10129,43577,25183,6153,100210,4549,435,66900,95363,1.79776e+06,1.20094e+09,360,4.04009e-05,0.000853939,0.00414606,5.39331e+08,1.04342e+08,0,2.31027e+09,2.31027e+09,1,0
1890,113400,cecum,1,5432,32772,14150,4293,72156,2661,174,46164,70098,1.15334e+06,2.86045e+08,121,0.000122866,0.00403299,0.000967011,5.62041e+08,1.09228e+08,0,2.37315e+09,2.37315e+09,1,0
1890,113400,transverse,1,9284,39285,21496,5504,92286,3986,276,62215,89108,1.69657e+06,8.67014e+08,300,8.00972e-05,0.00204489,0.00295511,5.62041e+08,1.09228e+08,0,2.37315e+09,2.37315e+09,1,0
1890,113400,descending,1,10519,43615,25634,6267,101082,4612,437,67909,96349,1.86671e+06,1.21995e+09,360,3.76013e-05,0.000785291,0.00421471,5.62041e+08,1.09228e+08,0,2.37315e+09,2.37315e+09,1,0
1900,114000,cecum,0.9975,5535,33082,14398,4355,73266,2706,187,47058,71157,1.17173e+06,3.01493e+08,121,0.000121986,0.00398077,0.00101923,5.85092e+08,1.14243e+08,0,2.4349e+09,2.4349e+09,1,0
1900,114000,transverse,0.9975,9603,39646,21891,5611,93549,4064,284,63294,90472,1.75455e+06,8.95724e+08,300,7.73347e-05,0.00194642,0.00305358,5.85092e+08,1.14243e+08,0,2.4349e+09,2.4349e+09,1,0
1900,114000,descending,1,9644,45368,26102,6358,103835,4695,438,69082,97932,1.70763e+06,1.23754e+09,360,3.49304e-05,0.000721317,0.00427868,5.85092e+08,1.14243e+08,0,2.4349e+09,2.4349e+09,1,0
1910,114600,cecum,0.9975,5904,33586,14658,4422,74574,2755,189,47976,72688,1.24508e+06,3.17602e+08,121,0.000121057,0.00392631,0.00107369,6.08457e+08,1.19386e+08,0,2.49545e+09,2.49545e+09,1,0
1910,114600,transverse,0.9975,8682,40671,22314,5709,95429,4131,290,64308,91167,1.58396e+06,9.23962e+08,300,7.45362e-05,0.00184948,0.00315052,6.08457e+08,1.19386e+08,0,2.49545e+09,2.49545e+09,1,0
1910,114600,descending,1,9926,45416,26534,6446,105013,4781,441,70383,99131,1.75549e+06,1.25374e+09,360,3.2395e-05,0.000661911,0.00433809,6.08457e+08,1.19386e+08,0,2.49545e+09,2.49545e+09,1,0
1920,115200,cecum,0.995,5550,34055,14883,4470,75888,2791,196,48898,73500,1.18125e+06,3.3438e+08,121,0.000120077,0.00386959,0.00113041,6.32111e+08,1.24653e+08,0,2.55473e+09,2.55473e+09,1,0
1920,115200,transverse,1,8917,40185,22699,5812,95891,4210,290,65438,91661,1.6267e+06,9.51616e+08,300,7.17132e-05,0.00175444,0.00324556,6.32111e+08,1.24653e+08,0,2.55473e+09,2.55473e+09,1,0
1920,115200,descending,0.9975,9439,45149,26914,6548,106037,4868,450,71854,99468,1.66384e+06,1.26859e+09,360,2.99993e-05,0.000606925,0.00439307,6.32111e+08,1.24653e+08,0,2.55473e+09,2.55473e+09,1,0
1930,115800,cecum,1,5813,34720,15119,4556,77366,2844,199,49847,75141,1.22725e+06,3.51831e+08,121,0.000119044,0.0038106,0.0011894,6.5603e+08,1.30042e+08,0,2.6127e+09,2.6127e+09,1,0
1930,115800,transverse,0.9975,8681,40687,23099,5886,97387,4291,294,66583,92672,1.58302e+06,9.78579e+08,300,6.88782e-05,0.00166165,0.00333835,6.5603e+08,1.30042e+08,0,2.6127e+09,2.6127e+09,1,0
1930,115800,descending,1,9018,46034,27335,6627,108067,4934,455,73139,100796,1.58893e+06,1.28215e+09,360,2.77453e-05,0.000556179,0.00444382,6.5603e+08,1.30042e+08,0,2.6127e+09,2.6127e+09,1,0
1940,116400,cecum,1,6086,34374,15379,4630,77956,2894,200,50906,75867,1.28234e+06,3.69958e+08,121,0.000117957,0.00374932,0.00125068,6.8019e+08,1.3555e+08,0,2.66934e+09,2.66934e+09,1,0
1940,116400,transverse,1,8512,41111,23499,5971,98762,4369,298,67693,93637,1.55049e+06,1.00476e+09,300,6.60439e-05,0.00157143,0.00342857,6.8019e+08,1.3555e+08,0,2.66934e+09,2.66934e+09,1,0
1940,116400,descending,1,10383,45810,27792,6716,108978,5017,464,74437,102778,1.83821e+06,1.29448e+09,360,2.56331e-05,0.000509467,0.00449053,6.8019e+08,1.3555e+08,0,2.66934e+09,2.66934e+09,1,0
1950,117000,cecum,0.9975,6223,34375,15646,4707,78851,2948,208,51923,76755,1.30834e+06,3.88758e+08,121,0.000116813,0.00368577,0.00131423,7.04567e+08,1.41175e+08,0,2.7246e+09,2.7246e+09,1,0
1950,117000,transverse,1,8641,41750,23889,6050,100471,4425,304,68892,95214,1.57432e+06,1.03006e+09,300,6.32234e-05,0.00148409,0.00351591,7.04567e+08,1.41175e+08,0,2.7246e+09,2.7246e+09,1,0
1950,117000,descending,1,9691,45529,28221,6806,109930,5103,471,75839,102778,1.70923e+06,1.30565e+09,360,2.36606e-05,0.000466566,0.00453343,7.04567e+08,1.41175e+08,0,2.7246e+09,2.7246e+09,1,0
1960,117600,cecum,1,6727,33795,15910,4804,79153,3006,210,52958,77450,1.40882e+06,4.08224e+08,121,0.00011561,0.00361996,0.00138004,7.29143e+08,1.46913e+08,0,2.7785e+09,2.7785e+09,1,0
1960,117600,transverse,1,8841,42169,24261,6123,101918,4487,312,70047,96616,1.6112e+06,1.0544e+09,300,6.04297e-05,0.00139988,0.00360012,7.29143e+08,1.46913e+08,0,2.7785e+09,2.7785e+09,1,0
1960,117600,descending,1,9603,45438,28664,6904,110981,5180,476,77151,103468,1.69118e+06,1.31572e+09,360,2.18247e-05,0.000427242,0.00457276,7.29143e+08,1.46913e+08,0,2.7785e+09,2.7785e+09,1,0
1970,118200,cecum,1,6210,33633,16193,4877,79839,3047,210,53920,77450,1.31893e+06,4.28349e+08,121,0.000114347,0.00355194,0.00144806,7.53896e+08,1.52762e+08,0,2.83101e+09,2.83101e+09,1,0
1970,118200,transverse,1,8479,42585,24668,6187,103408,4555,315,71250,97466,1.54469e+06,1.07774e+09,300,5.76754e-05,0.00131901,0.00368099,7.53896e+08,1.52762e+08,0,2.83101e+09,2.83101e+09,1,0
1970,118200,descending,1,9514,45755,29082,7004,112309,5261,478,78341,104468,1.67399e+06,1.32478e+09,360,2.01208e-05,0.000391257,0.00460874,7.53896e+08,1.52762e+08,0,2.83101e+09,2.83101e+09,1,0
1980,118800,cecum,0.9975,6653,34441,16481,4945,81540,3092,235,54901,79394,1.40474e+06,4.49114e+08,121,0.000113023,0.00348174,0.00151826,7.78808e+08,1.58719e+08,0,2.88216e+09,2.88216e+09,1,0
1980,118800,transverse,1,8593,42547,25052,6264,104369,4630,319,72397,98305,1.56507e+06,1.10001e+09,300,5.49726e-05,0.00124165,0.00375835,7.78808e+08,1.58719e+08,0,2.88216e+09,2.88216e+09,1,0
1980,118800,descending,1,10300,46107,29506,7108,113838,5346,478,79707,106548,1.82058e+06,1.33289e+09,360,1.85434e-05,0.000358376,0.00464162,7.78808e+08,1.58719e+08,0,2.88216e+09,2.88216e+09,1,0
1990,119400,cecum,1,6789,34762,16776,5016,82757,3146,236,55921,80576,1.43445e+06,4.70503e+08,121,0.000111635,0.00340943,0.00159057,8.03863e+08,1.64781e+08,0,2.93195e+09,2.93195e+09,1,0
1990,119400,transverse,1,8251,43830,25432,6339,106669,4704,323,73559,100028,1.50271e+06,1.12117e+09,300,5.23323e-05,0.00116792,0.00383208,8.03863e+08,1.64781e+08,0,2.93195e+09,2.93195e+09,1,0
1990,119400,descending,1,9318,46027,29956,7201,115099,5431,485,81219,106548,1.63732e+06,1.34013e+09,360,1.70864e-05,0.000328364,0.00467164,8.03863e+08,1.64781e+08,0,2.93195e+09,2.93195e+09,1,0
2000,120000,cecum,0.995,6654,35288,17080,5101,84153,3202,242,56926,81668,1.41393e+06,4.9249e+08,121,0.000110184,0.0033351,0.0016649,8.29044e+08,1.70944e+08,0,2.98041e+09,2.98041e+09,1,0
2000,120000,transverse,1,8132,42972,25774,6427,106989,4761,327,74878,100028,1.4798e+06,1.14121e+09,300,4.97644e-05,0.00109789,0.00390211,8.29044e+08,1.70944e+08,0,2.98041e+09,2.98041e+09,1,0
2000,120000,descending,1,9974,45588,30406,7297,116116,5521,505,82841,107937,1.75593e+06,1.34656e+09,360,1.57432e-05,0.000300998,0.004699,8.29044e+08,1.70944e+08,0,2.98041e+09,2.98041e+09,1,0
2010,120600,cecum,1,6447,35857,17388,5163,85675,3258,242,57997,82793,1.38165e+06,5.15045e+08,121,0.000108667,0.00325886,0.00174114,8.54337e+08,1.77208e+08,0,3.02756e+09,3.02756e+09,1,0
2010,120600,transverse,1,8751,42849,26156,6495,107816,4845,330,75977,101241,1.59411e+06,1.16012e+09,300,4.72774e-05,0.00103159,0.00396841,8.54337e+08,1.77208e+08,0,3.02756e+09,3.02756e+09,1,0
2010,120600,descending,1,9826,46568,30820,7381,118224,5608,506,84139,109653,1.72789e+06,1.35224e+09,360,1.4507e-05,0.000276063,0.00472394,8.54337e+08,1.77208e+08,0,3.02756e+09,3.02756e+09,1,0
2020,121200,cecum,1,6954,35903,17683,5229,86479,3307,247,58865,83919,1.48038e+06,5.38131e+08,121,0.000107086,0.00318082,0.00181918,8.7973e+08,1.83568e+08,0,3.07343e+09,3.07343e+09,1,1
2020,121200,transverse,1,8894,42817,26556,6586,108878,4918,356,77209,102184,1.62026e+06,1.17789e+09,300,4.48784e-05,0.000969011,0.00403099,8.7973e+08,1.83568e+08,0,3.07343e+09,3.07343e+09,1,1
2020,121200,descending,1,10374,46535,31255,7476,119374,5705,509,85511,111105,1.83061e+06,1.35725e+09,360,1.33709e-05,0.000253357,0.00474664,8.7973e+08,1.83568e+08,0,3.07343e+09,3.07343e+09,1,1
2030,121800,cecum,1,7344,36386,18017,5311,87893,3379,249,59948,85541,1.55706e+06,5.61706e+08,121,0.000105439,0.00310112,0.00189888,9.05209e+08,1.90021e+08,0,3.11805e+09,3.11805e+09,1,0
2030,121800,transverse,1,9805,43389,26963,6668,110400,4987,357,78309,104360,1.78813e+06,1.19455e+09,300,4.25727e-05,0.000910101,0.0040899,9.05209e+08,1.90021e+08,0,3.11805e+09,3.11805e+09,1,0
2030,121800,descending,1,11169,46385,31739,7595,120307,5793,512,86798,112553,1.97535e+06,1.36164e+09,360,1.23281e-05,0.000232688,0.00476731,9.05209e+08,1.90021e+08,0,3.11805e+09,3.11805e+09,1,0
2040,122400,cecum,1,7136,36957,18365,5406,89502,3437,250,61138,86746,1.51333e+06,5.85723e+08,121,0.000103727,0.00301993,0.00198007,9.30765e+08,1.96567e+08,0,3.16146e+09,3.16146e+09,1,0
2040,122400,transverse,1,10031,43523,27393,6773,111692,5063,378,79627,105608,1.82951e+06,1.21012e+09,301,4.03643e-05,0.000854774,0.00414523,9.30765e+08,1.96567e+08,0,3.16146e+09,3.16146e+09,1,0
2040,122400,descending,1,11762,47041,32213,7700,122116,5884,517,88142,114672,2.08369e+06,1.36546e+09,361,1.13719e-05,0.000213879,0.00478612,9.30765e+08,1.96567e+08,0,3.16146e+09,3.16146e+09,1,0
2050,123000,cecum,0.9975,7043,38044,18643,5486,91574,3486,253,62249,88573,1.49161e+06,6.10126e+08,121,0.000101951,0.00293743,0.00206257,9.56386e+08,2.03201e+08,0,3.20368e+09,3.20368e+09,1,0
2050,123000,transverse,1,9800,43469,27808,6873,112799,5147,381,80969,106250,1.78608e+06,1.22463e+09,301,3.82555e-05,0.000802916,0.00419708,9.56386e+08,2.03201e+08,0,3.20368e+09,3.20368e+09,1,0
2050,123000,descending,1,10809,46965,32726,7825,123369,5975,520,89684,114672,1.90408e+06,1.36877e+09,361,1.04958e-05,0.000196766,0.00480323,9.56386e+08,2.03201e+08,0,3.20368e+09,3.20368e+09,1,0
2060,123600,cecum,0.9975,7509,38595,18963,5584,93397,3551,259,63678,90699,1.57992e+06,6.34856e+08,121,0.000100113,0.00285383,0.00214617,9.82063e+08,2.09922e+08,0,3.24474e+09,3.24474e+09,1,0
2060,123600,transverse,1,9711,44772,28241,6968,115067,5230,387,82106,108168,1.76998e+06,1.23812e+09,301,3.62472e-05,0.000754389,0.00424561,9.82063e+08,2.09922e+08,0,3.24474e+09,3.24474e+09,1,0
2060,123600,descending,0.9975,11562,48000,33233,7935,125451,6071,531,90926,117195,2.04402e+06,1.3716e+09,361,9.69354e-06,0.000181194,0.00481881,9.82063e+08,2.09922e+08,0,3.24474e+09,3.24474e+09,1,0
2070,124200,cecum,1,7154,39678,19274,5656,95464,3610,265,64787,92225,1.51012e+06,6.59848e+08,121,9.82154e-05,0.00276935,0.00223065,1.00779e+09,2.16727e+08,0,3.28467e+09,3.28467e+09,1,0
2070,124200,transverse,1,9799,44455,28665,7066,115877,5320,391,83417,108826,1.78548e+06,1.25065e+09,301,3.43391e-05,0.000709038,0.00429096,1.00779e+09,2.16727e+08,0,3.28467e+09,3.28467e+09,1,0
2070,124200,descending,1,10701,48437,33708,8041,126959,6159,532,92190,117560,1.88382e+06,1.37401e+09,361,8.95931e-06,0.000167025,0.00483298,1.00779e+09,2.16727e+08,0,3.28467e+09,3.28467e+09,1,0
2080,124800,cecum,1,7364,39370,19580,5744,96125,3661,265,65895,92929,1.55403e+06,6.8503e+08,121,9.62603e-05,0.00268422,0.00231578,1.03356e+09,2.23614e+08,0,3.32348e+09,3.32348e+09,1,0
2080,124800,transverse,1,10212,44408,29096,7173,117101,5395,395,84866,110210,1.86128e+06,1.26224e+09,301,3.25298e-05,0.000666696,0.0043333,1.03356e+09,2.23614e+08,0,3.32348e+09,3.32348e+09,1,0
2080,124800,descending,0.9975,11084,48674,34224,8137,128279,6259,532,93469,118943,1.95433e+06,1.37604e+09,361,8.28751e-06,0.000154128,0.00484587,1.03356e+09,2.23614e+08,0,3.32348e+09,3.32348e+09,1,0
2090,125400,cecum,1,7244,39397,19898,5820,97111,3731,265,67000,93623,1.534e+06,7.10327e+08,121,9.42517e-05,0.0025987,0.0024013,1.05936e+09,2.30581e+08,0,3.36118e+09,3.36118e+09,1,0
2090,125400,transverse,1,9711,45070,29533,7278,118818,5486,397,86115,111183,1.76816e+06,1.27297e+09,301,3.08167e-05,0.000627189,0.00437281,1.05936e+09,2.30581e+08,0,3.36118e+09,3.36118e+09,1,0
2090,125400,descending,1,11206,48193,34744,8233,129191,6360,534,95057,119652,1.97444e+06,1.37772e+09,361,7.67293e-06,0.000142387,0.00485761,1.05936e+09,2.30581e+08,0,3.36118e+09,3.36118e+09,1,0
2100,126000,cecum,1,6944,40043,20221,5898,98738,3793,272,68114,94760,1.48049e+06,7.35659e+08,121,9.21938e-05,0.00251307,0.00248693,1.08519e+09,2.37625e+08,0,3.39778e+09,3.39778e+09,1,0
2100,126000,transverse,1,10321,45507,29986,7385,120436,5580,405,87489,113151,1.88126e+06,1.28289e+09,301,2.91969e-05,0.000590338,0.00440966,1.08519e+09,2.37625e+08,0,3.39778e+09,3.39778e+09,1,0
2100,126000,descending,1,11104,48294,35259,8326,130326,6443,540,96261,120340,1.95266e+06,1.37908e+09,361,7.11069e-06,0.000131692,0.00486831,1.08519e+09,2.37625e+08,0,3.39778e+09,3.39778e+09,1,0
2110,126600,cecum,1,7121,39676,20534,5983,99329,3847,274,69209,95352,1.51751e+06,7.60943e+08,121,9.00919e-05,0.0024276,0.0025724,1.11104e+09,2.44743e+08,0,3.43329e+09,3.43329e+09,1,0
2110,126600,transverse,1,10368,45471,30448,7497,121656,5668,408,88942,114153,1.88863e+06,1.29203e+09,301,2.76666e-05,0.000555968,0.00444403,1.11104e+09,2.44743e+08,0,3.43329e+09,3.43329e+09,1,0
2110,126600,descending,1,11689,48568,35796,8399,131910,6529,542,97728,122129,2.05947e+06,1.38015e+09,361,6.59625e-06,0.000121945,0.00487806,1.11104e+09,2.44743e+08,0,3.43329e+09,3.43329e+09,1,0
2120,127200,cecum,1,7379,39001,20857,6075,99673,3906,279,70374,95777,1.57055e+06,7.86095e+08,121,8.79519e-05,0.00234258,0.00265742,1.1369e+09,2.51935e+08,0,3.46769e+09,3.46769e+09,1,0
2120,127200,transverse,0.995,10864,45196,30893,7606,122454,5748,408,90204,115191,1.97968e+06,1.30047e+09,301,2.62218e-05,0.000523905,0.00447609,1.1369e+09,2.51935e+08,0,3.46769e+09,3.46769e+09,1,0
2120,127200,descending,1,11089,49598,36307,8486,134276,6628,552,99240,123560,1.95074e+06,1.38097e+09,361,6.12541e-06,0.000113056,0.00488694,1.1369e+09,2.51935e+08,0,3.46769e+09,3.46769e+09,1,0
2130,127800,cecum,1,7385,39414,21191,6152,101040,3973,283,71468,96956,1.57422e+06,8.11026e+08,121,8.57802e-05,0.0022583,0.0027417,1.16279e+09,2.59197e+08,0,3.50098e+09,3.50098e+09,1,0
2130,127800,transverse,1,9808,46497,31401,7706,124817,5843,414,91455,116179,1.7848e+06,1.30824e+09,301,2.48583e-05,0.000493984,0.00450602,1.16279e+09,2.59197e+08,0,3.50098e+09,3.50098e+09,1,0
2130,127800,descending,1,11463,48523,36827,8599,134586,6714,555,100821,123920,2.01529e+06,1.38155e+09,361,5.69429e-06,0.000104943,0.00489506,1.16279e+09,2.59197e+08,0,3.50098e+09,3.50098e+09,1,0
2140,128400,cecum,0.9975,7507,39804,21484,6222,102433,4019,285,72585,98292,1.59447e+06,8.35651e+08,121,8.35843e-05,0.00217505,0.00282495,1.18867e+09,2.66526e+08,0,3.53314e+09,3.53314e+09,1,0
2140,128400,transverse,1,10129,48005,31868,7808,127464,5939,415,92791,118877,1.84522e+06,1.31539e+09,301,2.35717e-05,0.000466047,0.00453395,1.18867e+09,2.66526e+08,0,3.53314e+09,3.53314e+09,1,0
2140,128400,descending,1,11108,49006,37300,8706,136299,6825,559,102265,125019,1.95171e+06,1.38193e+09,361,5.29931e-06,9.7533e-05,0.00490247,1.18867e+09,2.66526e+08,0,3.53314e+09,3.53314e+09,1,0
2150,129000,cecum,0.9975,8640,39909,21828,6318,103470,4088,286,73681,100282,1.80674e+06,8.59884e+08,121,8.13722e-05,0.00209313,0.00290687,1.21457e+09,2.73922e+08,0,3.56414e+09,3.56414e+09,1,0
2150,129000,transverse,1,10811,48496,32317,7916,129112,6027,419,94140,120950,1.97144e+06,1.32198e+09,301,2.23577e-05,0.000439946,0.00456005,1.21457e+09,2.73922e+08,0,3.56414e+09,3.56414e+09,1,0
2150,129000,descending,1,12302,49153,37822,8789,137691,6909,565,103671,127244,2.17147e+06,1.38211e+09,361,4.9372e-06,9.07577e-05,0.00490924,1.21457e+09,2.73922e+08,0,3.56414e+09,3.56414e+09,1,0
2160,129600,cecum,0.9975,7813,41101,22183,6407,105561,4155,290,74732,101343,1.66247e+06,8.83645e+08,121,7.91522e-05,0.00201281,0.00298719,1.24046e+09,2.8138e+08,0,3.59398e+09,3.59398e+09,1,0
2160,129600,transverse,1,10541,49396,32788,8005,131366,6128,427,95676,122645,1.92151e+06,1.32803e+09,301,2.12122e-05,0.000415545,0.00458445,1.24046e+09,2.8138e+08,0,3.59398e+09,3.59398e+09,1,0
2160,129600,descending,1,11567,49714,38341,8889,139493,6990,571,105087,127967,2.03607e+06,1.38213e+09,361,4.60494e-06,8.45564e-05,0.00491544,1.24046e+09,2.8138e+08,0,3.59398e+09,3.59398e+09,1,0
2170,130200,cecum,1,7487,40673,22536,6492,106318,4217,296,76058,101562,1.60897e+06,9.06854e+08,121,7.69332e-05,0.00193435,0.00306565,1.26636e+09,2.88899e+08,0,3.62261e+09,3.62261e+09,1,0
2170,130200,transverse,1,9601,49821,33220,8096,132881,6217,427,96946,122968,1.74743e+06,1.3336e+09,301,2.01312e-05,0.000392718,0.00460728,1.26636e+09,2.88899e+08,0,3.62261e+09,3.62261e+09,1,0
2170,130200,descending,1,11005,49528,38904,8985,140422,7097,578,106398,127967,1.93094e+06,1.38199e+09,361,4.29982e-06,7.88742e-05,0.00492113,1.26636e+09,2.88899e+08,0,3.62261e+09,3.62261e+09,1,0
2180,130800,cecum,1,7870,40326,22897,6579,107056,4293,299,77303,102482,1.68588e+06,9.29437e+08,121,7.47245e-05,0.00185801,0.00314199,1.29225e+09,2.96477e+08,0,3.65003e+09,3.65003e+09,1,0
2180,130800,transverse,1,9556,49772,33652,8166,134284,6304,444,98538,124034,1.739e+06,1.33871e+09,301,1.9111e-05,0.00037135,0.00462865,1.29225e+09,2.96477e+08,0,3.65003e+09,3.65003e+09,1,0
2180,130800,descending,1,11175,49248,39433,9069,141345,7198,582,107782,128712,1.96199e+06,1.38171e+09,361,4.01934e-06,7.36615e-05,0.00492634,1.29225e+09,2.96477e+08,0,3.65003e+09,3.65003e+09,1,0
2190,131400,cecum,0.9975,8841,39961,23220,6680,107717,4352,299,78489,103951,1.87074e+06,9.51326e+08,121,7.25351e-05,0.00178402,0.00321598,1.31813e+09,3.0411e+08,0,3.67621e+09,3.67621e+09,1,0
2190,131400,transverse,1,9575,49419,34101,8256,135199,6395,451,99980,124693,1.74167e+06,1.3434e+09,301,1.81481e-05,0.000351337,0.00464866,1.31813e+09,3.0411e+08,0,3.67621e+09,3.67621e+09,1,0
2190,131400,descending,0.9975,12210,49791,39966,9171,143466,7303,595,109554,131529,2.15348e+06,1.38131e+09,361,3.76125e-06,6.88739e-05,0.00493113,1.31813e+09,3.0411e+08,0,3.67621e+09,3.67621e+09,1,0
2200,132000,cecum,1,8334,41172,23607,6792,110002,4427,300,79749,105528,1.76892e+06,9.7246e+08,121,7.03745e-05,0.00171257,0.00328743,1.344e+09,3.11796e+08,0,3.70112e+09,3.70112e+09,1,0
2200,132000,transverse,1,9782,49843,34576,8325,136713,6495,459,101231,126100,1.78016e+06,1.3477e+09,301,1.72394e-05,0.000332586,0.00466741,1.344e+09,3.11796e+08,0,3.70112e+09,3.70112e+09,1,0
2200,132000,descending,1,11617,49913,40471,9271,144823,7416,669,110928,131927,2.04123e+06,1.38079e+09,361,3.5235e-06,6.44712e-05,0.00493553,1.344e+09,3.11796e+08,0,3.70112e+09,3.70112e+09,1,0
2210,132600,cecum,1,7427,41306,23977,6873,111138,4495,308,80892,105528,1.6046e+06,9.9279e+08,121,6.82515e-05,0.00164385,0.00335615,1.36987e+09,3.19533e+08,0,3.72477e+09,3.72477e+09,1,0
2210,132600,transverse,1,10069,48709,35039,8420,136713,6577,460,102541,126100,1.8319e+06,1.35163e+09,301,1.63818e-05,0.000315012,0.00468499,1.36987e+09,3.19533e+08,0,3.72477e+09,3.72477e+09,1,0
2210,132600,descending,1,11155,49747,40987,9366,145979,7511,675,112434,132289,1.95529e+06,1.38018e+09,361,3.30425e-06,6.04174e-05,0.00493958,1.36987e+09,3.19533e+08,0,3.72477e+09,3.72477e+09,1,0
2220,133200,cecum,0.9975,8066,41737,24356,6951,112615,4573,312,82090,107417,1.72197e+06,1.01227e+09,121,6.61748e-05,0.001578,0.003422,1.39572e+09,3.27317e+08,0,3.74713e+09,3.74713e+09,1,0
2220,133200,transverse,0.9975,11440,49059,35526,8525,138493,6664,462,104161,128954,2.08557e+06,1.35522e+09,301,1.55728e-05,0.000298539,0.00470146,1.39572e+09,3.27317e+08,0,3.74713e+09,3.74713e+09,1,0
2220,133200,descending,1,11416,49521,41507,9451,147129,7628,678,114009,133379,2.00353e+06,1.37947e+09,361,3.10185e-06,5.66804e-05,0.00494332,1.39572e+09,3.27317e+08,0,3.74713e+09,3.74713e+09,1,0
2230,133800,cecum,0.9975,8866,42372,24755,7039,114180,4647,314,83180,109543,1.88025e+06,1.03086e+09,121,6.41523e-05,0.00151515,0.00348485,1.42155e+09,3.35146e+08,0,3.7682e+09,3.7682e+09,1,0
2230,133800,transverse,0.9975,11528,49535,36060,8646,140081,6743,466,105469,130292,2.10051e+06,1.35849e+09,301,1.48099e-05,0.000283098,0.0047169,1.42155e+09,3.35146e+08,0,3.7682e+09,3.7682e+09,1,0
2230,133800,descending,1,11170,50288,42037,9558,149119,7734,679,115444,134805,1.9587e+06,1.37868e+09,361,2.9148e-06,5.32314e-05,0.00494677,1.42155e+09,3.35146e+08,0,3.7682e+09,3.7682e+09,1,0
2240,134400,cecum,1,8232,44242,25174,7127,117192,4723,323,84477,111657,1.75976e+06,1.04854e+09,121,6.21915e-05,0.00145537,0.00354463,1.44737e+09,3.43018e+08,0,3.78799e+09,3.78799e+09,1,0
2240,134400,transverse,1,12326,51152,36556,8761,142786,6840,472,106763,133505,2.24852e+06,1.36146e+09,301,1.40909e-05,0.000268629,0.00473137,1.44737e+09,3.43018e+08,0,3.78799e+09,3.78799e+09,1,0
2240,134400,descending,1,11603,50993,42605,9641,151219,7842,683,117026,136957,2.04044e+06,1.37781e+09,361,2.74176e-06,5.00447e-05,0.00494996,1.44737e+09,3.43018e+08,0,3.78799e+09,3.78799e+09,1,0
2250,135000,cecum,0.9975,8057,43994,25545,7198,118150,4807,326,85835,112221,1.73066e+06,1.0653e+09,121,6.02989e-05,0.00139873,0.00360127,1.47318e+09,3.5093e+08,0,3.8065e+09,3.8065e+09,1,0
2250,135000,transverse,1,11252,52098,37065,8881,144877,6930,478,108112,134217,2.0492e+06,1.36415e+09,301,1.34137e-05,0.000255076,0.00474492,1.47318e+09,3.5093e+08,0,3.8065e+09,3.8065e+09,1,0
2250,135000,descending,1,10833,50880,43138,9720,152343,7950,691,118442,136957,1.89643e+06,1.37688e+09,361,2.58154e-06,4.70973e-05,0.0049529,1.47318e+09,3.5093e+08,0,3.8065e+09,3.8065e+09,1,0
2260,135600,cecum,1,8718,44398,25898,7286,119652,4876,329,87087,114185,1.85146e+06,1.08112e+09,121,5.848e-05,0.00134525,0.00365475,1.49896e+09,3.58878e+08,0,3.82376e+09,3.82376e+09,1,0
2260,135600,transverse,0.9975,11097,52580,37529,8972,146781,7014,480,109707,135675,2.02119e+06,1.36657e+09,301,1.27765e-05,0.000242387,0.00475761,1.49896e+09,3.58878e+08,0,3.82376e+09,3.82376e+09,1,0
2260,135600,descending,1,12994,50834,43720,9832,153374,8073,698,119747,139795,2.29474e+06,1.37588e+09,361,2.43305e-06,4.43687e-05,0.00495563,1.49896e+09,3.58878e+08,0,3.82376e+09,3.82376e+09,1,0
2270,136200,cecum,1,8569,44345,26289,7378,120591,4943,334,88233,114738,1.82935e+06,1.09601e+09,121,5.67396e-05,0.00129492,0.00370508,1.52473e+09,3.66861e+08,0,3.83978e+09,3.83978e+09,1,0
2270,136200,transverse,1,11619,52088,38032,9086,147309,7111,481,110937,136432,2.11707e+06,1.36875e+09,301,1.21775e-05,0.000230517,0.00476948,1.52473e+09,3.66861e+08,0,3.83978e+09,3.83978e+09,1,0
2270,136200,descending,1,12244,51842,44277,9954,155541,8180,708,121125,140874,2.15667e+06,1.37484e+09,361,2.29534e-06,4.18405e-05,0.00495816,1.52473e+09,3.66861e+08,0,3.83978e+09,3.83978e+09,1,0
2280,136800,cecum,1,9623,44094,26661,7476,121687,5016,343,89742,116678,2.03004e+06,1.10997e+09,121,5.5081e-05,0.00124772,0.00375228,1.55047e+09,3.74876e+08,0,3.85459e+09,3.85459e+09,1,0
2280,136800,transverse,1,11296,52056,38564,9196,148676,7220,482,112554,137162,2.05662e+06,1.3707e+09,301,1.16151e-05,0.000219422,0.00478058,1.55047e+09,3.74876e+08,0,3.85459e+09,3.85459e+09,1,0
2280,136800,descending,1,12622,50431,44844,10042,155541,8286,713,122725,140874,2.22142e+06,1.37374e+09,361,2.16754e-06,3.94963e-05,0.0049605,1.55047e+09,3.74876e+08,0,3.85459e+09,3.85459e+09,1,0
2290,137400,cecum,1,8467,45366,27077,7572,123953,5094,344,90909,117545,1.81728e+06,1.12302e+09,121,5.3507e-05,0.0012036,0.0037964,1.5762e+09,3.82921e+08,0,3.86822e+09,3.86822e+09,1,0
2290,137400,transverse,1,10503,52513,39066,9271,150539,7329,497,114129,137899,1.90977e+06,1.37243e+09,301,1.10877e-05,0.000209061,0.00479094,1.5762e+09,3.82921e+08,0,3.86822e+09,3.86822e+09,1,0
2290,137400,descending,1,12076,49952,45405,10153,156450,8379,719,124311,140874,2.11811e+06,1.37259e+09,361,2.04887e-06,3.73216e-05,0.00496268,1.5762e+09,3.82921e+08,0,3.86822e+09,3.86822e+09,1,0
2300,138000,cecum,1,8295,45200,27470,7662,124964,5160,359,92227,118132,1.79207e+06,1.13519e+09,121,5.20191e-05,0.00116247,0.00383753,1.6019e+09,3.90992e+08,0,3.88073e+09,3.88073e+09,1,0
2300,138000,transverse,1,10674,52996,39519,9349,152418,7394,499,115666,139637,1.9422e+06,1.37395e+09,301,1.05938e-05,0.000199396,0.0048006,1.6019e+09,3.90992e+08,0,3.88073e+09,3.88073e+09,1,0
2300,138000,descending,1,12147,49049,45961,10242,156761,8468,723,125699,140874,2.12601e+06,1.37141e+09,361,1.93864e-06,3.5303e-05,0.0049647,1.6019e+09,3.90992e+08,0,3.88073e+09,3.88073e+09,1,0
2310,138600,cecum,1,9026,45130,27874,7746,125948,5230,364,93430,119592,1.93866e+06,1.1465e+09,121,5.06178e-05,0.00112424,0.00387576,1.62758e+09,3.99089e+08,0,3.89214e+09,3.89214e+09,1,0
2310,138600,transverse,1,10578,53582,40002,9447,154593,7481,502,117437,141415,1.92469e+06,1.37528e+09,301,1.0132e-05,0.000190393,0.00480961,1.62758e+09,3.99089e+08,0,3.89214e+09,3.89214e+09,1,0
2310,138600,descending,1,13283,48323,46592,10345,157120,8603,729,127016,141970,2.33137e+06,1.37019e+09,361,1.83622e-06,3.3429e-05,0.00496657,1.62758e+09,3.99089e+08,0,3.89214e+09,3.89214e+09,1,0
2320,139200,cecum,1,9060,45658,28287,7849,127686,5303,365,94815,121126,1.9437e+06,1.15698e+09,121,4.93029e-05,0.00108882,0.00391118,1.65324e+09,4.07207e+08,0,3.90251e+09,3.90251e+09,1,0
2320,139200,transverse,1,11341,52654,40525,9534,154894,7582,508,118848,142138,2.06422e+06,1.37643e+09,301,9.70069e-06,0.000182015,0.00481798,1.65324e+09,4.07207e+08,0,3.90251e+09,3.90251e+09,1,0
2320,139200,descending,1,12746,48868,47172,10442,158727,8708,737,128272,142654,2.22999e+06,1.36893e+09,361,1.74104e-06,3.16887e-05,0.00496831,1.65324e+09,4.07207e+08,0,3.90251e+09,3.90251e+09,1,0
2330,139800,cecum,1,9913,45366,28668,7934,128502,5385,367,96088,122579,2.10466e+06,1.16666e+09,121,4.80733e-05,0.00105607,0.00394393,1.67887e+09,4.15347e+08,0,3.91189e+09,3.91189e+09,1,0
2330,139800,transverse,1,10365,52924,40974,9618,156529,7673,509,120387,142522,1.884e+06,1.3774e+09,301,9.29863e-06,0.00017423,0.00482577,1.67887e+09,4.15347e+08,0,3.91189e+09,3.91189e+09,1,0
2330,139800,descending,1,13116,49097,47761,10527,160119,8816,744,129621,144013,2.29778e+06,1.36764e+09,361,1.65259e-06,3.00725e-05,0.00496993,1.67887e+09,4.15347e+08,0,3.91189e+09,3.91189e+09,1,0
2340,140400,cecum,1,8961,46816,29064,8013,131177,5453,376,97451,124044,1.92408e+06,1.1756e+09,121,4.69272e-05,0.00102587,0.00397413,1.70448e+09,4.23505e+08,0,3.92033e+09,3.92033e+09,1,0
2340,140400,transverse,1,11323,52980,41420,9726,157953,7771,509,121961,144664,2.0619e+06,1.37822e+09,301,8.92438e-06,0.000167006,0.00483299,1.70448e+09,4.23505e+08,0,3.92033e+09,3.92033e+09,1,0
2340,140400,descending,1,13120,49432,48396,10613,161659,8922,756,131006,145102,2.29999e+06,1.36633e+09,361,1.57041e-06,2.85718e-05,0.00497143,1.70448e+09,4.23505e+08,0,3.92033e+09,3.92033e+09,1,0
2350,141000,cecum,0.9975,9560,47433,29496,8120,132964,5531,377,98805,126182,2.03475e+06,1.18382e+09,121,4.58621e-05,0.000998082,0.00400192,1.73006e+09,4.31679e+08,0,3.92788e+09,3.92788e+09,1,0
2350,141000,transverse,1,10508,52882,41920,9814,159098,7865,521,123374,144664,1.9102e+06,1.37889e+09,301,8.57659e-06,0.000160312,0.00483969,1.73006e+09,4.31679e+08,0,3.92788e+09,3.92788e+09,1,0
2350,141000,descending,1,13976,50627,49021,10709,164015,9046,762,132381,147903,2.46251e+06,1.36499e+09,361,1.49406e-06,2.71785e-05,0.00497282,1.73006e+09,4.31679e+08,0,3.92788e+09,3.92788e+09,1,0
2360,141600,cecum,1,8708,47987,29914,8207,134696,5615,379,100152,126813,1.87641e+06,1.19136e+09,121,4.48753e-05,0.000972571,0.00402743,1.75562e+09,4.39868e+08,0,3.9346e+09,3.9346e+09,1,0
2360,141600,transverse,1,10891,53107,42411,9887,160578,7948,524,124782,146189,1.98174e+06,1.37943e+09,301,8.25389e-06,0.000154117,0.00484588,1.75562e+09,4.39868e+08,0,3.9346e+09,3.9346e+09,1,0
2360,141600,descending,0.9975,12983,52698,49662,10838,167149,9155,770,133674,149633,2.28456e+06,1.36363e+09,361,1.42316e-06,2.58853e-05,0.00497411,1.75562e+09,4.39868e+08,0,3.9346e+09,3.9346e+09,1,0
2370,142200,cecum,0.9975,9798,48636,30341,8299,136618,5709,382,101608,129581,2.08114e+06,1.19828e+09,121,4.39635e-05,0.000949196,0.0040508,1.78115e+09,4.4807e+08,0,3.94054e+09,3.94054e+09,1,0
2370,142200,transverse,0.9975,11046,53419,42884,9972,162187,8039,531,126248,147649,2.00998e+06,1.37983e+09,301,7.95496e-06,0.000148392,0.00485161,1.78115e+09,4.4807e+08,0,3.94054e+09,3.94054e+09,1,0
2370,142200,descending,1,12891,53562,50274,10934,169389,9283,778,135266,151385,2.26706e+06,1.36225e+09,361,1.35735e-06,2.46855e-05,0.00497531,1.78115e+09,4.4807e+08,0,3.94054e+09,3.94054e+09,1,0
2380,142800,cecum,1,8874,49340,30793,8426,138403,5794,392,102891,130192,1.91157e+06,1.2046e+09,121,4.3123e-05,0.000927817,0.00407218,1.80666e+09,4.56284e+08,0,3.94575e+09,3.94575e+09,1,0
2380,142800,transverse,0.9975,10980,53759,43388,10074,163687,8133,537,127598,148769,1.99737e+06,1.38012e+09,301,7.67849e-06,0.00014311,0.00485689,1.80666e+09,4.56284e+08,0,3.94575e+09,3.94575e+09,1,0
2380,142800,descending,1,12822,53909,50856,11048,171253,9397,781,137008,152823,2.25156e+06,1.36085e+09,361,1.29629e-06,2.3573e-05,0.00497643,1.80666e+09,4.56284e+08,0,3.94575e+09,3.94575e+09,1,0
2390,143400,cecum,1,8783,49564,31177,8514,139695,5864,396,104113,131163,1.8929e+06,1.21038e+09,121,4.23501e-05,0.000908297,0.0040917,1.83214e+09,4.64507e+08,0,3.95029e+09,3.95029e+09,1,0
2390,143400,transverse,0.9975,10882,55289,43868,10175,166632,8235,541,129212,151335,1.9805e+06,1.38029e+09,301,7.42319e-06,0.000138243,0.00486176,1.83214e+09,4.64507e+08,0,3.95029e+09,3.95029e+09,1,0
2390,143400,descending,1,12494,54299,51465,11168,173059,9495,784,138639,153907,2.19081e+06,1.35943e+09,361,1.23967e-06,2.25419e-05,0.00497746,1.83214e+09,4.64507e+08,0,3.95029e+09,3.95029e+09,1,0
2400,144000,cecum,1,8986,49710,31563,8616,140939,5932,399,105378,132391,1.93143e+06,1.21564e+09,121,4.16409e-05,0.000890502,0.0041095,1.85759e+09,4.7274e+08,0,3.9542e+09,3.9542e+09,1,0
2400,144000,transverse,1,11084,55810,44342,10278,168513,8328,546,130763,153135,2.01799e+06,1.38036e+09,301,7.18781e-06,0.000133764,0.00486624,1.85759e+09,4.7274e+08,0,3.9542e+09,3.9542e+09,1,0
2400,144000,descending,1,12360,55122,51992,11255,175569,9590,793,140499,155929,2.16845e+06,1.358e+09,361,1.18721e-06,2.1587e-05,0.00497841,1.85759e+09,4.7274e+08,0,3.9542e+09,3.9542e+09,1,0
2410,144600,cecum,0.9975,9168,51058,31977,8711,143666,5996,405,106910,135039,1.96707e+06,1.22043e+09,121,4.09915e-05,0.000874304,0.0041257,1.88301e+09,4.8098e+08,0,3.95754e+09,3.95754e+09,1,0
2410,144600,transverse,1,11671,55288,44838,10380,169349,8411,550,132302,154243,2.12616e+06,1.38035e+09,301,6.97111e-06,0.000129648,0.00487035,1.88301e+09,4.8098e+08,0,3.95754e+09,3.95754e+09,1,0
2410,144600,descending,1,12240,55335,52626,11370,177145,9701,796,142085,156974,2.14345e+06,1.35656e+09,361,1.13863e-06,2.07032e-05,0.0049793,1.88301e+09,4.8098e+08,0,3.95754e+09,3.95754e+09,1,0
2420,145200,cecum,1,8729,51473,32381,8808,145292,6087,408,108306,136007,1.88321e+06,1.22479e+09,121,4.03979e-05,0.000859578,0.00414042,1.90841e+09,4.89226e+08,0,3.96034e+09,3.96034e+09,1,0
2420,145200,transverse,1,10976,54576,45374,10457,170408,8511,555,134245,154243,1.99606e+06,1.38024e+09,301,6.77191e-06,0.000125871,0.00487413,1.90841e+09,4.89226e+08,0,3.96034e+09,3.96034e+09,1,0
2420,145200,descending,1,12404,55273,53168,11465,178394,9802,798,143590,158039,2.1742e+06,1.35511e+09,361,1.0937e-06,1.98859e-05,0.00498011,1.90841e+09,4.89226e+08,0,3.96034e+09,3.96034e+09,1,0
2430,145800,cecum,1,9375,51739,32808,8908,146810,6174,413,109740,137926,2.00964e+06,1.22874e+09,121,3.98562e-05,0.000846208,0.00415379,1.93378e+09,4.97477e+08,0,3.96266e+09,3.96266e+09,1,0
2430,145800,transverse,1,11340,55561,45887,10561,172480,8623,558,135545,156379,2.06389e+06,1.38006e+09,301,6.58905e-06,0.000122409,0.00487759,1.93378e+09,4.97477e+08,0,3.96266e+09,3.96266e+09,1,0
2430,145800,descending,1,12089,56465,53737,11558,180825,9911,803,145026,159783,2.1207e+06,1.35366e+09,361,1.05216e-06,1.91308e-05,0.00498087,1.93378e+09,4.97477e+08,0,3.96266e+09,3.96266e+09,1,0
2440,146400,cecum,1,9174,53051,33236,8987,149483,6258,414,111263,140132,1.96453e+06,1.23233e+09,121,3.93627e-05,0.000834081,0.00416592,1.95913e+09,5.05733e+08,0,3.96453e+09,3.96453e+09,1,0
2440,146400,transverse,1,11396,56866,46352,10653,175157,8718,561,137101,158831,2.07517e+06,1.37981e+09,301,6.42142e-06,0.00011924,0.00488076,1.95913e+09,5.05733e+08,0,3.96453e+09,3.96453e+09,1,0
2440,146400,descending,1,12670,57360,54345,11651,183065,10018,809,146565,162190,2.23191e+06,1.35219e+09,361,1.01379e-06,1.84336e-05,0.00498157,1.95913e+09,5.05733e+08,0,3.96453e+09,3.96453e+09,1,0
2450,147000,cecum,1,8464,54140,33660,9085,152070,6345,414,112946,141770,1.81978e+06,1.23558e+09,121,3.89138e-05,0.000823094,0.00417691,1.98444e+09,5.13992e+08,0,3.966e+09,3.966e+09,1,0
2450,147000,transverse,1,10908,57427,46832,10756,176938,8808,563,138512,159835,1.98491e+06,1.3795e+09,301,6.26797e-06,0.000116343,0.00488366,1.98444e+09,5.13992e+08,0,3.966e+09,3.966e+09,1,0
2450,147000,descending,1,11338,57999,54885,11752,185472,10117,817,148525,162917,1.99e+06,1.35072e+09,361,9.78394e-07,1.77906e-05,0.00498221,1.98444e+09,5.13992e+08,0,3.966e+09,3.966e+09,1,0
2460,147600,cecum,1,8180,54310,34019,9169,153508,6415,415,114367,142718,1.76591e+06,1.23852e+09,121,3.85059e-05,0.000813148,0.00418685,2.00973e+09,5.22254e+08,0,3.96709e+09,3.96709e+09,1,0
2460,147600,transverse,1,10253,59608,47344,10838,180451,8909,570,140020,162357,1.86624e+06,1.37913e+09,301,6.12769e-06,0.000113698,0.0048863,2.00973e+09,5.22254e+08,0,3.96709e+09,3.96709e+09,1,0
2460,147600,descending,1,11333,57386,55420,11834,186173,10232,820,150033,163272,1.98567e+06,1.34924e+09,361,9.45765e-07,1.7198e-05,0.0049828,2.00973e+09,5.22254e+08,0,3.96709e+09,3.96709e+09,1,0
2470,148200,cecum,1,8166,54413,34375,9243,155047,6476,419,115934,144018,1.76354e+06,1.24118e+09,121,3.81357e-05,0.000804153,0.00419585,2.03499e+09,5.30518e+08,0,3.96786e+09,3.96786e+09,1,0
2470,148200,transverse,1,9818,60252,47849,10945,182642,9008,571,141772,163813,1.78609e+06,1.3787e+09,301,5.99959e-06,0.000111285,0.00488871,2.03499e+09,5.30518e+08,0,3.96786e+09,3.96786e+09,1,0
2470,148200,descending,1,11954,57950,55930,11909,188387,10329,824,151851,165765,2.10399e+06,1.34777e+09,361,9.15718e-07,1.66525e-05,0.00498335,2.03499e+09,5.30518e+08,0,3.96786e+09,3.96786e+09,1,0
2480,148800,cecum,1,8360,54680,34736,9339,156673,6552,447,117437,145621,1.80009e+06,1.24359e+09,121,3.78001e-05,0.000796024,0.00420398,2.06023e+09,5.38782e+08,0,3.96831e+09,3.96831e+09,1,0
2480,148800,transverse,1,9597,61530,48332,11039,185273,9093,574,143301,165916,1.74768e+06,1.37824e+09,301,5.88277e-06,0.000109087,0.00489091,2.06023e+09,5.38782e+08,0,3.96831e+09,3.96831e+09,1,0
2480,148800,descending,1,12175,57071,56476,12004,189150,10432,826,153689,166399,2.13997e+06,1.34629e+09,361,8.88077e-07,1.61509e-05,0.00498385,2.06023e+09,5.38782e+08,0,3.96831e+09,3.96831e+09,1,0
2490,149400,cecum,1,8216,55609,35084,9421,158999,6626,451,118986,147607,1.76701e+06,1.24576e+09,121,3.74962e-05,0.000788682,0.00421132,2.08543e+09,5.47048e+08,0,3.9685e+09,3.9685e+09,1,0
2490,149400,transverse,1,9663,62083,48767,11142,187531,9183,586,145187,167986,1.76022e+06,1.37773e+09,301,5.77637e-06,0.000107087,0.00489291,2.08543e+09,5.47048e+08,0,3.9685e+09,3.9685e+09,1,0
2490,149400,descending,1,12284,57728,57020,12082,191169,10536,832,155227,168159,2.15701e+06,1.34481e+09,361,8.62675e-07,1.569e-05,0.00498431,2.08543e+09,5.47048e+08,0,3.9685e+09,3.9685e+09,1,0
2500,150000,cecum,1,8593,55238,35459,9499,160148,6694,457,120646,148898,1.83634e+06,1.24772e+09,121,3.72213e-05,0.000782056,0.00421794,2.11061e+09,5.55314e+08,0,3.96843e+09,3.96843e+09,1,0
2500,150000,transverse,1,10408,61230,49239,11230,188792,9287,592,147487,169706,1.89775e+06,1.37718e+09,301,5.67956e-06,0.000105269,0.00489473,2.11061e+09,5.55314e+08,0,3.96843e+09,3.96843e+09,1,0
2500,150000,descending,1,12147,57107,57559,12165,191988,10642,836,156852,168487,2.12991e+06,1.34333e+09,361,8.39356e-07,1.52671e-05,0.00498473,2.11061e+09,5.55314e+08,0,3.96843e+09,3.96843e+09,1,0
2510,150600,cecum,1,8791,54706,35842,9573,161155,6765,461,122326,149861,1.88188e+06,1.24949e+09,121,3.69727e-05,0.000776079,0.00422392,2.13576e+09,5.63579e+08,0,3.96815e+09,3.96815e+09,1,0
2510,150600,transverse,1,10114,61290,49706,11320,190476,9354,600,149260,170778,1.8428e+06,1.37661e+09,301,5.59159e-06,0.000103617,0.00489638,2.13576e+09,5.63579e+08,0,3.96815e+09,3.96815e+09,1,0
2510,150600,descending,1,12198,57558,58101,12274,194081,10732,845,158684,170279,2.1427e+06,1.34185e+09,361,8.17973e-07,1.48794e-05,0.00498512,2.13576e+09,5.63579e+08,0,3.96815e+09,3.96815e+09,1,0
2520,151200,cecum,0.9975,9487,55426,36225,9664,163298,6839,466,123909,152477,2.01234e+06,1.25108e+09,121,3.67481e-05,0.00077069,0.00422931,2.16088e+09,5.71843e+08,0,3.96767e+09,3.96767e+09,1,0
2520,151200,transverse,1,10383,59738,50164,11419,190476,9450,606,151001,170778,1.89121e+06,1.37601e+09,301,5.51172e-06,0.00010212,0.00489788,2.16088e+09,5.71843e+08,0,3.96767e+09,3.96767e+09,1,0
2520,151200,descending,1,12346,56714,58639,12374,194942,10841,852,160591,170952,2.16928e+06,1.34037e+09,361,7.98386e-07,1.45243e-05,0.00498548,2.16088e+09,5.71843e+08,0,3.96767e+09,3.96767e+09,1,0
2530,151800,cecum,1,8534,55496,36626,9775,164782,6907,481,125487,152771,1.84231e+06,1.25252e+09,121,3.65454e-05,0.000765834,0.00423417,2.18598e+09,5.80106e+08,0,3.96701e+09,3.96701e+09,1,0
2530,151800,transverse,1,10418,61070,50599,11511,193187,9522,609,152541,173250,1.89824e+06,1.37538e+09,301,5.43931e-06,0.000100762,0.00489924,2.18598e+09,5.80106e+08,0,3.96701e+09,3.96701e+09,1,0
2530,151800,descending,1,12078,58317,59243,12476,198091,10965,856,162359,173451,2.1249e+06,1.3389e+09,361,7.80465e-07,1.41995e-05,0.0049858,2.18598e+09,5.80106e+08,0,3.96701e+09,3.96701e+09,1,0
2540,152400,cecum,1,9249,56313,37019,9850,166963,6986,482,127004,155427,1.97503e+06,1.25381e+09,121,3.63624e-05,0.00076146,0.00423854,2.21104e+09,5.88368e+08,0,3.96619e+09,3.96619e+09,1,0
2540,152400,transverse,1,9534,61049,51074,11592,194742,9606,614,154277,173606,1.73423e+06,1.37473e+09,301,5.37372e-06,9.95339e-05,0.00490047,2.21104e+09,5.88368e+08,0,3.96619e+09,3.96619e+09,1,0
2540,152400,descending,1,11587,58483,59759,12557,199565,11067,860,163846,174097,2.03329e+06,1.33743e+09,361,7.64088e-07,1.39028e-05,0.0049861,2.21104e+09,5.88368e+08,0,3.96619e+09,3.96619e+09,1,0
2550,153000,cecum,1,8640,56563,37429,9945,168778,7065,486,128739,156393,1.85758e+06,1.25498e+09,121,3.61975e-05,0.000757521,0.00424248,2.23608e+09,5.96628e+08,0,3.96523e+09,3.96523e+09,1,0
2550,153000,transverse,1,9891,61668,51546,11689,196831,9711,627,155936,175769,1.79998e+06,1.37407e+09,301,5.31437e-06,9.84229e-05,0.00490158,2.23608e+09,5.96628e+08,0,3.96523e+09,3.96523e+09,1,0
2550,153000,descending,1,11883,58447,60286,12674,201000,11164,862,165529,175513,2.09125e+06,1.33597e+09,361,7.49138e-07,1.36319e-05,0.00498637,2.23608e+09,5.96628e+08,0,3.96523e+09,3.96523e+09,1,0
2560,153600,cecum,0.9975,9204,57541,37796,10041,171162,7130,490,130302,159131,1.96557e+06,1.25603e+09,121,3.60488e-05,0.000753976,0.00424602,2.2611e+09,6.04885e+08,0,3.96414e+09,3.96414e+09,1,0
2560,153600,transverse,1,9456,60763,52002,11765,197566,9799,635,157732,175769,1.71864e+06,1.3734e+09,301,5.26072e-06,9.74193e-05,0.00490258,2.2611e+09,6.04885e+08,0,3.96414e+09,3.96414e+09,1,0
2560,153600,descending,1,11395,57604,60841,12756,201884,11288,909,167415,175513,1.999e+06,1.33451e+09,361,7.35508e-07,1.33851e-05,0.00498661,2.2611e+09,6.04885e+08,0,3.96414e+09,3.96414e+09,1,0
2570,154200,cecum,1,9047,59164,38222,10136,174536,7209,497,132220,162089,1.91938e+06,1.25697e+09,121,3.59149e-05,0.000750786,0.00424921,2.28608e+09,6.1314e+08,0,3.96295e+09,3.96295e+09,1,0
2570,154200,transverse,1,10201,60929,52437,11836,199216,9895,639,159379,177892,1.85705e+06,1.37271e+09,301,5.21229e-06,9.65135e-05,0.00490349,2.28608e+09,6.1314e+08,0,3.96295e+09,3.96295e+09,1,0
2570,154200,descending,1,12349,57030,61370,12844,202679,11388,921,168960,176909,2.17273e+06,1.33306e+09,361,7.23097e-07,1.31604e-05,0.00498684,2.28608e+09,6.1314e+08,0,3.96295e+09,3.96295e+09,1,0
2580,154800,cecum,1,8156,59436,38585,10214,176293,7272,498,133845,162732,1.76111e+06,1.25782e+09,121,3.57943e-05,0.000747917,0.00425208,2.31104e+09,6.21393e+08,0,3.96166e+09,3.96166e+09,1,0
2580,154800,transverse,1,11108,61271,52913,11925,201149,9964,657,161110,180396,2.02428e+06,1.37201e+09,301,5.16861e-06,9.5697e-05,0.0049043,2.31104e+09,6.21393e+08,0,3.96166e+09,3.96166e+09,1,0
2580,154800,descending,0.9975,11972,58734,61913,12926,205644,11492,932,170396,179129,2.10791e+06,1.33162e+09,361,7.1181e-07,1.2956e-05,0.00498704,2.31104e+09,6.21393e+08,0,3.96166e+09,3.96166e+09,1,0
2590,155400,cecum,1,9132,58571,38955,10311,176904,7336,502,135478,164106,1.95015e+06,1.25858e+09,121,3.56857e-05,0.000745336,0.00425466,2.33597e+09,6.29643e+08,0,3.96028e+09,3.96028e+09,1,0
2590,155400,transverse,1,10827,60492,53478,12022,201797,10072,664,162735,180396,1.9705e+06,1.37131e+09,301,5.12926e-06,9.49618e-05,0.00490504,2.33597e+09,6.29643e+08,0,3.96028e+09,3.96028e+09,1,0
2590,155400,descending,1,11056,59387,62466,13021,208038,11577,940,172309,180226,1.94157e+06,1.33018e+09,361,7.0156e-07,1.27705e-05,0.00498723,2.33597e+09,6.29643e+08,0,3.96028e+09,3.96028e+09,1,0
2600,156000,cecum,1,8949,57728,39349,10400,177643,7402,506,137211,164419,1.92427e+06,1.25927e+09,121,3.55879e-05,0.000743016,0.00425698,2.36087e+09,6.37889e+08,0,3.95884e+09,3.95884e+09,1,0
2600,156000,transverse,0.9975,10804,60177,53947,12103,202842,10142,666,164244,181098,1.96547e+06,1.3706e+09,301,5.09384e-06,9.43003e-05,0.0049057,2.36087e+09,6.37889e+08,0,3.95884e+09,3.95884e+09,1,0
2600,156000,descending,1,10878,59509,63005,13101,209664,11670,940,173986,181308,1.90938e+06,1.32875e+09,361,6.92263e-07,1.26023e-05,0.0049874,2.36087e+09,6.37889e+08,0,3.95884e+09,3.95884e+09,1,0
2610,156600,cecum,1,9513,57995,39769,10510,179240,7472,512,138715,166334,2.03272e+06,1.25989e+09,121,3.55e-05,0.00074093,0.00425907,2.38575e+09,6.46133e+08,0,3.95732e+09,3.95732e+09,1,0
2610,156600,transverse,1,11004,59370,54442,12192,203315,10237,669,165705,181457,2.00152e+06,1.36989e+09,301,5.06201e-06,9.3706e-05,0.00490629,2.38575e+09,6.46133e+08,0,3.95732e+09,3.95732e+09,1,0
2610,156600,descending,1,11022,59726,63503,13181,211214,11754,941,175482,182667,1.93852e+06,1.32733e+09,361,6.83844e-07,1.245e-05,0.00498755,2.38575e+09,6.46133e+08,0,3.95732e+09,3.95732e+09,1,0
2620,157200,cecum,1,8711,57400,40186,10588,180297,7559,515,140529,166334,1.87967e+06,1.26044e+09,121,3.54209e-05,0.000739055,0.00426095,2.4106e+09,6.54374e+08,0,3.95576e+09,3.95576e+09,1,0
2620,157200,transverse,1,11100,58681,54992,12300,204307,10327,674,167579,182188,2.01904e+06,1.36918e+09,301,5.03343e-06,9.31726e-05,0.00490683,2.4106e+09,6.54374e+08,0,3.95576e+09,3.95576e+09,1,0
2620,157200,descending,0.9975,11100,60630,64058,13285,213936,11847,952,177486,185098,1.95271e+06,1.32592e+09,361,6.76231e-07,1.23123e-05,0.00498769,2.4106e+09,6.54374e+08,0,3.95576e+09,3.95576e+09,1,0
2630,157800,cecum,0.9975,10365,57154,40582,10726,181478,7641,517,142174,168991,2.18804e+06,1.26094e+09,121,3.53498e-05,0.00073737,0.00426263,2.43543e+09,6.62611e+08,0,3.95415e+09,3.95415e+09,1,0
2630,157800,transverse,0.9975,12078,58419,55484,12389,205385,10422,676,169101,183934,2.19935e+06,1.36847e+09,301,5.0078e-06,9.26944e-05,0.00490731,2.43543e+09,6.62611e+08,0,3.95415e+09,3.95415e+09,1,0
2630,157800,descending,1,11519,60249,64534,13380,215223,11920,957,179317,186491,2.0285e+06,1.32452e+09,361,6.69359e-07,1.2188e-05,0.00498781,2.43543e+09,6.62611e+08,0,3.95415e+09,3.95415e+09,1,0
2640,158400,cecum,1,9601,57512,40990,10840,183470,7716,521,143993,169996,2.0495e+06,1.26139e+09,121,3.52859e-05,0.000735856,0.00426414,2.46022e+09,6.70845e+08,0,3.9525e+09,3.9525e+09,1,0
2640,158400,transverse,1,12330,58894,56010,12491,207564,10522,680,171003,186037,2.24606e+06,1.36776e+09,301,4.98485e-06,9.22664e-05,0.00490773,2.46022e+09,6.70845e+08,0,3.9525e+09,3.9525e+09,1,0
2640,158400,descending,1,11728,60218,65079,13481,216694,12011,969,180999,187806,2.06637e+06,1.32313e+09,361,6.63165e-07,1.2076e-05,0.00498792,2.46022e+09,6.70845e+08,0,3.9525e+09,3.9525e+09,1,0
2650,159000,cecum,0.9975,9538,57651,41395,10935,185045,7803,524,145608,171282,2.04355e+06,1.26179e+09,121,3.52284e-05,0.000734496,0.0042655,2.485e+09,6.79075e+08,0,3.95081e+09,3.95081e+09,1,0
2650,159000,transverse,1,12108,59245,56539,12587,209553,10601,684,172812,187446,2.20506e+06,1.36706e+09,301,4.96433e-06,9.18837e-05,0.00490812,2.485e+09,6.79075e+08,0,3.95081e+09,3.95081e+09,1,0
2650,159000,descending,1,11168,61346,65649,13567,219296,12127,969,182675,189480,1.96592e+06,1.32175e+09,361,6.57593e-07,1.19753e-05,0.00498802,2.485e+09,6.79075e+08,0,3.95081e+09,3.95081e+09,1,0
2660,159600,cecum,1,8239,58639,41782,11030,187527,7880,528,147270,172246,1.78847e+06,1.26215e+09,121,3.51768e-05,0.000733274,0.00426673,2.50974e+09,6.87302e+08,0,3.94911e+09,3.94911e+09,1,0
2660,159600,transverse,1,11576,59397,57044,12683,211083,10698,687,174380,188129,2.10654e+06,1.36636e+09,301,4.94601e-06,9.15421e-05,0.00490846,2.50974e+09,6.87302e+08,0,3.94911e+09,3.94911e+09,1,0
2660,159600,descending,1,10929,60892,66145,13657,220528,12228,970,184551,190167,1.92013e+06,1.32038e+09,361,6.5259e-07,1.18849e-05,0.00498812,2.50974e+09,6.87302e+08,0,3.94911e+09,3.94911e+09,1,0
2670,160200,cecum,1,9227,58644,42192,11109,189137,7963,536,149029,174588,1.9701e+06,1.26248e+09,121,3.51304e-05,0.000732177,0.00426782,2.53446e+09,6.95525e+08,0,3.94738e+09,3.94738e+09,1,0
2670,160200,transverse,1,11021,59233,57543,12773,212620,10792,687,176265,188796,2.00396e+06,1.36566e+09,301,4.92967e-06,9.12377e-05,0.00490876,2.53446e+09,6.95525e+08,0,3.94738e+09,3.94738e+09,1,0
2670,160200,descending,1,10820,61088,66669,13741,222052,12317,975,186047,191226,1.90118e+06,1.31903e+09,361,6.48109e-07,1.1804e-05,0.0049882,2.53446e+09,6.95525e+08,0,3.94738e+09,3.94738e+09,1,0
2680,160800,cecum,1,8437,58224,42623,11192,190192,8054,544,150670,174588,1.83213e+06,1.26277e+09,121,3.50887e-05,0.000731191,0.00426881,2.55916e+09,7.03745e+08,0,3.94563e+09,3.94563e+09,1,0
2680,160800,transverse,1,10909,58452,58074,12860,213413,10896,690,178027,189134,1.9828e+06,1.36497e+09,301,4.91513e-06,9.09668e-05,0.00490903,2.55916e+09,7.03745e+08,0,3.94563e+09,3.94563e+09,1,0
2680,160800,descending,1,11460,60703,67145,13826,223068,12416,979,187628,192586,2.01812e+06,1.31768e+09,361,6.44103e-07,1.17316e-05,0.00498827,2.55916e+09,7.03745e+08,0,3.94563e+09,3.94563e+09,1,0
2690,161400,cecum,1,9164,57911,43016,11257,191412,8108,547,152319,176258,1.96942e+06,1.26303e+09,121,3.50512e-05,0.000730306,0.00426969,2.58383e+09,7.1196e+08,0,3.94387e+09,3.94387e+09,1,0
2690,161400,transverse,1,12064,57780,58619,12959,214415,10988,697,179885,190930,2.19564e+06,1.36428e+09,301,4.90222e-06,9.07262e-05,0.00490927,2.58383e+09,7.1196e+08,0,3.94387e+09,3.94387e+09,1,0
2690,161400,descending,1,11391,59693,67739,13935,223506,12542,989,189301,192586,2.00153e+06,1.31634e+09,361,6.40532e-07,1.16671e-05,0.00498833,2.58383e+09,7.1196e+08,0,3.94387e+09,3.94387e+09,1,0
2700,162000,cecum,0.9975,8758,57416,43386,11341,192349,8182,548,153908,176576,1.90246e+06,1.26327e+09,121,3.50176e-05,0.000729511,0.00427049,2.60848e+09,7.20173e+08,0,3.9421e+09,3.9421e+09,1,0
2700,162000,transverse,1,10670,58891,59192,13043,216909,11087,700,181448,191637,1.93866e+06,1.36361e+09,301,4.89077e-06,9.0513e-05,0.00490949,2.60848e+09,7.20173e+08,0,3.9421e+09,3.9421e+09,1,0
2700,162000,descending,1,11343,58678,68274,14036,223891,12641,991,190899,192586,1.98942e+06,1.31502e+09,361,6.37358e-07,1.16098e-05,0.00498839,2.60848e+09,7.20173e+08,0,3.9421e+09,3.9421e+09,1,0
2710,162600,cecum,1,9249,57165,43831,11436,193742,8262,556,155719,178182,2.00297e+06,1.26348e+09,121,3.49874e-05,0.000728798,0.0042712,2.6331e+09,7.28381e+08,0,3.94033e+09,3.94033e+09,1,0
2710,162600,transverse,1,12245,57919,59739,13143,217491,11199,703,183211,193456,2.2289e+06,1.36293e+09,301,4.88064e-06,9.03245e-05,0.00490968,2.6331e+09,7.28381e+08,0,3.94033e+09,3.94033e+09,1,0
2710,162600,descending,1,12061,59161,68830,14123,225858,12750,995,192575,194907,2.12546e+06,1.31371e+09,361,6.34545e-07,1.15591e-05,0.00498844,2.6331e+09,7.28381e+08,0,3.94033e+09,3.94033e+09,1,0
2720,163200,cecum,1,10242,56595,44284,11526,194655,8356,558,157384,179817,2.1991e+06,1.26367e+09,121,3.49602e-05,0.000728157,0.00427184,2.65769e+09,7.36586e+08,0,3.93856e+09,3.93856e+09,1,0
2720,163200,transverse,1,12366,57455,60277,13256,218424,11309,707,184827,194191,2.25083e+06,1.36227e+09,301,4.8717e-06,9.01583e-05,0.00490984,2.65769e+09,7.36586e+08,0,3.93856e+09,3.93856e+09,1,0
2720,163200,descending,1,11151,59479,69336,14220,227793,12864,1002,194396,195630,1.95742e+06,1.31241e+09,361,6.32061e-07,1.15143e-05,0.00498849,2.65769e+09,7.36586e+08,0,3.93856e+09,3.93856e+09,1,0
2730,163800,cecum,1,9187,56561,44715,11620,195979,8441,575,158904,179817,2.00183e+06,1.26384e+09,121,3.49358e-05,0.000727582,0.00427242,2.68227e+09,7.44787e+08,0,3.93679e+09,3.93679e+09,1,0
2730,163800,transverse,0.9975,12320,57602,60891,13345,220244,11430,709,186708,195559,2.24144e+06,1.36162e+09,301,4.86384e-06,9.00121e-05,0.00490999,2.68227e+09,7.44787e+08,0,3.93679e+09,3.93679e+09,1,0
2730,163800,descending,1,11859,60086,69885,14326,229760,12978,1012,195966,197966,2.08758e+06,1.31112e+09,361,6.29877e-07,1.14749e-05,0.00498853,2.68227e+09,7.44787e+08,0,3.93679e+09,3.93679e+09,1,0
2740,164400,cecum,1,9934,56766,45107,11701,197432,8521,582,160306,181779,2.14559e+06,1.26399e+09,121,3.4914e-05,0.000727065,0.00427293,2.70681e+09,7.52985e+08,0,3.93502e+09,3.93502e+09,1,0
2740,164400,transverse,1,12122,57843,61474,13471,222189,11537,711,188643,196954,2.20522e+06,1.36097e+09,301,4.85695e-06,8.98839e-05,0.00491012,2.70681e+09,7.52985e+08,0,3.93502e+09,3.93502e+09,1,0
2740,164400,descending,0.9975,11519,61319,70467,14433,232206,13096,1016,197400,199711,2.02649e+06,1.30985e+09,361,6.27965e-07,1.14405e-05,0.00498856,2.70681e+09,7.52985e+08,0,3.93502e+09,3.93502e+09,1,0
2750,165000,cecum,0.9975,9153,57342,45536,11796,199442,8616,587,161925,182764,1.98818e+06,1.26413e+09,121,3.48943e-05,0.000726601,0.0042734,2.73134e+09,7.61178e+08,0,3.93326e+09,3.93326e+09,1,0
2750,165000,transverse,1,11713,58062,62023,13561,223701,11626,715,190111,197683,2.1292e+06,1.36034e+09,301,4.85093e-06,8.9772e-05,0.00491023,2.73134e+09,7.61178e+08,0,3.93326e+09,3.93326e+09,1,0
2750,165000,descending,1,10803,62642,70958,14507,234985,13172,1019,199003,201430,1.89857e+06,1.30858e+09,361,6.26301e-07,1.14105e-05,0.00498859,2.73134e+09,7.61178e+08,0,3.93326e+09,3.93326e+09,1,0
2760,165600,cecum,1,9866,56547,45957,11902,200285,8679,597,163722,184058,2.12812e+06,1.26426e+09,121,3.48767e-05,0.000726185,0.00427381,2.75584e+09,7.69369e+08,0,3.93151e+09,3.93151e+09,1,0
2760,165600,transverse,1,11866,57393,62589,13676,224896,11735,721,192193,198683,2.15686e+06,1.35971e+09,301,4.84569e-06,8.96747e-05,0.00491033,2.75584e+09,7.69369e+08,0,3.93151e+09,3.93151e+09,1,0
2760,165600,descending,1,11105,62915,71490,14607,236740,13278,1024,200686,203156,1.95603e+06,1.30733e+09,361,6.24862e-07,1.13846e-05,0.00498862,2.75584e+09,7.69369e+08,0,3.93151e+09,3.93151e+09,1,0
2770,166200,cecum,1,9835,56812,46428,11982,201933,8774,603,165274,185373,2.12109e+06,1.26437e+09,121,3.48608e-05,0.000725812,0.00427419,2.78032e+09,7.77555e+08,0,3.92976e+09,3.92976e+09,1,0
2770,166200,transverse,1,11904,57581,63136,13785,226562,11848,725,193889,200058,2.16411e+06,1.35909e+09,301,4.84115e-06,8.95904e-05,0.00491041,2.78032e+09,7.77555e+08,0,3.92976e+09,3.92976e+09,1,0
2770,166200,descending,0.9975,10710,62630,71960,14704,238144,13360,1036,202542,203862,1.88458e+06,1.3061e+09,361,6.23626e-07,1.13624e-05,0.00498864,2.78032e+09,7.77555e+08,0,3.92976e+09,3.92976e+09,1,0
2780,166800,cecum,1,9599,57377,46823,12095,204315,8845,614,167264,187297,2.06859e+06,1.26447e+09,121,3.48466e-05,0.000725476,0.00427452,2.80477e+09,7.85738e+08,0,3.92803e+09,3.92803e+09,1,0
2780,166800,transverse,1,11764,57848,63672,13865,228169,11977,730,195433,201193,2.13892e+06,1.35848e+09,301,4.83724e-06,8.9518e-05,0.00491048,2.80477e+09,7.85738e+08,0,3.92803e+09,3.92803e+09,1,0
2780,166800,descending,1,11223,62001,72493,14801,239295,13472,1042,204525,205196,1.9805e+06,1.30487e+09,361,6.22575e-07,1.13435e-05,0.00498866,2.80477e+09,7.85738e+08,0,3.92803e+09,3.92803e+09,1,0
2790,167400,cecum,0.9975,9714,57691,47257,12192,206195,8909,627,168978,189006,2.09706e+06,1.26455e+09,121,3.48338e-05,0.000725175,0.00427482,2.8292e+09,7.93917e+08,0,3.92631e+09,3.92631e+09,1,0
2790,167400,transverse,1,12859,57721,64241,13971,229550,12075,733,197142,203301,2.34101e+06,1.35788e+09,301,4.8339e-06,8.9456e-05,0.00491054,2.8292e+09,7.93917e+08,0,3.92631e+09,3.92631e+09,1,0
2790,167400,descending,0.9975,10721,62592,72972,14903,241764,13569,1046,206598,206879,1.88974e+06,1.30366e+09,361,6.21691e-07,1.13276e-05,0.00498867,2.8292e+09,7.93917e+08,0,3.92631e+09,3.92631e+09,1,0
2800,168000,cecum,0.9975,10067,57759,47700,12290,207706,8985,635,170587,190593,2.16999e+06,1.26463e+09,121,3.48224e-05,0.000724905,0.00427509,2.85361e+09,8.02093e+08,0,3.9246e+09,3.9246e+09,1,0
2800,168000,transverse,1,12509,57283,64823,14069,230300,12162,736,198512,203301,2.27429e+06,1.35729e+09,301,4.83107e-06,8.94036e-05,0.0049106,2.85361e+09,8.02093e+08,0,3.9246e+09,3.9246e+09,1,0
2800,168000,descending,1,10376,62087,73485,14984,242824,13654,1051,208324,207242,1.82297e+06,1.30246e+09,361,6.20959e-07,1.13145e-05,0.00498869,2.85361e+09,8.02093e+08,0,3.9246e+09,3.9246e+09,1,0
2810,168600,cecum,1,9714,59065,48159,12391,210355,9073,639,172115,192615,2.10732e+06,1.26471e+09,121,3.48121e-05,0.000724663,0.00427534,2.878e+09,8.10265e+08,0,3.92291e+09,3.92291e+09,1,0
2810,168600,transverse,1,11948,57555,65395,14163,231999,12269,742,200134,204062,2.17095e+06,1.35672e+09,301,4.82869e-06,8.93596e-05,0.00491064,2.878e+09,8.10265e+08,0,3.92291e+09,3.92291e+09,1,0
2810,168600,descending,1,10692,60893,73978,15058,243496,13743,1055,210349,207896,1.87986e+06,1.30128e+09,361,6.20362e-07,1.13039e-05,0.0049887,2.878e+09,8.10265e+08,0,3.92291e+09,3.92291e+09,1,0
2820,169200,cecum,1,9588,60479,48600,12485,213061,9146,644,173569,194916,2.06777e+06,1.26477e+09,121,3.48029e-05,0.000724445,0.00427555,2.90236e+09,8.18434e+08,0,3.92123e+09,3.92123e+09,1,0
2820,169200,transverse,1,12192,57566,65928,14277,233812,12368,747,202144,205794,2.21576e+06,1.35615e+09,301,4.82672e-06,8.93231e-05,0.00491068,2.90236e+09,8.18434e+08,0,3.92123e+09,3.92123e+09,1,0
2820,169200,descending,1,10526,61346,74494,15145,245734,13820,1065,212288,209606,1.85369e+06,1.3001e+09,361,6.19889e-07,1.12954e-05,0.0049887,2.90236e+09,8.18434e+08,0,3.92123e+09,3.92123e+09,1,0
2830,169800,cecum,0.9975,10030,60991,49046,12590,215189,9225,650,175363,197218,2.14646e+06,1.26483e+09,121,3.47946e-05,0.00072425,0.00427575,2.9267e+09,8.26599e+08,0,3.91957e+09,3.91957e+09,1,0
2830,169800,transverse,0.9975,12429,56182,66478,14367,234282,12482,751,204198,206151,2.25885e+06,1.35559e+09,301,4.82511e-06,8.92934e-05,0.00491071,2.9267e+09,8.26599e+08,0,3.91957e+09,3.91957e+09,1,0
2830,169800,descending,0.9975,10144,61247,74973,15238,247059,13907,1068,213889,210247,1.78232e+06,1.29895e+09,361,6.19527e-07,1.1289e-05,0.00498871,2.9267e+09,8.26599e+08,0,3.91957e+09,3.91957e+09,1,0
2840,170400,cecum,1,9528,61056,49505,12697,216950,9311,658,177244,198203,2.05463e+06,1.26488e+09,121,3.47872e-05,0.000724075,0.00427593,2.95103e+09,8.3476e+08,0,3.91792e+09,3.91792e+09,1,0
2840,170400,transverse,1,12700,55961,67072,14476,235467,12587,756,205813,207222,2.30828e+06,1.35504e+09,301,4.82382e-06,8.92698e-05,0.00491073,2.95103e+09,8.3476e+08,0,3.91792e+09,3.91792e+09,1,0
2840,170400,descending,1,10899,60837,75507,15332,248036,14025,1077,215479,211648,1.92042e+06,1.2978e+09,361,6.19265e-07,1.12844e-05,0.00498872,2.95103e+09,8.3476e+08,0,3.91792e+09,3.91792e+09,1,0
2850,171000,cecum,0.9975,9714,60376,49929,12779,217663,9399,660,178805,198846,2.0979e+06,1.26493e+09,121,3.47805e-05,0.000723917,0.00427608,2.97533e+09,8.42919e+08,0,3.9163e+09,3.9163e+09,1,0
2850,171000,transverse,1,13057,56311,67694,14567,236976,12694,761,207165,208659,2.37436e+06,1.3545e+09,301,4.82282e-06,8.92515e-05,0.00491075,2.97533e+09,8.42919e+08,0,3.9163e+09,3.9163e+09,1,0
2850,171000,descending,1,10667,61988,76026,15429,250614,14128,1084,217099,213668,1.87731e+06,1.29666e+09,361,6.19093e-07,1.12814e-05,0.00498872,2.97533e+09,8.42919e+08,0,3.9163e+09,3.9163e+09,1,0
2860,171600,cecum,1,9761,60147,50375,12890,218841,9488,669,180403,199816,2.11215e+06,1.26497e+09,121,3.47745e-05,0.000723776,0.00427622,2.9996e+09,8.51074e+08,0,3.91469e+09,3.91469e+09,1,0
2860,171600,transverse,1,12506,55967,68289,14659,237899,12833,769,208655,208659,2.27174e+06,1.35397e+09,301,4.82208e-06,8.9238e-05,0.00491076,2.9996e+09,8.51074e+08,0,3.91469e+09,3.91469e+09,1,0
2860,171600,descending,0.9975,10793,62358,76485,15520,252508,14215,1119,218766,215372,1.90631e+06,1.29554e+09,361,6.19002e-07,1.12799e-05,0.00498872,2.9996e+09,8.51074e+08,0,3.91469e+09,3.91469e+09,1,0
2870,172200,cecum,1,9049,59548,50804,12974,219833,9555,671,182143,199816,1.98574e+06,1.26501e+09,121,3.47691e-05,0.000723649,0.00427635,3.02386e+09,8.59225e+08,0,3.9131e+09,3.9131e+09,1,0
2870,172200,transverse,1,13362,55911,68855,14770,239135,12955,785,210164,210402,2.42979e+06,1.35345e+09,301,4.82157e-06,8.92287e-05,0.00491077,3.02386e+09,8.59225e+08,0,3.9131e+09,3.9131e+09,1,0
2870,172200,descending,1,10225,62871,76912,15618,254655,14286,1120,220568,216692,1.80247e+06,1.29443e+09,361,6.18984e-07,1.12797e-05,0.00498872,3.02386e+09,8.59225e+08,0,3.9131e+09,3.9131e+09,1,0
2880,172800,cecum,1,10000,59558,51247,13075,221461,9633,680,183931,202122,2.15643e+06,1.26504e+09,121,3.47643e-05,0.000723536,0.00427646,3.0481e+09,8.67374e+08,0,3.91153e+09,3.91153e+09,1,0
2880,172800,transverse,1,13007,56196,69498,14880,240951,13083,796,211922,211447,2.3624e+06,1.35293e+09,301,4.82126e-06,8.92233e-05,0.00491078,3.0481e+09,8.67374e+08,0,3.91153e+09,3.91153e+09,1,0
2880,172800,descending,1,10513,63234,77379,15695,256700,14373,1127,222407,218715,1.85463e+06,1.29334e+09,361,6.1903e-07,1.12806e-05,0.00498872,3.0481e+09,8.67374e+08,0,3.91153e+09,3.91153e+09,1,0
2890,173400,cecum,0.995,8641,60229,51681,13154,223664,9704,691,185602,202671,1.89038e+06,1.26599e+08,121,3.73941e-05,0.000794703,0.0042053,3.0527e+09,8.68921e+08,3.52004e+09,3.91302e+08,3.91302e+08,1,0
2890,173400,transverse,0.995,12290,56838,70100,14941,243105,13196,799,213605,212453,2.23126e+06,1.35263e+08,301,5.34304e-06,0.000100356,0.00489964,3.0527e+09,8.68921e+08,3.52004e+09,3.91302e+08,3.91302e+08,1,0
2890,173400,descending,0.99,9723,63441,77873,15785,258113,14463,1135,223785,219016,1.70562e+06,1.29229e+08,361,6.86047e-07,1.2667e-05,0.00498733,3.0527e+09,8.68921e+08,3.52004e+09,3.91302e+08,3.91302e+08,1,0
2900,174000,cecum,0.995,8522,60199,52059,13214,225300,9780,699,187396,203938,1.86752e+06,1.26934e+08,121,4.05138e-05,0.000871451,0.00412855,3.05512e+09,8.69736e+08,3.52004e+09,3.91569e+08,3.91569e+08,1,0
2900,174000,transverse,0.9975,12804,55791,70692,15019,243577,13290,813,215282,213005,2.32453e+06,1.35292e+08,301,6.04813e-06,0.000113837,0.00488616,3.05512e+09,8.69736e+08,3.52004e+09,3.91569e+08,3.91569e+08,1,0
2900,174000,descending,0.9975,9423,63164,78323,15852,259507,14544,1140,225599,219803,1.65152e+06,1.29133e+08,361,7.80083e-07,1.44077e-05,0.00498559,3.05512e+09,8.69736e+08,3.52004e+09,3.91569e+08,3.91569e+08,1,0
2910,174600,cecum,0.99,8290,59299,52474,13297,226228,9864,711,189379,204374,1.83457e+06,1.27502e+08,121,4.34592e-05,0.000945809,0.00405419,3.05754e+09,8.70552e+08,3.52004e+09,3.92146e+08,3.92146e+08,1,0
2910,174600,transverse,0.9925,12355,55484,71317,15125,244917,13417,819,217156,213498,2.2414e+06,1.35389e+08,301,6.80662e-06,0.0001284,0.0048716,3.05754e+09,8.70552e+08,3.52004e+09,3.92146e+08,3.92146e+08,1,0
2910,174600,descending,0.9975,9795,62387,78768,15934,260195,14631,1144,227229,220583,1.71966e+06,1.29048e+08,361,8.86342e-07,1.63747e-05,0.00498363,3.05754e+09,8.70552e+08,3.52004e+09,3.92146e+08,3.92146e+08,1,0
2920,175200,cecum,0.99,8501,59532,52867,13370,227835,9948,715,190906,205952,1.86373e+06,1.28291e+08,121,4.62429e-05,0.00101784,0.00398216,3.05996e+09,8.71369e+08,3.52004e+09,3.93033e+08,3.93033e+08,1,0
2920,175200,transverse,0.9925,12350,55594,71934,15213,246410,13529,822,218736,214566,2.24116e+06,1.35559e+08,301,7.61307e-06,0.000143959,0.00485604,3.05996e+09,8.71369e+08,3.52004e+09,3.93033e+08,3.93033e+08,1,0
2920,175200,descending,0.9925,10240,61963,79248,16013,261401,14721,1148,229024,221919,1.80079e+06,1.28975e+08,361,1.00555e-06,1.85817e-05,0.00498142,3.05996e+09,8.71369e+08,3.52004e+09,3.93033e+08,3.93033e+08,1,0
2930,175800,cecum,0.995,8814,58591,53296,13460,228467,10029,715,192650,206639,1.92865e+06,1.29296e+08,121,4.88761e-05,0.00108761,0.00391239,3.06237e+09,8.72189e+08,3.52004e+09,3.94231e+08,3.94231e+08,1,0
2930,175800,transverse,0.995,12343,55528,72531,15278,247818,13636,825,220379,215539,2.24013e+06,1.3581e+08,301,8.46234e-06,0.000160432,0.00483957,3.06237e+09,8.72189e+08,3.52004e+09,3.94231e+08,3.94231e+08,1,0
2930,175800,descending,0.99,9870,61963,79702,16107,262976,14807,1150,230777,222848,1.73212e+06,1.28918e+08,361,1.13831e-06,2.104e-05,0.00497896,3.06237e+09,8.72189e+08,3.52004e+09,3.94231e+08,3.94231e+08,1,0
2940,176400,cecum,0.9925,8248,58742,53686,13524,230499,10100,718,194663,207847,1.80866e+06,1.30507e+08,121,5.13688e-05,0.00115517,0.00384483,3.06479e+09,8.73011e+08,3.52004e+09,3.9574e+08,3.9574e+08,1,0
2940,176400,transverse,0.9975,12044,55312,73119,15366,249296,13759,833,222276,216333,2.18555e+06,1.3615e+08,301,9.34954e-06,0.000177741,0.00482226,3.06479e+09,8.73011e+08,3.52004e+09,3.9574e+08,3.9574e+08,1,0
2940,176400,descending,0.9925,9643,61927,80147,16186,264898,14909,1155,232911,224274,1.69268e+06,1.28878e+08,361,1.28509e-06,2.37589e-05,0.00497624,3.06479e+09,8.73011e+08,3.52004e+09,3.9574e+08,3.9574e+08,1,0
2950,177000,cecum,0.995,8172,58482,54058,13588,231742,10166,725,196289,208765,1.79014e+06,1.31922e+08,121,5.373e-05,0.00122057,0.00377943,3.0672e+09,8.73837e+08,3.52004e+09,3.97565e+08,3.97565e+08,1,0
2950,177000,transverse,0.995,12320,54754,73667,15439,250162,13865,839,223873,217100,2.23577e+06,1.36582e+08,301,1.027e-05,0.000195811,0.00480419,3.0672e+09,8.73837e+08,3.52004e+09,3.97565e+08,3.97565e+08,1,0
2950,177000,descending,0.9925,9908,61581,80592,16261,265843,14986,1159,234350,225187,1.74031e+06,1.28857e+08,361,1.44628e-06,2.6746e-05,0.00497325,3.0672e+09,8.73837e+08,3.52004e+09,3.97565e+08,3.97565e+08,1,0
2960,177600,cecum,0.9975,7849,58918,54436,13664,233642,10239,740,197887,210098,1.71887e+06,1.33534e+08,121,5.59677e-05,0.00128385,0.00371615,3.06961e+09,8.74667e+08,3.52004e+09,3.9971e+08,3.9971e+08,1,0
2960,177600,transverse,0.995,12605,54843,74234,15512,251419,13981,850,225219,218253,2.28857e+06,1.37111e+08,301,1.12194e-05,0.000214571,0.00478543,3.06961e+09,8.74667e+08,3.52004e+09,3.9971e+08,3.9971e+08,1,0
2960,177600,descending,0.99,9492,61733,81083,16338,267487,15083,1160,236015,226097,1.66568e+06,1.28859e+08,361,1.62213e-06,3.00069e-05,0.00496999,3.06961e+09,8.74667e+08,3.52004e+09,3.9971e+08,3.9971e+08,1,0
2970,178200,cecum,0.995,7891,58176,54795,13742,234573,10300,745,199694,210846,1.73474e+06,1.35344e+08,121,5.80894e-05,0.00134505,0.00365495,3.07203e+09,8.75502e+08,3.52004e+09,4.02179e+08,4.02179e+08,1,0
2970,178200,transverse,1,12535,55383,74838,15608,253063,14104,853,226539,219439,2.27562e+06,1.37744e+08,301,1.21935e-05,0.000233951,0.00476605,3.07203e+09,8.75502e+08,3.52004e+09,4.02179e+08,4.02179e+08,1,0
2970,178200,descending,0.9925,9768,61649,81500,16418,268803,15146,1165,237553,227410,1.71681e+06,1.28886e+08,361,1.81282e-06,3.35456e-05,0.00496645,3.07203e+09,8.75502e+08,3.52004e+09,4.02179e+08,4.02179e+08,1,0
2980,178800,cecum,0.995,7987,57635,55159,13795,235528,10377,751,201314,211657,1.74752e+06,1.37348e+08,121,6.01017e-05,0.0014042,0.0035958,3.07444e+09,8.76342e+08,3.52004e+09,4.04978e+08,4.04978e+08,1,0
2980,178800,transverse,0.995,12257,55324,75424,15680,254253,14218,857,227970,219947,2.22429e+06,1.38486e+08,301,1.31884e-05,0.000253885,0.00474612,3.07444e+09,8.76342e+08,3.52004e+09,4.04978e+08,4.04978e+08,1,0
2980,178800,descending,0.995,9905,61074,81989,16499,269917,15224,1176,239390,228320,1.74105e+06,1.28941e+08,361,2.01843e-06,3.73647e-05,0.00496264,3.07444e+09,8.76342e+08,3.52004e+09,4.04978e+08,4.04978e+08,1,0
2990,179400,cecum,0.9975,7853,57387,55519,13858,236552,10457,754,202726,212327,1.71806e+06,1.39544e+08,121,6.20104e-05,0.00146134,0.00353866,3.07686e+09,8.77189e+08,3.52004e+09,4.08113e+08,4.08113e+08,1,0
2990,179400,transverse,0.9975,12762,54718,76044,15762,255085,14341,864,229606,220862,2.31651e+06,1.3934e+08,301,1.42003e-05,0.000274308,0.00472569,3.07686e+09,8.77189e+08,3.52004e+09,4.08113e+08,4.08113e+08,1,0
2990,179400,descending,0.9875,9519,61708,82448,16572,272213,15311,1181,241207,229926,1.67213e+06,1.29025e+08,361,2.23895e-06,4.14651e-05,0.00495853,3.07686e+09,8.77189e+08,3.52004e+09,4.08113e+08,4.08113e+08,1,0
3000,180000,cecum,0.9925,8072,57467,55878,13944,237953,10532,759,204203,213744,1.75643e+06,1.41933e+08,121,6.38212e-05,0.0015165,0.0034835,3.07928e+09,8.78043e+08,3.52004e+09,4.11592e+08,4.11592e+08,1,0
3000,180000,transverse,0.9975,13043,54108,76701,15853,255940,14465,871,231279,221549,2.36806e+06,1.40312e+08,301,1.52257e-05,0.000295159,0.00470484,3.07928e+09,8.78043e+08,3.52004e+09,4.11592e+08,4.11592e+08,1,0
3000,180000,descending,0.9925,9323,61899,82857,16635,274002,15401,1192,242947,231252,1.63867e+06,1.29142e+08,361,2.4743e-06,4.58465e-05,0.00495415,3.07928e+09,8.78043e+08,3.52004e+09,4.11592e+08,4.11592e+08,1,0
3010,180600,cecum,0.995,7365,57862,56206,14021,240134,10595,765,206123,215024,1.60349e+06,1.44516e+08,121,6.55389e-05,0.0015697,0.0034303,3.0817e+09,8.78904e+08,3.52004e+09,4.1542e+08,4.1542e+08,1,0
3010,180600,transverse,0.995,13122,53738,77295,15936,256948,14587,876,232857,222242,2.38184e+06,1.41405e+08,301,1.62612e-05,0.000316377,0.00468362,3.0817e+09,8.78904e+08,3.52004e+09,4.1542e+08,4.1542e+08,1,0
3010,180600,descending,0.995,9231,61192,83279,16717,275209,15495,1192,245037,232121,1.62094e+06,1.29296e+08,361,2.72431e-06,5.05072e-05,0.00494949,3.0817e+09,8.78904e+08,3.52004e+09,4.1542e+08,4.1542e+08,1,0
3020,181200,cecum,0.9975,7185,58072,56549,14084,241699,10672,775,207608,216196,1.56606e+06,1.47294e+08,121,6.7168e-05,0.00162096,0.00337904,3.08412e+09,8.79773e+08,3.52004e+09,4.19608e+08,4.19608e+08,1,0
3020,181200,transverse,1,13014,53889,77907,16021,258279,14723,876,234258,223074,2.36231e+06,1.42624e+08,301,1.73037e-05,0.000337904,0.0046621,3.08412e+09,8.79773e+08,3.52004e+09,4.19608e+08,4.19608e+08,1,0
3020,181200,descending,0.9925,9480,60891,83698,16784,276395,15579,1201,246666,233279,1.66917e+06,1.29488e+08,361,2.98877e-06,5.54445e-05,0.00494456,3.08412e+09,8.79773e+08,3.52004e+09,4.19608e+08,4.19608e+08,1,0
3030,181800,cecum,1,7556,56799,56917,14137,241967,10748,775,209278,216596,1.64415e+06,1.50268e+08,121,6.87128e-05,0.00167032,0.00332968,3.08655e+09,8.80652e+08,3.52004e+09,4.24162e+08,4.24162e+08,1,0
3030,181800,transverse,0.995,12560,54171,78479,16118,260063,14820,880,235950,224022,2.27825e+06,1.43973e+08,301,1.83502e-05,0.000359682,0.00464032,3.08655e+09,8.80652e+08,3.52004e+09,4.24162e+08,4.24162e+08,1,0
3030,181800,descending,0.9925,8869,61052,84103,16858,278353,15661,1276,248544,234302,1.55777e+06,1.29721e+08,361,3.26737e-06,6.06542e-05,0.00493935,3.08655e+09,8.80652e+08,3.52004e+09,4.24162e+08,4.24162e+08,1,0
3040,182400,cecum,0.9975,7253,56934,57259,14196,243514,10814,775,210815,217623,1.58417e+06,1.53439e+08,121,7.0177e-05,0.00171777,0.00328223,3.08898e+09,8.81541e+08,3.52004e+09,4.29094e+08,4.29094e+08,1,0
3040,182400,transverse,0.99,12433,54201,79039,16193,261504,14947,881,237562,224977,2.25578e+06,1.45457e+08,301,1.93977e-05,0.000381657,0.00461834,3.08898e+09,8.81541e+08,3.52004e+09,4.29094e+08,4.29094e+08,1,0
3040,182400,descending,0.9975,8666,61149,84493,16936,280037,15733,1283,250274,235536,1.52153e+06,1.29997e+08,361,3.55976e-06,6.61314e-05,0.00493387,3.08898e+09,8.81541e+08,3.52004e+09,4.29094e+08,4.29094e+08,1,0
3050,183000,cecum,0.9975,7539,56078,57632,14260,244383,10889,776,212678,218543,1.63958e+06,1.56811e+08,121,7.15639e-05,0.00176336,0.00323664,3.09142e+09,8.8244e+08,3.52004e+09,4.34411e+08,4.34411e+08,1,0
3050,183000,transverse,0.9925,12853,54086,79638,16283,262581,15067,884,238961,226082,2.33273e+06,1.47079e+08,301,2.04438e-05,0.000403774,0.00459623,3.09142e+09,8.8244e+08,3.52004e+09,4.34411e+08,4.34411e+08,1,0
3050,183000,descending,0.995,9133,60213,84907,17016,280665,15816,1333,251951,236330,1.6064e+06,1.30322e+08,361,3.86553e-06,7.18698e-05,0.00492813,3.09142e+09,8.8244e+08,3.52004e+09,4.34411e+08,4.34411e+08,1,0
3060,183600,cecum,0.9925,7457,55913,57986,14322,245745,10950,785,214319,219583,1.62482e+06,1.60387e+08,121,7.28769e-05,0.00180707,0.00319293,3.09386e+09,8.83351e+08,3.52004e+09,4.40125e+08,4.40125e+08,1,0
3060,183600,transverse,0.9975,13116,54287,80276,16395,263869,15174,890,240261,227208,2.38136e+06,1.48843e+08,301,2.14856e-05,0.000425979,0.00457402,3.09386e+09,8.83351e+08,3.52004e+09,4.40125e+08,4.40125e+08,1,0
3060,183600,descending,0.995,8679,60226,85324,17102,282246,15880,1344,253658,237179,1.52396e+06,1.30695e+08,361,4.1842e-06,7.78623e-05,0.00492214,3.09386e+09,8.83351e+08,3.52004e+09,4.40125e+08,4.40125e+08,1,0
3070,184200,cecum,0.9975,7943,54660,58372,14381,246011,11043,796,215979,220090,1.72411e+06,1.6417e+08,121,7.41186e-05,0.00184894,0.00315106,3.09632e+09,8.84274e+08,3.52004e+09,4.46246e+08,4.46246e+08,1,0
3070,184200,transverse,0.995,13014,54498,80897,16482,265355,15302,895,241746,228181,2.36272e+06,1.50756e+08,301,2.2521e-05,0.000448222,0.00455178,3.09632e+09,8.84274e+08,3.52004e+09,4.46246e+08,4.46246e+08,1,0
3070,184200,descending,0.995,8460,60281,85710,17159,284021,15940,1344,255495,238466,1.48552e+06,1.31122e+08,361,4.51526e-06,8.41009e-05,0.0049159,3.09632e+09,8.84274e+08,3.52004e+09,4.46246e+08,4.46246e+08,1,0
3080,184800,cecum,1,7377,55494,58727,14457,248201,11109,798,217475,221499,1.60066e+06,1.68162e+08,121,7.52919e-05,0.00188897,0.00311103,3.09878e+09,8.8521e+08,3.52004e+09,4.52786e+08,4.52786e+08,1,0
3080,184800,transverse,0.995,13018,54331,81509,16569,266426,15424,896,243192,228852,2.36379e+06,1.52821e+08,301,2.35475e-05,0.00047045,0.00452955,3.09878e+09,8.8521e+08,3.52004e+09,4.52786e+08,4.52786e+08,1,0
3080,184800,descending,0.995,8276,60267,86090,17223,285351,15996,1348,256955,239348,1.45207e+06,1.31604e+08,361,4.85814e-06,9.05764e-05,0.00490942,3.09878e+09,8.8521e+08,3.52004e+09,4.52786e+08,4.52786e+08,1,0
3090,185400,cecum,1,7106,55413,59073,14517,249605,11178,800,219087,222413,1.55574e+06,1.7237e+08,121,7.6399e-05,0.00192717,0.00307283,3.10125e+09,8.86161e+08,3.52004e+09,4.59754e+08,4.59754e+08,1,0
3090,185400,transverse,0.9925,12662,54575,82101,16668,268300,15540,905,245028,229984,2.29846e+06,1.55042e+08,301,2.45629e-05,0.000492614,0.00450739,3.10125e+09,8.86161e+08,3.52004e+09,4.59754e+08,4.59754e+08,1,0
3090,185400,descending,0.995,8562,59598,86451,17309,286594,16062,1351,259016,240665,1.50368e+06,1.32145e+08,361,5.21224e-06,9.72792e-05,0.00490272,3.10125e+09,8.86161e+08,3.52004e+09,4.59754e+08,4.59754e+08,1,0
3100,186000,cecum,0.9975,7796,54359,59378,14599,250127,11246,824,220789,223446,1.68836e+06,1.76797e+08,121,7.74423e-05,0.00196355,0.00303645,3.10373e+09,8.87126e+08,3.52004e+09,4.67165e+08,4.67165e+08,1,0
3100,186000,transverse,0.9975,12940,54263,82729,16765,269263,15646,910,246501,230795,2.34895e+06,1.57423e+08,301,2.55653e-05,0.000514665,0.00448534,3.10373e+09,8.87126e+08,3.52004e+09,4.67165e+08,4.67165e+08,1,0
3100,186000,descending,0.995,8585,59456,86853,17386,287939,16138,1357,260650,241778,1.5107e+06,1.32747e+08,361,5.57689e-06,0.000104198,0.0048958,3.10373e+09,8.87126e+08,3.52004e+09,4.67165e+08,4.67165e+08,1,0
3110,186600,cecum,0.995,8148,53425,59773,14689,250714,11313,832,222459,224139,1.76204e+06,1.81448e+08,121,7.84236e-05,0.00199811,0.00300189,3.10622e+09,8.88108e+08,3.52004e+09,4.75029e+08,4.75029e+08,1,0
3110,186600,transverse,0.9975,13200,54396,83318,16844,270675,15768,916,247975,232073,2.3972e+06,1.59971e+08,301,2.65527e-05,0.000536554,0.00446345,3.10622e+09,8.88108e+08,3.52004e+09,4.75029e+08,4.75029e+08,1,0
3110,186600,descending,0.995,8228,59562,87229,17449,289640,16206,1364,262369,242870,1.44623e+06,1.33414e+08,361,5.95141e-06,0.000111322,0.00488868,3.10622e+09,8.88108e+08,3.52004e+09,4.75029e+08,4.75029e+08,1,0
3120,187200,cecum,1,7991,52711,60112,14767,251428,11374,860,223998,224468,1.73855e+06,1.86327e+08,121,7.93449e-05,0.00203087,0.00296913,3.10873e+09,8.89106e+08,3.52004e+09,4.8336e+08,4.8336e+08,1,0
3120,187200,transverse,1,13665,53530,83972,16941,271142,15874,921,249506,232549,2.48189e+06,1.62689e+08,301,2.75231e-05,0.000558233,0.00444177,3.10873e+09,8.89106e+08,3.52004e+09,4.8336e+08,4.8336e+08,1,0
3120,187200,descending,0.995,8776,58473,87613,17508,290140,16303,1369,264109,243685,1.54472e+06,1.34149e+08,361,6.33506e-06,0.000118639,0.00488136,3.10873e+09,8.89106e+08,3.52004e+09,4.8336e+08,4.8336e+08,1,0
3130,187800,cecum,0.995,8114,52659,60503,14832,252984,11455,863,225749,225899,1.75787e+06,1.91438e+08,121,8.02078e-05,0.00206182,0.00293818,3.11125e+09,8.90123e+08,3.52004e+09,4.92171e+08,4.92171e+08,1,0
3130,187800,transverse,0.9975,12629,54786,84624,17031,273775,15987,928,251079,233690,2.2925e+06,1.65583e+08,301,2.84749e-05,0.000579655,0.00442035,3.11125e+09,8.90123e+08,3.52004e+09,4.92171e+08,4.92171e+08,1,0
3130,187800,descending,1,8538,57973,88007,17579,291226,16374,1371,265835,244279,1.49869e+06,1.34955e+08,361,6.72709e-06,0.000126135,0.00487386,3.11125e+09,8.90123e+08,3.52004e+09,4.92171e+08,4.92171e+08,1,0
3140,188400,cecum,0.995,8167,52822,60840,14907,254665,11519,869,227400,227429,1.76389e+06,1.96788e+08,121,8.10139e-05,0.00209097,0.00290903,3.11378e+09,8.91158e+08,3.52004e+09,5.01474e+08,5.01474e+08,1,0
3140,188400,transverse,0.9975,12965,54143,85230,17117,274349,16112,928,252507,234205,2.35314e+06,1.68658e+08,301,2.94062e-05,0.000600774,0.00439923,3.11378e+09,8.91158e+08,3.52004e+09,5.01474e+08,5.01474e+08,1,0
3140,188400,descending,0.9975,8122,58471,88415,17651,293207,16453,1372,267468,245586,1.42609e+06,1.35834e+08,361,7.12671e-06,0.000133797,0.0048662,3.11378e+09,8.91158e+08,3.52004e+09,5.01474e+08,5.01474e+08,1,0
3150,189000,cecum,0.9975,8363,52358,61211,14996,255544,11585,874,228893,228283,1.80901e+06,2.02381e+08,121,8.17645e-05,0.00211833,0.00288167,3.11634e+09,8.92213e+08,3.52004e+09,5.11284e+08,5.11284e+08,1,0
3150,189000,transverse,0.995,13057,54615,85785,17210,276087,16227,937,253972,235679,2.37089e+06,1.71918e+08,301,3.03156e-05,0.000621544,0.00437846,3.11634e+09,8.92213e+08,3.52004e+09,5.11284e+08,5.11284e+08,1,0
3150,189000,descending,0.995,8260,58074,88739,17695,294583,16511,1375,269340,246875,1.45259e+06,1.36791e+08,361,7.53308e-06,0.00014161,0.00485839,3.11634e+09,8.92213e+08,3.52004e+09,5.11284e+08,5.11284e+08,1,0
3160,189600,cecum,0.9975,8659,51587,61594,15066,256142,11665,876,230410,228942,1.87219e+06,2.08224e+08,121,8.2461e-05,0.00214389,0.00285611,3.11891e+09,8.93289e+08,3.52004e+09,5.21615e+08,5.21615e+08,1,0
3160,189600,transverse,0.9975,13484,53833,86433,17314,276778,16367,944,255682,236386,2.44835e+06,1.7537e+08,301,3.12014e-05,0.00064192,0.00435808,3.11891e+09,8.93289e+08,3.52004e+09,5.21615e+08,5.21615e+08,1,0
3160,189600,descending,0.995,8321,57898,89155,17763,295736,16573,1386,270788,247792,1.46518e+06,1.37827e+08,361,7.94536e-06,0.00014956,0.00485044,3.11891e+09,8.93289e+08,3.52004e+09,5.21615e+08,5.21615e+08,1,0
3170,190200,cecum,1,8752,50818,61995,15142,256783,11734,879,231962,229417,1.90039e+06,2.14322e+08,121,8.31044e-05,0.00216765,0.00283235,3.1215e+09,8.94387e+08,3.52004e+09,5.32481e+08,5.32481e+08,1,0
3170,190200,transverse,0.9975,12688,54439,87032,17391,278711,16486,946,257203,237118,2.30246e+06,1.79018e+08,301,3.20621e-05,0.000661857,0.00433814,3.1215e+09,8.94387e+08,3.52004e+09,5.32481e+08,5.32481e+08,1,0
3170,190200,descending,0.9925,7892,57915,89502,17835,297320,16640,1390,272490,248735,1.38801e+06,1.38948e+08,361,8.36267e-06,0.000157629,0.00484237,3.1215e+09,8.94387e+08,3.52004e+09,5.32481e+08,5.32481e+08,1,0
3180,190800,cecum,0.9975,8945,50732,62392,15216,257802,11805,890,233201,230366,1.93476e+06,2.20679e+08,121,8.36957e-05,0.00218962,0.00281038,3.12411e+09,8.95509e+08,3.52004e+09,5.43895e+08,5.43895e+08,1,0
3180,190800,transverse,0.9975,13162,54031,87620,17493,279941,16595,949,259049,238442,2.39083e+06,1.82869e+08,301,3.28964e-05,0.000681311,0.00431869,3.12411e+09,8.95509e+08,3.52004e+09,5.43895e+08,5.43895e+08,1,0
3180,190800,descending,0.9975,7978,57965,89868,17905,298753,16719,1399,274013,250028,1.40447e+06,1.40155e+08,361,8.78412e-06,0.000165803,0.0048342,3.12411e+09,8.95509e+08,3.52004e+09,5.43895e+08,5.43895e+08,1,0
3190,191400,cecum,1,8637,50542,62783,15297,258898,11881,900,234634,230910,1.87881e+06,2.27301e+08,121,8.4236e-05,0.0022098,0.0027902,3.12675e+09,8.96655e+08,3.52004e+09,5.55873e+08,5.55873e+08,1,0
3190,191400,transverse,0.995,12739,54114,88247,17567,281308,16714,965,260510,238936,2.31303e+06,1.86927e+08,301,3.37029e-05,0.000700238,0.00429976,3.12675e+09,8.96655e+08,3.52004e+09,5.55873e+08,5.55873e+08,1,0
3190,191400,descending,0.99,7621,57891,90258,17967,299964,16798,1402,275436,250630,1.34088e+06,1.41453e+08,361,9.20878e-06,0.000174063,0.00482594,3.12675e+09,8.96655e+08,3.52004e+09,5.55873e+08,5.55873e+08,1,0
3200,192000,cecum,1,8628,51415,63190,15365,260976,11954,904,235976,232709,1.87099e+06,2.34193e+08,121,8.47261e-05,0.00222819,0.00277181,3.12941e+09,8.97826e+08,3.52004e+09,5.68428e+08,5.68428e+08,1,0
3200,192000,transverse,0.995,13249,53975,88839,17651,282423,16837,974,261962,240167,2.40697e+06,1.91197e+08,301,3.44803e-05,0.000718597,0.0042814,3.12941e+09,8.97826e+08,3.52004e+09,5.68428e+08,5.68428e+08,1,0
3200,192000,descending,0.995,7905,57350,90651,18022,301165,16888,1411,277314,251858,1.39454e+06,1.42845e+08,361,9.63571e-06,0.000182392,0.00481761,3.12941e+09,8.97826e+08,3.52004e+09,5.68428e+08,5.68428e+08,1,0
3210,192600,cecum,0.9975,9033,50980,63599,15464,261700,12027,905,237306,233600,1.94771e+06,2.41362e+08,121,8.51667e-05,0.00224478,0.00275522,3.1321e+09,8.99025e+08,3.52004e+09,5.81575e+08,5.81575e+08,1,0
3210,192600,transverse,0.9975,12914,54488,89440,17749,284054,16966,979,263302,241084,2.34439e+06,1.95687e+08,301,3.52273e-05,0.000736345,0.00426365,3.1321e+09,8.99025e+08,3.52004e+09,5.81575e+08,5.81575e+08,1,0
3210,192600,descending,1,7612,57243,91008,18079,302540,16955,1415,278916,252703,1.33969e+06,1.44334e+08,361,1.0064e-05,0.000190772,0.00480923,3.1321e+09,8.99025e+08,3.52004e+09,5.81575e+08,5.81575e+08,1,0
3220,193200,cecum,0.9975,8595,50673,64016,15555,262665,12104,908,238743,233875,1.87258e+06,2.48813e+08,121,8.55585e-05,0.00225958,0.00274042,3.13482e+09,9.00251e+08,3.52004e+09,5.95329e+08,5.95329e+08,1,0
3220,193200,transverse,0.9925,12721,54905,90049,17844,285810,17098,980,264867,242264,2.31016e+06,2.00401e+08,301,3.59428e-05,0.000753441,0.00424656,3.13482e+09,9.00251e+08,3.52004e+09,5.95329e+08,5.95329e+08,1,0
3220,193200,descending,0.9925,7690,56738,91350,18151,303658,17013,1418,280666,253684,1.35429e+06,1.45924e+08,361,1.04926e-05,0.000199184,0.00480082,3.13482e+09,9.00251e+08,3.52004e+09,5.95329e+08,5.95329e+08,1,0
3230,193800,cecum,0.995,8471,51259,64419,15631,264591,12173,911,240225,235416,1.84356e+06,2.56549e+08,121,8.59021e-05,0.00227259,0.00272741,3.13757e+09,9.01507e+08,3.52004e+09,6.09704e+08,6.09704e+08,1,0
3230,193800,transverse,1,12715,55117,90629,17925,287117,17220,980,266165,243188,2.30817e+06,2.05346e+08,301,3.66256e-05,0.000769845,0.00423016,3.13757e+09,9.01507e+08,3.52004e+09,6.09704e+08,6.09704e+08,1,0
3230,193800,descending,0.995,8190,56002,91718,18220,304916,17068,1427,282775,255189,1.44746e+06,1.47617e+08,361,1.09205e-05,0.000207609,0.00479239,3.13757e+09,9.01507e+08,3.52004e+09,6.09704e+08,6.09704e+08,1,0
3240,194400,cecum,0.995,8379,51527,64799,15704,266292,12242,915,241796,236783,1.82163e+06,2.64576e+08,121,8.6198e-05,0.0022838,0.0027162,3.14035e+09,9.02793e+08,3.52004e+09,6.24713e+08,6.24713e+08,1,0
3240,194400,transverse,0.995,12100,55621,91223,18012,288811,17332,986,267548,243866,2.19542e+06,2.10526e+08,301,3.72745e-05,0.000785516,0.00421448,3.14035e+09,9.02793e+08,3.52004e+09,6.24713e+08,6.24713e+08,1,0
3240,194400,descending,0.9975,8132,56017,92073,18303,306474,17144,1428,284476,256492,1.43639e+06,1.49419e+08,361,1.13469e-05,0.000216027,0.00478397,3.14035e+09,9.02793e+08,3.52004e+09,6.24713e+08,6.24713e+08,1,0
3250,195000,cecum,0.9975,8342,51526,65225,15807,267455,12319,921,243134,237657,1.8215e+06,2.72898e+08,121,8.64467e-05,0.00229323,0.00270677,3.14317e+09,9.04112e+08,3.52004e+09,6.4037e+08,6.4037e+08,1,0
3250,195000,transverse,0.9975,12702,55362,91811,18093,290098,17439,993,269275,245348,2.30653e+06,2.15948e+08,301,3.78886e-05,0.000800416,0.00419958,3.14317e+09,9.04112e+08,3.52004e+09,6.4037e+08,6.4037e+08,1,0
3250,195000,descending,0.995,8128,55776,92405,18381,307612,17200,1438,285979,257418,1.434e+06,1.51332e+08,361,1.17706e-05,0.000224417,0.00477558,3.14317e+09,9.04112e+08,3.52004e+09,6.4037e+08,6.4037e+08,1,0
3260,195600,cecum,0.995,8440,51895,65627,15875,269087,12403,926,244544,239132,1.83162e+06,2.8152e+08,121,8.66487e-05,0.00230087,0.00269913,3.14602e+09,9.05463e+08,3.52004e+09,6.56689e+08,6.56689e+08,1,0
3260,195600,transverse,0.995,12389,55540,92371,18176,291698,17548,995,270887,246265,2.24871e+06,2.21617e+08,301,3.84667e-05,0.000814509,0.00418549,3.14602e+09,9.05463e+08,3.52004e+09,6.56689e+08,6.56689e+08,1,0
3260,195600,descending,1,8529,54738,92776,18465,307909,17264,1439,287461,257892,1.50495e+06,1.53361e+08,361,1.21906e-05,0.00023276,0.00476724,3.14602e+09,9.05463e+08,3.52004e+09,6.56689e+08,6.56689e+08,1,0
3270,196200,cecum,0.9975,8243,51592,66027,15962,270185,12487,931,246111,239799,1.80307e+06,2.90445e+08,121,8.68043e-05,0.00230673,0.00269327,3.14891e+09,9.0685e+08,3.52004e+09,6.73681e+08,6.73681e+08,1,0
3270,196200,transverse,0.9975,12820,56093,92966,18267,293495,17667,1001,272335,248102,2.32888e+06,2.27537e+08,301,3.9008e-05,0.000827756,0.00417224,3.14891e+09,9.0685e+08,3.52004e+09,6.73681e+08,6.73681e+08,1,0
3270,196200,descending,0.995,8172,55213,93131,18532,309856,17328,1443,289060,259254,1.44e+06,1.55507e+08,361,1.2606e-05,0.000241035,0.00475897,3.14891e+09,9.0685e+08,3.52004e+09,6.73681e+08,6.73681e+08,1,0
3280,196800,cecum,1,8398,51114,66397,16036,271018,12554,943,247551,240546,1.8305e+06,2.99677e+08,121,8.69139e-05,0.00231081,0.00268919,3.15185e+09,9.08273e+08,3.52004e+09,6.91361e+08,6.91361e+08,1,0
3280,196800,transverse,0.9975,12367,56228,93559,18342,294917,17793,1011,273813,248669,2.24524e+06,2.33715e+08,301,3.95115e-05,0.000840125,0.00415988,3.15185e+09,9.08273e+08,3.52004e+09,6.91361e+08,6.91361e+08,1,0
3280,196800,descending,1,8244,54331,93509,18605,310608,17392,1509,290765,259771,1.45247e+06,1.57778e+08,361,1.30156e-05,0.000249219,0.00475078,3.15185e+09,9.08273e+08,3.52004e+09,6.91361e+08,6.91361e+08,1,0
3290,197400,cecum,0.9975,8465,50263,66750,16112,271570,12622,948,249093,240951,1.85019e+06,3.09218e+08,121,8.69778e-05,0.00231312,0.00268688,3.15483e+09,9.09733e+08,3.52004e+09,7.09738e+08,7.09738e+08,1,0
3290,197400,transverse,1,12097,56825,94105,18415,296735,17900,1014,275211,249848,2.19635e+06,2.40155e+08,301,3.99763e-05,0.000851579,0.00414842,3.15483e+09,9.09733e+08,3.52004e+09,7.09738e+08,7.09738e+08,1,0
3290,197400,descending,0.9925,8051,54864,93873,18671,312405,17454,1518,292148,261130,1.4189e+06,1.60174e+08,361,1.34186e-05,0.000257292,0.00474271,3.15483e+09,9.09733e+08,3.52004e+09,7.09738e+08,7.09738e+08,1,0
3300,198000,cecum,0.9975,8057,51490,67125,16192,273933,12687,958,250364,242666,1.75465e+06,3.19069e+08,121,8.69963e-05,0.00231366,0.00268634,3.15785e+09,9.11232e+08,3.52004e+09,7.28823e+08,7.28823e+08,1,0
3300,198000,transverse,0.9975,12206,56260,94626,18494,297853,18009,1017,277079,250739,2.21693e+06,2.46862e+08,301,4.04016e-05,0.000862089,0.00413791,3.15785e+09,9.11232e+08,3.52004e+09,7.28823e+08,7.28823e+08,1,0
3300,198000,descending,0.995,8613,54090,94281,18765,313002,17519,1530,293666,262028,1.52094e+06,1.627e+08,361,1.38138e-05,0.000265231,0.00473477,3.15785e+09,9.11232e+08,3.52004e+09,7.28823e+08,7.28823e+08,1,0
3310,198600,cecum,1,7914,51021,67521,16249,275008,12768,959,252045,243339,1.732e+06,3.29234e+08,121,8.69697e-05,0.00231245,0.00268755,3.16092e+09,9.12772e+08,3.52004e+09,7.48625e+08,7.48625e+08,1,0
3310,198600,transverse,0.9975,12345,56253,95183,18589,299388,18109,1018,278815,252050,2.24254e+06,2.5384e+08,301,4.07865e-05,0.000871622,0.00412838,3.16092e+09,9.12772e+08,3.52004e+09,7.48625e+08,7.48625e+08,1,0
3310,198600,descending,0.995,8146,54024,94649,18839,314547,17593,1540,295415,262876,1.43434e+06,1.65361e+08,361,1.42002e-05,0.000273015,0.00472698,3.16092e+09,9.12772e+08,3.52004e+09,7.48625e+08,7.48625e+08,1,0
3320,199200,cecum,0.9975,8053,51026,67860,16323,276135,12823,965,253290,244389,1.75402e+06,3.39711e+08,121,8.68982e-05,0.0023095,0.0026905,3.16405e+09,9.14354e+08,3.52004e+09,7.69154e+08,7.69154e+08,1,0
3320,199200,transverse,1,11836,57116,95742,18671,301661,18229,1027,280418,253448,2.1493e+06,2.61093e+08,301,4.11304e-05,0.000880152,0.00411985,3.16405e+09,9.14354e+08,3.52004e+09,7.69154e+08,7.69154e+08,1,0
3320,199200,descending,0.9925,8168,53638,95017,18899,315648,17662,1543,297028,263757,1.43669e+06,1.6816e+08,361,1.45769e-05,0.000280622,0.00471938,3.16405e+09,9.14354e+08,3.52004e+09,7.69154e+08,7.69154e+08,1,0
3330,199800,cecum,1,8196,51002,68208,16398,277410,12905,979,254732,245602,1.77884e+06,3.50502e+08,121,8.6782e-05,0.00230482,0.00269518,3.16722e+09,9.1598e+08,3.52004e+09,7.90416e+08,7.90416e+08,1,0
3330,199800,transverse,0.9975,11728,57395,96294,18737,303337,18340,1031,281988,254637,2.13018e+06,2.68625e+08,301,4.14324e-05,0.000887651,0.00411235,3.16722e+09,9.1598e+08,3.52004e+09,7.90416e+08,7.90416e+08,1,0
3330,199800,descending,1,8380,52978,95394,18977,316332,17734,1546,298519,264423,1.47475e+06,1.711e+08,361,1.49428e-05,0.00028803,0.00471197,3.16722e+09,9.1598e+08,3.52004e+09,7.90416e+08,7.90416e+08,1,0
3340,200400,cecum,0.9975,8499,50372,68585,16472,277963,12977,986,256054,246220,1.84505e+06,3.61605e+08,121,8.66215e-05,0.00229842,0.00270158,3.17046e+09,9.1765e+08,3.52004e+09,8.12417e+08,8.12417e+08,1,0
3340,200400,transverse,0.9975,12243,57095,96870,18811,304542,18453,1037,283674,255962,2.22552e+06,2.76438e+08,301,4.1692e-05,0.000894095,0.0041059,3.17046e+09,9.1765e+08,3.52004e+09,8.12417e+08,8.12417e+08,1,0
3340,200400,descending,1,8941,52425,95800,19043,317339,17800,1681,300076,265582,1.57553e+06,1.74184e+08,361,1.52969e-05,0.000295216,0.00470478,3.17046e+09,9.1765e+08,3.52004e+09,8.12417e+08,8.12417e+08,1,0
3350,201000,cecum,1,8553,49429,69001,16547,278489,13063,1019,257651,246512,1.86807e+06,3.7302e+08,121,8.6417e-05,0.00229034,0.00270966,3.17375e+09,9.19368e+08,3.52004e+09,8.35161e+08,8.35161e+08,1,0
3350,201000,transverse,1,11268,57761,97445,18903,306579,18570,1041,285250,256654,2.04609e+06,2.84535e+08,301,4.19086e-05,0.000899463,0.00410054,3.17375e+09,9.19368e+08,3.52004e+09,8.35161e+08,8.35161e+08,1,0
3350,201000,descending,0.9975,8871,52649,96176,19112,318873,17862,1682,301516,266800,1.56234e+06,1.77418e+08,361,1.56382e-05,0.000302158,0.00469784,3.17375e+09,9.19368e+08,3.52004e+09,8.35161e+08,8.35161e+08,1,0
3360,201600,cecum,0.9975,9152,49539,69389,16626,279990,13141,1024,259194,248376,1.98714e+06,3.8474e+08,121,8.61687e-05,0.00228058,0.00271942,3.1771e+09,9.21133e+08,3.52004e+09,8.58651e+08,8.58651e+08,1,0
3360,201600,transverse,0.9975,11967,57543,97971,18986,307705,18657,1046,286759,258118,2.17447e+06,2.92918e+08,301,4.20817e-05,0.000903736,0.00409626,3.1771e+09,9.21133e+08,3.52004e+09,8.58651e+08,8.58651e+08,1,0
3360,201600,descending,0.9975,8770,52609,96578,19178,320210,17928,1687,303020,267761,1.5429e+06,1.80803e+08,361,1.59658e-05,0.000308836,0.00469116,3.1771e+09,9.21133e+08,3.52004e+09,8.58651e+08,8.58651e+08,1,0
3370,202200,cecum,0.9975,9203,49854,69817,16716,281566,13223,1032,260619,249739,1.99318e+06,3.96764e+08,121,8.5877e-05,0.00226919,0.00273081,3.18052e+09,9.22948e+08,3.52004e+09,8.82886e+08,8.82886e+08,1,0
3370,202200,transverse,0.9975,11560,58325,98552,19069,309979,18771,1051,288443,259596,2.10054e+06,3.01587e+08,301,4.22108e-05,0.000906898,0.0040931,3.18052e+09,9.22948e+08,3.52004e+09,8.82886e+08,8.82886e+08,1,0
3370,202200,descending,1,8986,51643,96998,19269,320494,18007,1695,304432,268003,1.57926e+06,1.84345e+08,361,1.62788e-05,0.000315227,0.00468477,3.18052e+09,9.22948e+08,3.52004e+09,8.82886e+08,8.82886e+08,1,0
3380,202800,cecum,0.9975,9733,49936,70236,16816,282766,13302,1035,261913,251226,2.10113e+06,4.09086e+08,121,8.55422e-05,0.00225618,0.00274382,3.18401e+09,9.24815e+08,3.52004e+09,9.07866e+08,9.07866e+08,1,0
3380,202800,transverse,1,11831,58435,99118,19174,311319,18878,1061,289875,260843,2.14966e+06,3.10544e+08,301,4.22955e-05,0.000908936,0.00409106,3.18401e+09,9.24815e+08,3.52004e+09,9.07866e+08,9.07866e+08,1,0
3380,202800,descending,0.9975,8960,51529,97438,19353,321573,18089,1699,305787,268778,1.57484e+06,1.88046e+08,361,1.65761e-05,0.00032131,0.00467869,3.18401e+09,9.24815e+08,3.52004e+09,9.07866e+08,9.07866e+08,1,0
3390,203400,cecum,0.9975,9399,50147,70677,16917,284108,13398,1039,263237,251986,2.04044e+06,4.21701e+08,121,8.51648e-05,0.0022416,0.0027584,3.18757e+09,9.26735e+08,3.52004e+09,9.33587e+08,9.33587e+08,1,0
3390,203400,transverse,0.9975,11915,58534,99699,19247,312737,18969,1061,291358,261928,2.16469e+06,3.19788e+08,301,4.23356e-05,0.00090984,0.00409016,3.18757e+09,9.26735e+08,3.52004e+09,9.33587e+08,9.33587e+08,1,0
3390,203400,descending,0.995,8652,51277,97851,19420,322618,18163,1703,307221,269239,1.51884e+06,1.91909e+08,361,1.6857e-05,0.000327065,0.00467293,3.18757e+09,9.26735e+08,3.52004e+09,9.33587e+08,9.33587e+08,1,0
3400,204000,cecum,0.995,9083,50031,71124,17009,285185,13471,1042,264592,252462,1.98104e+06,4.34601e+08,121,8.47453e-05,0.00222548,0.00277452,3.1912e+09,9.28708e+08,3.52004e+09,9.60043e+08,9.60043e+08,1,0
3400,204000,transverse,1,12714,57329,100306,19339,313102,19074,1110,293076,262633,2.31129e+06,3.29317e+08,301,4.23308e-05,0.000909603,0.0040904,3.1912e+09,9.28708e+08,3.52004e+09,9.60043e+08,9.60043e+08,1,0
3400,204000,descending,1,8531,51331,98248,19499,324164,18242,1766,308808,270362,1.49838e+06,1.95936e+08,361,1.71205e-05,0.000332472,0.00466753,3.1912e+09,9.28708e+08,3.52004e+09,9.60043e+08,9.60043e+08,1,0
3410,204600,cecum,1,9823,50163,71531,17098,286610,13534,1047,266032,254367,2.12334e+06,4.47775e+08,121,8.42841e-05,0.00220785,0.00279215,3.19491e+09,9.30738e+08,3.52004e+09,9.87225e+08,9.87225e+08,1,0
3410,204600,transverse,0.9975,12002,58254,100884,19436,315390,19195,1114,294653,263845,2.18119e+06,3.3913e+08,301,4.2281e-05,0.000908224,0.00409178,3.19491e+09,9.30738e+08,3.52004e+09,9.87225e+08,9.87225e+08,1,0
3410,204600,descending,0.9925,8487,51230,98614,19565,325394,18316,1770,310275,271318,1.48874e+06,2.00131e+08,361,1.73658e-05,0.000337511,0.00466249,3.19491e+09,9.30738e+08,3.52004e+09,9.87225e+08,9.87225e+08,1,0
3420,205200,cecum,0.995,9575,50430,72013,17191,288026,13623,1052,267358,255230,2.08285e+06,4.61215e+08,121,8.3782e-05,0.00218878,0.00281122,3.1987e+09,9.32825e+08,3.52004e+09,1.01512e+09,1.01512e+09,1,0
3420,205200,transverse,1,11061,59240,101404,19520,317787,19284,1123,296228,264945,2.00889e+06,3.49222e+08,301,4.21862e-05,0.000905704,0.0040943,3.1987e+09,9.32825e+08,3.52004e+09,1.01512e+09,1.01512e+09,1,0
3420,205200,descending,0.9975,8307,51957,98999,19617,327384,18409,1773,311680,272885,1.45841e+06,2.04496e+08,361,1.75921e-05,0.000342164,0.00465784,3.1987e+09,9.32825e+08,3.52004e+09,1.01512e+09,1.01512e+09,1,0
3430,205800,cecum,1,9284,51149,72468,17273,290078,13711,1053,268860,256705,2.02943e+06,4.74909e+08,121,8.32396e-05,0.0021683,0.0028317,3.20257e+09,9.34972e+08,3.52004e+09,1.04372e+09,1.04372e+09,1,0
3430,205800,transverse,0.995,11023,58760,101919,19602,318808,19375,1123,297902,265586,2.00171e+06,3.5959e+08,301,4.20464e-05,0.000902048,0.00409795,3.20257e+09,9.34972e+08,3.52004e+09,1.04372e+09,1.04372e+09,1,0
3430,205800,descending,0.9975,8419,52037,99401,19678,328940,18486,1773,313294,274289,1.48013e+06,2.09034e+08,361,1.77987e-05,0.000346413,0.00465359,3.20257e+09,9.34972e+08,3.52004e+09,1.04372e+09,1.04372e+09,1,0
3440,206400,cecum,1,8720,51694,72849,17373,292004,13779,1064,270398,257843,1.90539e+06,4.88845e+08,121,8.26577e-05,0.00214647,0.00285353,3.20653e+09,9.37178e+08,3.52004e+09,1.07301e+09,1.07301e+09,1,0
3440,206400,transverse,0.9975,11075,59167,102425,19670,320857,19467,1127,299700,267337,2.01192e+06,3.70227e+08,301,4.1862e-05,0.000897267,0.00410273,3.20653e+09,9.37178e+08,3.52004e+09,1.07301e+09,1.07301e+09,1,0
3440,206400,descending,0.9925,8663,51755,99813,19754,330186,18568,1777,314976,275521,1.5255e+06,2.13746e+08,361,1.79848e-05,0.000350242,0.00464976,3.20653e+09,9.37178e+08,3.52004e+09,1.07301e+09,1.07301e+09,1,0
3450,207000,cecum,1,8889,51491,73255,17447,293303,13873,1065,272067,259072,1.93293e+06,5.03007e+08,121,8.20372e-05,0.00212336,0.00287664,3.21058e+09,9.39446e+08,3.52004e+09,1.10296e+09,1.10296e+09,1,0
3450,207000,transverse,0.9975,11607,59054,102963,19753,322152,19585,1131,301305,268823,2.10945e+06,3.81128e+08,301,4.16332e-05,0.000891373,0.00410863,3.21058e+09,9.39446e+08,3.52004e+09,1.10296e+09,1.10296e+09,1,0
3450,207000,descending,0.9975,9367,50671,100253,19856,330476,18646,1782,316525,276250,1.65213e+06,2.18635e+08,361,1.81498e-05,0.000353636,0.00464636,3.21058e+09,9.39446e+08,3.52004e+09,1.10296e+09,1.10296e+09,1,0
3460,207600,cecum,0.9975,8923,52285,73629,17528,295478,13936,1066,273591,261050,1.92581e+06,5.1738e+08,121,8.13792e-05,0.00209902,0.00290098,3.21472e+09,9.41778e+08,3.52004e+09,1.13356e+09,1.13356e+09,1,0
3460,207600,transverse,0.995,11447,59584,103501,19831,324296,19684,1140,303087,270437,2.08118e+06,3.92285e+08,301,4.13604e-05,0.000884387,0.00411561,3.21472e+09,9.41778e+08,3.52004e+09,1.13356e+09,1.13356e+09,1,0
3460,207600,descending,1,9169,50603,100660,19918,331822,18734,1782,318089,277141,1.61445e+06,2.23702e+08,361,1.82932e-05,0.000356579,0.00464342,3.21472e+09,9.41778e+08,3.52004e+09,1.13356e+09,1.13356e+09,1,0
3470,208200,cecum,1,9013,52215,73995,17611,296687,13999,1070,275012,262125,1.95379e+06,5.31947e+08,121,8.06847e-05,0.00207353,0.00292647,3.21896e+09,9.44173e+08,3.52004e+09,1.16477e+09,1.16477e+09,1,0
3470,208200,transverse,0.9975,10832,60784,103978,19904,326986,19764,1147,304723,272181,1.96863e+06,4.03689e+08,301,4.10443e-05,0.00087633,0.00412367,3.21896e+09,9.44173e+08,3.52004e+09,1.16477e+09,1.16477e+09,1,0
3470,208200,descending,0.9975,8594,50866,101077,19982,333418,18814,1785,319563,277886,1.50904e+06,2.28946e+08,361,1.84143e-05,0.00035906,0.00464094,3.21896e+09,9.44173e+08,3.52004e+09,1.16477e+09,1.16477e+09,1,0
3480,208800,cecum,1,9451,51973,74405,17685,297764,14079,1092,276463,263362,2.0338e+06,5.46691e+08,121,7.9955e-05,0.00204695,0.00295305,3.2233e+09,9.46635e+08,3.52004e+09,1.19658e+09,1.19658e+09,1,0
3480,208800,transverse,0.9975,11017,60813,104487,19967,328399,19866,1148,306271,273434,2.0021e+06,4.15329e+08,301,4.06857e-05,0.000867231,0.00413277,3.2233e+09,9.46635e+08,3.52004e+09,1.19658e+09,1.19658e+09,1,0
3480,208800,descending,0.9975,8917,50926,101451,20044,334965,18885,1790,321178,279510,1.56973e+06,2.34369e+08,361,1.85126e-05,0.000361067,0.00463893,3.2233e+09,9.46635e+08,3.52004e+09,1.19658e+09,1.19658e+09,1,0
3490,209400,cecum,1,10184,51536,74831,17799,298594,14163,1101,277919,264688,2.17295e+06,5.61591e+08,121,7.91915e-05,0.00201937,0.00298063,3.22774e+09,9.49163e+08,3.52004e+09,1.22895e+09,1.22895e+09,1,0
3490,209400,transverse,0.9975,11836,60229,105045,20047,329471,19977,1151,308115,274955,2.15306e+06,4.27194e+08,301,4.02853e-05,0.000857121,0.00414288,3.22774e+09,9.49163e+08,3.52004e+09,1.22895e+09,1.22895e+09,1,0
3490,209400,descending,0.9975,8521,51669,101851,20117,337291,18968,1814,322893,281172,1.49852e+06,2.39971e+08,361,1.85879e-05,0.000362592,0.00463741,3.22774e+09,9.49163e+08,3.52004e+09,1.22895e+09,1.22895e+09,1,0
3500,210000,cecum,1,9552,51493,75272,17905,299924,14252,1102,279486,265139,2.05537e+06,5.76627e+08,121,7.83956e-05,0.00199085,0.00300915,3.23229e+09,9.51759e+08,3.52004e+09,1.26184e+09,1.26184e+09,1,0
3500,210000,transverse,0.9975,10839,61201,105573,20138,332053,20077,1161,309906,276193,1.96968e+06,4.39273e+08,301,3.98443e-05,0.000846039,0.00415396,3.23229e+09,9.51759e+08,3.52004e+09,1.26184e+09,1.26184e+09,1,0
3500,210000,descending,0.9975,8348,52385,102217,20176,339288,19033,1822,324290,282746,1.46899e+06,2.45751e+08,361,1.86396e-05,0.000363625,0.00463638,3.23229e+09,9.51759e+08,3.52004e+09,1.26184e+09,1.26184e+09,1,0
3510,210600,cecum,0.9975,9585,50949,75730,18000,300998,14323,1104,281268,265952,2.06919e+06,5.91777e+08,121,7.75691e-05,0.00196149,0.00303851,3.23695e+09,9.54425e+08,3.52004e+09,1.29523e+09,1.29523e+09,1,0
3510,210600,transverse,0.9975,11453,60262,106118,20239,333271,20172,1168,312252,277669,2.0823e+06,4.5155e+08,301,3.93638e-05,0.000834025,0.00416598,3.23695e+09,9.54425e+08,3.52004e+09,1.29523e+09,1.29523e+09,1,0
3510,210600,descending,0.995,8352,52362,102599,20233,340668,19104,1830,325813,283868,1.46842e+06,2.51709e+08,361,1.86677e-05,0.000364162,0.00463584,3.23695e+09,9.54425e+08,3.52004e+09,1.29523e+09,1.29523e+09,1,0
3520,211200,cecum,1,9707,51312,76154,18101,302409,14407,1107,282498,267243,2.08808e+06,6.07017e+08,121,7.67136e-05,0.00193137,0.00306863,3.24172e+09,9.5716e+08,3.52004e+09,1.32906e+09,1.32906e+09,1,0
3520,211200,transverse,1,11990,60366,106656,20329,334557,20271,1173,313618,279138,2.18184e+06,4.6401e+08,301,3.88452e-05,0.000821124,0.00417888,3.24172e+09,9.5716e+08,3.52004e+09,1.32906e+09,1.32906e+09,1,0
3520,211200,descending,0.995,8689,51891,102975,20348,341506,19181,1837,327307,284852,1.5289e+06,2.57842e+08,361,1.86718e-05,0.000364198,0.0046358,3.24172e+09,9.5716e+08,3.52004e+09,1.32906e+09,1.32906e+09,1,0
3530,211800,cecum,1,9662,51754,76609,18199,304025,14490,1112,283848,268535,2.08355e+06,6.22325e+08,121,7.58312e-05,0.00190059,0.00309941,3.24661e+09,9.59966e+08,3.52004e+09,1.36331e+09,1.36331e+09,1,0
3530,211800,transverse,1,11214,59870,107193,20410,335693,20374,1180,315427,279138,2.0373e+06,4.76639e+08,301,3.829e-05,0.000807387,0.00419261,3.24661e+09,9.59966e+08,3.52004e+09,1.36331e+09,1.36331e+09,1,0
3530,211800,descending,0.9975,8133,52428,103350,20423,343508,19266,1845,328924,286075,1.42906e+06,2.6415e+08,361,1.86519e-05,0.000363731,0.00463627,3.24661e+09,9.59966e+08,3.52004e+09,1.36331e+09,1.36331e+09,1,0
3540,212400,cecum,1,9504,51836,77029,18295,305457,14564,1126,285354,269545,2.0443e+06,6.37676e+08,121,7.49237e-05,0.00186922,0.00313078,3.25161e+09,9.62844e+08,3.52004e+09,1.39792e+09,1.39792e+09,1,0
3540,212400,transverse,1,11218,59936,107725,20494,337009,20493,1188,316872,280121,2.03736e+06,4.89418e+08,301,3.77e-05,0.000792868,0.00420713,3.25161e+09,9.62844e+08,3.52004e+09,1.39792e+09,1.39792e+09,1,0
3540,212400,descending,0.9975,8865,52174,103767,20488,344527,19344,1859,330326,287538,1.56213e+06,2.70628e+08,361,1.8608e-05,0.000362762,0.00463724,3.25161e+09,9.62844e+08,3.52004e+09,1.39792e+09,1.39792e+09,1,0
3550,213000,cecum,1,8702,52109,77438,18369,307060,14641,1130,286831,270084,1.88884e+06,6.53045e+08,121,7.39935e-05,0.00183737,0.00316263,3.25674e+09,9.65795e+08,3.52004e+09,1.43284e+09,1.43284e+09,1,0
3550,213000,transverse,1,10948,61112,108254,20566,339559,20598,1190,318421,282047,1.98887e+06,5.02329e+08,301,3.70769e-05,0.000777624,0.00422238,3.25674e+09,9.65795e+08,3.52004e+09,1.43284e+09,1.43284e+09,1,0
3550,213000,descending,0.9975,8859,52206,104129,20567,345842,19413,1865,331751,288627,1.55961e+06,2.77275e+08,361,1.85401e-05,0.000361293,0.00463871,3.25674e+09,9.65795e+08,3.52004e+09,1.43284e+09,1.43284e+09,1,0
3560,213600,cecum,1,8532,51437,77838,18457,307469,14724,1140,288073,270084,1.86265e+06,6.68408e+08,121,7.30427e-05,0.00180513,0.00319487,3.262e+09,9.68818e+08,3.52004e+09,1.46804e+09,1.46804e+09,1,0
3560,213600,transverse,1,11394,59868,108770,20648,339927,20708,1196,320219,282531,2.07058e+06,5.15355e+08,301,3.64228e-05,0.000761716,0.00423828,3.262e+09,9.68818e+08,3.52004e+09,1.46804e+09,1.46804e+09,1,0
3560,213600,descending,0.995,8950,52233,104523,20644,346977,19486,1871,333003,289603,1.57587e+06,2.84086e+08,361,1.84485e-05,0.00035933,0.00464067,3.262e+09,9.68818e+08,3.52004e+09,1.46804e+09,1.46804e+09,1,0
3570,214200,cecum,1,8624,51832,78303,18535,309099,14840,1145,289497,271530,1.87991e+06,6.83736e+08,121,7.20738e-05,0.0017726,0.0032274,3.26739e+09,9.71916e+08,3.52004e+09,1.50346e+09,1.50346e+09,1,0
3570,214200,transverse,1,11841,58570,109318,20739,340262,20810,1200,322041,282954,2.15201e+06,5.28475e+08,301,3.57398e-05,0.000745206,0.00425479,3.26739e+09,9.71916e+08,3.52004e+09,1.50346e+09,1.50346e+09,1,0
3570,214200,descending,0.9975,8801,51932,104915,20726,347866,19567,1875,334352,290110,1.54661e+06,2.91058e+08,361,1.83334e-05,0.000356878,0.00464312,3.26739e+09,9.71916e+08,3.52004e+09,1.50346e+09,1.50346e+09,1,0
3580,214800,cecum,1,9345,51907,78699,18608,310562,14925,1150,291038,273471,2.0061e+06,6.99005e+08,121,7.10893e-05,0.00173987,0.00326013,3.2729e+09,9.75087e+08,3.52004e+09,1.53905e+09,1.53905e+09,1,0
3580,214800,transverse,1,11445,58830,109905,20834,341722,20921,1207,323440,283630,2.07767e+06,5.41668e+08,301,3.50302e-05,0.000728162,0.00427184,3.2729e+09,9.75087e+08,3.52004e+09,1.53905e+09,1.53905e+09,1,0
3580,214800,descending,0.995,9126,51152,105339,20799,348563,19658,1878,335990,290869,1.60562e+06,2.98185e+08,361,1.81952e-05,0.000353946,0.00464605,3.2729e+09,9.75087e+08,3.52004e+09,1.53905e+09,1.53905e+09,1,0
3590,215400,cecum,0.9975,8796,51996,79081,18690,311917,14993,1159,292445,274036,1.91202e+06,7.14191e+08,121,7.00916e-05,0.00170703,0.00329297,3.27856e+09,9.78332e+08,3.52004e+09,1.57476e+09,1.57476e+09,1,0
3590,215400,transverse,1,11620,58890,110448,20919,343465,21023,1215,325302,285184,2.1104e+06,5.54914e+08,301,3.42964e-05,0.000710652,0.00428935,3.27856e+09,9.78332e+08,3.52004e+09,1.57476e+09,1.57476e+09,1,0
3590,215400,descending,1,8931,51178,105759,20880,349931,19742,1889,337486,291776,1.57014e+06,3.05461e+08,361,1.80342e-05,0.000350547,0.00464945,3.27856e+09,9.78332e+08,3.52004e+09,1.57476e+09,1.57476e+09,1,0
3600,216000,cecum,1,9088,52021,79500,18776,313329,15064,1162,293986,275475,1.96574e+06,7.29267e+08,121,6.90835e-05,0.00167418,0.00332582,3.28435e+09,9.81652e+08,3.52004e+09,1.61053e+09,1.61053e+09,1,0
3600,216000,transverse,1,12498,57929,111026,21000,344069,21122,1253,327009,286230,2.27119e+06,5.68193e+08,301,3.3541e-05,0.000692743,0.00430726,3.28435e+09,9.81652e+08,3.52004e+09,1.61053e+09,1.61053e+09,1,0
3600,216000,descending,0.9975,8888,51444,106149,20953,351627,19807,1894,339049,293172,1.56491e+06,3.12879e+08,361,1.78512e-05,0.000346694,0.00465331,3.28435e+09,9.81652e+08,3.52004e+09,1.61053e+09,1.61053e+09,1,0
3610,216600,cecum,1,9718,51819,79910,18854,314443,15135,1307,295306,276813,2.08032e+06,7.44209e+08,121,6.80676e-05,0.00164141,0.00335859,3.29028e+09,9.85046e+08,3.52004e+09,1.64632e+09,1.64632e+09,1,0
3610,216600,transverse,1,12255,57858,111597,21084,345302,21221,1253,328496,286832,2.22483e+06,5.81482e+08,301,3.27666e-05,0.000674508,0.00432549,3.29028e+09,9.85046e+08,3.52004e+09,1.64632e+09,1.64632e+09,1,0
3610,216600,descending,0.9975,8989,51612,106582,21014,353151,19884,1904,340533,294492,1.58203e+06,3.20434e+08,361,1.76468e-05,0.000342403,0.0046576,3.29028e+09,9.85046e+08,3.52004e+09,1.64632e+09,1.64632e+09,1,0
3620,217200,cecum,1,8497,52176,80348,18948,316156,15209,1312,296825,277030,1.8473e+06,7.58994e+08,121,6.70467e-05,0.00160881,0.00339119,3.29635e+09,9.88515e+08,3.52004e+09,1.68207e+09,1.68207e+09,1,0
3620,217200,transverse,0.9975,13711,56894,112154,21179,346018,21339,1261,330381,288652,2.49379e+06,5.94761e+08,301,3.19759e-05,0.000656017,0.00434398,3.29635e+09,9.88515e+08,3.52004e+09,1.68207e+09,1.68207e+09,1,0
3620,217200,descending,0.9975,8819,51762,106978,21080,354751,19946,1912,342103,295646,1.55106e+06,3.28119e+08,361,1.74216e-05,0.000337691,0.00466231,3.29635e+09,9.88515e+08,3.52004e+09,1.68207e+09,1.68207e+09,1,0
3630,217800,cecum,0.9975,8732,52936,80757,19031,318162,15285,1316,298226,279017,1.88244e+06,7.73597e+08,121,6.60234e-05,0.00157647,0.00342353,3.30257e+09,9.92058e+08,3.52004e+09,1.71772e+09,1.71772e+09,1,0
3630,217800,transverse,1,12722,57710,112763,21278,348236,21446,1262,331988,289477,2.31235e+06,6.0801e+08,301,3.11716e-05,0.000637339,0.00436266,3.30257e+09,9.92058e+08,3.52004e+09,1.71772e+09,1.71772e+09,1,0
3630,217800,descending,0.9975,9149,52482,107404,21166,356757,20029,1924,343546,297713,1.61296e+06,3.35925e+08,361,1.71765e-05,0.000332578,0.00466742,3.30257e+09,9.92058e+08,3.52004e+09,1.71772e+09,1.71772e+09,1,0
3640,218400,cecum,1,9155,53006,81159,19130,319552,15375,1322,299729,280611,1.96846e+06,7.87996e+08,121,6.50005e-05,0.00154445,0.00345555,3.30893e+09,9.95675e+08,3.52004e+09,1.75324e+09,1.75324e+09,1,0
3640,218400,transverse,0.9975,13140,58168,113367,21353,350177,21554,1266,333650,291411,2.39005e+06,6.21205e+08,301,3.03567e-05,0.000618545,0.00438145,3.30893e+09,9.95675e+08,3.52004e+09,1.75324e+09,1.75324e+09,1,0
3640,218400,descending,1,8439,53203,107795,21245,358950,20106,1927,345171,298958,1.48801e+06,3.43845e+08,361,1.69125e-05,0.000327086,0.00467291,3.30893e+09,9.95675e+08,3.52004e+09,1.75324e+09,1.75324e+09,1,0
3650,219000,cecum,1,8136,54483,81568,19207,322446,15453,1325,301298,282229,1.76304e+06,8.02173e+08,121,6.39807e-05,0.00151285,0.00348715,3.31545e+09,9.99366e+08,3.52004e+09,1.78857e+09,1.78857e+09,1,0
3650,219000,transverse,1,12712,59130,113911,21459,352383,21676,1268,335120,292871,2.31129e+06,6.34329e+08,301,2.95338e-05,0.000599703,0.0044003,3.31545e+09,9.99366e+08,3.52004e+09,1.78857e+09,1.78857e+09,1,0
3650,219000,descending,0.9975,8691,52914,108215,21331,360213,20196,1947,346879,300209,1.5333e+06,3.51869e+08,361,1.66306e-05,0.000321238,0.00467876,3.31545e+09,9.99366e+08,3.52004e+09,1.78857e+09,1.78857e+09,1,0
3660,219600,cecum,1,8101,54448,81934,19287,323987,15529,1349,303006,283501,1.75736e+06,8.16106e+08,121,6.29666e-05,0.00148174,0.00351826,3.32211e+09,1.00313e+09,3.52004e+09,1.82365e+09,1.82365e+09,1,0
3660,219600,transverse,1,12247,58568,114458,21544,353541,21763,1274,337006,293183,2.22441e+06,6.47364e+08,301,2.8706e-05,0.000580879,0.00441912,3.32211e+09,1.00313e+09,3.52004e+09,1.82365e+09,1.82365e+09,1,0
3660,219600,descending,1,8821,52733,108631,21404,361664,20273,1980,348628,301491,1.55758e+06,3.5999e+08,361,1.63318e-05,0.000315059,0.00468494,3.32211e+09,1.00313e+09,3.52004e+09,1.82365e+09,1.82365e+09,1,0
3670,220200,cecum,1,8391,53587,82299,19364,324552,15596,1351,304574,284133,1.81877e+06,8.29779e+08,121,6.19607e-05,0.00145118,0.00354882,3.32893e+09,1.00697e+09,3.52004e+09,1.85846e+09,1.85846e+09,1,0
3670,220200,transverse,1,12607,58032,115040,21632,354243,21876,1279,338440,293859,2.28993e+06,6.60287e+08,301,2.78759e-05,0.000562137,0.00443786,3.32893e+09,1.00697e+09,3.52004e+09,1.85846e+09,1.85846e+09,1,0
3670,220200,descending,1,8777,52097,109023,21476,362278,20353,1982,350028,301819,1.5465e+06,3.68198e+08,361,1.60173e-05,0.000308575,0.00469143,3.32893e+09,1.00697e+09,3.52004e+09,1.85846e+09,1.85846e+09,1,0
3680,220800,cecum,0.9975,9022,53580,82708,19427,325980,15670,1352,306145,285919,1.94579e+06,8.43174e+08,121,6.09654e-05,0.00142123,0.00357877,3.3359e+09,1.01088e+09,3.52004e+09,1.89293e+09,1.89293e+09,1,0
3680,220800,transverse,0.9975,12669,58871,115601,21735,356492,21981,1352,339985,295744,2.3033e+06,6.73082e+08,301,2.70463e-05,0.000543539,0.00445646,3.3359e+09,1.01088e+09,3.52004e+09,1.89293e+09,1.89293e+09,1,0
3680,220800,descending,0.9975,8828,52141,109457,21551,363722,20447,1984,351595,303047,1.55494e+06,3.76483e+08,361,1.56884e-05,0.000301812,0.00469819,3.3359e+09,1.01088e+09,3.52004e+09,1.89293e+09,1.89293e+09,1,0
3690,221400,cecum,1,8349,53721,83108,19513,327734,15760,1354,307932,286774,1.82459e+06,8.56278e+08,121,5.99832e-05,0.00139195,0.00360805,3.34303e+09,1.01486e+09,3.52004e+09,1.92704e+09,1.92704e+09,1,0
3690,221400,transverse,0.9975,11899,59947,116174,21816,359168,22086,1354,341769,297261,2.16292e+06,6.85733e+08,301,2.62199e-05,0.00052514,0.00447486,3.34303e+09,1.01486e+09,3.52004e+09,1.92704e+09,1.92704e+09,1,0
3690,221400,descending,1,8763,51878,109829,21615,364747,20527,1986,353025,303777,1.54262e+06,3.84835e+08,361,1.53462e-05,0.0002948,0.0047052,3.34303e+09,1.01486e+09,3.52004e+09,1.92704e+09,1.92704e+09,1,0
3700,222000,cecum,1,8785,52596,83519,19575,328048,15848,1360,309515,287257,1.91278e+06,8.69079e+08,121,5.90161e-05,0.00136339,0.00363661,3.35032e+09,1.01891e+09,3.52004e+09,1.96074e+09,1.96074e+09,1,0
3700,222000,transverse,0.9975,12056,61257,116699,21924,362049,22205,1355,343566,300000,2.19414e+06,6.98222e+08,301,2.53992e-05,0.000506996,0.004493,3.35032e+09,1.01891e+09,3.52004e+09,1.96074e+09,1.96074e+09,1,0
3700,222000,descending,0.9925,8955,51679,110263,21696,365943,20612,1987,354585,304896,1.57822e+06,3.93245e+08,361,1.4992e-05,0.000287568,0.00471243,3.35032e+09,1.01891e+09,3.52004e+09,1.96074e+09,1.96074e+09,1,0
3710,222600,cecum,1,8803,52912,83925,19645,329662,15903,1364,310934,288604,1.90693e+06,8.81562e+08,121,5.80663e-05,0.0013356,0.0036644,3.35776e+09,1.02303e+09,3.52004e+09,1.994e+09,1.994e+09,1,0
3710,222600,transverse,1,10968,61380,117251,22015,363890,22312,1360,345477,300394,1.99317e+06,7.1054e+08,301,2.45868e-05,0.000489156,0.00451084,3.35776e+09,1.02303e+09,3.52004e+09,1.994e+09,1.994e+09,1,0
3710,222600,descending,0.9975,8577,52586,110673,21766,368104,20691,1991,355984,306414,1.5096e+06,4.01701e+08,361,1.46274e-05,0.000280143,0.00471986,3.35776e+09,1.02303e+09,3.52004e+09,1.994e+09,1.994e+09,1,0
3720,223200,cecum,0.9975,8787,53197,84384,19724,331526,15995,1373,312675,290155,1.88828e+06,8.93721e+08,121,5.71356e-05,0.0013086,0.0036914,3.36536e+09,1.02722e+09,3.52004e+09,2.02678e+09,2.02678e+09,1,0
3720,223200,transverse,1,11227,61276,117807,22108,365149,22409,1363,347027,301543,2.04121e+06,7.2267e+08,301,2.37849e-05,0.000471666,0.00452833,3.36536e+09,1.02722e+09,3.52004e+09,2.02678e+09,2.02678e+09,1,0
3720,223200,descending,0.9975,8828,52073,111066,21829,368988,20773,1997,357520,307295,1.55462e+06,4.10196e+08,361,1.42535e-05,0.000272557,0.00472744,3.36536e+09,1.02722e+09,3.52004e+09,2.02678e+09,2.02678e+09,1,0
3730,223800,cecum,0.9975,8953,53377,84801,19826,333043,16076,1379,314189,291598,1.90985e+06,9.05549e+08,121,5.62257e-05,0.00128244,0.00371756,3.37312e+09,1.03148e+09,3.52004e+09,2.05906e+09,2.05906e+09,1,0
3730,223800,transverse,0.9975,11418,61908,118331,22188,367201,22532,1370,348643,303458,2.0776e+06,7.346e+08,301,2.29958e-05,0.000454567,0.00454543,3.37312e+09,1.03148e+09,3.52004e+09,2.05906e+09,2.05906e+09,1,0
3730,223800,descending,1,8633,52568,111463,21901,370685,20848,2000,358866,308544,1.51827e+06,4.18719e+08,361,1.38719e-05,0.000264838,0.00473516,3.37312e+09,1.03148e+09,3.52004e+09,2.05906e+09,2.05906e+09,1,0
3740,224400,cecum,1,8309,54587,85219,19916,335592,16171,1381,315711,293268,1.78271e+06,9.17038e+08,121,5.53382e-05,0.00125713,0.00374287,3.38105e+09,1.0358e+09,3.52004e+09,2.09082e+09,2.09082e+09,1,0
3740,224400,transverse,1,12823,61089,118878,22276,367608,22644,1378,350061,304915,2.33628e+06,7.46322e+08,301,2.22213e-05,0.000437895,0.00456211,3.38105e+09,1.0358e+09,3.52004e+09,2.09082e+09,2.09082e+09,1,0
3740,224400,descending,1,8723,52459,111841,21970,371988,20923,2002,360420,309701,1.53672e+06,4.27259e+08,361,1.34839e-05,0.000257016,0.00474298,3.38105e+09,1.0358e+09,3.52004e+09,2.09082e+09,2.09082e+09,1,0
3750,225000,cecum,1,8317,54398,85593,20007,336762,16250,1388,317233,294235,1.78426e+06,9.28187e+08,121,5.44743e-05,0.0012327,0.0037673,3.38913e+09,1.04019e+09,3.52004e+09,2.12202e+09,2.12202e+09,1,0
3750,225000,transverse,0.9975,11641,61009,119396,22386,369492,22756,1383,352242,305316,2.11799e+06,7.57829e+08,301,2.14634e-05,0.000421681,0.00457832,3.38913e+09,1.04019e+09,3.52004e+09,2.12202e+09,2.12202e+09,1,0
3750,225000,descending,1,8724,51261,112227,22033,372229,21005,2003,362003,309701,1.5339e+06,4.3581e+08,361,1.30908e-05,0.00024912,0.00475088,3.38913e+09,1.04019e+09,3.52004e+09,2.12202e+09,2.12202e+09,1,0
3760,225600,cecum,1,8504,53301,85945,20101,336762,16323,1390,318495,294235,1.82905e+06,9.38992e+08,121,5.36352e-05,0.00120915,0.00379085,3.39737e+09,1.04464e+09,3.52004e+09,2.15265e+09,2.15265e+09,1,0
3760,225600,transverse,1,12254,61505,119928,22478,371011,22857,1393,353448,307099,2.23044e+06,7.69108e+08,301,2.07237e-05,0.000405953,0.00459405,3.39737e+09,1.04464e+09,3.52004e+09,2.15265e+09,2.15265e+09,1,0
3760,225600,descending,1,8552,52526,112647,22117,374586,21093,2010,363260,311631,1.50452e+06,4.44357e+08,361,1.26942e-05,0.000241178,0.00475882,3.39737e+09,1.04464e+09,3.52004e+09,2.15265e+09,2.15265e+09,1,0
3770,226200,cecum,1,8091,53145,86326,20185,338148,16379,1392,320175,294965,1.74926e+06,9.49453e+08,121,5.28219e-05,0.00118651,0.00381349,3.40577e+09,1.04916e+09,3.52004e+09,2.1827e+09,2.1827e+09,1,0
3770,226200,transverse,0.9975,11569,62958,120427,22584,373844,22961,1397,355034,308954,2.10497e+06,7.80156e+08,301,2.00035e-05,0.000390733,0.00460927,3.40577e+09,1.04916e+09,3.52004e+09,2.1827e+09,2.1827e+09,1,1
3770,226200,descending,1,8846,52231,113040,22192,375860,21163,2015,364969,312946,1.55836e+06,4.52895e+08,361,1.22953e-05,0.000233217,0.00476678,3.40577e+09,1.04916e+09,3.52004e+09,2.1827e+09,2.1827e+09,1,1
3780,226800,cecum,1,8984,52758,86700,20263,339244,16452,1402,321799,296721,1.9146e+06,9.5957e+08,121,5.20351e-05,0.00116476,0.00383524,3.41433e+09,1.05374e+09,3.52004e+09,2.21215e+09,2.21215e+09,1,0
3780,226800,transverse,1,12133,61717,120957,22687,374850,23063,1403,357480,310193,2.20844e+06,7.90971e+08,301,1.93042e-05,0.000376039,0.00462396,3.41433e+09,1.05374e+09,3.52004e+09,2.21215e+09,2.21215e+09,1,0
3780,226800,descending,0.9975,8754,52071,113447,22266,377161,21224,2018,366562,313880,1.54115e+06,4.61415e+08,361,1.18954e-05,0.000225265,0.00477474,3.41433e+09,1.05374e+09,3.52004e+09,2.21215e+09,2.21215e+09,1,0
3790,227400,cecum,1,7985,52879,87058,20357,340880,16537,1407,323488,297174,1.72202e+06,9.69346e+08,121,5.12754e-05,0.00114391,0.00385609,3.42305e+09,1.05838e+09,3.52004e+09,2.241e+09,2.241e+09,1,0
3790,227400,transverse,1,11319,62228,121496,22773,377126,23157,1418,359410,311281,2.05927e+06,8.01547e+08,301,1.86268e-05,0.000361885,0.00463812,3.42305e+09,1.05838e+09,3.52004e+09,2.241e+09,2.241e+09,1,0
3790,227400,descending,1,8608,52929,113876,22335,379376,21304,2020,368066,315667,1.51547e+06,4.69908e+08,361,1.14959e-05,0.000217345,0.00478265,3.42305e+09,1.05838e+09,3.52004e+09,2.241e+09,2.241e+09,1,0
3800,228000,cecum,1,8216,53958,87438,20440,343409,16616,1410,325097,299713,1.75902e+06,9.78783e+08,121,5.05431e-05,0.00112394,0.00387606,3.43193e+09,1.06308e+09,3.52004e+09,2.26923e+09,2.26923e+09,1,0
3800,228000,transverse,0.9975,11321,62937,122010,22886,379109,23253,1421,360890,312958,2.06053e+06,8.11882e+08,301,1.79721e-05,0.000348279,0.00465172,3.43193e+09,1.06308e+09,3.52004e+09,2.26923e+09,2.26923e+09,1,0
3800,228000,descending,1,8271,53435,114267,22408,381379,21391,2023,369720,317099,1.45447e+06,4.78366e+08,361,1.10979e-05,0.000209483,0.00479052,3.43193e+09,1.06308e+09,3.52004e+09,2.26923e+09,2.26923e+09,1,0
3810,228600,cecum,1,8075,52686,87808,20521,343766,16696,1417,326880,299713,1.74159e+06,9.87889e+08,121,4.98386e-05,0.00110486,0.00389514,3.44097e+09,1.06783e+09,3.52004e+09,2.29684e+09,2.29684e+09,1,0
3810,228600,transverse,1,11246,63499,122512,22994,381224,23347,1425,362641,314694,2.04717e+06,8.21975e+08,301,1.73408e-05,0.000335228,0.00466477,3.44097e+09,1.06783e+09,3.52004e+09,2.29684e+09,2.29684e+09,1,0
3810,228600,descending,1,9028,52843,114653,22503,382101,21460,2028,371193,318351,1.59445e+06,4.86782e+08,361,1.07027e-05,0.0002017,0.0047983,3.44097e+09,1.06783e+09,3.52004e+09,2.29684e+09,2.29684e+09,1,0
3820,229200,cecum,1,7865,53394,88178,20596,345736,16777,1417,328298,301259,1.68944e+06,9.96666e+08,121,4.91618e-05,0.00108665,0.00391335,3.45016e+09,1.07265e+09,3.52004e+09,2.32384e+09,2.32384e+09,1,0
3820,229200,transverse,0.9975,10655,64783,122985,23095,384012,23435,1425,364334,316607,1.93936e+06,8.31828e+08,301,1.67334e-05,0.000322733,0.00467727,3.45016e+09,1.07265e+09,3.52004e+09,2.32384e+09,2.32384e+09,1,0
3820,229200,descending,0.995,8502,52690,115048,22589,383283,21528,2041,372669,318753,1.49962e+06,4.9515e+08,361,1.03113e-05,0.000194018,0.00480598,3.45016e+09,1.07265e+09,3.52004e+09,2.32384e+09,2.32384e+09,1,0
3830,229800,cecum,1,7489,52956,88524,20681,346851,16829,1436,329969,301770,1.62829e+06,1.00512e+09,121,4.85126e-05,0.00106928,0.00393072,3.45951e+09,1.07752e+09,3.52004e+09,2.35022e+09,2.35022e+09,1,0
3830,229800,transverse,1,11124,63925,123517,23222,384967,23520,1431,366353,317705,2.02517e+06,8.41441e+08,301,1.61502e-05,0.000310792,0.00468921,3.45951e+09,1.07752e+09,3.52004e+09,2.35022e+09,2.35022e+09,1,0
3830,229800,descending,1,8109,52876,115405,22661,384915,21598,2045,374253,319773,1.42774e+06,5.03463e+08,361,9.9247e-06,0.000186455,0.00481354,3.45951e+09,1.07752e+09,3.52004e+09,2.35022e+09,2.35022e+09,1,0
3840,230400,cecum,1,8503,53672,88920,20792,348836,16904,1439,331421,304556,1.80952e+06,1.01326e+09,121,4.7891e-05,0.00105274,0.00394726,3.46902e+09,1.08244e+09,3.52004e+09,2.37599e+09,2.37599e+09,1,0
3840,230400,transverse,0.9975,10122,64490,124000,23319,386925,23614,1434,367934,318366,1.84059e+06,8.50817e+08,301,1.55913e-05,0.000299402,0.0047006,3.46902e+09,1.08244e+09,3.52004e+09,2.37599e+09,2.37599e+09,1,0
3840,230400,descending,0.9975,8765,52896,115751,22733,386484,21663,2061,375923,321773,1.55067e+06,5.11713e+08,361,9.54396e-06,0.00017903,0.00482097,3.46902e+09,1.08244e+09,3.52004e+09,2.37599e+09,2.37599e+09,1,0
3850,231000,cecum,1,8324,53870,89272,20866,350579,16966,1448,333093,305895,1.77794e+06,1.0211e+09,121,4.72964e-05,0.00103702,0.00396298,3.47868e+09,1.08742e+09,3.52004e+09,2.40115e+09,2.40115e+09,1,0
3850,231000,transverse,1,9732,64854,124469,23402,388962,23698,1438,369770,319707,1.76966e+06,8.59957e+08,301,1.50567e-05,0.000288554,0.00471145,3.47868e+09,1.08742e+09,3.52004e+09,2.40115e+09,2.40115e+09,1,0
3850,231000,descending,1,8310,52751,116089,22814,387695,21728,2070,377416,322328,1.46719e+06,5.19898e+08,361,9.16991e-06,0.000171757,0.00482824,3.47868e+09,1.08742e+09,3.52004e+09,2.40115e+09,2.40115e+09,1,0
3860,231600,cecum,1,8036,53601,89681,20948,351355,17047,1449,334300,306136,1.7268e+06,1.02864e+09,121,4.67285e-05,0.00102207,0.00397793,3.48849e+09,1.09244e+09,3.52004e+09,2.42571e+09,2.42571e+09,1,0
3860,231600,transverse,1,10532,65050,124937,23475,391137,23782,1443,371901,322366,1.91831e+06,8.68866e+08,301,1.45462e-05,0.00027824,0.00472176,3.48849e+09,1.09244e+09,3.52004e+09,2.42571e+09,2.42571e+09,1,0
3860,231600,descending,1,8414,52211,116442,22873,388484,21785,2070,378861,322984,1.48624e+06,5.28012e+08,361,8.80336e-06,0.000164652,0.00483535,3.48849e+09,1.09244e+09,3.52004e+09,2.42571e+09,2.42571e+09,1,0
3870,232200,cecum,1,9203,53256,90044,21042,352289,17112,1450,335737,308032,1.95509e+06,1.03589e+09,121,4.61867e-05,0.00100788,0.00399212,3.49845e+09,1.09752e+09,3.52004e+09,2.44969e+09,2.44969e+09,1,0
3870,232200,transverse,1,9738,64699,125427,23560,392449,23881,1444,373747,322577,1.77033e+06,8.77549e+08,301,1.40596e-05,0.000268448,0.00473155,3.49845e+09,1.09752e+09,3.52004e+09,2.44969e+09,2.44969e+09,1,0
3870,232200,descending,0.9975,8245,52566,116848,22944,390088,21858,2075,380249,324152,1.45545e+06,5.3605e+08,361,8.44502e-06,0.000157726,0.00484227,3.49845e+09,1.09752e+09,3.52004e+09,2.44969e+09,2.44969e+09,1,0
3880,232800,cecum,1,8535,54196,90394,21136,354489,17185,1454,337160,309377,1.82767e+06,1.04286e+09,121,4.56704e-05,0.000994424,0.00400558,3.50856e+09,1.10265e+09,3.52004e+09,2.47308e+09,2.47308e+09,1,0
3880,232800,transverse,1,10745,64176,125882,23666,393572,23973,1448,375587,324446,1.95559e+06,8.86009e+08,301,1.35966e-05,0.000259163,0.00474084,3.50856e+09,1.10265e+09,3.52004e+09,2.47308e+09,2.47308e+09,1,0
3880,232800,descending,0.9975,8408,52810,117218,23032,391732,21926,2076,381804,325744,1.48497e+06,5.44008e+08,361,8.09551e-06,0.000150991,0.00484901,3.50856e+09,1.10265e+09,3.52004e+09,2.47308e+09,2.47308e+09,1,0
3890,233400,cecum,1,8329,54079,90774,21216,355757,17254,1465,338683,310197,1.78375e+06,1.04956e+09,121,4.51789e-05,0.00098167,0.00401833,3.51882e+09,1.10783e+09,3.52004e+09,2.4959e+09,2.4959e+09,1,0
3890,233400,transverse,1,10310,63935,126370,23756,394787,24063,1448,377223,324918,1.87493e+06,8.94253e+08,301,1.31565e-05,0.000250372,0.00474963,3.51882e+09,1.10783e+09,3.52004e+09,2.4959e+09,2.4959e+09,1,0
3890,233400,descending,1,8522,52057,117595,23099,392399,22010,2078,383373,326297,1.50378e+06,5.51885e+08,361,7.7554e-06,0.000144455,0.00485555,3.51882e+09,1.10783e+09,3.52004e+09,2.4959e+09,2.4959e+09,1,0
3900,234000,cecum,1,8521,52971,91133,21294,356056,17317,1475,340221,310460,1.83046e+06,1.056e+09,121,4.47114e-05,0.000969591,0.00403041,3.52923e+09,1.11305e+09,3.52004e+09,2.51816e+09,2.51816e+09,1,0
3900,234000,transverse,1,10829,62725,126858,23848,395080,24143,1449,378897,325413,1.96952e+06,9.02285e+08,301,1.27389e-05,0.000242057,0.00475794,3.52923e+09,1.11305e+09,3.52004e+09,2.51816e+09,2.51816e+09,1,0
3900,234000,descending,0.9975,8981,52217,118004,23179,393969,22076,2079,384928,328062,1.58642e+06,5.59675e+08,361,7.42514e-06,0.000138125,0.00486187,3.52923e+09,1.11305e+09,3.52004e+09,2.51816e+09,2.51816e+09,1,0
3910,234600,cecum,1,8501,53117,91540,21387,357402,17409,1479,341602,311560,1.82965e+06,1.0622e+09,121,4.42671e-05,0.000958157,0.00404184,3.53978e+09,1.11832e+09,3.52004e+09,2.53988e+09,2.53988e+09,1,0
3910,234600,transverse,0.995,11367,63150,127350,23934,397252,24234,1456,380814,327801,2.07021e+06,9.10111e+08,301,1.23432e-05,0.000234203,0.0047658,3.53978e+09,1.11832e+09,3.52004e+09,2.53988e+09,2.53988e+09,1,0
3910,234600,descending,1,9056,51650,118392,23269,394861,22151,2082,386549,328803,1.59754e+06,5.6738e+08,361,7.10512e-06,0.000132008,0.00486799,3.53978e+09,1.11832e+09,3.52004e+09,2.53988e+09,2.53988e+09,1,0
3920,235200,cecum,1,7915,54516,91917,21463,360188,17496,1482,343149,313543,1.70786e+06,1.06815e+09,121,4.38452e-05,0.000947341,0.00405266,3.55048e+09,1.12363e+09,3.52004e+09,2.56108e+09,2.56108e+09,1,0
3920,235200,transverse,1,10756,64551,127844,24037,400520,24324,1456,382874,330157,1.95917e+06,9.17737e+08,301,1.19685e-05,0.00022679,0.00477321,3.55048e+09,1.12363e+09,3.52004e+09,2.56108e+09,2.56108e+09,1,0
3920,235200,descending,0.9975,8957,52390,118786,23331,397015,22227,2089,388094,330595,1.5816e+06,5.74994e+08,361,6.79566e-06,0.000126108,0.00487389,3.55048e+09,1.12363e+09,3.52004e+09,2.56108e+09,2.56108e+09,1,0
3930,235800,cecum,1,8590,54032,92274,21552,360853,17577,1489,344461,314689,1.84162e+06,1.07387e+09,121,4.34448e-05,0.000937114,0.00406289,3.56132e+09,1.12899e+09,3.52004e+09,2.58176e+09,2.58176e+09,1,0
3930,235800,transverse,1,10364,65125,128337,24130,402612,24425,1463,384579,331551,1.88657e+06,9.2517e+08,301,1.16143e-05,0.0002198,0.0047802,3.56132e+09,1.12899e+09,3.52004e+09,2.58176e+09,2.58176e+09,1,0
3930,235800,descending,0.9975,9190,51799,119206,23407,397987,22304,2091,389808,331531,1.62298e+06,5.82519e+08,361,6.49698e-06,0.000120427,0.00487957,3.56132e+09,1.12899e+09,3.52004e+09,2.58176e+09,2.58176e+09,1,0
3940,236400,cecum,1,8597,54088,92625,21633,362132,17642,1490,345829,315769,1.84797e+06,1.07937e+09,121,4.30651e-05,0.000927447,0.00407255,3.5723e+09,1.13439e+09,3.52004e+09,2.60193e+09,2.60193e+09,1,0
3940,236400,transverse,1,10253,64258,128821,24214,403502,24517,1466,386509,332019,1.8648e+06,9.32417e+08,301,1.12796e-05,0.000213215,0.00478678,3.5723e+09,1.13439e+09,3.52004e+09,2.60193e+09,2.60193e+09,1,0
3940,236400,descending,1,9687,50644,119595,23503,397987,22391,2097,391140,331816,1.71187e+06,5.89953e+08,361,6.20926e-06,0.000114968,0.00488503,3.5723e+09,1.13439e+09,3.52004e+09,2.60193e+09,2.60193e+09,1,0
3950,237000,cecum,1,8625,53820,92998,21741,363169,17720,1495,347315,316642,1.85923e+06,1.08465e+09,121,4.27051e-05,0.000918312,0.00408169,3.58341e+09,1.13983e+09,3.52004e+09,2.62163e+09,2.62163e+09,1,0
3950,237000,transverse,0.9975,10344,63628,129281,24290,404704,24603,1480,388489,333000,1.8812e+06,9.39484e+08,301,1.09638e-05,0.000207016,0.00479298,3.58341e+09,1.13983e+09,3.52004e+09,2.62163e+09,2.62163e+09,1,0
3950,237000,descending,1,8831,52076,120003,23557,400583,22476,2103,392437,333281,1.55623e+06,5.97294e+08,361,5.93259e-06,0.00010973,0.00489027,3.58341e+09,1.13983e+09,3.52004e+09,2.62163e+09,2.62163e+09,1,0
3960,237600,cecum,1,8910,54269,93430,21830,364836,17807,1497,348707,318336,1.91383e+06,1.08974e+09,121,4.2364e-05,0.000909682,0.00409032,3.59466e+09,1.14531e+09,3.52004e+09,2.64085e+09,2.64085e+09,1,0
3960,237600,transverse,1,10538,62971,129837,24381,405394,24694,1489,390009,333501,1.91576e+06,9.46375e+08,301,1.06659e-05,0.000201184,0.00479882,3.59466e+09,1.14531e+09,3.52004e+09,2.64085e+09,2.64085e+09,1,0
3960,237600,descending,1,9345,52162,120422,23644,401901,22556,2107,393832,334857,1.64969e+06,6.04542e+08,361,5.66701e-06,0.000104713,0.00489529,3.59466e+09,1.14531e+09,3.52004e+09,2.64085e+09,2.64085e+09,1,0
3970,238200,cecum,1,9009,54114,93848,21919,366138,17880,1500,350323,319478,1.93702e+06,1.09463e+09,121,4.20409e-05,0.00090153,0.00409847,3.60605e+09,1.15083e+09,3.52004e+09,2.65962e+09,2.65962e+09,1,0
3970,238200,transverse,1,11179,62827,130304,24485,406856,24782,1499,391797,335319,2.03442e+06,9.53097e+08,301,1.03853e-05,0.0001957,0.0048043,3.60605e+09,1.15083e+09,3.52004e+09,2.65962e+09,2.65962e+09,1,0
3970,238200,descending,0.9975,9026,52255,120820,23729,403377,22635,2114,395372,335773,1.59055e+06,6.117e+08,361,5.4125e-06,9.99149e-05,0.00490009,3.60605e+09,1.15083e+09,3.52004e+09,2.65962e+09,2.65962e+09,1,0
3980,238800,cecum,1,9019,54075,94286,22018,367575,17962,1525,351955,320643,1.94608e+06,1.09933e+09,121,4.17349e-05,0.000893831,0.00410617,3.61757e+09,1.15639e+09,3.52004e+09,2.67795e+09,2.67795e+09,1,0
3980,238800,transverse,1,10330,63155,130791,24584,408744,24880,1506,393547,336061,1.87779e+06,9.59658e+08,301,1.01209e-05,0.000190547,0.00480945,3.61757e+09,1.15639e+09,3.52004e+09,2.67795e+09,2.67795e+09,1,0
3980,238800,descending,0.995,9628,52638,121233,23819,405168,22720,2119,396950,337923,1.70554e+06,6.18764e+08,361,5.16899e-06,9.53336e-05,0.00490467,3.61757e+09,1.15639e+09,3.52004e+09,2.67795e+09,2.67795e+09,1,0
3990,239400,cecum,1,8976,53833,94685,22127,368674,18036,1530,353474,321478,1.94123e+06,1.10386e+09,121,4.14451e-05,0.000886559,0.00411344,3.62922e+09,1.16199e+09,3.52004e+09,2.69586e+09,2.69586e+09,1,0
3990,239400,transverse,1,10520,63046,131241,24665,410646,24971,1577,395659,337804,1.913e+06,9.66062e+08,301,9.87209e-06,0.000185706,0.00481429,3.62922e+09,1.16199e+09,3.52004e+09,2.69586e+09,2.69586e+09,1,0
3990,239400,descending,1,8660,52596,121629,23907,406679,22808,2127,398671,338238,1.52547e+06,6.25739e+08,361,4.93636e-06,9.09654e-05,0.00490903,3.62922e+09,1.16199e+09,3.52004e+09,2.69586e+09,2.69586e+09,1,0
4000,240000,cecum,1,8620,54846,95079,22197,371012,18132,1532,354963,323230,1.85728e+06,1.10822e+09,121,4.11708e-05,0.000879691,0.00412031,3.64101e+09,1.16762e+09,3.52004e+09,2.71336e+09,2.71336e+09,1,0
4000,240000,transverse,1,11205,63569,131710,24762,413002,25064,1582,397677,340561,2.03998e+06,9.72315e+08,301,9.63798e-06,0.000181159,0.00481884,3.64101e+09,1.16762e+09,3.52004e+09,2.71336e+09,2.71336e+09,1,0
4000,240000,descending,1,9152,52361,122029,23986,407579,22875,2128,399951,339375,1.61366e+06,6.32623e+08,361,4.71446e-06,8.6806e-05,0.00491319,3.64101e+09,1.16762e+09,3.52004e+09,2.71336e+09,2.71336e+09,1,0
4010,240600,cecum,1,10229,54529,95472,22286,372243,18194,1532,356662,325828,2.15789e+06,1.11242e+09,121,4.0911e-05,0.000873203,0.0041268,3.65292e+09,1.17329e+09,3.52004e+09,2.73047e+09,2.73047e+09,1,0
4010,240600,transverse,1,10224,63924,132206,24839,415101,25171,1585,399602,341364,1.85983e+06,9.78425e+08,301,9.41778e-06,0.00017689,0.00482311,3.65292e+09,1.17329e+09,3.52004e+09,2.73047e+09,2.73047e+09,1,0
4010,240600,descending,1,9017,51511,122448,24078,408311,22958,2135,401701,339721,1.58736e+06,6.39419e+08,361,4.50307e-06,8.28506e-05,0.00491715,3.65292e+09,1.17329e+09,3.52004e+09,2.73047e+09,2.73047e+09,1,0
4020,241200,cecum,1,8968,54473,95880,22388,373758,18261,1547,358387,325828,1.92505e+06,1.11647e+09,121,4.06651e-05,0.000867073,0.00413293,3.66495e+09,1.17899e+09,3.52004e+09,2.74719e+09,2.74719e+09,1,0
4020,241200,transverse,1,10271,63594,132661,24927,416652,25252,1593,401644,342668,1.86836e+06,9.84395e+08,301,9.21072e-06,0.000172882,0.00482712,3.66495e+09,1.17899e+09,3.52004e+09,2.74719e+09,2.74719e+09,1,0
4020,241200,descending,0.9975,9018,52344,122860,24168,410256,23042,2146,402976,341418,1.58943e+06,6.46125e+08,361,4.30198e-06,7.90941e-05,0.00492091,3.66495e+09,1.17899e+09,3.52004e+09,2.74719e+09,2.74719e+09,1,0
4030,241800,cecum,1,8322,55371,96283,22483,376095,18334,1556,359985,327275,1.78904e+06,1.12037e+09,121,4.04322e-05,0.00086128,0.00413872,3.67711e+09,1.18473e+09,3.52004e+09,2.76355e+09,2.76355e+09,1,0
4030,241800,transverse,1,10217,62875,133136,25012,417766,25358,1593,403668,343444,1.85817e+06,9.90231e+08,301,9.01606e-06,0.00016912,0.00483088,3.67711e+09,1.18473e+09,3.52004e+09,2.76355e+09,2.76355e+09,1,0
4030,241800,descending,1,8705,52865,123290,24248,412320,23124,2153,404674,342894,1.53497e+06,6.52745e+08,361,4.11092e-06,7.55305e-05,0.00492447,3.67711e+09,1.18473e+09,3.52004e+09,2.76355e+09,2.76355e+09,1,0
4040,242400,cecum,1,8856,55192,96657,22571,377321,18410,1563,361547,328818,1.89737e+06,1.12413e+09,121,4.02116e-05,0.000855804,0.0041442,3.6894e+09,1.19051e+09,3.52004e+09,2.77955e+09,2.77955e+09,1,0
4040,242400,transverse,1,10319,63443,133623,25099,419813,25450,1598,405321,345280,1.8769e+06,9.95938e+08,301,8.83305e-06,0.000165588,0.00483441,3.6894e+09,1.19051e+09,3.52004e+09,2.77955e+09,2.77955e+09,1,0
4040,242400,descending,1,8934,52111,123680,24326,413004,23199,2163,406255,343560,1.57629e+06,6.5928e+08,361,3.9296e-06,7.21537e-05,0.00492785,3.6894e+09,1.19051e+09,3.52004e+09,2.77955e+09,2.77955e+09,1,0
4050,243000,cecum,1,8715,55020,97063,22672,378601,18485,1604,363134,329686,1.878e+06,1.12777e+09,121,4.00026e-05,0.000850626,0.00414937,3.7018e+09,1.19631e+09,3.52004e+09,2.79522e+09,2.79522e+09,1,0
4050,243000,transverse,1,10219,63083,134109,25179,421012,25541,1605,407044,346057,1.85822e+06,1.00152e+09,301,8.66102e-06,0.000162272,0.00483773,3.7018e+09,1.19631e+09,3.52004e+09,2.79522e+09,2.79522e+09,1,0
4050,243000,descending,1,8848,52268,124097,24403,414739,23276,2170,407980,344939,1.56196e+06,6.65731e+08,361,3.75774e-06,6.89574e-05,0.00493104,3.7018e+09,1.19631e+09,3.52004e+09,2.79522e+09,2.79522e+09,1,0
4060,243600,cecum,1,8302,55245,97444,22752,380131,18565,1612,364591,330574,1.79523e+06,1.13127e+09,121,3.98046e-05,0.000845727,0.00415427,3.71433e+09,1.20215e+09,3.52004e+09,2.81055e+09,2.81055e+09,1,0
4060,243600,transverse,1,9958,63757,134591,25255,423215,25628,1610,408731,347675,1.8103e+06,1.00698e+09,301,8.49928e-06,0.000159158,0.00484084,3.71433e+09,1.20215e+09,3.52004e+09,2.81055e+09,2.81055e+09,1,0
4060,243600,descending,0.9975,8266,52729,124508,24482,416476,23348,2172,409405,345832,1.45644e+06,6.721e+08,361,3.595e-06,6.59349e-05,0.00493407,3.71433e+09,1.20215e+09,3.52004e+09,2.81055e+09,2.81055e+09,1,0
4070,244200,cecum,0.9975,8680,55659,97814,22847,381865,18636,1619,366070,332475,1.86825e+06,1.13465e+09,121,3.96169e-05,0.000841091,0.00415891,3.72698e+09,1.20802e+09,3.52004e+09,2.82557e+09,2.82557e+09,1,0
4070,244200,transverse,1,11184,62685,135083,25363,423927,25714,1613,410706,349312,2.03634e+06,1.01233e+09,301,8.3472e-06,0.000156234,0.00484377,3.72698e+09,1.20802e+09,3.52004e+09,2.82557e+09,2.82557e+09,1,0
4070,244200,descending,1,8500,52448,124887,24570,417487,23423,2176,410856,346857,1.49742e+06,6.78388e+08,361,3.44106e-06,6.30795e-05,0.00493692,3.72698e+09,1.20802e+09,3.52004e+09,2.82557e+09,2.82557e+09,1,0
4080,244800,cecum,0.9975,9352,56149,98218,22944,383792,18704,1632,367659,334822,1.99625e+06,1.13792e+09,121,3.9439e-05,0.000836701,0.0041633,3.73974e+09,1.21392e+09,3.52004e+09,2.84029e+09,2.84029e+09,1,0
4080,244800,transverse,1,11045,63240,135582,25485,425972,25813,1622,412408,350931,2.01036e+06,1.01757e+09,301,8.20417e-06,0.000153487,0.00484651,3.73974e+09,1.21392e+09,3.52004e+09,2.84029e+09,2.84029e+09,1,0
4080,244800,descending,1,8915,51396,125274,24642,417838,23503,2184,412403,347380,1.57264e+06,6.84598e+08,361,3.29559e-06,6.03841e-05,0.00493962,3.73974e+09,1.21392e+09,3.52004e+09,2.84029e+09,2.84029e+09,1,0
4090,245400,cecum,1,8890,56091,98625,23039,385083,18783,1632,369182,335418,1.91251e+06,1.14109e+09,121,3.92701e-05,0.000832542,0.00416746,3.75261e+09,1.21985e+09,3.52004e+09,2.85472e+09,2.85472e+09,1,0
4090,245400,transverse,0.9975,11959,63185,136108,25589,427583,25917,1624,414280,353136,2.17913e+06,1.0227e+09,301,8.06961e-06,0.000150905,0.0048491,3.75261e+09,1.21985e+09,3.52004e+09,2.85472e+09,2.85472e+09,1,0
4090,245400,descending,0.995,9531,50968,125688,24726,418714,23582,2194,413860,348611,1.68435e+06,6.90731e+08,361,3.15823e-06,5.7842e-05,0.00494216,3.75261e+09,1.21985e+09,3.52004e+09,2.85472e+09,2.85472e+09,1,0
4100,246000,cecum,1,8802,54589,99016,23143,385408,18847,1646,371163,335418,1.90903e+06,1.14414e+09,121,3.91098e-05,0.000828599,0.0041714,3.76561e+09,1.22581e+09,3.52004e+09,2.86886e+09,2.86886e+09,1,0
4100,246000,transverse,0.9975,12376,63385,136681,25682,429404,26033,1627,416107,355007,2.25568e+06,1.02773e+09,301,7.94296e-06,0.000148477,0.00485152,3.76561e+09,1.22581e+09,3.52004e+09,2.86886e+09,2.86886e+09,1,0
4100,246000,descending,0.995,9739,50847,126128,24823,419861,23654,2200,415291,349689,1.72014e+06,6.96788e+08,361,3.02863e-06,5.54461e-05,0.00494455,3.76561e+09,1.22581e+09,3.52004e+09,2.86886e+09,2.86886e+09,1,0
4110,246600,cecum,1,10513,54000,99441,23253,386357,18926,1651,372885,337837,2.22923e+06,1.1471e+09,121,3.89576e-05,0.00082486,0.00417514,3.77871e+09,1.2318e+09,3.52004e+09,2.88273e+09,2.88273e+09,1,0
4110,246600,transverse,1,12420,62196,137217,25793,429979,26126,1636,418066,355285,2.26282e+06,1.03266e+09,301,7.82372e-06,0.000146193,0.00485381,3.77871e+09,1.2318e+09,3.52004e+09,2.88273e+09,2.88273e+09,1,0
4110,246600,descending,1,10023,49934,126562,24906,420210,23737,2204,416715,350050,1.76967e+06,7.02772e+08,361,2.90646e-06,5.31897e-05,0.00494681,3.77871e+09,1.2318e+09,3.52004e+09,2.88273e+09,2.88273e+09,1,0
4120,247200,cecum,1,8788,54645,99857,23364,388307,19010,1655,374381,337837,1.91338e+06,1.14997e+09,121,3.88129e-05,0.000821311,0.00417869,3.79193e+09,1.23782e+09,3.52004e+09,2.89634e+09,2.89634e+09,1,0
4120,247200,transverse,1,11096,63064,137748,25886,432687,26222,1639,420092,356324,2.0184e+06,1.0375e+09,301,7.71139e-06,0.000144043,0.00485596,3.79193e+09,1.23782e+09,3.52004e+09,2.89634e+09,2.89634e+09,1,0
4120,247200,descending,1,10220,49544,127017,25000,421191,23829,2212,418264,350951,1.80591e+06,7.08685e+08,361,2.79136e-06,5.1066e-05,0.00494893,3.79193e+09,1.23782e+09,3.52004e+09,2.89634e+09,2.89634e+09,1,0
4130,247800,cecum,0.9975,9615,54339,100281,23446,389546,19083,1661,376075,339628,2.08021e+06,1.15274e+09,121,3.86754e-05,0.00081794,0.00418206,3.80525e+09,1.24387e+09,3.52004e+09,2.9097e+09,2.9097e+09,1,0
4130,247800,transverse,1,11793,62714,138270,25970,433933,26317,1640,421866,357923,2.14609e+06,1.04224e+09,301,7.60552e-06,0.000142018,0.00485798,3.80525e+09,1.24387e+09,3.52004e+09,2.9097e+09,2.9097e+09,1,0
4130,247800,descending,1,9613,49883,127501,25083,422810,23922,2217,419715,351650,1.69326e+06,7.14527e+08,361,2.683e-06,4.90682e-05,0.00495093,3.80525e+09,1.24387e+09,3.52004e+09,2.9097e+09,2.9097e+09,1,0
4140,248400,cecum,1,10119,53256,100723,23552,389908,19169,1668,377705,340237,2.18504e+06,1.15543e+09,121,3.85446e-05,0.000814737,0.00418526,3.81868e+09,1.24994e+09,3.52004e+09,2.92281e+09,2.92281e+09,1,0
4140,248400,transverse,1,11568,62535,138812,26067,435045,26415,1641,423351,358462,2.10373e+06,1.04689e+09,301,7.50566e-06,0.00014011,0.00485989,3.81868e+09,1.24994e+09,3.52004e+09,2.92281e+09,2.92281e+09,1,0
4140,248400,descending,0.9975,9246,50048,127944,25162,424541,24009,2223,421441,352731,1.62645e+06,7.203e+08,361,2.58103e-06,4.71898e-05,0.00495281,3.81868e+09,1.24994e+09,3.52004e+09,2.92281e+09,2.92281e+09,1,0
4150,249000,cecum,1,10120,53295,101195,23644,391686,19260,1672,379623,341723,2.18175e+06,1.15803e+09,121,3.842e-05,0.00081169,0.00418831,3.83223e+09,1.25604e+09,3.52004e+09,2.93569e+09,2.93569e+09,1,0
4150,249000,transverse,0.9975,12142,61781,139354,26167,435632,26502,1644,424876,359265,2.20981e+06,1.05146e+09,301,7.41142e-06,0.00013831,0.00486169,3.83223e+09,1.25604e+09,3.52004e+09,2.93569e+09,2.93569e+09,1,0
4150,249000,descending,0.9975,9115,50051,128413,25245,425879,24107,2224,422956,353649,1.602e+06,7.26007e+08,361,2.48513e-06,4.54246e-05,0.00495458,3.83223e+09,1.25604e+09,3.52004e+09,2.93569e+09,2.93569e+09,1,0
4160,249600,cecum,0.9975,9380,53426,101624,23728,393321,19339,1674,381288,342350,2.04123e+06,1.16056e+09,121,3.83013e-05,0.00080879,0.00419121,3.84587e+09,1.26217e+09,3.52004e+09,2.94834e+09,2.94834e+09,1,0
4160,249600,transverse,0.9975,12788,61976,139898,26275,437775,26626,1648,427052,361738,2.33022e+06,1.05594e+09,301,7.32241e-06,0.000136611,0.00486339,3.84587e+09,1.26217e+09,3.52004e+09,2.94834e+09,2.94834e+09,1,0
4160,249600,descending,0.9975,9263,51693,128838,25309,428862,24195,2232,424441,356499,1.63512e+06,7.31647e+08,361,2.39497e-06,4.37663e-05,0.00495623,3.84587e+09,1.26217e+09,3.52004e+09,2.94834e+09,2.94834e+09,1,0
4170,250200,cecum,0.9975,10499,54859,102093,23837,396153,19429,1678,382882,346027,2.24609e+06,1.16301e+09,121,3.81881e-05,0.000806028,0.00419397,3.85963e+09,1.26833e+09,3.52004e+09,2.96077e+09,2.96077e+09,1,0
4170,250200,transverse,1,12100,61919,140459,26404,439320,26745,1653,428897,362277,2.20222e+06,1.06034e+09,301,7.23828e-06,0.000135006,0.00486499,3.85963e+09,1.26833e+09,3.52004e+09,2.96077e+09,2.96077e+09,1,0
4170,250200,descending,1,9282,50861,129257,25393,429267,24283,2233,425849,356675,1.63614e+06,7.37225e+08,361,2.31024e-06,4.22089e-05,0.00495779,3.85963e+09,1.26833e+09,3.52004e+09,2.96077e+09,2.96077e+09,1,0
4180,250800,cecum,1,9837,55293,102580,23953,398265,19531,1683,384773,347203,2.12652e+06,1.16539e+09,121,3.80802e-05,0.000803395,0.0041966,3.87349e+09,1.27451e+09,3.52004e+09,2.97299e+09,2.97299e+09,1,0
4180,250800,transverse,1,11601,62176,141000,26509,441283,26832,1655,430793,363390,2.11085e+06,1.06466e+09,301,7.15869e-06,0.000133489,0.00486651,3.87349e+09,1.27451e+09,3.52004e+09,2.97299e+09,2.97299e+09,1,0
4180,250800,descending,1,8969,51562,129693,25489,431156,24377,2236,427224,358002,1.57749e+06,7.4274e+08,361,2.23064e-06,4.07467e-05,0.00495925,3.87349e+09,1.27451e+09,3.52004e+09,2.97299e+09,2.97299e+09,1,0
4190,251400,cecum,1,9520,55509,103019,24041,399767,19630,1687,386242,348132,2.06913e+06,1.1677e+09,121,3.79772e-05,0.000800883,0.00419912,3.88744e+09,1.28071e+09,3.52004e+09,2.985e+09,2.985e+09,1,0
4190,251400,transverse,1,11670,61639,141556,26602,442121,26936,1662,432358,363931,2.12273e+06,1.06891e+09,301,7.08334e-06,0.000132053,0.00486795,3.88744e+09,1.28071e+09,3.52004e+09,2.985e+09,2.985e+09,1,0
4190,251400,descending,1,9322,51303,130110,25576,432463,24455,2274,428917,359372,1.64256e+06,7.48194e+08,361,2.15587e-06,3.93741e-05,0.00496063,3.88744e+09,1.28071e+09,3.52004e+09,2.985e+09,2.985e+09,1,0
4200,252000,cecum,1,9920,55287,103489,24134,400937,19721,1690,387815,349413,2.1538e+06,1.16994e+09,121,3.78787e-05,0.000798486,0.00420151,3.90151e+09,1.28694e+09,3.52004e+09,2.99682e+09,2.99682e+09,1,0
4200,252000,transverse,0.9975,11840,62081,142110,26691,443995,27049,1673,433981,365612,2.15424e+06,1.07308e+09,301,7.01195e-06,0.000130693,0.00486931,3.90151e+09,1.28694e+09,3.52004e+09,2.99682e+09,2.99682e+09,1,0
4200,252000,descending,1,8926,51206,130521,25651,433718,24525,2281,430407,359958,1.5711e+06,7.5359e+08,361,2.08566e-06,3.80858e-05,0.00496191,3.90151e+09,1.28694e+09,3.52004e+09,2.99682e+09,2.99682e+09,1,0
4210,252600,cecum,1,10567,55518,103943,24244,402600,19830,1691,389465,351487,2.28038e+06,1.17213e+09,121,3.77845e-05,0.000796195,0.00420381,3.91567e+09,1.29319e+09,3.52004e+09,3.00844e+09,3.00844e+09,1,0
4210,252600,transverse,1,11248,62798,142629,26772,446338,27143,1683,435772,367009,2.04542e+06,1.07718e+09,301,6.94423e-06,0.000129404,0.0048706,3.91567e+09,1.29319e+09,3.52004e+09,3.00844e+09,3.00844e+09,1,0
4210,252600,descending,1,8966,50705,130955,25719,434567,24618,2282,431917,360573,1.57582e+06,7.58927e+08,361,2.01974e-06,3.68768e-05,0.00496312,3.91567e+09,1.29319e+09,3.52004e+09,3.00844e+09,3.00844e+09,1,0
4220,253200,cecum,0.9975,10774,55636,104394,24344,404137,19910,1698,391057,352953,2.32338e+06,1.17425e+09,121,3.76945e-05,0.000794004,0.004206,3.92993e+09,1.29947e+09,3.52004e+09,3.01987e+09,3.01987e+09,1,0
4220,253200,transverse,0.9975,11093,62900,143124,26850,448162,27249,1683,437678,368367,2.01749e+06,1.08122e+09,301,6.87994e-06,0.00012818,0.00487182,3.92993e+09,1.29947e+09,3.52004e+09,3.01987e+09,3.01987e+09,1,0
4220,253200,descending,0.9975,9315,51407,131408,25807,436321,24696,2299,433118,362372,1.64156e+06,7.64206e+08,361,1.95784e-06,3.57421e-05,0.00496426,3.92993e+09,1.29947e+09,3.52004e+09,3.01987e+09,3.01987e+09,1,0
4230,253800,cecum,1,10463,55788,104881,24459,405617,19997,1705,392580,353830,2.2662e+06,1.17631e+09,121,3.76082e-05,0.000791907,0.00420809,3.94429e+09,1.30577e+09,3.52004e+09,3.03112e+09,3.03112e+09,1,0
4230,253800,transverse,1,12114,62179,143729,26949,448663,27364,1684,439113,369497,2.20506e+06,1.08518e+09,301,6.81885e-06,0.000127018,0.00487298,3.94429e+09,1.30577e+09,3.52004e+09,3.03112e+09,3.03112e+09,1,0
4230,253800,descending,1,9182,51949,131806,25880,438292,24778,2305,434696,363961,1.61753e+06,7.6943e+08,361,1.89972e-06,3.46772e-05,0.00496532,3.94429e+09,1.30577e+09,3.52004e+09,3.03112e+09,3.03112e+09,1,0
4240,254400,cecum,1,10434,56016,105383,24560,407211,20093,1713,394135,355082,2.26182e+06,1.17832e+09,121,3.75255e-05,0.0007899,0.0042101,3.95875e+09,1.3121e+09,3.52004e+09,3.04219e+09,3.04219e+09,1,0
4240,254400,transverse,1,11935,62713,144275,27052,450590,27458,1684,440703,370896,2.17257e+06,1.08908e+09,301,6.76075e-06,0.000125913,0.00487409,3.95875e+09,1.3121e+09,3.52004e+09,3.04219e+09,3.04219e+09,1,0
4240,254400,descending,0.9975,8859,51433,132223,25956,439470,24866,2310,436549,364558,1.55679e+06,7.74601e+08,361,1.84515e-06,3.36776e-05,0.00496632,3.95875e+09,1.3121e+09,3.52004e+09,3.04219e+09,3.04219e+09,1,0
4250,255000,cecum,1,10748,56115,105863,24652,408784,20195,1759,395757,356637,2.31801e+06,1.18027e+09,121,3.74462e-05,0.000787975,0.00421202,3.9733e+09,1.31845e+09,3.52004e+09,3.05309e+09,3.05309e+09,1,0
4250,255000,transverse,1,11240,63254,144787,27152,452710,27559,1688,442479,372006,2.04458e+06,1.09291e+09,301,6.70543e-06,0.000124861,0.00487514,3.9733e+09,1.31845e+09,3.52004e+09,3.05309e+09,3.05309e+09,1,0
4250,255000,descending,1,9070,51390,132681,26029,440815,24951,2315,438090,365809,1.59546e+06,7.79717e+08,361,1.79389e-06,3.27393e-05,0.00496726,3.9733e+09,1.31845e+09,3.52004e+09,3.05309e+09,3.05309e+09,1,0
4260,255600,cecum,1,9825,56742,106330,24739,410953,20284,1768,397466,357583,2.14375e+06,1.18217e+09,121,3.73701e-05,0.000786129,0.00421387,3.98795e+09,1.32482e+09,3.52004e+09,3.06383e+09,3.06383e+09,1,0
4260,255600,transverse,1,11982,63467,145280,27249,454864,27658,1692,444612,374601,2.18188e+06,1.09668e+09,301,6.65271e-06,0.000123859,0.00487614,3.98795e+09,1.32482e+09,3.52004e+09,3.06383e+09,3.06383e+09,1,0
4260,255600,descending,0.9975,9053,51805,133100,26107,442361,25029,2320,439372,367070,1.59182e+06,7.84781e+08,361,1.74575e-06,3.18581e-05,0.00496814,3.98795e+09,1.32482e+09,3.52004e+09,3.06383e+09,3.06383e+09,1,0
4270,256200,cecum,0.9975,9577,57937,106811,24824,413623,20369,1776,399103,359686,2.07799e+06,1.18402e+09,121,3.7297e-05,0.000784357,0.00421564,4.00269e+09,1.33121e+09,3.52004e+09,3.0744e+09,3.0744e+09,1,0
4270,256200,transverse,1,11312,63584,145765,27355,456412,27751,1704,446230,375181,2.05702e+06,1.10038e+09,301,6.60241e-06,0.000122903,0.0048771,4.00269e+09,1.33121e+09,3.52004e+09,3.0744e+09,3.0744e+09,1,0
4270,256200,descending,1,9392,51473,133514,26200,443522,25093,2326,441016,368307,1.65472e+06,7.89793e+08,361,1.70052e-06,3.10305e-05,0.00496897,4.00269e+09,1.33121e+09,3.52004e+09,3.0744e+09,3.0744e+09,1,0
4280,256800,cecum,1,9387,57973,107236,24917,414992,20454,1788,400602,360606,2.04948e+06,1.18582e+09,121,3.72268e-05,0.000782655,0.00421734,4.01753e+09,1.33762e+09,3.52004e+09,3.08481e+09,3.08481e+09,1,0
4280,256800,transverse,1,10996,64420,146268,27447,458794,27844,1708,447957,376925,1.99834e+06,1.10403e+09,301,6.55438e-06,0.000121991,0.00487801,4.01753e+09,1.33762e+09,3.52004e+09,3.08481e+09,3.08481e+09,1,0
4280,256800,descending,1,9096,50984,133915,26268,444298,25165,2328,442419,368524,1.59844e+06,7.94756e+08,361,1.658e-06,3.02528e-05,0.00496975,4.01753e+09,1.33762e+09,3.52004e+09,3.08481e+09,3.08481e+09,1,0
4290,257400,cecum,1,10059,57803,107675,25019,416267,20535,1858,402160,362227,2.17897e+06,1.18758e+09,121,3.71592e-05,0.000781019,0.00421898,4.03246e+09,1.34406e+09,3.52004e+09,3.09507e+09,3.09507e+09,1,0
4290,257400,transverse,1,10897,64394,146765,27532,460603,27948,1713,449976,378322,1.97987e+06,1.10762e+09,301,6.50847e-06,0.000121119,0.00487888,4.03246e+09,1.34406e+09,3.52004e+09,3.09507e+09,3.09507e+09,1,0
4290,257400,descending,0.995,9188,52229,134341,26328,446791,25246,2335,443801,370817,1.62144e+06,7.99667e+08,361,1.61803e-06,2.95218e-05,0.00497048,4.03246e+09,1.34406e+09,3.52004e+09,3.09507e+09,3.09507e+09,1,0
4300,258000,cecum,1,9867,58110,108183,25122,418018,20642,1869,403803,363477,2.13682e+06,1.18929e+09,121,3.70942e-05,0.000779444,0.00422056,4.04748e+09,1.35052e+09,3.52004e+09,3.10518e+09,3.10518e+09,1,0
4300,258000,transverse,1,11526,65740,147252,27616,463506,28047,1718,451711,381545,2.09742e+06,1.11115e+09,301,6.46455e-06,0.000120285,0.00487971,4.04748e+09,1.35052e+09,3.52004e+09,3.10518e+09,3.10518e+09,1,0
4300,258000,descending,1,9765,51820,134762,26405,447511,25323,2339,445080,371843,1.72505e+06,8.0453e+08,361,1.58043e-06,2.88344e-05,0.00497117,4.04748e+09,1.35052e+09,3.52004e+09,3.10518e+09,3.10518e+09,1,0
4310,258600,cecum,1,10047,57351,108630,25212,418668,20730,1876,405383,364031,2.18092e+06,1.19096e+09,121,3.70315e-05,0.000777929,0.00422207,4.06259e+09,1.35699e+09,3.52004e+09,3.11514e+09,3.11514e+09,1,0
4310,258600,transverse,1,10927,65489,147723,27706,464978,28127,1720,453602,382115,1.98644e+06,1.11462e+09,301,6.42248e-06,0.000119487,0.00488051,4.06259e+09,1.35699e+09,3.52004e+09,3.11514e+09,3.11514e+09,1,0
4310,258600,descending,0.9975,8796,53348,135132,26483,450388,25390,2348,446565,373517,1.55031e+06,8.09345e+08,361,1.54505e-06,2.81877e-05,0.00497181,4.06259e+09,1.35699e+09,3.52004e+09,3.11514e+09,3.11514e+09,1,0
