step,time_s,region,occ_frac,patch_cells,pool_cells,births_cum,washout_cum,contraction_cum,edge_cum,reseeds_cum,distal_cum,external_cum,mean_cfu_ml,lumen_cells,lumen_lineages,lumen_mu_per_s,lumen_carbon_mol_m3,lumen_acetate_mol_m3,stool_cum,deaths_cum,purged_cum,stocks,expected,ledger_ok,hapc
10,600,cecum,0.01,26,16,1,1,16,0,0,1,2,4725.4,3189.78,2,0.0001375,0.005,8.53976e-10,58.745,19.5226,0,9959.45,9959.45,1,0
10,600,transverse,0.02,86,21,3,2,19,0,0,0,4,15826.1,3246.55,2,0.0001375,0.005,8.68712e-10,58.745,19.5226,0,9959.45,9959.45,1,0
10,600,descending,0.025,81,46,3,5,41,0,0,0,4,15234.5,3247.12,2,0.0001375,0.005,8.69283e-10,58.745,19.5226,0,9959.45,9959.45,1,0
20,1200,cecum,0.015,18,21,2,2,26,0,0,7,4,3215.3,3396.76,8,0.0001375,0.005,1.74497e-09,122.342,40.5361,0,10708.4,10708.4,1,0
20,1200,transverse,0.025,58,53,4,4,49,0,0,0,7,10628,3513.68,8,0.0001375,0.005,1.80843e-09,122.342,40.5361,0,10708.4,10708.4,1,0
20,1200,descending,0.03,65,63,5,6,60,0,0,3,6,12076,3519.98,10,0.0001375,0.005,1.81034e-09,122.342,40.5361,0,10708.4,10708.4,1,0
30,1800,cecum,0.015,14,29,2,2,34,0,0,7,8,2511.08,3608.68,8,0.0001375,0.005,2.67549e-09,191.28,63.1678,0,11514.3,11514.3,1,0
30,1800,transverse,0.025,41,71,6,5,67,1,0,2,8,7629.72,3806.03,10,0.0001375,0.005,2.82484e-09,191.28,63.1678,0,11514.3,11514.3,1,0
30,1800,descending,0.02,39,86,7,6,89,0,0,9,7,7263.05,3819.6,18,0.0001375,0.005,2.83039e-09,191.28,63.1678,0,11514.3,11514.3,1,0
40,2400,cecum,0.0275,14,31,3,2,41,0,0,12,14,2575.75,3837.15,13,0.0001375,0.005,3.64749e-09,266.066,87.5429,0,12382.4,12382.4,1,0
40,2400,transverse,0.02,22,90,7,6,85,2,0,3,8,4037.41,4121.2,16,0.0001375,0.005,3.92348e-09,266.066,87.5429,0,12382.4,12382.4,1,0
40,2400,descending,0.0225,28,101,10,6,104,1,0,10,9,5190.17,4138.08,20,0.0001375,0.005,3.93687e-09,266.066,87.5429,0,12382.4,12382.4,1,0
50,3000,cecum,0.04,17,29,3,2,43,0,0,16,19,3185.55,4080.29,16,0.0001375,0.005,4.66513e-09,347.104,113.789,0,13311.3,13311.3,1,0
50,3000,transverse,0.035,18,99,7,6,95,2,0,4,14,3303.63,4454.84,20,0.0001375,0.00499999,5.10942e-09,347.104,113.789,0,13311.3,13311.3,1,0
50,3000,descending,0.035,22,110,10,6,117,1,0,14,16,4072.44,4481.14,33,0.0001375,0.00499999,5.13564e-09,347.104,113.789,0,13311.3,13311.3,1,0
60,3600,cecum,0.0375,16,38,4,3,52,0,0,17,27,2967.91,4332.69,17,0.0001375,0.00499999,5.73011e-09,434.86,142.023,0,14310.9,14310.9,1,0
60,3600,transverse,0.0475,22,95,7,6,97,2,0,10,20,4046.23,4819.5,27,0.0001375,0.00499999,6.38792e-09,434.86,142.023,0,14310.9,14310.9,1,0
60,3600,descending,0.035,18,114,10,7,123,1,0,17,19,3323.61,4855.73,42,0.0001375,0.00499999,6.43351e-09,434.86,142.023,0,14310.9,14310.9,1,0
70,4200,cecum,0.04,16,45,5,3,59,0,0,17,33,2967.91,4602.13,17,0.0001375,0.00499999,6.84492e-09,529.917,172.401,0,15386.8,15386.8,1,0
70,4200,transverse,0.0575,24,101,8,6,103,2,0,10,27,4417.53,5205.31,27,0.0001375,0.00499999,7.76659e-09,529.917,172.401,0,15386.8,15386.8,1,0
70,4200,descending,0.0275,11,124,10,7,134,1,0,18,23,2053.95,5258.33,42,0.0001375,0.00499999,7.83895e-09,529.917,172.401,0,15386.8,15386.8,1,0
80,4800,cecum,0.05,21,47,6,3,61,0,0,17,39,3951.43,4888.64,17,0.0001375,0.00499999,8.01314e-09,632.902,205.081,0,16545.2,16545.2,1,0
80,4800,transverse,0.055,24,109,10,8,110,4,0,13,36,4361.83,5622.12,30,0.0001375,0.00499999,9.25126e-09,632.902,205.081,0,16545.2,16545.2,1,0
80,4800,descending,0.04,17,124,11,8,136,1,0,21,31,3207.14,5692.46,48,0.0001375,0.00499999,9.36104e-09,632.902,205.081,0,16545.2,16545.2,1,0
90,5400,cecum,0.0475,21,51,7,4,66,0,0,19,44,3929.87,5196.45,19,0.0001375,0.00499999,9.23917e-09,744.338,240.218,0,17787.8,17787.8,1,0
90,5400,transverse,0.0475,21,117,11,9,120,4,0,16,43,3804.42,6073.01,35,0.0001375,0.00499999,1.08485e-08,744.338,240.218,0,17787.8,17787.8,1,0
90,5400,descending,0.055,23,120,11,8,138,1,0,27,39,4333.14,6165.36,56,0.0001375,0.00499999,1.10073e-08,744.338,240.218,0,17787.8,17787.8,1,0
100,6000,cecum,0.045,21,53,8,4,70,0,0,21,47,3929.87,5526,20,0.0001375,0.00499999,1.05283e-08,865.052,278.05,0,19124.8,19124.8,1,0
100,6000,transverse,0.045,18,117,11,9,126,4,0,22,46,3256.75,6566.19,42,0.0001375,0.00499999,1.25697e-08,865.052,278.05,0,19124.8,19124.8,1,0
100,6000,descending,0.065,28,119,12,10,139,1,0,31,46,5203.95,6676.59,69,0.0001375,0.00499999,1.27897e-08,865.052,278.05,0,19124.8,19124.8,1,0
110,6600,cecum,0.06,27,56,9,4,74,1,0,23,57,5020.11,5869.28,20,0.0001375,0.00499999,1.18837e-08,995.833,318.773,0,20563,20563,1,0
110,6600,transverse,0.0475,19,114,11,9,127,4,0,26,48,3441.94,7096.27,46,0.0001375,0.00499999,1.44239e-08,995.833,318.773,0,20563,20563,1,0
110,6600,descending,0.07,29,119,13,10,145,1,0,37,52,5377.56,7233.43,78,0.0001375,0.00499999,1.47197e-08,995.833,318.773,0,20563,20563,1,0
120,7200,cecum,0.0625,27,64,10,6,79,2,0,23,64,5029.37,6235.41,20,0.0001375,0.00499999,1.33089e-08,1137.45,362.583,0,22108.1,22108.1,1,0
120,7200,transverse,0.04,17,120,11,9,135,4,0,28,54,3089.2,7660.66,48,0.0001375,0.00499998,1.64191e-08,1137.45,362.583,0,22108.1,22108.1,1,0
120,7200,descending,0.06,25,129,13,11,156,1,0,39,60,4707.55,7830.02,80,0.0001375,0.00499998,1.68083e-08,1137.45,362.583,0,22108.1,22108.1,1,0
130,7800,cecum,0.0675,31,64,11,8,82,2,0,28,72,5678.19,6628.99,24,0.0001375,0.00499999,1.48097e-08,1290.69,409.701,0,23771.8,23771.8,1,0
130,7800,transverse,0.045,18,128,13,10,141,5,0,28,61,3283.21,8265.18,52,0.0001375,0.00499998,1.85642e-08,1290.69,409.701,0,23771.8,23771.8,1,0
130,7800,descending,0.06,25,140,14,12,166,2,0,40,71,4625.98,8471.67,84,0.0001375,0.00499998,1.90667e-08,1290.69,409.701,0,23771.8,23771.8,1,0
140,8400,cecum,0.055,26,74,15,10,96,3,0,35,80,4839.44,7049.67,28,0.0001375,0.00499998,1.63919e-08,1456.62,460.406,0,25561,25561,1,0
140,8400,transverse,0.05,22,124,13,12,143,5,0,36,69,4033.7,8923.48,62,0.0001375,0.00499998,2.08719e-08,1456.62,460.406,0,25561,25561,1,0
140,8400,descending,0.045,19,144,14,12,181,2,0,51,80,3475.54,9178.82,103,0.0001375,0.00499998,2.15104e-08,1456.62,460.406,0,25561,25561,1,0
150,9000,cecum,0.0775,34,75,16,12,98,3,0,38,91,6281.84,7489.9,28,0.0001375,0.00499998,1.80603e-08,1636.36,514.976,0,27481.9,27481.9,1,0
150,9000,transverse,0.0525,23,118,13,12,145,5,0,44,72,4200.32,9636.98,65,0.0001375,0.00499998,2.33538e-08,1636.36,514.976,0,27481.9,27481.9,1,0
150,9000,descending,0.045,20,144,14,13,185,2,0,56,86,3649.15,9941.08,108,0.0001375,0.00499998,2.41554e-08,1636.36,514.976,0,27481.9,27481.9,1,0
160,9600,cecum,0.0725,33,81,16,12,106,3,0,40,98,6135.03,7961.29,28,0.0001375,0.00499998,1.98204e-08,1830.92,573.679,0,29548.2,29548.2,1,0
160,9600,transverse,0.06,27,122,14,12,150,5,0,45,80,4961.48,10392.3,65,0.0001375,0.00499997,2.60221e-08,1830.92,573.679,0,29548.2,29548.2,1,0
160,9600,descending,0.0375,16,159,15,15,198,2,0,56,96,2881.4,10756.6,108,0.0001375,0.00499997,2.70159e-08,1830.92,573.679,0,29548.2,29548.2,1,0
170,10200,cecum,0.0475,21,95,16,12,120,3,0,40,100,3911.43,8465.62,28,0.0001375,0.00499998,2.16782e-08,2041.51,636.822,0,31773.2,31773.2,1,0
170,10200,transverse,0.07,32,125,14,13,155,5,0,48,91,5953.77,11204.1,66,0.0001375,0.00499997,2.88892e-08,2041.51,636.822,0,31773.2,31773.2,1,0
170,10200,descending,0.0475,22,165,21,16,205,4,0,60,106,4012.91,11643.5,109,0.0001375,0.00499997,3.01094e-08,2041.51,636.822,0,31773.2,31773.2,1,0
180,10800,cecum,0.0525,24,94,17,13,121,3,0,43,104,4465.82,9003.08,28,0.0001375,0.00499998,2.36415e-08,2269.43,704.749,0,34164,34164,1,0
180,10800,transverse,0.07,33,124,16,14,167,5,0,62,103,6147.78,12087.9,76,0.0001375,0.00499997,3.19699e-08,2269.43,704.749,0,34164,34164,1,0
180,10800,descending,0.05,24,172,23,16,215,5,0,64,117,4392.84,12602.1,119,0.0001375,0.00499997,3.34544e-08,2269.43,704.749,0,34164,34164,1,0
190,11400,cecum,0.07,30,99,17,13,128,3,0,45,117,5599.18,9564.3,28,0.0001375,0.00499997,2.57155e-08,2516.17,777.82,0,36732.9,36732.9,1,0
190,11400,transverse,0.0875,43,125,19,15,169,6,0,65,114,8021.91,13028.2,79,0.0001375,0.00499996,3.52803e-08,2516.17,777.82,0,36732.9,36732.9,1,0
190,11400,descending,0.05,24,176,24,17,221,6,0,68,124,4390.08,13643.4,123,0.000137499,0.00499996,3.70718e-08,2516.17,777.82,0,36732.9,36732.9,1,0
200,12000,cecum,0.07,34,111,21,14,141,3,0,47,131,6355.79,10160.3,28,0.0001375,0.00499997,2.79071e-08,2783.19,856.392,0,39497.2,39497.2,1,0
200,12000,transverse,0.09,47,137,22,18,178,7,0,66,128,8735.26,14034.4,79,0.000137499,0.00499996,3.88345e-08,2783.19,856.392,0,39497.2,39497.2,1,0
200,12000,descending,0.065,31,180,25,18,229,6,0,73,139,5635.31,14762.5,124,0.000137499,0.00499996,4.09824e-08,2783.19,856.392,0,39497.2,39497.2,1,0
210,12600,cecum,0.09,40,112,21,15,145,3,0,51,142,7470.7,10799.5,28,0.0001375,0.00499997,3.02241e-08,3072.1,940.885,0,42463.4,42463.4,1,0
210,12600,transverse,0.1,49,144,24,20,191,7,0,74,143,9042.05,15122.9,82,0.000137499,0.00499996,4.26514e-08,3072.1,940.885,0,42463.4,42463.4,1,0
210,12600,descending,0.075,38,187,27,20,238,6,0,77,155,6888.8,15971,128,0.000137499,0.00499995,4.52092e-08,3072.1,940.885,0,42463.4,42463.4,1,0
220,13200,cecum,0.0875,42,119,23,16,152,3,0,52,150,7878.28,11479.1,28,0.0001375,0.00499997,3.26742e-08,3384.71,1031.73,0,45650.5,45650.5,1,0
220,13200,transverse,0.1075,52,148,25,21,197,7,0,77,152,9579.97,16294.1,82,0.000137499,0.00499995,4.6749e-08,3384.71,1031.73,0,45650.5,45650.5,1,0
220,13200,descending,0.08,40,197,28,21,252,6,0,82,171,7181.64,17279.3,130,0.000137499,0.00499995,4.97776e-08,3384.71,1031.73,0,45650.5,45650.5,1,0
230,13800,cecum,0.09,41,131,24,18,165,4,0,56,164,7669.91,12198.9,28,0.0001375,0.00499996,3.52673e-08,3723.03,1129.45,0,49075.9,49075.9,1,0
230,13800,transverse,0.12,57,153,26,21,210,8,0,86,170,10507.8,17550.3,86,0.000137499,0.00499995,5.11491e-08,3723.03,1129.45,0,49075.9,49075.9,1,0
230,13800,descending,0.08,43,202,30,23,266,6,0,93,188,7816.75,18699.7,139,0.000137499,0.00499995,5.47159e-08,3723.03,1129.45,0,49075.9,49075.9,1,0
240,14400,cecum,0.0875,40,142,25,18,178,5,0,59,176,7510.8,12965.5,28,0.000137499,0.00499996,3.8012e-08,4089.18,1234.52,0,52756,52756,1,0
240,14400,transverse,0.095,48,172,27,22,231,8,0,89,182,8863.83,18900.8,86,0.000137499,0.00499994,5.58723e-08,4089.18,1234.52,0,52756,52756,1,0
240,14400,descending,0.0925,51,191,31,23,272,6,0,110,201,9344.35,20245.7,153,0.000137499,0.00499994,6.00542e-08,4089.18,1234.52,0,52756,52756,1,0
250,15000,cecum,0.105,47,152,26,18,191,5,0,62,195,8840.23,13773.7,28,0.000137499,0.00499996,4.09176e-08,4485.46,1347.53,0,56713,56713,1,0
250,15000,transverse,0.0875,46,184,31,23,248,9,0,96,195,8501.35,20355.5,86,0.000137499,0.00499994,6.09433e-08,4485.46,1347.53,0,56713,56713,1,0
250,15000,descending,0.1025,53,198,31,24,286,6,0,118,218,9697.09,21903.8,154,0.000137499,0.00499993,6.58247e-08,4485.46,1347.53,0,56713,56713,1,0
260,15600,cecum,0.1,46,159,26,18,208,5,0,72,211,8650.3,14643.5,29,0.000137499,0.00499996,4.39941e-08,4914.11,1469.03,0,60962.3,60962.3,1,0
260,15600,transverse,0.12,60,191,34,24,261,10,0,104,221,11192.3,21906.7,87,0.000137499,0.00499993,6.63858e-08,4914.11,1469.03,0,60962.3,60962.3,1,0
260,15600,descending,0.1325,65,200,31,25,290,6,0,121,235,11834.8,23691.2,154,0.000137499,0.00499993,7.20588e-08,4914.11,1469.03,0,60962.3,60962.3,1,0
270,16200,cecum,0.105,47,170,27,18,227,5,0,80,230,8812.53,15563.7,30,0.000137499,0.00499995,4.72557e-08,5377.7,1599.66,0,65528.9,65528.9,1,0
270,16200,transverse,0.1175,57,209,34,24,281,10,0,106,238,10645.6,23576.9,88,0.000137499,0.00499993,7.2225e-08,5377.7,1599.66,0,65528.9,65528.9,1,0
270,16200,descending,0.1375,72,211,34,25,306,6,0,126,255,13118.2,25622.3,156,0.000137499,0.00499992,7.87925e-08,5377.7,1599.66,0,65528.9,65528.9,1,0
280,16800,cecum,0.13,59,177,28,18,237,6,0,84,252,11082.4,16535.2,30,0.000137499,0.00499995,5.07107e-08,5879.11,1740.08,0,70438.9,70438.9,1,0
280,16800,transverse,0.165,82,205,35,24,289,10,0,118,270,15249.2,25366.7,93,0.000137499,0.00499992,7.84912e-08,5879.11,1740.08,0,70438.9,70438.9,1,0
280,16800,descending,0.14,76,229,40,25,331,6,0,133,278,13872.6,27708.9,162,0.000137499,0.00499991,8.60662e-08,5879.11,1740.08,0,70438.9,70438.9,1,0
290,17400,cecum,0.15,70,182,30,21,244,7,0,90,272,13106.9,17572.7,30,0.000137499,0.00499995,5.43718e-08,6421.36,1891.01,0,75711,75711,1,0
290,17400,transverse,0.1325,70,247,36,25,332,10,0,120,301,12973.6,27280.2,93,0.000137499,0.00499991,8.52106e-08,6421.36,1891.01,0,75711,75711,1,0
290,17400,descending,0.1425,78,246,44,26,351,7,0,138,298,14143.7,29965.1,163,0.000137499,0.00499991,9.39221e-08,6421.36,1891.01,0,75711,75711,1,0
300,18000,cecum,0.15,67,195,31,22,263,8,0,98,289,12669.5,18681.2,34,0.000137499,0.00499994,5.8253e-08,7007.57,2053.23,0,81369.7,81369.7,1,0
300,18000,transverse,0.1475,76,253,37,27,346,10,0,130,322,14088.5,29354.8,99,0.000137499,0.00499991,9.24191e-08,7007.57,2053.23,0,81369.7,81369.7,1,0
300,18000,descending,0.145,79,271,45,27,378,7,0,141,326,14507.7,32392.6,167,0.000137499,0.0049999,1.02404e-07,7007.57,2053.23,0,81369.7,81369.7,1,0
310,18600,cecum,0.125,58,212,34,24,287,8,0,107,303,10920.2,19864.3,35,0.000137499,0.00499994,6.23704e-08,7641.29,2227.63,0,87453.7,87453.7,1,0
310,18600,transverse,0.165,81,256,39,29,361,11,0,145,343,15071.9,31588.9,104,0.000137499,0.0049999,1.00156e-07,7641.29,2227.63,0,87453.7,87453.7,1,0
310,18600,descending,0.19,103,274,47,29,387,7,0,149,359,18856.8,35016.5,176,0.000137498,0.00499989,1.1156e-07,7641.29,2227.63,0,87453.7,87453.7,1,0
320,19200,cecum,0.12,57,222,37,25,301,9,0,113,315,10718,21121.8,35,0.000137499,0.00499993,6.674e-08,8326.37,2415.14,0,93995.4,93995.4,1,0
320,19200,transverse,0.145,71,285,45,34,396,11,0,156,367,13178.3,33981.6,108,0.000137499,0.00499989,1.08459e-07,8326.37,2415.14,0,93995.4,93995.4,1,0
320,19200,descending,0.19,103,298,50,31,415,8,0,156,387,18835.1,37856,182,0.000137498,0.00499988,1.21446e-07,8326.37,2415.14,0,93995.4,93995.4,1,0
330,19800,cecum,0.13,63,237,42,26,317,9,0,115,333,11891.5,22448.9,35,0.000137499,0.00499993,7.13759e-08,9066.98,2616.68,0,101020,101020,1,0
330,19800,transverse,0.1925,99,296,47,35,411,11,0,161,409,18309.2,36526.7,109,0.000137498,0.00499988,1.17365e-07,9066.98,2616.68,0,101020,101020,1,0
330,19800,descending,0.2075,111,320,54,31,441,10,0,162,419,20232.3,40918.9,183,0.000137498,0.00499987,1.32118e-07,9066.98,2616.68,0,101020,101020,1,0
340,20400,cecum,0.1325,68,243,43,30,328,9,0,124,352,12748.7,23866.5,36,0.000137499,0.00499992,7.62949e-08,9867.58,2833.28,0,108561,108561,1,0
340,20400,transverse,0.1975,101,325,50,35,450,12,0,172,448,18687.5,39269.5,112,0.000137498,0.00499987,1.26914e-07,9867.58,2833.28,0,108561,108561,1,0
340,20400,descending,0.1775,101,339,57,33,484,10,1,187,450,18262.5,44248,198,0.000137498,0.00499986,1.4364e-07,9867.58,2833.28,0,108561,108561,1,0
350,21000,cecum,0.16,82,246,46,31,335,10,0,130,372,15389.2,25370.3,36,0.000137499,0.00499992,8.15157e-08,10733.3,3066.1,0,116666,116666,1,0
350,21000,transverse,0.2025,103,352,54,36,482,13,0,179,480,19049,42217.9,112,0.000137498,0.00499986,1.37154e-07,10733.3,3066.1,0,116666,116666,1,0
350,21000,descending,0.2125,118,353,62,34,511,10,1,201,490,21466.9,47823.7,198,0.000137498,0.00499984,1.56081e-07,10733.3,3066.1,0,116666,116666,1,0
360,21600,cecum,0.19,95,253,48,31,347,12,0,137,397,17759.6,26965.7,36,0.000137499,0.00499991,8.7057e-08,11668.8,3316.32,0,125370,125370,1,0
360,21600,transverse,0.2,107,380,59,37,516,14,0,187,515,19872.8,45381.9,112,0.000137498,0.00499985,1.48137e-07,11668.8,3316.32,0,125370,125370,1,0
360,21600,descending,0.195,118,383,67,38,543,10,1,207,521,21333.6,51686.6,198,0.000137498,0.00499983,1.69508e-07,11668.8,3316.32,0,125370,125370,1,0
370,22200,cecum,0.165,83,277,48,33,380,12,0,148,420,15455.9,28668.6,36,0.000137499,0.00499991,9.29387e-08,12679.9,3585.24,0,134719,134719,1,0
370,22200,transverse,0.235,131,395,65,39,541,14,0,199,560,24176.2,48772.9,112,0.000137498,0.00499984,1.59915e-07,12679.9,3585.24,0,134719,134719,1,0
370,22200,descending,0.255,151,388,74,40,560,11,1,222,567,27547.1,55852.9,198,0.000137497,0.00499982,1.84001e-07,12679.9,3585.24,0,134719,134719,1,0
380,22800,cecum,0.1725,88,293,53,35,401,13,0,156,444,16387,30475.8,36,0.000137499,0.0049999,9.91834e-08,13772.5,3874.21,0,144760,144760,1,0
380,22800,transverse,0.2875,154,416,68,40,568,15,0,207,609,28472.1,52405.1,112,0.000137498,0.00499983,1.72543e-07,13772.5,3874.21,0,144760,144760,1,0
380,22800,descending,0.27,155,420,80,45,599,13,1,236,611,28219.9,60353.1,198,0.000137497,0.0049998,1.9964e-07,13772.5,3874.21,0,144760,144760,1,0
390,23400,cecum,0.1675,82,310,53,39,425,13,0,167,466,15278.3,32402.9,36,0.000137499,0.00499989,1.05814e-07,14953.1,4184.75,0,155539,155539,1,0
390,23400,transverse,0.3225,175,432,73,42,591,16,0,217,651,32405.6,56313.9,113,0.000137497,0.00499981,1.86083e-07,14953.1,4184.75,0,155539,155539,1,0
390,23400,descending,0.26,153,460,86,49,647,13,1,248,655,27671.7,65210.1,199,0.000137497,0.00499978,2.16514e-07,14953.1,4184.75,0,155539,155539,1,0
400,24000,cecum,0.1425,71,339,58,41,464,14,0,180,492,13146,34450.8,36,0.000137498,0.00499989,1.12858e-07,16228.4,4518.46,0,167119,167119,1,0
400,24000,transverse,0.3425,195,436,78,42,608,17,0,231,684,36171.4,60523,113,0.000137497,0.0049998,2.00603e-07,16228.4,4518.46,0,167119,167119,1,0
400,24000,descending,0.3525,212,454,91,49,647,15,1,256,711,38592.1,70438.1,199,0.000137497,0.00499977,2.34718e-07,16228.4,4518.46,0,167119,167119,1,0
410,24600,cecum,0.1475,75,361,63,45,491,17,0,192,525,14075.1,36620.6,36,0.000137498,0.00499988,1.20337e-07,17606.2,4877.07,0,179560,179560,1,0
410,24600,transverse,0.355,213,467,88,44,644,21,0,242,734,39546.6,65020.5,113,0.000137497,0.00499978,2.16175e-07,17606.2,4877.07,0,179560,179560,1,0
410,24600,descending,0.3725,234,469,96,52,669,16,1,267,754,42539.6,76099.5,199,0.000137497,0.00499975,2.54358e-07,17606.2,4877.07,0,179560,179560,1,0
420,25200,cecum,0.155,79,376,66,45,517,17,0,203,552,14739.3,38933.4,36,0.000137498,0.00499987,1.28281e-07,19094.4,5262.38,0,192918,192918,1,0
420,25200,transverse,0.285,166,557,96,46,747,22,0,258,785,30942.6,69851.3,114,0.000137497,0.00499977,2.32871e-07,19094.4,5262.38,0,192918,192918,1,0
420,25200,descending,0.365,232,524,106,58,733,17,1,283,813,42135.6,82199.4,200,0.000137496,0.00499972,2.75544e-07,19094.4,5262.38,0,192918,192918,1,0
430,25800,cecum,0.135,79,403,68,46,558,17,0,218,592,14782.5,41384.1,36,0.000137498,0.00499986,1.36718e-07,20702,5676.38,0,207252,207252,1,0
430,25800,transverse,0.34,210,570,101,47,775,24,0,276,855,39011.9,75018,114,0.000137497,0.00499975,2.5077e-07,20702,5676.38,0,207252,207252,1,0
430,25800,descending,0.3325,209,600,111,59,817,18,1,293,871,38066.5,88779.1,200,0.000137496,0.0049997,2.98398e-07,20702,5676.38,0,207252,207252,1,0
440,26400,cecum,0.21,118,388,70,46,563,17,0,238,634,22047.8,43993.7,36,0.000137498,0.00499985,1.45679e-07,22438.3,6121.16,0,222649,222649,1,0
440,26400,transverse,0.3875,231,610,108,51,828,24,0,293,926,42901.2,80559.9,117,0.000137496,0.00499973,2.69953e-07,22438.3,6121.16,0,222649,222649,1,0
440,26400,descending,0.335,210,654,121,63,886,21,1,315,938,38194,95884.1,205,0.000137496,0.00499968,3.23049e-07,22438.3,6121.16,0,222649,222649,1,0
450,27000,cecum,0.2225,131,402,80,46,587,18,0,249,662,24476.8,46774.5,36,0.000137498,0.00499984,1.55199e-07,24313.3,6599.02,0,239181,239181,1,0
450,27000,transverse,0.3675,222,657,112,53,891,24,1,310,977,41265.2,86527.2,117,0.000137496,0.00499971,2.90519e-07,24313.3,6599.02,0,239181,239181,1,0
450,27000,descending,0.335,212,708,128,68,955,23,1,337,1009,38481.3,103548,205,0.000137495,0.00499965,3.49634e-07,24313.3,6599.02,0,239181,239181,1,0
460,27600,cecum,0.2425,146,423,87,47,620,19,0,263,705,27184,49719.8,36,0.000137498,0.00499983,1.65313e-07,26338.3,7112.45,0,256936,256936,1,0
460,27600,transverse,0.39,236,690,117,58,941,24,1,332,1041,43780.3,92921.2,117,0.000137496,0.00499969,3.12567e-07,26338.3,7112.45,0,256936,256936,1,0
460,27600,descending,0.3225,215,753,140,78,1018,27,1,369,1077,39119.2,111832,206,0.000137495,0.00499962,3.78306e-07,26338.3,7112.45,0,256936,256936,1,0
470,28200,cecum,0.26,157,446,93,47,654,19,0,274,744,29300.8,52853.8,36,0.000137498,0.00499982,1.76058e-07,28525,7664.09,0,275992,275992,1,0
470,28200,transverse,0.3925,245,719,122,60,981,25,1,346,1088,45439.1,99790.2,117,0.000137495,0.00499966,3.36205e-07,28525,7664.09,0,275992,275992,1,0
470,28200,descending,0.3925,248,791,147,82,1079,27,1,396,1168,45099,120742,210,0.000137494,0.00499959,4.09228e-07,28525,7664.09,0,275992,275992,1,0
480,28800,cecum,0.265,155,497,95,47,712,19,0,281,798,29016.5,56167.3,36,0.000137497,0.00499981,1.87471e-07,30885.7,8256.64,0,296453,296453,1,0
480,28800,transverse,0.3375,211,824,133,61,1102,26,1,364,1166,39116.3,107131,117,0.000137495,0.00499964,3.61542e-07,30885.7,8256.64,0,296453,296453,1,0
480,28800,descending,0.475,303,827,156,88,1127,30,1,417,1271,55278.5,130338,210,0.000137494,0.00499956,4.42566e-07,30885.7,8256.64,0,296453,296453,1,0
490,29400,cecum,0.2675,161,538,102,47,763,22,0,294,851,30140.7,59699.1,36,0.000137497,0.0049998,1.99594e-07,33434.4,8893.16,0,318419,318419,1,0
490,29400,transverse,0.36,242,850,146,63,1164,27,1,403,1249,44896.5,115021,122,0.000137495,0.00499961,3.88698e-07,33434.4,8893.16,0,318419,318419,1,0
490,29400,descending,0.5175,339,831,160,98,1150,31,1,447,1337,61814.2,140739,216,0.000137493,0.00499952,4.78511e-07,33434.4,8893.16,0,318419,318419,1,0
500,30000,cecum,0.31,191,551,110,49,789,22,0,309,901,35696.6,63460.4,36,0.000137497,0.00499979,2.12472e-07,36186.3,9576.98,0,342006,342006,1,0
500,30000,transverse,0.35,246,902,155,65,1242,28,1,432,1325,45616.8,123480,122,0.000137494,0.00499958,4.17808e-07,36186.3,9576.98,0,342006,342006,1,0
500,30000,descending,0.4625,306,923,170,103,1263,32,1,474,1413,55748.5,151946,216,0.000137493,0.00499948,5.17273e-07,36186.3,9576.98,0,342006,342006,1,0
510,30600,cecum,0.285,178,606,115,53,847,24,0,318,947,33326.2,67458.9,36,0.000137497,0.00499977,2.26156e-07,39157.2,10311.5,0,367324,367324,1,0
510,30600,transverse,0.3575,254,969,164,67,1331,31,2,458,1417,47017.1,132533,126,0.000137494,0.00499955,4.49004e-07,39157.2,10311.5,0,367324,367324,1,0
510,30600,descending,0.49,340,957,182,109,1314,33,1,498,1493,62122.1,164028,220,0.000137492,0.00499944,5.59065e-07,39157.2,10311.5,0,367324,367324,1,0
520,31200,cecum,0.29,193,628,123,59,878,24,0,333,991,36258.3,71719.9,36,0.000137497,0.00499976,2.40696e-07,42364.3,11100.6,0,394508,394508,1,0
520,31200,transverse,0.36,256,1043,173,71,1423,33,2,482,1508,47441.3,142240,126,0.000137493,0.00499952,4.82436e-07,42364.3,11100.6,0,394508,394508,1,0
520,31200,descending,0.5125,367,1001,196,115,1386,36,1,535,1587,67271.9,177059,220,0.000137492,0.0049994,6.04123e-07,42364.3,11100.6,0,394508,394508,1,0
530,31800,cecum,0.2675,188,678,133,60,939,26,1,346,1039,35265.7,76245.7,36,0.000137496,0.00499974,2.56149e-07,45826,11948.1,0,423687,423687,1,0
530,31800,transverse,0.39,286,1104,184,76,1514,38,2,522,1628,52985.7,152637,126,0.000137493,0.00499948,5.18256e-07,45826,11948.1,0,423687,423687,1,0
530,31800,descending,0.53,387,1053,206,120,1464,36,1,566,1680,70842.2,191108,220,0.000137491,0.00499935,6.52694e-07,45826,11948.1,0,423687,423687,1,0
540,32400,cecum,0.31,214,691,143,65,968,28,1,369,1091,40092.9,81065.8,36,0.000137496,0.00499973,2.72574e-07,49562.1,12858.4,0,455010,455010,1,0
540,32400,transverse,0.4675,344,1151,196,80,1590,44,3,560,1759,63766.4,163772,127,0.000137492,0.00499944,5.56637e-07,49562.1,12858.4,0,455010,455010,1,0
540,32400,descending,0.51,377,1137,218,125,1590,37,1,614,1790,69087.2,206258,221,0.00013749,0.00499929,7.05049e-07,49562.1,12858.4,0,455010,455010,1,0
550,33000,cecum,0.29,199,741,148,68,1027,29,1,382,1134,37271.9,86191.3,36,0.000137496,0.00499971,2.90032e-07,53594.5,13836.2,0,488637,488637,1,0
550,33000,transverse,0.4425,338,1239,213,84,1709,45,3,596,1860,62572.6,175740,127,0.000137492,0.0049994,5.97759e-07,53594.5,13836.2,0,488637,488637,1,0
550,33000,descending,0.49,371,1213,235,132,1699,40,1,657,1886,67453.2,222605,221,0.00013749,0.00499924,7.61485e-07,53594.5,13836.2,0,488637,488637,1,0
560,33600,cecum,0.295,206,778,153,70,1077,32,1,400,1191,38490.5,91633.4,36,0.000137496,0.00499969,3.08587e-07,57946,14886.4,0,524732,524732,1,0
560,33600,transverse,0.49,384,1269,227,88,1768,48,3,632,1958,71101.8,188574,130,0.000137491,0.00499936,6.41823e-07,57946,14886.4,0,524732,524732,1,0
560,33600,descending,0.5225,390,1310,256,135,1820,45,1,689,2013,70963.8,240188,224,0.000137489,0.00499918,8.2231e-07,57946,14886.4,0,524732,524732,1,0
570,34200,cecum,0.2675,191,830,161,72,1157,35,1,433,1253,35968.1,97432.4,40,0.000137496,0.00499967,3.28312e-07,62641,16014.3,0,563481,563481,1,0
570,34200,transverse,0.51,433,1325,248,95,1843,50,3,660,2070,80152.7,202311,134,0.000137491,0.00499931,6.89038e-07,62641,16014.3,0,563481,563481,1,0
570,34200,descending,0.5975,457,1357,274,138,1890,50,1,720,2140,83523.4,259145,228,0.000137488,0.00499911,8.87854e-07,62641,16014.3,0,563481,563481,1,0
580,34800,cecum,0.295,208,870,168,75,1219,36,1,459,1329,39141.4,103578,40,0.000137495,0.00499965,3.49279e-07,67706.6,17225.6,0,605070,605070,1,0
580,34800,transverse,0.4975,412,1430,271,103,1983,53,3,706,2177,76346.4,217061,134,0.00013749,0.00499926,7.39625e-07,67706.6,17225.6,0,605070,605070,1,0
580,34800,descending,0.5925,465,1448,292,144,2010,55,1,760,2261,84863.8,279598,228,0.000137487,0.00499904,9.58483e-07,67706.6,17225.6,0,605070,605070,1,0
590,35400,cecum,0.3275,234,892,179,76,1266,38,1,487,1394,43968.4,110128,41,0.000137495,0.00499963,3.71563e-07,73172,18526.6,0,649695,649695,1,0
590,35400,transverse,0.565,466,1489,285,107,2067,56,3,738,2308,86157.5,232832,136,0.000137489,0.00499921,7.9382e-07,73172,18526.6,0,649695,649695,1,0
590,35400,descending,0.6475,551,1447,304,155,2041,57,1,805,2379,100366,301656,230,0.000137486,0.00499897,1.03459e-06,73172,18526.6,0,649695,649695,1,0
600,36000,cecum,0.3325,243,948,193,79,1340,39,3,507,1465,45548.5,117081,41,0.000137495,0.0049996,3.9525e-07,79068.5,19923.7,0,697604,697604,1,0
600,36000,transverse,0.53,455,1591,304,114,2199,56,3,775,2417,84227.7,249764,136,0.000137488,0.00499915,8.51879e-07,79068.5,19923.7,0,697604,697604,1,0
600,36000,descending,0.625,551,1515,323,162,2154,60,1,860,2483,100380,325456,230,0.000137485,0.00499888,1.11661e-06,79068.5,19923.7,0,697604,697604,1,0
610,36600,cecum,0.3875,290,953,202,80,1374,39,4,536,1537,54323.9,124484,41,0.000137494,0.00499958,4.20432e-07,85429.7,21424.1,0,749021,749021,1,0
610,36600,transverse,0.56,487,1661,319,124,2310,58,3,828,2557,90282.2,267897,136,0.000137488,0.00499909,9.1408e-07,85429.7,21424.1,0,749021,749021,1,0
610,36600,descending,0.655,601,1583,349,168,2261,68,1,913,2628,109045,351065,232,0.000137484,0.0049988,1.20498e-06,85429.7,21424.1,0,749021,749021,1,0
620,37200,cecum,0.4175,312,991,213,83,1429,42,4,559,1609,58323.6,132351,41,0.000137494,0.00499955,4.47198e-07,92291.2,23035.4,0,804201,804201,1,0
620,37200,transverse,0.5525,471,1747,338,131,2454,63,3,898,2678,87189.7,287368,136,0.000137487,0.00499902,9.80717e-07,92291.2,23035.4,0,804201,804201,1,0
620,37200,descending,0.5975,515,1791,369,180,2492,72,1,952,2769,93328.6,378656,232,0.000137482,0.0049987,1.30018e-06,92291.2,23035.4,0,804201,804201,1,0
630,37800,cecum,0.4225,320,1039,226,91,1495,45,4,588,1681,59981.6,140725,41,0.000137493,0.00499952,4.75656e-07,99691.2,24765.6,0,863422,863422,1,0
630,37800,transverse,0.57,488,1832,351,133,2591,64,4,952,2821,90610.3,308195,136,0.000137486,0.00499895,1.05211e-06,99691.2,24765.6,0,863422,863422,1,0
630,37800,descending,0.6125,563,1919,395,183,2663,80,1,1006,2973,102258,408342,239,0.000137481,0.0049986,1.40273e-06,99691.2,24765.6,0,863422,863422,1,0
640,38400,cecum,0.4225,336,1076,242,98,1565,50,4,633,1763,63023.6,149638,41,0.000137493,0.00499949,5.05911e-07,107671,26623.4,0,926992,926992,1,0
640,38400,transverse,0.59,527,1913,376,144,2719,64,5,1009,2973,97736.9,330507,136,0.000137485,0.00499887,1.12857e-06,107671,26623.4,0,926992,926992,1,0
640,38400,descending,0.6575,617,2012,426,188,2795,85,1,1055,3138,112229,440367,242,0.000137479,0.00499849,1.51319e-06,107671,26623.4,0,926992,926992,1,0
650,39000,cecum,0.495,395,1076,249,106,1586,51,4,663,1845,74075,159102,41,0.000137493,0.00499946,5.38077e-07,116277,28618.4,0,995205,995205,1,0
650,39000,transverse,0.575,554,2008,412,154,2861,74,6,1075,3125,102609,354426,138,0.000137483,0.00499879,1.21048e-06,116277,28618.4,0,995205,995205,1,0
650,39000,descending,0.6575,642,2123,450,197,2935,91,1,1099,3294,116747,474879,245,0.000137478,0.00499837,1.63218e-06,116277,28618.4,0,995205,995205,1,0
660,39600,cecum,0.5025,415,1131,266,111,1664,53,4,693,1933,77793.5,169161,41,0.000137492,0.00499943,5.72273e-07,125558,30760.4,0,1.0684e+06,1.0684e+06,1,0
660,39600,transverse,0.5625,551,2127,432,163,3032,76,6,1138,3284,102064,380044,138,0.000137482,0.0049987,1.29821e-06,125558,30760.4,0,1.0684e+06,1.0684e+06,1,0
660,39600,descending,0.765,764,2128,479,212,2986,97,1,1166,3459,139209,512079,245,0.000137476,0.00499824,1.76033e-06,125558,30760.4,0,1.0684e+06,1.0684e+06,1,0
670,40200,cecum,0.5175,437,1182,287,114,1745,57,4,730,2022,81710,179867,41,0.000137492,0.00499939,6.0863e-07,135565,33060.4,0,1.14695e+06,1.14695e+06,1,0
670,40200,transverse,0.6675,686,2141,459,170,3085,77,6,1185,3453,127057,407465,138,0.000137481,0.00499861,1.39217e-06,135565,33060.4,0,1.14695e+06,1.14695e+06,1,0
670,40200,descending,0.6475,670,2348,508,221,3256,103,1,1231,3621,121563,552159,245,0.000137474,0.0049981,1.89836e-06,135565,33060.4,0,1.14695e+06,1.14695e+06,1,0
680,40800,cecum,0.59,508,1183,307,122,1768,59,4,762,2106,94895.7,191254,41,0.000137491,0.00499935,6.47285e-07,146354,35529.7,0,1.23123e+06,1.23123e+06,1,0
680,40800,transverse,0.635,635,2305,473,178,3297,78,6,1242,3609,117471,436866,138,0.00013748,0.00499851,1.4928e-06,146354,35529.7,0,1.23123e+06,1.23123e+06,1,0
680,40800,descending,0.685,745,2465,539,234,3427,104,2,1298,3849,135121,595270,245,0.000137472,0.00499795,2.04701e-06,146354,35529.7,0,1.23123e+06,1.23123e+06,1,0
690,41400,cecum,0.525,438,1307,323,129,1925,60,4,803,2185,82020.2,203379,41,0.000137491,0.00499931,6.88387e-07,157986,38180.9,0,1.32166e+06,1.32166e+06,1,0
690,41400,transverse,0.625,644,2429,497,190,3473,81,7,1308,3784,119591,468355,138,0.000137478,0.0049984,1.60057e-06,157986,38180.9,0,1.32166e+06,1.32166e+06,1,0
690,41400,descending,0.6875,755,2635,567,244,3659,110,2,1376,4079,136781,641720,245,0.00013747,0.00499779,2.20708e-06,157986,38180.9,0,1.32166e+06,1.32166e+06,1,0
700,42000,cecum,0.57,495,1330,341,133,1988,61,4,848,2292,92654.8,216250,41,0.00013749,0.00499927,7.32089e-07,170525,41027.1,0,1.41872e+06,1.41872e+06,1,0
700,42000,transverse,0.7225,777,2461,544,203,3560,89,8,1383,3977,144178,502078,138,0.000137477,0.00499828,1.71598e-06,170525,41027.1,0,1.41872e+06,1.41872e+06,1,0
700,42000,descending,0.74,872,2700,597,253,3780,115,2,1446,4301,158019,691753,245,0.000137468,0.00499762,2.37943e-06,170525,41027.1,0,1.41872e+06,1.41872e+06,1,0
710,42600,cecum,0.6075,541,1363,362,142,2047,66,4,888,2390,101157,229945,41,0.000137489,0.00499922,7.78556e-07,184041,44082.8,0,1.52285e+06,1.52285e+06,1,0
710,42600,transverse,0.7125,764,2653,584,213,3815,96,8,1463,4196,141785,538181,138,0.000137475,0.00499816,1.83956e-06,184041,44082.8,0,1.52285e+06,1.52285e+06,1,0
710,42600,descending,0.7425,907,2807,629,264,3950,117,3,1521,4486,164323,745685,246,0.000137465,0.00499743,2.56502e-06,184041,44082.8,0,1.52285e+06,1.52285e+06,1,0
720,43200,cecum,0.5875,557,1453,380,147,2163,70,4,923,2513,104030,244479,41,0.000137489,0.00499917,8.27958e-07,198611,47363.2,0,1.63456e+06,1.63456e+06,1,0
720,43200,transverse,0.6125,662,2880,608,218,4114,105,8,1549,4383,122939,576891,138,0.000137473,0.00499803,1.9719e-06,198611,47363.2,0,1.63456e+06,1.63456e+06,1,0
720,43200,descending,0.82,1033,2791,670,276,4001,125,5,1606,4640,187096,803810,246,0.000137462,0.00499724,2.76484e-06,198611,47363.2,0,1.63456e+06,1.63456e+06,1,0
730,43800,cecum,0.55,511,1591,399,157,2325,76,4,963,2626,95573.6,259953,41,0.000137488,0.00499912,8.80483e-07,214317,50884.9,0,1.75441e+06,1.75441e+06,1,0
730,43800,transverse,0.6325,684,3027,633,228,4326,112,9,1630,4608,126816,618308,138,0.000137471,0.00499789,2.1136e-06,214317,50884.9,0,1.75441e+06,1.75441e+06,1,0
730,43800,descending,0.82,1062,2843,708,293,4138,128,5,1711,4788,192306,866432,246,0.000137459,0.00499702,2.98e-06,214317,50884.9,0,1.75441e+06,1.75441e+06,1,0
740,44400,cecum,0.5025,466,1721,419,161,2497,81,5,1013,2741,87523.2,276420,41,0.000137487,0.00499906,9.36332e-07,231245,54665.5,0,1.88301e+06,1.88301e+06,1,0
740,44400,transverse,0.67,763,3105,658,239,4488,115,9,1728,4838,141417,662679,138,0.000137469,0.00499773,2.26531e-06,231245,54665.5,0,1.88301e+06,1.88301e+06,1,0
740,44400,descending,0.73,953,3126,753,309,4470,139,7,1785,4991,172005,933774,246,0.000137456,0.00499679,3.21165e-06,231245,54665.5,0,1.88301e+06,1.88301e+06,1,0
750,45000,cecum,0.5625,525,1790,444,165,2607,84,5,1061,2892,98399.2,293894,41,0.000137486,0.004999,9.9571e-07,249487,58723.7,0,2.02097e+06,2.02097e+06,1,0
750,45000,transverse,0.71,826,3198,688,249,4651,118,10,1810,5046,153013,710205,138,0.000137467,0.00499757,2.42775e-06,249487,58723.7,0,2.02097e+06,2.02097e+06,1,0
750,45000,descending,0.7075,936,3415,796,317,4829,144,7,1868,5303,169183,1.00618e+06,246,0.000137453,0.00499654,3.461e-06,249487,58723.7,0,2.02097e+06,2.02097e+06,1,0
760,45600,cecum,0.5975,564,1866,468,175,2724,93,5,1121,3043,105557,312493,41,0.000137486,0.00499894,1.05884e-06,269143,63079.5,0,2.16897e+06,2.16897e+06,1,0
760,45600,transverse,0.7725,932,3261,721,265,4777,124,10,1895,5267,172728,761091,138,0.000137464,0.0049974,2.60167e-06,269143,63079.5,0,2.16897e+06,2.16897e+06,1,1
760,45600,descending,0.745,995,3626,835,333,5145,151,7,1996,5662,180097,1.08414e+06,246,0.000137449,0.00499627,3.72939e-06,269143,63079.5,0,2.16897e+06,2.16897e+06,1,1
770,46200,cecum,0.6025,599,1945,486,189,2844,94,5,1177,3195,112355,332269,41,0.000137485,0.00499887,1.12597e-06,290322,67754.9,0,2.32773e+06,2.32773e+06,1,0
770,46200,transverse,0.7925,995,3325,757,284,4921,134,10,2004,5467,184545,815629,139,0.000137462,0.00499721,2.78788e-06,290322,67754.9,0,2.32773e+06,2.32773e+06,1,0
770,46200,descending,0.795,1156,3661,875,344,5254,159,8,2088,5910,209689,1.16815e+06,247,0.000137445,0.00499598,4.01825e-06,290322,67754.9,0,2.32773e+06,2.32773e+06,1,0
780,46800,cecum,0.63,628,2024,509,198,2966,99,5,1234,3337,117693,353313,41,0.000137484,0.0049988,1.19734e-06,313142,72773.4,0,2.49805e+06,2.49805e+06,1,0
780,46800,transverse,0.81,999,3432,795,301,5117,141,13,2114,5650,185039,874048,139,0.000137459,0.00499701,2.98724e-06,313142,72773.4,0,2.49805e+06,2.49805e+06,1,0
780,46800,descending,0.8425,1291,3716,917,361,5383,162,8,2182,6152,234170,1.2586e+06,247,0.000137441,0.00499567,4.32915e-06,313142,72773.4,0,2.49805e+06,2.49805e+06,1,0
790,47400,cecum,0.635,633,2149,539,212,3131,107,6,1295,3498,118434,375680,41,0.000137483,0.00499873,1.27322e-06,337728,78159.9,0,2.68078e+06,2.68078e+06,1,0
790,47400,transverse,0.795,1021,3536,850,326,5279,155,13,2211,5818,189082,936601,139,0.000137456,0.0049968,3.20067e-06,337728,78159.9,0,2.68078e+06,2.68078e+06,1,0
790,47400,descending,0.805,1240,3924,957,377,5689,167,8,2301,6388,224802,1.35599e+06,247,0.000137436,0.00499534,4.66376e-06,337728,78159.9,0,2.68078e+06,2.68078e+06,1,0
800,48000,cecum,0.5775,593,2324,580,221,3346,117,7,1353,3650,111028,399476,41,0.000137481,0.00499865,1.35391e-06,364215,83941.3,0,2.87679e+06,2.87679e+06,1,0
800,48000,transverse,0.83,1058,3663,887,348,5483,163,13,2318,6052,195939,1.00352e+06,139,0.000137453,0.00499657,3.42916e-06,364215,83941.3,0,2.87679e+06,2.87679e+06,1,0
800,48000,descending,0.845,1310,4095,1014,387,5952,175,11,2408,6679,237299,1.46076e+06,247,0.000137431,0.00499498,5.02386e-06,364215,83941.3,0,2.87679e+06,2.87679e+06,1,0
810,48600,cecum,0.585,617,2454,605,226,3539,121,7,1425,3851,115300,424749,41,0.00013748,0.00499856,1.43971e-06,392748,90146.1,0,3.08703e+06,3.08703e+06,1,0
810,48600,transverse,0.7725,1008,3910,923,362,5829,171,13,2439,6334,186454,1.07513e+06,139,0.00013745,0.00499633,3.67375e-06,392748,90146.1,0,3.08703e+06,3.08703e+06,1,0
810,48600,descending,0.865,1439,4152,1068,406,6100,190,11,2533,6936,260843,1.57357e+06,251,0.000137426,0.00499459,5.41136e-06,392748,90146.1,0,3.08703e+06,3.08703e+06,1,0
820,49200,cecum,0.6425,647,2565,625,234,3716,125,7,1503,4050,120948,451636,41,0.000137479,0.00499847,1.53093e-06,423485,96805.2,0,3.31253e+06,3.31253e+06,1,0
820,49200,transverse,0.8625,1214,3913,972,383,5904,182,13,2543,6598,224652,1.15179e+06,139,0.000137446,0.00499606,3.93553e-06,423485,96805.2,0,3.31253e+06,3.31253e+06,1,0
820,49200,descending,0.8425,1387,4399,1128,430,6413,206,11,2639,7177,250767,1.69498e+06,251,0.00013742,0.00499417,5.82833e-06,423485,96805.2,0,3.31253e+06,3.31253e+06,1,0
830,49800,cecum,0.6675,694,2675,645,242,3879,125,7,1564,4248,129788,480217,41,0.000137478,0.00499837,1.62792e-06,456591,103952,0,3.55439e+06,3.55439e+06,1,0
830,49800,transverse,0.83,1183,4077,1010,410,6169,187,15,2674,6824,219001,1.23393e+06,139,0.000137442,0.00499578,4.21575e-06,456591,103952,0,3.55439e+06,3.55439e+06,1,0
830,49800,descending,0.8825,1438,4572,1184,448,6674,218,11,2757,7463,260160,1.8256e+06,252,0.000137414,0.00499372,6.27698e-06,456591,103952,0,3.55439e+06,3.55439e+06,1,0
840,50400,cecum,0.7175,765,2751,675,254,4008,131,7,1635,4436,142943,510636,41,0.000137476,0.00499827,1.73105e-06,492247,111621,0,3.8138e+06,3.8138e+06,1,0
840,50400,transverse,0.8075,1177,4227,1058,423,6437,194,15,2812,7058,217909,1.32186e+06,139,0.000137438,0.00499548,4.51568e-06,492247,111621,0,3.8138e+06,3.8138e+06,1,0
840,50400,descending,0.865,1433,4798,1235,468,6995,229,11,2883,7759,259234,1.96616e+06,252,0.000137408,0.00499324,6.75968e-06,492247,111621,0,3.8138e+06,3.8138e+06,1,0
850,51000,cecum,0.765,856,2734,716,265,4061,141,8,1725,4559,159894,543074,41,0.000137475,0.00499816,1.84072e-06,530647,119851,0,4.09206e+06,4.09206e+06,1,0
850,51000,transverse,0.825,1203,4371,1110,449,6673,198,15,2934,7298,222736,1.41596e+06,139,0.000137434,0.00499516,4.8367e-06,530647,119851,0,4.09206e+06,4.09206e+06,1,0
850,51000,descending,0.865,1539,4838,1292,489,7159,237,13,3034,7999,278008,2.11748e+06,252,0.000137401,0.00499272,7.27899e-06,530647,119851,0,4.09206e+06,4.09206e+06,1,0
860,51600,cecum,0.695,770,2908,740,284,4299,144,8,1811,4709,143980,577544,41,0.000137473,0.00499804,1.95736e-06,572002,128683,0,4.39046e+06,4.39046e+06,1,0
860,51600,transverse,0.85,1312,4475,1157,462,6886,205,15,3063,7593,242697,1.51664e+06,139,0.000137429,0.00499482,5.18026e-06,572002,128683,0,4.39046e+06,4.39046e+06,1,0
860,51600,descending,0.895,1660,4894,1345,504,7323,246,15,3164,8253,300652,2.28026e+06,252,0.000137393,0.00499216,7.83768e-06,572002,128683,0,4.39046e+06,4.39046e+06,1,0
870,52200,cecum,0.7025,842,2972,783,292,4434,152,8,1898,4889,157488,614176,41,0.000137472,0.00499792,2.0814e-06,616535,138160,0,4.71053e+06,4.71053e+06,1,0
870,52200,transverse,0.85,1352,4647,1217,475,7155,216,17,3182,7864,250291,1.62441e+06,139,0.000137424,0.00499445,5.54794e-06,616535,138160,0,4.71053e+06,4.71053e+06,1,0
870,52200,descending,0.91,1709,5027,1416,529,7568,255,16,3309,8509,309100,2.4554e+06,252,0.000137385,0.00499156,8.43867e-06,616535,138160,0,4.71053e+06,4.71053e+06,1,0
880,52800,cecum,0.705,819,3144,825,303,4677,162,8,1990,5088,153289,653121,41,0.00013747,0.00499779,2.21331e-06,664486,148329,0,5.05378e+06,5.05378e+06,1,0
880,52800,transverse,0.89,1455,4747,1267,485,7382,226,21,3325,8160,269276,1.73975e+06,139,0.000137419,0.00499406,5.94139e-06,664486,148329,0,5.05378e+06,5.05378e+06,1,0
880,52800,descending,0.8675,1566,5429,1496,552,8074,268,16,3449,8828,282275,2.64374e+06,252,0.000137376,0.00499091,9.08512e-06,664486,148329,0,5.05378e+06,5.05378e+06,1,0
890,53400,cecum,0.7425,883,3221,864,313,4843,170,8,2097,5297,165438,694547,41,0.000137468,0.00499765,2.35358e-06,716114,159241,0,5.42186e+06,5.42186e+06,1,0
890,53400,transverse,0.845,1401,5050,1336,504,7800,238,24,3468,8483,259418,1.86318e+06,139,0.000137413,0.00499364,6.36244e-06,716114,159241,0,5.42186e+06,5.42186e+06,1,0
890,53400,descending,0.8975,1704,5560,1566,570,8326,280,16,3600,9178,307741,2.84632e+06,252,0.000137366,0.00499022,9.7804e-06,716114,159241,0,5.42186e+06,5.42186e+06,1,0
900,54000,cecum,0.7425,915,3322,896,328,5023,176,8,2197,5498,171488,738608,41,0.000137466,0.0049975,2.50275e-06,771695,170948,0,5.81657e+06,5.81657e+06,1,0
900,54000,transverse,0.8425,1439,5234,1397,520,8105,249,24,3616,8792,266699,1.99528e+06,139,0.000137407,0.00499319,6.81297e-06,771695,170948,0,5.81657e+06,5.81657e+06,1,0
900,54000,descending,0.8925,1633,5961,1657,591,8872,298,17,3783,9600,294593,3.06418e+06,252,0.000137356,0.00498947,1.05282e-05,771695,170948,0,5.81657e+06,5.81657e+06,1,0
910,54600,cecum,0.7425,923,3473,942,347,5232,184,8,2282,5696,173125,785457,41,0.000137464,0.00499734,2.66138e-06,831528,183509,0,6.2398e+06,6.2398e+06,1,0
910,54600,transverse,0.89,1640,5228,1451,547,8198,260,25,3752,9069,303872,2.13667e+06,139,0.0001374,0.0049927,7.29504e-06,831528,183509,0,6.2398e+06,6.2398e+06,1,0
910,54600,descending,0.8825,1642,6295,1729,612,9347,308,19,3953,10041,296154,3.29847e+06,252,0.000137345,0.00498867,1.13323e-05,831528,183509,0,6.2398e+06,6.2398e+06,1,0
920,55200,cecum,0.7175,897,3719,977,359,5555,187,10,2372,5971,167937,835210,41,0.000137461,0.00499717,2.83007e-06,895935,196984,0,6.69362e+06,6.69362e+06,1,0
920,55200,transverse,0.825,1422,5706,1523,563,8790,272,26,3893,9398,263558,2.28793e+06,139,0.000137393,0.00499219,7.81084e-06,895935,196984,0,6.69362e+06,6.69362e+06,1,0
920,55200,descending,0.91,1797,6377,1812,633,9560,330,19,4127,10369,325025,3.55056e+06,252,0.000137333,0.0049878,1.2197e-05,895935,196984,0,6.69362e+06,6.69362e+06,1,0
930,55800,cecum,0.77,985,3839,1027,372,5741,199,10,2463,6220,184336,888153,41,0.000137459,0.00499699,3.00943e-06,965262,211441,0,7.18019e+06,7.18019e+06,1,0
930,55800,transverse,0.845,1566,5896,1589,593,9101,286,26,4058,9831,289994,2.44969e+06,139,0.000137386,0.00499164,8.36269e-06,965262,211441,0,7.18019e+06,7.18019e+06,1,0
930,55800,descending,0.9375,1974,6453,1880,665,9769,339,20,4300,10727,357244,3.82163e+06,252,0.000137321,0.00498687,1.31268e-05,965262,211441,0,7.18019e+06,7.18019e+06,1,0
940,56400,cecum,0.7,886,4131,1067,385,6130,204,10,2578,6488,165928,944466,41,0.000137456,0.0049968,3.20017e-06,1.03988e+06,226950,0,7.70191e+06,7.70191e+06,1,0
940,56400,transverse,0.8925,1622,6139,1667,611,9487,301,27,4233,10227,300356,2.62283e+06,139,0.000137378,0.00499105,8.95308e-06,1.03988e+06,226950,0,7.70191e+06,7.70191e+06,1,0
940,56400,descending,0.93,1993,6780,1982,690,10224,357,20,4471,11142,359954,4.11306e+06,252,0.000137307,0.00498587,1.41266e-05,1.03988e+06,226950,0,7.70191e+06,7.70191e+06,1,0
950,57000,cecum,0.765,1019,4209,1109,399,6316,212,11,2707,6786,190769,1.00434e+06,41,0.000137453,0.0049966,3.40299e-06,1.12018e+06,243587,0,8.26122e+06,8.26122e+06,1,0
950,57000,transverse,0.905,1841,6138,1740,641,9592,325,27,4393,10532,340505,2.80816e+06,139,0.000137369,0.00499042,9.58469e-06,1.12018e+06,243587,0,8.26122e+06,8.26122e+06,1,0
950,57000,descending,0.945,2161,6882,2062,721,10435,370,21,4623,11484,390936,4.42647e+06,252,0.000137292,0.0049848,1.52014e-05,1.12018e+06,243587,0,8.26122e+06,8.26122e+06,1,0
960,57600,cecum,0.7525,971,4444,1144,416,6667,218,12,2845,7076,182090,1.06804e+06,41,0.000137451,0.00499638,3.61867e-06,1.20661e+06,261435,0,8.86086e+06,8.86086e+06,1,0
960,57600,transverse,0.9075,1851,6325,1816,666,9903,337,31,4550,10810,342377,3.00646e+06,139,0.00013736,0.00498974,1.02604e-05,1.20661e+06,261435,0,8.86086e+06,8.86086e+06,1,0
960,57600,descending,0.9125,2075,7240,2151,753,10954,386,21,4832,11876,374841,4.76346e+06,252,0.000137276,0.00498364,1.63569e-05,1.20661e+06,261435,0,8.86086e+06,8.86086e+06,1,0
970,58200,cecum,0.77,993,4625,1185,428,6955,233,12,2979,7372,185736,1.13577e+06,41,0.000137447,0.00499615,3.84802e-06,1.29961e+06,280579,0,9.50373e+06,9.50373e+06,1,0
970,58200,transverse,0.9,1763,6744,1892,696,10459,348,31,4728,11243,326313,3.21847e+06,139,0.00013735,0.00498902,1.09832e-05,1.29961e+06,280579,0,9.50373e+06,9.50373e+06,1,0
970,58200,descending,0.9375,2224,7376,2262,787,11272,406,21,5068,12286,401903,5.12576e+06,252,0.000137259,0.0049824,1.75991e-05,1.29961e+06,280579,0,9.50373e+06,9.50373e+06,1,0
980,58800,cecum,0.76,975,4864,1220,443,7311,240,12,3118,7697,182351,1.20779e+06,41,0.000137444,0.00499591,4.09192e-06,1.39967e+06,301113,0,1.01929e+07,1.01929e+07,1,0
980,58800,transverse,0.9175,1978,6748,1969,716,10642,357,32,4935,11592,366488,3.4454e+06,139,0.000137339,0.00498824,1.17564e-05,1.39967e+06,301113,0,1.01929e+07,1.01929e+07,1,0
980,58800,descending,0.8975,1931,8101,2384,806,12174,432,23,5288,12816,348157,5.51509e+06,252,0.000137241,0.00498107,1.89343e-05,1.39967e+06,301113,0,1.01929e+07,1.01929e+07,1,0
990,59400,cecum,0.8275,1147,4897,1265,457,7445,252,12,3245,7984,214411,1.2844e+06,41,0.000137441,0.00499565,4.35127e-06,1.50734e+06,323138,0,1.09316e+07,1.09316e+07,1,0
990,59400,transverse,0.89,1813,7215,2041,749,11256,368,36,5122,12009,335986,3.68806e+06,139,0.000137328,0.00498742,1.25834e-05,1.50734e+06,323138,0,1.09316e+07,1.09316e+07,1,0
990,59400,descending,0.9225,2039,8419,2481,828,12706,453,23,5545,13402,367860,5.93358e+06,252,0.000137221,0.00497963,2.03693e-05,1.50734e+06,323138,0,1.09316e+07,1.09316e+07,1,0
1000,60000,cecum,0.8525,1207,4948,1310,473,7611,257,12,3381,8186,225664,1.36598e+06,41,0.000137437,0.00499537,4.62708e-06,1.62317e+06,346761,0,1.17234e+07,1.17234e+07,1,0
1000,60000,transverse,0.9,1933,7321,2129,779,11510,383,37,5314,12339,358284,3.94773e+06,139,0.000137316,0.00498653,1.3468e-05,1.62317e+06,346761,0,1.17234e+07,1.17234e+07,1,0
1000,60000,descending,0.9525,2162,8552,2569,847,13034,466,23,5772,13797,390344,6.38357e+06,252,0.0001372,0.00497809,2.19117e-05,1.62317e+06,346761,0,1.17234e+07,1.17234e+07,1,0
1010,60600,cecum,0.8275,1198,5112,1365,489,7890,267,12,3522,8427,224020,1.45271e+06,41,0.000137433,0.00499508,4.92041e-06,1.74778e+06,372097,0,1.25721e+07,1.25721e+07,1,0
1010,60600,transverse,0.935,2151,7333,2211,804,11697,401,37,5532,12705,398667,4.22547e+06,139,0.000137303,0.00498559,1.44142e-05,1.74778e+06,372097,0,1.25721e+07,1.25721e+07,1,0
1010,60600,descending,0.9475,2294,8695,2660,873,13353,483,24,5990,14199,414038,6.86718e+06,252,0.000137178,0.00497643,2.35692e-05,1.74778e+06,372097,0,1.25721e+07,1.25721e+07,1,0
1020,61200,cecum,0.745,1101,5495,1418,503,8410,271,14,3675,8813,206464,1.54481e+06,41,0.000137428,0.00499477,5.23235e-06,1.88183e+06,399269,0,1.34819e+07,1.34819e+07,1,0
1020,61200,transverse,0.93,2124,7605,2309,825,12160,422,37,5765,13085,393582,4.52253e+06,139,0.000137289,0.00498457,1.54261e-05,1.88183e+06,399269,0,1.34819e+07,1.34819e+07,1,0
1020,61200,descending,0.9475,2357,8929,2764,909,13780,505,24,6241,14643,424950,7.38691e+06,253,0.000137153,0.00497465,2.53503e-05,1.88183e+06,399269,0,1.34819e+07,1.34819e+07,1,0
1030,61800,cecum,0.8575,1358,5488,1474,516,8523,281,14,3818,9150,254340,1.6428e+06,41,0.000137424,0.00499444,5.56405e-06,2.02602e+06,428409,0,1.44568e+07,1.44568e+07,1,0
1030,61800,transverse,0.89,2052,7980,2402,847,12730,440,37,6000,13530,380126,4.84019e+06,139,0.000137274,0.00498349,1.65082e-05,2.02602e+06,428409,0,1.44568e+07,1.44568e+07,1,0
1030,61800,descending,0.9725,2556,8832,2846,942,13931,524,26,6539,14961,461252,7.94558e+06,253,0.000137127,0.00497274,2.72641e-05,2.02602e+06,428409,0,1.44568e+07,1.44568e+07,1,0
1040,62400,cecum,0.8175,1263,5799,1548,538,8952,295,14,3972,9446,236671,1.74707e+06,41,0.000137419,0.00499408,5.91679e-06,2.1811e+06,459659,0,1.55018e+07,1.55018e+07,1,0
1040,62400,transverse,0.91,2173,8405,2507,877,13330,456,40,6218,14189,402426,5.17968e+06,139,0.000137258,0.00498233,1.76655e-05,2.1811e+06,459659,0,1.55018e+07,1.55018e+07,1,0
1040,62400,descending,0.93,2379,9392,2951,969,14729,544,26,6824,15524,428101,8.54561e+06,253,0.000137099,0.00497068,2.93204e-05,2.1811e+06,459659,0,1.55018e+07,1.55018e+07,1,0
1050,63000,cecum,0.8675,1436,5819,1616,556,9125,305,16,4151,9750,268699,1.85798e+06,41,0.000137414,0.00499371,6.29191e-06,2.3479e+06,493169,0,1.66216e+07,1.66216e+07,1,0
1050,63000,transverse,0.9175,2276,8735,2616,902,13884,486,42,6495,14790,421640,5.54286e+06,139,0.000137241,0.0049811,1.89029e-05,2.3479e+06,493169,0,1.66216e+07,1.66216e+07,1,0
1050,63000,descending,0.97,2617,9489,3081,1000,15029,567,27,7080,15985,472419,9.19036e+06,253,0.000137068,0.00496847,3.15296e-05,2.3479e+06,493169,0,1.66216e+07,1.66216e+07,1,0
1060,63600,cecum,0.8375,1347,6071,1675,568,9528,314,16,4323,10026,252240,1.97595e+06,41,0.000137409,0.00499331,6.69083e-06,2.52727e+06,529102,0,1.78215e+07,1.78215e+07,1,0
1060,63600,transverse,0.93,2257,9138,2712,926,14519,500,42,6765,15348,418142,5.93127e+06,139,0.000137223,0.00497977,2.0226e-05,2.52727e+06,529102,0,1.78215e+07,1.78215e+07,1,0
1060,63600,descending,0.9675,2599,9631,3186,1027,15477,586,28,7431,16355,468927,9.88323e+06,253,0.000137036,0.0049661,3.39027e-05,2.52727e+06,529102,0,1.78215e+07,1.78215e+07,1,0
1070,64200,cecum,0.8125,1429,6368,1731,583,9960,327,18,4484,10510,267543,2.10119e+06,41,0.000137403,0.00499288,7.11504e-06,2.72016e+06,567630,0,1.91072e+07,1.91072e+07,1,0
1070,64200,transverse,0.925,2439,9288,2825,950,14925,520,43,7064,15866,451795,6.34668e+06,139,0.000137204,0.00497836,2.16408e-05,2.72016e+06,567630,0,1.91072e+07,1.91072e+07,1,0
1070,64200,descending,0.9625,2549,10032,3280,1060,16144,601,30,7743,16924,459496,1.06273e+07,253,0.000137001,0.00496355,3.64519e-05,2.72016e+06,567630,0,1.91072e+07,1.91072e+07,1,0
1080,64800,cecum,0.8925,1670,6381,1795,609,10118,336,19,4663,10879,312073,2.23451e+06,41,0.000137397,0.00499243,7.56613e-06,2.92756e+06,608940,0,2.04849e+07,2.04849e+07,1,0
1080,64800,transverse,0.9425,2529,9619,2932,974,15430,535,45,7275,16391,468270,6.79075e+06,139,0.000137183,0.00497685,2.31534e-05,2.92756e+06,608940,0,2.04849e+07,2.04849e+07,1,0
1080,64800,descending,0.9775,2835,10085,3425,1086,16421,620,30,8012,17387,512092,1.14266e+07,253,0.000136963,0.00496081,3.91898e-05,2.92756e+06,608940,0,2.04849e+07,2.04849e+07,1,0
1090,65400,cecum,0.9025,1681,6483,1856,638,10371,347,20,4853,11121,314553,2.37643e+06,41,0.00013739,0.00499195,8.04583e-06,3.15055e+06,653231,0,2.1961e+07,2.1961e+07,1,0
1090,65400,transverse,0.93,2526,9805,3056,1010,15876,555,45,7591,16766,468026,7.26581e+06,139,0.000137161,0.00497523,2.47705e-05,3.15055e+06,653231,0,2.1961e+07,2.1961e+07,1,0
1090,65400,descending,0.9775,2975,10254,3545,1121,16847,646,35,8325,17889,537564,1.2285e+07,253,0.000136922,0.00495787,4.21302e-05,3.15055e+06,653231,0,2.1961e+07,2.1961e+07,1,0
1100,66000,cecum,0.92,1766,6447,1922,664,10489,360,20,5046,11297,330626,2.52744e+06,41,0.000137383,0.00499144,8.556e-06,3.39028e+06,700716,0,2.35423e+07,2.35423e+07,1,0
1100,66000,transverse,0.9475,2627,10045,3177,1045,16348,577,45,7880,17275,486938,7.77355e+06,139,0.000137137,0.0049735,2.64994e-05,3.39028e+06,700716,0,2.35423e+07,2.35423e+07,1,0
1100,66000,descending,0.955,2825,10920,3665,1162,17732,672,35,8611,18571,510291,1.32067e+07,253,0.000136879,0.00495471,4.52878e-05,3.39028e+06,700716,0,2.35423e+07,2.35423e+07,1,0
1110,66600,cecum,0.885,1679,6603,1997,692,10844,376,20,5289,11534,314566,2.68802e+06,41,0.000137376,0.0049909,9.09857e-06,3.64799e+06,751622,0,2.52364e+07,2.52364e+07,1,0
1110,66600,transverse,0.9375,2819,10189,3292,1071,16740,591,47,8166,17782,522483,8.31637e+06,139,0.000137112,0.00497165,2.83476e-05,3.64799e+06,751622,0,2.52364e+07,2.52364e+07,1,0
1110,66600,descending,0.965,2947,11113,3796,1192,18190,704,35,8938,19082,532025,1.41967e+07,253,0.000136832,0.00495132,4.86782e-05,3.64799e+06,751622,0,2.52364e+07,2.52364e+07,1,0
1120,67200,cecum,0.8875,1705,6875,2072,712,11300,383,22,5498,11966,319119,2.85855e+06,41,0.000137368,0.00499032,9.67555e-06,3.92501e+06,806193,0,2.70511e+07,2.70511e+07,1,0
1120,67200,transverse,0.925,2694,10795,3395,1101,17636,612,48,8506,18500,498410,8.89648e+06,139,0.000137085,0.00496968,3.03232e-05,3.92501e+06,806193,0,2.70511e+07,2.70511e+07,1,0
1120,67200,descending,0.955,2930,11747,3915,1232,19099,723,37,9270,19912,528036,1.52593e+07,253,0.000136782,0.00494768,5.23182e-05,3.92501e+06,806193,0,2.70511e+07,2.70511e+07,1,0
1130,67800,cecum,0.8775,1571,7291,2154,732,11886,394,24,5697,12365,294412,3.03992e+06,41,0.000137359,0.00498971,1.02891e-05,4.22275e+06,864689,0,2.89949e+07,2.89949e+07,1,0
1130,67800,transverse,0.9475,2639,11397,3516,1133,18490,639,50,8815,19235,488686,9.51653e+06,139,0.000137056,0.00496757,3.24348e-05,4.22275e+06,864689,0,2.89949e+07,2.89949e+07,1,0
1130,67800,descending,0.9675,3046,12135,4076,1261,19759,754,37,9602,20587,548208,1.64004e+07,253,0.000136728,0.00494377,5.62259e-05,4.22275e+06,864689,0,2.89949e+07,2.89949e+07,1,0
1140,68400,cecum,0.8925,1619,7533,2220,755,12305,405,25,5907,12799,303537,3.23277e+06,41,0.00013735,0.00498906,1.09415e-05,4.54274e+06,927390,0,3.10766e+07,3.10766e+07,1,0
1140,68400,transverse,0.96,2867,11498,3612,1165,18874,653,51,9143,19796,531032,1.01795e+07,139,0.000137025,0.00496531,3.46917e-05,4.54274e+06,927390,0,3.10766e+07,3.10766e+07,1,0
1140,68400,descending,0.97,3185,12494,4212,1292,20361,775,38,9896,21243,573272,1.76252e+07,253,0.00013667,0.00493958,6.04204e-05,4.54274e+06,927390,0,3.10766e+07,3.10766e+07,1,0
1150,69000,cecum,0.8775,1677,7855,2293,776,12813,420,25,6129,13328,314682,3.43776e+06,41,0.000137341,0.00498836,1.16353e-05,4.88661e+06,994594,0,3.33062e+07,3.33062e+07,1,0
1150,69000,transverse,0.96,2959,11674,3758,1198,19302,671,54,9443,20218,547693,1.08882e+07,139,0.000136991,0.0049629,3.71038e-05,4.88661e+06,994594,0,3.33062e+07,3.33062e+07,1,0
1150,69000,descending,0.975,3037,13263,4338,1327,21463,794,39,10282,22124,546585,1.89397e+07,253,0.000136608,0.00493508,6.49223e-05,4.88661e+06,994594,0,3.33062e+07,3.33062e+07,1,0
1160,69600,cecum,0.8525,1612,8252,2347,795,13413,430,25,6361,13838,303049,3.65579e+06,41,0.000137331,0.00498763,1.23729e-05,5.25612e+06,1.06662e+06,0,3.56936e+07,3.56936e+07,1,0
1160,69600,transverse,0.9625,2726,12450,3885,1235,20372,690,55,9792,20983,504727,1.16453e+07,139,0.000136956,0.00496032,3.96816e-05,5.25612e+06,1.06662e+06,0,3.56936e+07,3.56936e+07,1,0
1160,69600,descending,0.9725,3113,13643,4464,1357,22184,821,42,10677,22849,560737,2.03508e+07,253,0.000136541,0.00493025,6.97535e-05,5.25612e+06,1.06662e+06,0,3.56936e+07,3.56936e+07,1,0
1170,70200,cecum,0.92,1831,8350,2418,817,13730,446,26,6617,14340,343582,3.88766e+06,41,0.00013732,0.00498684,1.31573e-05,5.65313e+06,1.14381e+06,0,3.82501e+07,3.82501e+07,1,0
1170,70200,transverse,0.975,2844,12397,4010,1269,20651,711,56,10178,21309,526712,1.24548e+07,139,0.000136918,0.00495756,4.24362e-05,5.65313e+06,1.14381e+06,0,3.82501e+07,3.82501e+07,1,0
1170,70200,descending,0.9775,3271,13910,4610,1392,22794,849,48,11077,23528,590037,2.1865e+07,253,0.000136469,0.00492506,7.49377e-05,5.65313e+06,1.14381e+06,0,3.82501e+07,3.82501e+07,1,0
1180,70800,cecum,0.9125,1861,8535,2477,833,14115,456,26,6843,14722,349209,4.13433e+06,41,0.000137309,0.00498601,1.39914e-05,6.07967e+06,1.22653e+06,0,4.09872e+07,4.09872e+07,1,0
1180,70800,transverse,0.9625,2783,12871,4134,1305,21423,731,56,10532,21952,515191,1.33196e+07,139,0.000136877,0.00495462,4.53796e-05,6.07967e+06,1.22653e+06,0,4.09872e+07,4.09872e+07,1,0
1180,70800,descending,0.98,3526,14347,4756,1415,23587,874,50,11479,24476,636386,2.34894e+07,253,0.000136392,0.0049195,8.04997e-05,6.07967e+06,1.22653e+06,0,4.09872e+07,4.09872e+07,1,0
1190,71400,cecum,0.9,1810,8810,2557,855,14623,467,28,7107,15130,339706,4.39663e+06,41,0.000137296,0.00498512,1.48783e-05,6.53787e+06,1.31518e+06,0,4.39176e+07,4.39176e+07,1,0
1190,71400,transverse,0.965,2957,12985,4258,1340,21842,754,57,10894,22478,547102,1.42436e+07,139,0.000136834,0.00495148,4.85245e-05,6.53787e+06,1.31518e+06,0,4.39176e+07,4.39176e+07,1,0
1190,71400,descending,0.9725,3344,14881,4903,1460,24492,902,50,11923,25125,603563,2.52325e+07,253,0.000136309,0.00491353,8.64664e-05,6.53787e+06,1.31518e+06,0,4.39176e+07,4.39176e+07,1,0
1200,72000,cecum,0.905,1962,9006,2641,879,15042,474,30,7359,15646,368075,4.67543e+06,41,0.000137283,0.00498418,1.58213e-05,7.03005e+06,1.41016e+06,0,4.70544e+07,4.70544e+07,1,0
1200,72000,transverse,0.9675,3101,13283,4368,1386,22437,777,58,11259,23175,573838,1.52308e+07,139,0.000136788,0.00494812,5.18844e-05,7.03005e+06,1.41016e+06,0,4.70544e+07,4.70544e+07,1,0
1200,72000,descending,0.9875,3765,15100,5059,1503,25106,925,50,12384,26070,681052,2.7102e+07,253,0.00013622,0.00490713,9.28664e-05,7.03005e+06,1.41016e+06,0,4.70544e+07,4.70544e+07,1,0
1210,72600,cecum,0.9325,2130,9181,2717,909,15433,493,30,7624,16178,399286,4.97188e+06,41,0.00013727,0.00498318,1.6824e-05,7.55867e+06,1.51192e+06,0,5.04119e+07,5.04119e+07,1,0
1210,72600,transverse,0.9675,3163,13572,4494,1423,22990,799,59,11581,23722,585728,1.62855e+07,140,0.000136738,0.00494453,5.54737e-05,7.55867e+06,1.51192e+06,0,5.04119e+07,5.04119e+07,1,0
1210,72600,descending,0.9925,3957,14971,5210,1540,25334,964,53,12814,26412,716145,2.91076e+07,254,0.000136125,0.00490027,9.97301e-05,7.55867e+06,1.51192e+06,0,5.04119e+07,5.04119e+07,1,0
1220,73200,cecum,0.9325,2206,9282,2798,934,15796,510,32,7926,16576,412956,5.28728e+06,41,0.000137255,0.00498211,1.78902e-05,8.12638e+06,1.62095e+06,0,5.40053e+07,5.40053e+07,1,0
1220,73200,transverse,0.965,3143,13912,4638,1474,23642,825,59,11970,24287,581976,1.74122e+07,140,0.000136685,0.00494069,5.93078e-05,8.12638e+06,1.62095e+06,0,5.40053e+07,5.40053e+07,1,0
1220,73200,descending,0.9775,3620,15814,5378,1580,26528,986,54,13226,27162,653381,3.12579e+07,254,0.000136022,0.00489291,0.00010709,8.12638e+06,1.62095e+06,0,5.40053e+07,5.40053e+07,1,0
1230,73800,cecum,0.935,2179,9532,2883,960,16292,526,32,8214,17002,407838,5.6226e+06,41,0.00013724,0.00498098,1.90239e-05,8.73599e+06,1.73776e+06,0,5.78506e+07,5.78506e+07,1,0
1230,73800,transverse,0.975,3190,14411,4753,1511,24499,838,60,12377,25125,590815,1.86154e+07,140,0.000136629,0.0049366,6.3403e-05,8.73599e+06,1.73776e+06,0,5.78506e+07,5.78506e+07,1,0
1230,73800,descending,0.9875,3642,16341,5529,1631,27441,1017,58,13690,28024,656521,3.35633e+07,254,0.000135912,0.00488502,0.000114981,8.73599e+06,1.73776e+06,0,5.78506e+07,5.78506e+07,1,0
1240,74400,cecum,0.9075,2145,9836,2989,984,16811,549,32,8476,17428,402647,5.9791e+06,41,0.000137223,0.00497977,2.02293e-05,9.39053e+06,1.86287e+06,0,6.1965e+07,6.1965e+07,1,0
1240,74400,transverse,0.9725,3143,14986,4900,1540,25488,866,60,12848,25977,582396,1.99006e+07,140,0.000136568,0.00493222,6.77767e-05,9.39053e+06,1.86287e+06,0,6.1965e+07,6.1965e+07,1,0
1240,74400,descending,0.985,3403,17026,5687,1672,28547,1044,60,14177,28799,611624,3.60348e+07,254,0.000135794,0.00487656,0.000123439,9.39053e+06,1.86287e+06,0,6.1965e+07,6.1965e+07,1,0
1250,75000,cecum,0.97,2467,9789,3103,1014,17041,573,37,8802,17915,462343,6.35816e+06,41,0.000137205,0.00497849,2.15109e-05,1.00932e+07,1.99689e+06,0,6.63668e+07,6.63668e+07,1,0
1250,75000,transverse,0.975,3336,15203,5047,1589,26101,884,60,13311,26703,618187,2.12732e+07,140,0.000136503,0.00492755,7.24473e-05,1.00932e+07,1.99689e+06,0,6.63668e+07,6.63668e+07,1,0
1250,75000,descending,0.995,3710,17006,5848,1707,28928,1077,63,14643,29391,668309,3.86839e+07,255,0.000135667,0.0048675,0.000132505,1.00932e+07,1.99689e+06,0,6.63668e+07,6.63668e+07,1,0
1260,75600,cecum,0.9225,2297,10292,3196,1046,17800,588,38,9104,18457,431061,6.76111e+06,41,0.000137187,0.00497713,2.28735e-05,1.08475e+07,2.14042e+06,0,7.10753e+07,7.10753e+07,1,0
1260,75600,transverse,0.985,3491,15175,5196,1630,26456,908,63,13756,27126,647049,2.27392e+07,140,0.000136434,0.00492257,7.74346e-05,1.08475e+07,2.14042e+06,0,7.10753e+07,7.10753e+07,1,0
1260,75600,descending,0.9825,3896,17227,6009,1754,29554,1111,66,15126,30120,703171,4.15226e+07,255,0.00013553,0.00485778,0.000142219,1.08475e+07,2.14042e+06,0,7.10753e+07,7.10753e+07,1,0
1270,76200,cecum,0.94,2355,10621,3294,1085,18370,606,38,9402,19044,442342,7.18947e+06,41,0.000137167,0.00497568,2.43222e-05,1.16571e+07,2.29414e+06,0,7.61112e+07,7.61112e+07,1,0
1270,76200,transverse,0.9675,3629,15642,5356,1668,27291,936,66,14187,28002,672009,2.4304e+07,140,0.00013636,0.00491724,8.27595e-05,1.16571e+07,2.29414e+06,0,7.61112e+07,7.61112e+07,1,0
1270,76200,descending,0.9925,4367,17437,6199,1806,30156,1142,68,15599,31084,789866,4.45637e+07,255,0.000135384,0.00484737,0.000152626,1.16571e+07,2.29414e+06,0,7.61112e+07,7.61112e+07,1,0
1280,76800,cecum,0.9525,2482,10806,3397,1112,18812,621,38,9701,19552,465568,7.64498e+06,41,0.000137146,0.00497414,2.58624e-05,1.2526e+07,2.45874e+06,0,8.14964e+07,8.14964e+07,1,0
1280,76800,transverse,0.98,3774,16262,5508,1701,28294,968,66,14635,29063,699296,2.59744e+07,140,0.000136281,0.00491156,8.84442e-05,1.2526e+07,2.45874e+06,0,8.14964e+07,8.14964e+07,1,0
1280,76800,descending,0.99,4313,17941,6386,1867,31037,1176,68,16071,31819,778095,4.78214e+07,255,0.000135227,0.00483623,0.000163773,1.2526e+07,2.45874e+06,0,8.14964e+07,8.14964e+07,1,0
1290,77400,cecum,0.95,2616,10934,3504,1145,19215,635,39,10022,20028,490181,8.12931e+06,41,0.000137123,0.0049725,2.74998e-05,1.34583e+07,2.63499e+06,0,8.7254e+07,8.7254e+07,1,0
1290,77400,transverse,0.985,3922,16564,5678,1740,28894,998,67,15001,29709,726866,2.77579e+07,140,0.000136197,0.00490549,9.45121e-05,1.34583e+07,2.63499e+06,0,8.7254e+07,8.7254e+07,1,0
1290,77400,descending,0.9875,4062,18642,6577,1919,32191,1208,71,16605,32612,731397,5.13101e+07,255,0.000135058,0.00482429,0.00017571,1.34583e+07,2.63499e+06,0,8.7254e+07,8.7254e+07,1,0
1300,78000,cecum,0.945,2526,11464,3615,1179,20009,650,39,10335,20670,472897,8.64404e+06,41,0.000137099,0.00497076,2.92406e-05,1.44585e+07,2.82368e+06,0,9.34089e+07,9.34089e+07,1,0
1300,78000,transverse,0.9825,3921,16747,5845,1786,29524,1034,72,15525,30248,726691,2.96618e+07,140,0.000136107,0.00489901,0.000100989,1.44585e+07,2.82368e+06,0,9.34089e+07,9.34089e+07,1,0
1300,78000,descending,0.9825,3910,19525,6743,1969,33608,1238,71,17219,33791,704058,5.5045e+07,255,0.000134877,0.00481151,0.000188491,1.44585e+07,2.82368e+06,0,9.34089e+07,9.34089e+07,1,0
1310,78600,cecum,0.9425,2559,11800,3728,1216,20595,676,41,10646,21237,479102,9.19132e+06,41,0.000137074,0.00496891,3.10911e-05,1.55314e+07,3.02568e+06,0,9.99871e+07,9.99871e+07,1,0
1310,78600,transverse,0.975,3736,17735,6034,1828,30830,1074,72,15925,31262,692056,3.1693e+07,140,0.00013601,0.0048921,0.0001079,1.55314e+07,3.02568e+06,0,9.99871e+07,9.99871e+07,1,0
1310,78600,descending,0.9925,4367,19623,6910,2020,34220,1260,74,17803,34763,788235,5.9043e+07,257,0.000134683,0.00479783,0.00020217,1.55314e+07,3.02568e+06,0,9.99871e+07,9.99871e+07,1,0
1320,79200,cecum,0.945,2657,12057,3852,1251,21140,705,45,10994,21816,497965,9.77314e+06,41,0.000137047,0.00496694,3.30583e-05,1.66822e+07,3.24189e+06,0,1.07016e+08,1.07016e+08,1,0
1320,79200,transverse,0.97,3646,18252,6200,1866,31840,1104,74,16484,32082,675330,3.38608e+07,140,0.000135907,0.00488473,0.000115275,1.66822e+07,3.24189e+06,0,1.07016e+08,1.07016e+08,1,0
1320,79200,descending,0.9925,4403,19607,7098,2058,34722,1295,74,18394,35186,794112,6.33219e+07,257,0.000134474,0.00478319,0.000216808,1.66822e+07,3.24189e+06,0,1.07016e+08,1.07016e+08,1,0
1330,79800,cecum,0.9675,2812,12314,3957,1287,21666,726,46,11319,22448,527209,1.03916e+07,41,0.000137018,0.00496485,3.51495e-05,1.79162e+07,3.4733e+06,0,1.14526e+08,1.14526e+08,1,0
1330,79800,transverse,0.985,3938,18635,6391,1896,32654,1141,74,16982,33064,729466,3.61734e+07,140,0.000135797,0.00487686,0.000123143,1.79162e+07,3.4733e+06,0,1.14526e+08,1.14526e+08,1,0
1330,79800,descending,0.995,4559,19914,7283,2115,35570,1329,75,19025,36095,822255,6.7899e+07,257,0.000134251,0.00476753,0.000232468,1.79162e+07,3.4733e+06,0,1.14526e+08,1.14526e+08,1,0
1340,80400,cecum,0.9725,2919,12445,4089,1317,22131,752,47,11708,22943,547777,1.10491e+07,41,0.000136987,0.00496263,3.73723e-05,1.92394e+07,3.72093e+06,0,1.22547e+08,1.22547e+08,1,0
1340,80400,transverse,0.9825,3867,19026,6585,1931,33488,1176,77,17492,33700,716628,3.86407e+07,140,0.000135679,0.00486846,0.000131536,1.92394e+07,3.72093e+06,0,1.22547e+08,1.22547e+08,1,0
1340,80400,descending,0.99,4391,20453,7492,2181,36544,1361,76,19557,36789,790094,7.27942e+07,259,0.000134011,0.00475079,0.000249215,1.92394e+07,3.72093e+06,0,1.22547e+08,1.22547e+08,1,0
1350,81000,cecum,0.955,2791,12835,4227,1353,22842,782,51,12091,23450,524155,1.17481e+07,41,0.000136955,0.00496026,3.97351e-05,2.06578e+07,3.9859e+06,0,1.31112e+08,1.31112e+08,1,0
1350,81000,transverse,0.9875,4185,19043,6764,1972,33942,1213,83,18001,34365,775617,4.12722e+07,140,0.000135554,0.00485951,0.000140487,2.06578e+07,3.9859e+06,0,1.31112e+08,1.31112e+08,1,0
1350,81000,descending,0.9875,4587,21015,7686,2238,37599,1394,76,20140,37936,826719,7.80275e+07,259,0.000133753,0.00473288,0.00026712,2.06578e+07,3.9859e+06,0,1.31112e+08,1.31112e+08,1,0
1360,81600,cecum,0.9475,2707,13341,4362,1381,23649,808,55,12442,24088,507977,1.24908e+07,41,0.00013692,0.00495775,4.22465e-05,2.2178e+07,4.26937e+06,0,1.40256e+08,1.40256e+08,1,0
1360,81600,transverse,0.9875,4246,19571,6949,2010,34930,1249,88,18530,35298,786601,4.40783e+07,140,0.00013542,0.00484997,0.000150033,2.2178e+07,4.26937e+06,0,1.40256e+08,1.40256e+08,1,0
1360,81600,descending,0.985,4583,21678,7898,2298,38838,1429,76,20811,39054,826350,8.36209e+07,259,0.000133477,0.00471374,0.000286256,2.2178e+07,4.26937e+06,0,1.40256e+08,1.40256e+08,1,0
1370,82200,cecum,0.96,2767,13659,4490,1422,24252,831,58,12788,24684,519662,1.32803e+07,41,0.000136883,0.00495508,4.49158e-05,2.3807e+07,4.57259e+06,0,1.50015e+08,1.50015e+08,1,0
1370,82200,transverse,0.985,4383,19957,7160,2066,35822,1281,93,19119,36199,811552,4.70702e+07,140,0.000135276,0.00483979,0.00016021,2.3807e+07,4.57259e+06,0,1.50015e+08,1.50015e+08,1,0
1370,82200,descending,0.9925,4546,22824,8100,2347,40477,1473,78,21395,40545,819745,8.95963e+07,259,0.00013318,0.0046933,0.0003067,2.3807e+07,4.57259e+06,0,1.50015e+08,1.50015e+08,1,0
1380,82800,cecum,0.945,2702,14303,4626,1452,25261,850,63,13197,25536,507367,1.41192e+07,41,0.000136844,0.00495225,4.77526e-05,2.55522e+07,4.89689e+06,0,1.60427e+08,1.60427e+08,1,0
1380,82800,transverse,0.9925,4954,19712,7342,2125,36011,1311,96,19639,36863,917184,5.02597e+07,140,0.000135123,0.00482894,0.000171059,2.55522e+07,4.89689e+06,0,1.60427e+08,1.60427e+08,1,0
1380,82800,descending,0.99,4698,23069,8302,2406,41225,1510,79,21993,41338,847027,9.59786e+07,259,0.000132862,0.00467147,0.000328534,2.55522e+07,4.89689e+06,0,1.60427e+08,1.60427e+08,1,0
1390,83400,cecum,0.95,2657,14845,4745,1481,26166,868,65,13605,26322,499442,1.50108e+07,41,0.000136803,0.00494923,5.07675e-05,2.74215e+07,5.24367e+06,0,1.71532e+08,1.71532e+08,1,0
1390,83400,transverse,0.985,4314,20608,7534,2169,37444,1354,101,20258,37546,798838,5.36591e+07,140,0.000134959,0.00481738,0.000182621,2.74215e+07,5.24367e+06,0,1.71532e+08,1.71532e+08,1,0
1390,83400,descending,0.99,5067,23175,8528,2455,41976,1543,80,22719,42313,913298,1.02792e+08,259,0.000132521,0.00464816,0.000351842,2.74215e+07,5.24367e+06,0,1.71532e+08,1.71532e+08,1,0
1400,84000,cecum,0.975,2834,15034,4861,1508,26755,890,65,14054,27021,532279,1.59584e+07,41,0.000136758,0.00494603,5.39713e-05,2.94232e+07,5.61442e+06,0,1.83374e+08,1.83374e+08,1,0
1400,84000,transverse,0.9825,4117,21457,7721,2218,38866,1389,102,20914,38667,762620,5.72809e+07,140,0.000134784,0.00480506,0.000194941,2.94232e+07,5.61442e+06,0,1.83374e+08,1.83374e+08,1,0
1400,84000,descending,0.9925,5334,23453,8745,2527,42832,1577,82,23401,43323,962960,1.10062e+08,259,0.000132155,0.00462329,0.000376713,2.94232e+07,5.61442e+06,0,1.83374e+08,1.83374e+08,1,0
1410,84600,cecum,0.9925,3273,14737,5030,1550,26755,921,67,14422,27362,613949,1.69657e+07,41,0.000136711,0.00494262,5.73759e-05,3.15662e+07,6.01074e+06,0,1.95995e+08,1.95995e+08,1,0
1410,84600,transverse,0.9875,4465,22071,7922,2267,40000,1427,107,21516,40030,826519,6.1139e+07,140,0.000134598,0.00479193,0.000208066,3.15662e+07,6.01074e+06,0,1.95995e+08,1.95995e+08,1,0
1410,84600,descending,0.995,5143,24311,8984,2586,44262,1622,89,24070,44420,926587,1.17816e+08,259,0.000131763,0.00459676,0.00040324,3.15662e+07,6.01074e+06,0,1.95995e+08,1.95995e+08,1,0
1420,85200,cecum,0.9725,3059,15016,5173,1594,27426,948,67,14885,27747,574296,1.80361e+07,41,0.000136661,0.00493901,6.09936e-05,3.38598e+07,6.43429e+06,0,2.09442e+08,2.09442e+08,1,0
1420,85200,transverse,0.9975,4551,22336,8123,2314,40842,1465,112,22173,40837,842456,6.52488e+07,140,0.000134398,0.00477796,0.000222044,3.38598e+07,6.43429e+06,0,2.09442e+08,2.09442e+08,1,0
1420,85200,descending,0.995,5046,24906,9205,2635,45487,1665,90,24791,45418,908793,1.26082e+08,259,0.000131343,0.00456848,0.000431519,3.38598e+07,6.43429e+06,0,2.09442e+08,2.09442e+08,1,0
1430,85800,cecum,0.95,3000,15438,5330,1631,28225,979,69,15328,28396,563211,1.91731e+07,41,0.000136608,0.00493516,6.48377e-05,3.6314e+07,6.88687e+06,0,2.23764e+08,2.23764e+08,1,0
1430,85800,transverse,0.99,4680,22459,8351,2367,41621,1491,115,22905,41593,866682,6.96248e+07,140,0.000134185,0.00476307,0.000236927,3.6314e+07,6.88687e+06,0,2.23764e+08,2.23764e+08,1,0
1430,85800,descending,0.99,5058,25892,9435,2687,47048,1703,90,25456,46851,910737,1.34889e+08,259,0.000130892,0.00453835,0.00046165,3.6314e+07,6.88687e+06,0,2.23764e+08,2.23764e+08,1,0
1440,86400,cecum,0.98,3303,15664,5460,1669,28876,1002,70,15813,29280,619023,2.0381e+07,41,0.000136552,0.00493108,6.89217e-05,3.89392e+07,7.37033e+06,0,2.3901e+08,2.3901e+08,1,0
1440,86400,transverse,0.9975,4748,22836,8571,2427,42515,1534,116,23524,42437,878552,7.4283e+07,140,0.000133958,0.00474723,0.00025277,3.89392e+07,7.37033e+06,0,2.3901e+08,2.3901e+08,1,0
1440,86400,descending,0.9925,5090,26433,9679,2750,48207,1756,92,26188,47912,917423,1.44268e+08,259,0.000130409,0.00450627,0.000493735,3.89392e+07,7.37033e+06,0,2.3901e+08,2.3901e+08,1,0
1450,87000,cecum,0.985,3307,15707,5601,1712,29256,1030,70,16221,29594,620307,2.16647e+07,41,0.000136491,0.00492674,7.32606e-05,4.17464e+07,7.88667e+06,0,2.55232e+08,2.55232e+08,1,0
1450,87000,transverse,0.995,4849,23416,8804,2472,43631,1576,118,24145,43506,897449,7.92398e+07,140,0.000133715,0.00473037,0.00026963,4.17464e+07,7.88667e+06,0,2.55232e+08,2.55232e+08,1,0
1450,87000,descending,0.9975,5312,27161,9913,2823,49535,1806,98,26905,49345,958793,1.54248e+08,259,0.000129891,0.00447212,0.00052788,4.17464e+07,7.88667e+06,0,2.55232e+08,2.55232e+08,1,0
1460,87600,cecum,0.975,3154,15889,5755,1759,29826,1053,74,16675,29923,591815,2.30285e+07,41,0.000136427,0.00492213,7.78699e-05,4.47472e+07,8.43799e+06,0,2.72485e+08,2.72485e+08,1,0
1460,87600,transverse,0.9925,4807,24017,9031,2538,44689,1619,121,24708,44401,890290,8.45134e+07,140,0.000133456,0.00471243,0.000287566,4.47472e+07,8.43799e+06,0,2.72485e+08,2.72485e+08,1,0
1460,87600,descending,0.9975,5058,27722,10151,2888,50766,1857,100,27689,50198,910714,1.64862e+08,259,0.000129336,0.00443581,0.000564194,4.47472e+07,8.43799e+06,0,2.72485e+08,2.72485e+08,1,0
1470,88200,cecum,0.97,3075,16494,5875,1800,30847,1069,77,17145,30799,577612,2.44766e+07,41,0.000136359,0.00491723,8.2766e-05,4.79539e+07,9.0265e+06,0,2.90823e+08,2.90823e+08,1,0
1470,88200,transverse,1,5302,23641,9265,2592,44864,1660,124,25351,44929,982250,9.01222e+07,140,0.000133179,0.00469336,0.000306641,4.79539e+07,9.0265e+06,0,2.90823e+08,2.90823e+08,1,0
1470,88200,descending,0.9975,5026,28137,10383,2927,51868,1893,100,28451,51111,904931,1.76143e+08,259,0.000128742,0.00439721,0.000602789,4.79539e+07,9.0265e+06,0,2.90823e+08,2.90823e+08,1,0
1480,88800,cecum,0.985,3402,16528,6023,1835,31232,1102,79,17562,31429,637711,2.60148e+07,41,0.000136287,0.00491203,8.79663e-05,5.13793e+07,9.65452e+06,0,3.10305e+08,3.10305e+08,1,0
1480,88800,transverse,0.9925,4901,24690,9512,2660,46478,1701,125,26024,46003,908149,9.60847e+07,140,0.000132884,0.00467308,0.000326921,5.13793e+07,9.65452e+06,0,3.10305e+08,3.10305e+08,1,0
1480,88800,descending,0.9975,5343,28251,10634,2966,52743,1934,107,29285,52125,963331,1.88122e+08,259,0.000128105,0.00435622,0.000643777,5.13793e+07,9.65452e+06,0,3.10305e+08,3.10305e+08,1,0
1490,89400,cecum,0.985,3277,16874,6182,1880,32004,1135,80,18065,31994,614917,2.76487e+07,41,0.00013621,0.00490651,9.34894e-05,5.50369e+07,1.03245e+07,0,3.30988e+08,3.30988e+08,1,0
1490,89400,transverse,0.995,5339,24423,9756,2728,46793,1744,127,26715,46621,988980,1.02422e+08,140,0.000132568,0.00465153,0.000348473,5.50369e+07,1.03245e+07,0,3.30988e+08,3.30988e+08,1,0
1490,89400,descending,1,5158,28375,10869,3030,53555,1979,113,30076,52620,928643,2.00834e+08,259,0.000127423,0.00431273,0.000687271,5.50369e+07,1.03245e+07,0,3.30988e+08,3.30988e+08,1,0
1500,90000,cecum,0.98,3211,17117,6326,1935,32670,1168,87,18569,32531,602811,2.93838e+07,41,0.000136129,0.00490065,9.93546e-05,5.89406e+07,1.1039e+07,0,3.52932e+08,3.52932e+08,1,0
1500,90000,transverse,0.9925,5328,25012,10007,2795,47942,1795,127,27393,47626,987669,1.09153e+08,140,0.000132232,0.00462863,0.000371368,5.89406e+07,1.1039e+07,0,3.52932e+08,3.52932e+08,1,0
1500,90000,descending,0.99,5187,28450,11103,3090,54353,2029,114,30908,53322,933104,2.14311e+08,259,0.000126694,0.00426661,0.000733386,5.89406e+07,1.1039e+07,0,3.52932e+08,3.52932e+08,1,0
1510,90600,cecum,0.9925,3725,16828,6478,1978,32818,1196,87,19077,33112,698294,3.12262e+07,41,0.000136042,0.00489442,0.000105583,6.31052e+07,1.18008e+07,0,3.76198e+08,3.76198e+08,1,0
1510,90600,transverse,0.9975,5580,25040,10252,2855,48549,1859,128,28095,48363,1.03421e+06,1.16302e+08,140,0.000131872,0.00460432,0.00039568,6.31052e+07,1.18008e+07,0,3.76198e+08,3.76198e+08,1,0
1510,90600,descending,0.9925,5529,29091,11347,3137,55685,2073,114,31690,54843,996321,2.28584e+08,259,0.000125913,0.00421777,0.000782234,6.31052e+07,1.18008e+07,0,3.76198e+08,3.76198e+08,1,0
1520,91200,cecum,0.98,3622,17146,6644,2023,33589,1225,87,19604,33688,680138,3.31823e+07,41,0.000135949,0.00488781,0.000112195,6.7546e+07,1.26126e+07,0,4.00847e+08,4.00847e+08,1,0
1520,91200,transverse,0.995,5150,25644,10493,2911,49814,1901,128,28854,49055,954776,1.23889e+08,140,0.000131489,0.00457851,0.000421485,6.7546e+07,1.26126e+07,0,4.00847e+08,4.00847e+08,1,0
1520,91200,descending,0.9975,5998,29487,11589,3191,56783,2122,116,32493,56269,1.0824e+06,2.43688e+08,259,0.000125077,0.00416607,0.000833927,6.7546e+07,1.26126e+07,0,4.00847e+08,4.00847e+08,1,0
1530,91800,cecum,0.985,3835,17447,6812,2077,34364,1256,89,20161,34591,719177,3.52586e+07,41,0.000135851,0.00488079,0.000119215,7.22789e+07,1.34774e+07,0,4.26939e+08,4.26939e+08,1,0
1530,91800,transverse,0.99,4931,26631,10705,2974,51466,1933,132,29610,50367,914237,1.31938e+08,140,0.00013108,0.00455114,0.000448862,7.22789e+07,1.34774e+07,0,4.26939e+08,4.26939e+08,1,0
1530,91800,descending,0.995,5852,30304,11801,3251,58334,2155,121,33315,57550,1.05401e+06,2.59653e+08,259,0.000124183,0.00411143,0.000888572,7.22789e+07,1.34774e+07,0,4.26939e+08,4.26939e+08,1,0
1540,92400,cecum,0.99,3964,17580,6973,2135,34835,1278,92,20576,35107,743508,3.74629e+07,41,0.000135747,0.00487333,0.000126666,7.73203e+07,1.43983e+07,0,4.54536e+08,4.54536e+08,1,0
1540,92400,transverse,0.995,5366,27175,10930,3042,52740,1973,132,30448,51959,994639,1.40472e+08,140,0.000130644,0.00452211,0.00047789,7.73203e+07,1.43983e+07,0,4.54536e+08,4.54536e+08,1,0
1540,92400,descending,0.9975,6190,30685,12059,3315,59413,2199,127,34115,58811,1.11575e+06,2.76509e+08,259,0.000123228,0.00405373,0.000946273,7.73203e+07,1.43983e+07,0,4.54536e+08,4.54536e+08,1,0
1550,93000,cecum,0.99,3973,18009,7136,2193,35656,1315,100,21055,35861,745246,3.98022e+07,41,0.000135636,0.00486543,0.000134575,8.26872e+07,1.53785e+07,0,4.83697e+08,4.83697e+08,1,0
1550,93000,transverse,0.995,5480,27371,11174,3095,53630,2032,132,31254,52831,1.01552e+06,1.49518e+08,140,0.000130179,0.00449135,0.000508655,8.26872e+07,1.53785e+07,0,4.83697e+08,4.83697e+08,1,0
1550,93000,descending,0.9975,6134,30877,12360,3385,60504,2249,128,35133,59664,1.10333e+06,2.94286e+08,259,0.000122207,0.00399287,0.00100713,8.26872e+07,1.53785e+07,0,4.83697e+08,4.83697e+08,1,0
1560,93600,cecum,0.985,4060,18614,7313,2237,36655,1348,103,21523,36844,761539,4.22845e+07,41,0.000135518,0.00485703,0.000142967,8.83971e+07,1.64214e+07,0,5.14482e+08,5.14482e+08,1,0
1560,93600,transverse,0.9975,5650,27462,11451,3161,54440,2085,137,32087,53648,1.04709e+06,1.59098e+08,140,0.000129683,0.00445876,0.000541239,8.83971e+07,1.64214e+07,0,5.14482e+08,5.14482e+08,1,0
1560,93600,descending,1,6905,30558,12671,3457,60889,2300,130,35958,60630,1.24554e+06,3.13006e+08,259,0.000121117,0.00392878,0.00107122,8.83971e+07,1.64214e+07,0,5.14482e+08,5.14482e+08,1,0
1570,94200,cecum,0.9875,3956,19237,7476,2286,37677,1375,107,21994,37671,741765,4.49184e+07,41,0.000135393,0.00484813,0.000151872,9.4468e+07,1.75302e+07,0,5.46945e+08,5.46945e+08,1,0
1570,94200,transverse,0.9975,5547,28079,11728,3218,55864,2134,140,32997,54795,1.02756e+06,1.69238e+08,140,0.000129155,0.00442427,0.000575731,9.4468e+07,1.75302e+07,0,5.46945e+08,5.46945e+08,1,0
1570,94200,descending,1,6891,31101,12950,3520,62203,2336,132,36826,61748,1.24185e+06,3.32694e+08,259,0.000119953,0.00386136,0.00113864,9.4468e+07,1.75302e+07,0,5.46945e+08,5.46945e+08,1,0
1580,94800,cecum,0.9875,3855,19788,7634,2340,38620,1400,113,22459,38428,722349,4.77128e+07,41,0.000135259,0.00483868,0.000161319,1.00918e+08,1.87088e+07,0,5.81141e+08,5.81141e+08,1,0
1580,94800,transverse,0.9925,5169,29395,11998,3289,57792,2187,141,33732,56198,956863,1.79965e+08,140,0.000128591,0.00438778,0.000612217,1.00918e+08,1.87088e+07,0,5.81141e+08,5.81141e+08,1,0
1580,94800,descending,1,7203,31722,13283,3598,63565,2399,136,37704,63226,1.29891e+06,3.53367e+08,259,0.000118711,0.00379055,0.00120945,1.00918e+08,1.87088e+07,0,5.81141e+08,5.81141e+08,1,0
1590,95400,cecum,0.99,4061,19683,7815,2379,39066,1431,114,23079,38968,761092,5.06773e+07,41,0.000135118,0.00482866,0.00017134,1.07766e+08,1.99606e+07,0,6.17119e+08,6.17119e+08,1,0
1590,95400,transverse,0.995,5470,30159,12247,3355,59176,2232,142,34462,57744,1.01319e+06,1.91302e+08,140,0.000127991,0.00434921,0.000650786,1.07766e+08,1.99606e+07,0,6.17119e+08,6.17119e+08,1,0
1590,95400,descending,1,7020,31951,13604,3679,64567,2459,145,38609,63856,1.26346e+06,3.75041e+08,259,0.000117387,0.00371631,0.00128369,1.07766e+08,1.99606e+07,0,6.17119e+08,6.17119e+08,1,0
1600,96000,cecum,0.99,4433,19625,8003,2426,39461,1470,115,23617,39632,830450,5.3821e+07,41,0.000134967,0.00481803,0.000181967,1.15031e+08,2.12894e+07,0,6.54922e+08,6.54922e+08,1,0
1600,96000,transverse,0.9975,5226,30496,12465,3424,60275,2264,146,35321,58478,968874,2.03279e+08,141,0.000127351,0.00430847,0.000691525,1.15031e+08,2.12894e+07,0,6.54922e+08,6.54922e+08,1,0
1600,96000,descending,0.9975,6441,32589,13903,3755,65930,2519,151,39464,64471,1.1564e+06,3.97723e+08,260,0.000115977,0.0036386,0.0013614,1.15031e+08,2.12894e+07,0,6.54922e+08,6.54922e+08,1,0
1610,96600,cecum,0.985,4161,20039,8207,2480,40376,1509,115,24211,40164,779796,5.71546e+07,41,0.000134807,0.00480676,0.000193235,1.22732e+08,2.26992e+07,0,6.94591e+08,6.94591e+08,1,0
1610,96600,transverse,0.995,5471,30952,12709,3477,61505,2307,152,36185,59799,1.01378e+06,2.15919e+08,141,0.00012667,0.00426548,0.000734524,1.22732e+08,2.26992e+07,0,6.94591e+08,6.94591e+08,1,0
1610,96600,descending,1,6735,32847,14213,3838,67081,2560,155,40477,65726,1.2107e+06,4.21417e+08,260,0.000114476,0.0035574,0.0014426,1.22732e+08,2.26992e+07,0,6.94591e+08,6.94591e+08,1,0
1620,97200,cecum,0.995,4613,19912,8402,2528,40758,1541,119,24796,40879,864142,6.06884e+07,41,0.000134637,0.00479482,0.000205181,1.30887e+08,2.41938e+07,0,7.36157e+08,7.36157e+08,1,0
1620,97200,transverse,1,5717,30684,12957,3536,62099,2354,153,37152,60496,1.05904e+06,2.29248e+08,141,0.000125945,0.00422013,0.000779868,1.30887e+08,2.41938e+07,0,7.36157e+08,7.36157e+08,1,0
1620,97200,descending,0.9975,6674,33213,14505,3893,68264,2600,157,41387,66649,1.19848e+06,4.46119e+08,260,0.00011288,0.00347273,0.00152727,1.30887e+08,2.41938e+07,0,7.36157e+08,7.36157e+08,1,0
1630,97800,cecum,0.9875,4616,20041,8617,2589,41365,1583,120,25376,41376,865646,6.44342e+07,41,0.000134457,0.00478216,0.000217843,1.39516e+08,2.57772e+07,0,7.79643e+08,7.79643e+08,1,0
1630,97800,transverse,1,5356,30832,13198,3613,63131,2396,154,38154,61044,992541,2.43291e+08,141,0.000125173,0.00417236,0.000827642,1.39516e+08,2.57772e+07,0,7.79643e+08,7.79643e+08,1,0
1630,97800,descending,1,6847,33607,14824,3969,69515,2653,162,42368,67878,1.23125e+06,4.71816e+08,260,0.000111184,0.00338462,0.00161538,1.39516e+08,2.57772e+07,0,7.79643e+08,7.79643e+08,1,0
1640,98400,cecum,0.9925,4795,20268,8819,2659,42120,1628,125,26014,42218,899230,6.84032e+07,41,0.000134265,0.00476874,0.000231261,1.48637e+08,2.74535e+07,0,8.25063e+08,8.25063e+08,1,0
1640,98400,transverse,0.9975,5752,31085,13467,3676,64095,2451,155,38982,62252,1.06543e+06,2.58071e+08,141,0.000124352,0.00412207,0.000877927,1.48637e+08,2.74535e+07,0,8.25063e+08,8.25063e+08,1,0
1640,98400,descending,1,6806,35210,15142,4037,72003,2706,165,43371,70125,1.22542e+06,4.98485e+08,260,0.000109386,0.00329315,0.00170685,1.48637e+08,2.74535e+07,0,8.25063e+08,8.25063e+08,1,0
1650,99000,cecum,0.985,4856,20834,9014,2714,43288,1663,128,26703,43339,911472,7.26078e+07,41,0.000134061,0.00475452,0.000245475,1.58268e+08,2.92266e+07,0,8.72423e+08,8.72423e+08,1,0
1650,99000,transverse,0.9975,5689,31351,13708,3742,65170,2486,160,39887,63119,1.05355e+06,2.73611e+08,141,0.000123478,0.0040692,0.0009308,1.58268e+08,2.92266e+07,0,8.72423e+08,8.72423e+08,1,0
1650,99000,descending,0.9975,6811,35749,15431,4120,73484,2762,166,44451,71460,1.22686e+06,5.26099e+08,260,0.000107481,0.00319841,0.00180159,1.58268e+08,2.92266e+07,0,8.72423e+08,8.72423e+08,1,0
1660,99600,cecum,0.9975,4950,20918,9245,2764,43858,1708,131,27281,43864,929307,7.70616e+07,41,0.000133844,0.00473947,0.000260531,1.68425e+08,3.11006e+07,0,9.21713e+08,9.21713e+08,1,0
1660,99600,transverse,0.9925,5508,31657,13955,3797,66234,2534,165,40743,63853,1.02019e+06,2.89931e+08,141,0.00012255,0.00401367,0.000986332,1.68425e+08,3.11006e+07,0,9.21713e+08,9.21713e+08,1,0
1660,99600,descending,1,6697,35739,15708,4194,74483,2814,168,45584,72192,1.20354e+06,5.54615e+08,261,0.000105466,0.00310053,0.00189947,1.68425e+08,3.11006e+07,0,9.21713e+08,9.21713e+08,1,0
1670,100200,cecum,0.99,4668,21513,9474,2820,44998,1758,132,27931,44598,877181,8.17775e+07,41,0.000133614,0.00472353,0.000276473,1.79127e+08,3.30796e+07,0,9.72914e+08,9.72914e+08,1,0
1670,100200,transverse,0.9975,6170,31286,14221,3870,66511,2590,169,41516,64651,1.14332e+06,3.07051e+08,141,0.000121563,0.00395541,0.00104459,1.79127e+08,3.30796e+07,0,9.72914e+08,9.72914e+08,1,0
1670,100200,descending,0.995,7082,35892,16044,4264,75434,2896,171,46531,73341,1.2742e+06,5.8398e+08,261,0.000103338,0.0029997,0.0020003,1.79127e+08,3.30796e+07,0,9.72914e+08,9.72914e+08,1,0
1680,100800,cecum,0.9925,5261,21713,9736,2887,45751,1817,135,28607,45805,986429,8.67691e+07,41,0.00013337,0.00470665,0.000293348,1.90387e+08,3.51674e+07,0,1.02599e+09,1.02599e+09,1,0
1680,100800,transverse,1,5916,32062,14455,3947,68111,2631,173,42454,65877,1.09628e+06,3.24985e+08,141,0.000120516,0.00389437,0.00110563,1.90387e+08,3.51674e+07,0,1.02599e+09,1.02599e+09,1,0
1680,100800,descending,1,7481,37261,16377,4351,77918,2952,180,47780,76025,1.34855e+06,6.14127e+08,261,0.000101095,0.00289613,0.00210387,1.90387e+08,3.51674e+07,0,1.02599e+09,1.02599e+09,1,0
1690,101400,cecum,0.99,4798,22674,9936,2942,47266,1860,138,29256,46752,900175,9.20518e+07,41,0.00013311,0.00468879,0.000311207,2.02219e+08,3.73678e+07,0,1.0809e+09,1.0809e+09,1,0
1690,101400,transverse,1,6202,33188,14723,4015,70064,2678,176,43393,67960,1.14869e+06,3.43749e+08,141,0.000119405,0.00383051,0.00116949,2.02219e+08,3.73678e+07,0,1.0809e+09,1.0809e+09,1,0
1690,101400,descending,0.9975,7047,38649,16690,4449,80292,3013,186,48919,77805,1.26866e+06,6.44982e+08,261,9.87356e-05,0.00279008,0.00220992,2.02219e+08,3.73678e+07,0,1.0809e+09,1.0809e+09,1,0
1700,102000,cecum,0.9975,4895,22849,10162,3001,48012,1910,143,29931,47473,919027,9.76406e+07,41,0.000132835,0.0046699,0.0003301,2.14637e+08,3.96848e+07,0,1.13756e+09,1.13756e+09,1,0
1700,102000,transverse,1,6530,32931,15013,4086,70674,2716,180,44365,68713,1.20957e+06,3.63352e+08,141,0.000118226,0.00376378,0.00123622,2.14637e+08,3.96848e+07,0,1.13756e+09,1.13756e+09,1,0
1700,102000,descending,1,6668,39306,16988,4536,81863,3068,193,49968,78834,1.19913e+06,6.76455e+08,261,9.62602e-05,0.00268184,0.00231816,2.14637e+08,3.96848e+07,0,1.13756e+09,1.13756e+09,1,0
1710,102600,cecum,0.995,4766,23075,10386,3071,48729,1955,144,30536,47951,895667,1.03551e+08,41,0.000132542,0.00464992,0.00035008,2.2765e+08,4.21217e+07,0,1.19591e+09,1.19591e+09,1,0
1710,102600,transverse,1,6321,33344,15305,4169,71922,2758,181,45324,69584,1.17056e+06,3.838e+08,141,0.000116977,0.00369417,0.00130583,2.2765e+08,4.21217e+07,0,1.19591e+09,1.19591e+09,1,0
1710,102600,descending,1,7161,39668,17330,4606,83145,3131,208,51006,80385,1.28881e+06,7.08441e+08,261,9.36693e-05,0.00257175,0.00242825,2.2765e+08,4.21217e+07,0,1.19591e+09,1.19591e+09,1,0
1720,103200,cecum,0.9975,5495,23591,10590,3133,49749,1986,145,31132,49588,1.03102e+06,1.09799e+08,41,0.000132231,0.0046288,0.000371202,2.41267e+08,4.4682e+07,0,1.25584e+09,1.25584e+09,1,0
1720,103200,transverse,0.9975,6330,33413,15597,4229,72824,2818,192,46266,70312,1.17222e+06,4.05094e+08,141,0.000115654,0.00362167,0.00137833,2.41267e+08,4.4682e+07,0,1.25584e+09,1.25584e+09,1,0
1720,103200,descending,1,7799,39694,17665,4664,84149,3200,215,52104,81812,1.40427e+06,7.40828e+08,261,9.09653e-05,0.00246021,0.00253979,2.41267e+08,4.4682e+07,0,1.25584e+09,1.25584e+09,1,0
1730,103800,cecum,0.995,5075,24532,10819,3195,51255,2032,145,31805,50553,952442,1.16401e+08,41,0.000131901,0.00460648,0.000393522,2.55494e+08,4.7369e+07,0,1.31724e+09,1.31724e+09,1,0
1730,103800,transverse,1,6040,34326,15847,4299,74654,2863,201,47289,71708,1.11818e+06,4.27231e+08,141,0.000114256,0.00354629,0.00145371,2.55494e+08,4.7369e+07,0,1.31724e+09,1.31724e+09,1,0
1730,103800,descending,1,7452,39452,18030,4747,84901,3262,216,53242,81996,1.33866e+06,7.73489e+08,261,8.81519e-05,0.00234763,0.00265237,2.55494e+08,4.7369e+07,0,1.31724e+09,1.31724e+09,1,0
1740,104400,cecum,0.985,4701,25677,11019,3257,53076,2067,151,32572,51891,883499,1.23375e+08,41,0.000131551,0.0045829,0.0004171,2.70335e+08,5.01854e+07,0,1.37998e+09,1.37998e+09,1,0
1740,104400,transverse,0.9975,6673,34869,16129,4370,76011,2918,201,48229,73542,1.23621e+06,4.50199e+08,141,0.000112777,0.00346806,0.00153194,2.70335e+08,5.01854e+07,0,1.37998e+09,1.37998e+09,1,0
1740,104400,descending,1,7268,39575,18357,4819,86063,3317,219,54405,82771,1.30475e+06,8.06288e+08,261,8.52347e-05,0.00223447,0.00276553,2.70335e+08,5.01854e+07,0,1.37998e+09,1.37998e+09,1,0
1750,105000,cecum,0.9975,4620,26284,11234,3304,54360,2109,155,33334,52964,867850,1.30739e+08,41,0.00013118,0.00455801,0.000441994,2.85791e+08,5.31339e+07,0,1.44392e+09,1.44392e+09,1,0
1750,105000,transverse,1,6824,34611,16432,4451,76664,2965,210,49259,74162,1.26381e+06,4.73985e+08,141,0.000111217,0.00338704,0.00161296,2.85791e+08,5.31339e+07,0,1.44392e+09,1.44392e+09,1,0
1750,105000,descending,1,7195,40836,18722,4892,88399,3390,220,55625,84814,1.29199e+06,8.39079e+08,261,8.2221e-05,0.00212121,0.00287879,2.85791e+08,5.31339e+07,0,1.44392e+09,1.44392e+09,1,0
1760,105600,cecum,0.9975,4965,26536,11439,3358,55310,2152,156,34128,54150,930882,1.38511e+08,41,0.000130786,0.00453173,0.000468266,3.0186e+08,5.62169e+07,0,1.50891e+09,1.50891e+09,1,0
1760,105600,transverse,0.9975,6429,35762,16724,4510,78524,3024,214,50082,75449,1.19062e+06,4.98564e+08,141,0.000109572,0.0033033,0.0016967,3.0186e+08,5.62169e+07,0,1.50891e+09,1.50891e+09,1,0
1760,105600,descending,0.9975,8125,41809,19053,4970,90429,3446,249,56787,87548,1.46389e+06,8.71711e+08,261,7.91201e-05,0.00200836,0.00299164,3.0186e+08,5.62169e+07,0,1.50891e+09,1.50891e+09,1,0
1770,106200,cecum,0.9925,5033,26524,11661,3436,55984,2199,158,34937,54793,943724,1.46709e+08,41,0.000130368,0.00450402,0.000495979,3.18538e+08,5.94363e+07,0,1.57477e+09,1.57477e+09,1,0
1770,106200,transverse,0.9975,6800,35914,17029,4581,79715,3081,214,51249,76834,1.2594e+06,5.23906e+08,141,0.000107841,0.00321694,0.00178306,3.18538e+08,5.94363e+07,0,1.57477e+09,1.57477e+09,1,0
1770,106200,descending,1,8124,42607,19432,5087,92335,3508,254,58069,89248,1.46524e+06,9.04031e+08,261,7.5943e-05,0.00189644,0.00310356,3.18538e+08,5.94363e+07,0,1.57477e+09,1.57477e+09,1,0
1780,106800,cecum,0.9975,5120,26574,11904,3497,56789,2253,158,35807,55557,960010,1.55352e+08,41,0.000129924,0.0044748,0.000525196,3.35817e+08,6.27938e+07,0,1.64133e+09,1.64133e+09,1,0
1780,106800,transverse,0.9975,6978,36540,17328,4656,81332,3138,216,52370,78460,1.29249e+06,5.49973e+08,141,0.000106021,0.00312809,0.00187191,3.35817e+08,6.27938e+07,0,1.64133e+09,1.64133e+09,1,0
1780,106800,descending,1,7500,42380,19789,5180,93171,3565,259,59277,89248,1.34866e+06,9.35884e+08,261,7.27029e-05,0.00178597,0.00321403,3.35817e+08,6.27938e+07,0,1.64133e+09,1.64133e+09,1,0
1790,107400,cecum,1,5208,27311,12157,3554,58130,2313,164,36522,56844,977110,1.64458e+08,41,0.000129454,0.00444402,0.000555981,3.53687e+08,6.62906e+07,0,1.70842e+09,1.70842e+09,1,0
1790,107400,transverse,1,7262,37767,17615,4739,83670,3179,220,53601,80915,1.34447e+06,5.76717e+08,141,0.00010411,0.00303691,0.00196309,3.53687e+08,6.62906e+07,0,1.70842e+09,1.70842e+09,1,0
1790,107400,descending,1,7236,42454,20123,5258,94365,3624,265,60528,89975,1.29943e+06,9.67114e+08,261,6.94145e-05,0.00167747,0.00332253,3.53687e+08,6.62906e+07,0,1.70842e+09,1.70842e+09,1,0
1800,108000,cecum,0.9975,5090,27684,12387,3626,59165,2357,166,37298,57645,956228,1.74048e+08,41,0.000128955,0.0044116,0.0005884,3.72134e+08,6.99276e+07,0,1.77583e+09,1.77583e+09,1,0
1800,108000,transverse,1,7048,38060,17922,4801,85009,3230,223,54757,81843,1.3055e+06,6.04083e+08,141,0.000102109,0.00294358,0.00205642,3.72134e+08,6.99276e+07,0,1.77583e+09,1.77583e+09,1,0
1800,108000,descending,1,7527,43162,20450,5339,96000,3673,265,61585,91704,1.35297e+06,9.97572e+08,261,6.60943e-05,0.00157144,0.00342856,3.72134e+08,6.99276e+07,0,1.77583e+09,1.77583e+09,1,0
1810,108600,cecum,0.9925,5433,28386,12616,3682,60672,2390,170,38188,59351,1.0201e+06,1.8414e+08,41,0.000128427,0.00437748,0.000622516,3.91143e+08,7.37052e+07,0,1.8434e+09,1.8434e+09,1,0
1810,108600,transverse,1,7572,37923,18231,4875,85796,3289,226,55811,82975,1.4026e+06,6.32007e+08,141,0.000100017,0.00284832,0.00215168,3.91143e+08,7.37052e+07,0,1.8434e+09,1.8434e+09,1,0
1810,108600,descending,0.9975,7251,43511,20792,5396,97345,3734,270,62694,92544,1.30206e+06,1.02712e+09,261,6.27599e-05,0.00146835,0.00353165,3.91143e+08,7.37052e+07,0,1.8434e+09,1.8434e+09,1,0
1820,109200,cecum,0.995,5339,28965,12824,3730,62008,2423,180,39016,60456,1.00221e+06,1.94753e+08,41,0.000127867,0.0043416,0.000658395,4.10694e+08,7.76235e+07,0,1.91093e+09,1.91093e+09,1,0
1820,109200,transverse,1,6554,39346,18521,4930,88167,3349,226,56874,84153,1.21468e+06,6.60415e+08,141,9.78352e-05,0.00275138,0.00224862,4.10694e+08,7.76235e+07,0,1.91093e+09,1.91093e+09,1,0
1820,109200,descending,0.9975,8231,43047,21145,5471,97959,3822,273,63932,93945,1.48266e+06,1.05563e+09,261,5.94298e-05,0.00136862,0.00363138,4.10694e+08,7.76235e+07,0,1.91093e+09,1.91093e+09,1,0
1830,109800,cecum,0.9975,5454,29032,13069,3799,62952,2464,181,40002,61379,1.02413e+06,2.05907e+08,41,0.000127274,0.0043039,0.000696101,4.30768e+08,8.16823e+07,0,1.97825e+09,1.97825e+09,1,0
1830,109800,transverse,1,7476,38987,18798,5003,88853,3386,232,58023,85588,1.38573e+06,6.89224e+08,141,9.55642e-05,0.00265302,0.00234698,4.30768e+08,8.16823e+07,0,1.97825e+09,1.97825e+09,1,0
1830,109800,descending,1,8335,43631,21531,5554,99765,3899,275,65312,95627,1.4999e+06,1.08299e+09,261,5.6123e-05,0.00127265,0.00372735,4.30768e+08,8.16823e+07,0,1.97825e+09,1.97825e+09,1,0
1840,110400,cecum,0.995,5693,29137,13342,3869,63781,2508,182,40839,62287,1.06914e+06,2.1762e+08,41,0.000126646,0.0042643,0.000735696,4.51342e+08,8.5881e+07,0,2.04519e+09,2.04519e+09,1,0
1840,110400,transverse,1,6574,38954,19104,5076,89944,3438,240,59264,85588,1.21828e+06,7.18346e+08,141,9.32069e-05,0.00255356,0.00244644,4.51342e+08,8.5881e+07,0,2.04519e+09,2.04519e+09,1,0
1840,110400,descending,1,7429,43955,21859,5637,101133,3951,277,66489,95894,1.33213e+06,1.10909e+09,261,5.28585e-05,0.00118075,0.00381925,4.51342e+08,8.5881e+07,0,2.04519e+09,2.04519e+09,1,0
1850,111000,cecum,0.995,6237,29315,13607,3942,64639,2544,188,41622,63527,1.17037e+06,2.29909e+08,41,0.000125981,0.00422276,0.000777241,4.72392e+08,9.02185e+07,0,2.1116e+09,2.1116e+09,1,0
1850,111000,transverse,0.9975,6818,39631,19425,5143,91623,3496,242,60389,87313,1.26345e+06,7.4768e+08,141,9.07667e-05,0.00245332,0.00254668,4.72392e+08,9.02185e+07,0,2.1116e+09,2.1116e+09,1,0
1850,111000,descending,1,7334,42990,22182,5708,101422,4011,279,67872,95894,1.31215e+06,1.13388e+09,261,4.96545e-05,0.00109319,0.00390681,4.72392e+08,9.02185e+07,0,2.1116e+09,2.1116e+09,1,0
1860,111600,cecum,1,6194,29404,13886,4016,65453,2606,194,42477,64149,1.16343e+06,2.42793e+08,41,0.000125277,0.00417921,0.000820794,4.93891e+08,9.46936e+07,0,2.17732e+09,2.17732e+09,1,0
1860,111600,transverse,1,7218,39974,19726,5227,93091,3561,244,61661,89027,1.3376e+06,7.77122e+08,141,8.82484e-05,0.00235265,0.00264735,4.93891e+08,9.46936e+07,0,2.17732e+09,2.17732e+09,1,0
1860,111600,descending,1,8796,43040,22570,5795,102593,4092,283,69157,98303,1.58126e+06,1.15727e+09,261,4.65284e-05,0.00101016,0.00398984,4.93891e+08,9.46936e+07,0,2.17732e+09,2.17732e+09,1,0
1870,112200,cecum,1,5813,29153,14149,4081,65991,2649,196,43372,64149,1.09371e+06,2.56289e+08,41,0.000124533,0.00413359,0.000866411,5.15813e+08,9.93046e+07,0,2.24224e+09,2.24224e+09,1,0
1870,112200,transverse,1,6939,40746,20048,5316,94859,3604,251,62782,90319,1.28513e+06,8.06562e+08,141,8.56579e-05,0.00225192,0.00274808,5.15813e+08,9.93046e+07,0,2.24224e+09,2.24224e+09,1,0
1870,112200,descending,1,7953,42918,22933,5871,103655,4160,283,70485,98303,1.42405e+06,1.17925e+09,261,4.34958e-05,0.000931795,0.00406821,5.15813e+08,9.93046e+07,0,2.24224e+09,2.24224e+09,1,0
1880,112800,cecum,0.9975,6122,29294,14441,4120,66785,2718,197,44132,65067,1.15107e+06,2.70408e+08,41,0.000123747,0.00408586,0.000914143,5.38133e+08,1.0405e+08,0,2.30622e+09,2.30622e+09,1,0
1880,112800,transverse,0.9975,6806,41121,20354,5381,96237,3668,262,63903,91376,1.25982e+06,8.35887e+08,141,8.30022e-05,0.00215153,0.00284847,5.38133e+08,1.0405e+08,0,2.30622e+09,2.30622e+09,1,0
1880,112800,descending,1,7402,43271,23299,5934,105028,4241,293,71639,98893,1.32363e+06,1.19979e+09,261,4.05707e-05,0.000858158,0.00414184,5.38133e+08,1.0405e+08,0,2.30622e+09,2.30622e+09,1,0
1890,113400,cecum,1,6421,28591,14718,4184,66785,2771,199,44950,65204,1.20713e+06,2.85168e+08,41,0.000122916,0.00403596,0.000964035,5.60821e+08,1.08927e+08,0,2.36916e+09,2.36916e+09,1,0
1890,113400,transverse,1,7031,40817,20649,5455,96843,3733,263,64951,92050,1.30201e+06,8.6498e+08,141,8.02896e-05,0.00205185,0.00294815,5.60821e+08,1.08927e+08,0,2.36916e+09,2.36916e+09,1,0
1890,113400,descending,1,7849,44845,23699,6001,107689,4315,308,72852,101727,1.40721e+06,1.21888e+09,261,3.77645e-05,0.000789251,0.00421075,5.60821e+08,1.08927e+08,0,2.36916e+09,2.36916e+09,1,0
1900,114000,cecum,0.9925,6308,29081,14995,4254,68018,2824,203,45812,66166,1.18653e+06,3.00578e+08,41,0.000122038,0.00398387,0.00101613,5.83853e+08,1.13934e+08,0,2.43098e+09,2.43098e+09,1,0
1900,114000,transverse,1,7090,41298,20975,5547,98534,3796,270,66309,93622,1.31362e+06,8.93723e+08,141,7.75296e-05,0.00195328,0.00304672,5.83853e+08,1.13934e+08,0,2.43098e+09,2.43098e+09,1,0
1900,114000,descending,1,8568,44783,24059,6073,108831,4389,310,74200,103372,1.53917e+06,1.23654e+09,261,3.50866e-05,0.00072502,0.00427498,5.83853e+08,1.13934e+08,0,2.43098e+09,2.43098e+09,1,0
1910,114600,cecum,0.9925,6303,30444,15300,4328,70172,2883,204,46735,68142,1.18506e+06,3.16648e+08,41,0.000121112,0.00392954,0.00107046,6.072e+08,1.19069e+08,0,2.49161e+09,2.49161e+09,1,0
1910,114600,transverse,1,6696,42139,21296,5617,100478,3843,273,67526,94965,1.24044e+06,9.22001e+08,141,7.47329e-05,0.0018562,0.0031438,6.072e+08,1.19069e+08,0,2.49161e+09,2.49161e+09,1,0
1910,114600,descending,1,8294,45101,24459,6158,110253,4467,311,75466,104282,1.48711e+06,1.25282e+09,261,3.25437e-05,0.000665363,0.00433464,6.072e+08,1.19069e+08,0,2.49161e+09,2.49161e+09,1,0
1920,115200,cecum,0.995,6926,31080,15564,4400,71615,2928,209,47654,70056,1.30037e+06,3.33386e+08,41,0.000120135,0.00387296,0.00112704,6.30838e+08,1.24328e+08,0,2.55097e+09,2.55097e+09,1,0
1920,115200,transverse,0.9975,7039,42869,21613,5693,102446,3896,279,68887,97082,1.30462e+06,9.49701e+08,141,7.19109e-05,0.001761,0.003239,6.30838e+08,1.24328e+08,0,2.55097e+09,2.55097e+09,1,0
1920,115200,descending,1,8727,44991,24875,6231,111410,4540,313,76877,105600,1.5647e+06,1.26774e+09,261,3.01403e-05,0.000610133,0.00438987,6.30838e+08,1.24328e+08,0,2.55097e+09,2.55097e+09,1,0
1930,115800,cecum,1,6465,31761,15879,4486,72963,2990,214,48464,70771,1.21553e+06,3.50799e+08,41,0.000119106,0.00381409,0.00118591,6.54742e+08,1.2971e+08,0,2.60903e+09,2.60903e+09,1,0
1930,115800,transverse,1,7656,42551,21935,5792,103208,3969,283,70135,98307,1.41917e+06,9.7672e+08,141,6.90759e-05,0.00166803,0.00333197,6.54742e+08,1.2971e+08,0,2.60903e+09,2.60903e+09,1,0
1930,115800,descending,1,8673,44147,25270,6323,111715,4600,321,78170,105600,1.55205e+06,1.28137e+09,261,2.78785e-05,0.000559152,0.00444085,6.54742e+08,1.2971e+08,0,2.60903e+09,2.60903e+09,1,0
1940,116400,cecum,0.9975,6992,32574,16208,4564,74469,3054,217,49296,72614,1.31389e+06,3.68885e+08,41,0.000118022,0.00375295,0.00124705,6.78888e+08,1.3521e+08,0,2.66576e+09,2.66576e+09,1,0
1940,116400,transverse,1,7637,42532,22288,5854,104243,4042,287,71320,99101,1.41597e+06,1.00296e+09,141,6.62407e-05,0.00157762,0.00342238,6.78888e+08,1.3521e+08,0,2.66576e+09,2.66576e+09,1,0
1940,116400,descending,1,8970,45608,25728,6422,114371,4693,328,79550,108280,1.60766e+06,1.29377e+09,261,2.57582e-05,0.000512215,0.00448779,6.78888e+08,1.3521e+08,0,2.66576e+09,2.66576e+09,1,0
1950,117000,cecum,1,6686,34020,16488,4631,76699,3113,218,50205,74383,1.25697e+06,3.87644e+08,41,0.000116881,0.00368953,0.00131047,7.03253e+08,1.40828e+08,0,2.72112e+09,2.72112e+09,1,0
1950,117000,transverse,0.9975,8445,42471,22641,5942,105225,4115,294,72517,100692,1.56507e+06,1.02832e+09,141,6.34183e-05,0.00149005,0.00350995,7.03253e+08,1.40828e+08,0,2.72112e+09,2.72112e+09,1,0
1950,117000,descending,1,8650,45761,26140,6506,115633,4785,334,80829,108980,1.54761e+06,1.305e+09,261,2.3778e-05,0.0004691,0.0045309,7.03253e+08,1.40828e+08,0,2.72112e+09,2.72112e+09,1,0
1960,117600,cecum,0.9975,6518,34631,16805,4687,78212,3156,229,51195,75499,1.22572e+06,4.07072e+08,41,0.000115682,0.00362386,0.00137614,7.27817e+08,1.46559e+08,0,2.77511e+09,2.77511e+09,1,0
1960,117600,transverse,1,8681,43056,23020,6052,106809,4185,300,73690,102307,1.60989e+06,1.05275e+09,141,6.06219e-05,0.0014056,0.0035944,7.27817e+08,1.46559e+08,0,2.77511e+09,2.77511e+09,1,0
1960,117600,descending,1,8965,46282,26587,6585,117283,4879,339,82126,110666,1.60436e+06,1.31514e+09,261,2.19343e-05,0.000429575,0.00457042,7.27817e+08,1.46559e+08,0,2.77511e+09,2.77511e+09,1,0
1970,118200,cecum,0.9975,6654,35789,17094,4762,80381,3216,231,52339,77648,1.25101e+06,4.27157e+08,41,0.000114423,0.00355596,0.00144404,7.5256e+08,1.52401e+08,0,2.82772e+09,2.82772e+09,1,0
1970,118200,transverse,1,7934,44010,23366,6160,108891,4262,305,74998,103476,1.47091e+06,1.07615e+09,141,5.7864e-05,0.00132448,0.00367552,7.5256e+08,1.52401e+08,0,2.82772e+09,2.82772e+09,1,0
1970,118200,descending,1,9692,46206,27018,6690,118507,4953,341,83603,112363,1.7394e+06,1.32426e+09,261,2.02229e-05,0.000393402,0.0046066,7.5256e+08,1.52401e+08,0,2.82772e+09,2.82772e+09,1,0
1980,118800,cecum,1,7118,36129,17382,4843,81539,3270,235,53288,79113,1.33724e+06,4.47885e+08,41,0.000113102,0.00348588,0.00151412,7.77463e+08,1.58351e+08,0,2.87896e+09,2.87896e+09,1,0
1980,118800,transverse,1,7438,43954,23728,6260,109884,4324,309,76205,103769,1.37901e+06,1.0985e+09,141,5.51568e-05,0.00124686,0.00375314,7.77463e+08,1.58351e+08,0,2.87896e+09,2.87896e+09,1,0
1980,118800,descending,1,8645,46348,27449,6781,119812,5039,345,84939,112363,1.54569e+06,1.33242e+09,261,1.86383e-05,0.000360344,0.00463966,7.77463e+08,1.58351e+08,0,2.87896e+09,2.87896e+09,1,0
1990,119400,cecum,1,6983,35529,17693,4934,81833,3335,239,54334,79113,1.31227e+06,4.6924e+08,41,0.000111718,0.0034137,0.0015863,8.02509e+08,1.64406e+08,0,2.92885e+09,2.92885e+09,1,0
1990,119400,transverse,1,7650,43190,24086,6320,110194,4396,315,77405,104059,1.41823e+06,1.11975e+09,141,5.25113e-05,0.00117286,0.00382714,8.02509e+08,1.64406e+08,0,2.92885e+09,2.92885e+09,1,0
1990,119400,descending,1,9609,45840,27878,6881,120458,5128,348,86279,113730,1.72345e+06,1.33971e+09,261,1.71744e-05,0.000330168,0.00466983,8.02509e+08,1.64406e+08,0,2.92885e+09,2.92885e+09,1,0
2000,120000,cecum,0.9975,7320,35650,17985,5012,82883,3392,252,55385,80330,1.37414e+06,4.91193e+08,41,0.00011027,0.00333949,0.00166051,8.27683e+08,1.70563e+08,0,2.9774e+09,2.9774e+09,1,0
2000,120000,transverse,1,7472,44106,24436,6396,112359,4460,318,78791,105833,1.3849e+06,1.13987e+09,141,4.99376e-05,0.00110256,0.00389744,8.27683e+08,1.70563e+08,0,2.9774e+09,2.9774e+09,1,0
2000,120000,descending,1,9986,46944,28334,6977,122783,5211,361,87666,116142,1.79528e+06,1.34618e+09,261,1.58246e-05,0.00030265,0.00469735,8.27683e+08,1.70563e+08,0,2.9774e+09,2.9774e+09,1,0
2010,120600,cecum,1,7488,36549,18302,5097,84713,3452,252,56461,82156,1.40564e+06,5.13715e+08,41,0.000108757,0.00326335,0.00173665,8.5297e+08,1.7682e+08,0,3.02464e+09,3.02464e+09,1,0
2010,120600,transverse,1,7283,43963,24783,6488,113304,4540,322,80047,106410,1.34922e+06,1.15886e+09,141,4.74443e-05,0.00103599,0.00396401,8.5297e+08,1.7682e+08,0,3.02464e+09,3.02464e+09,1,0
2010,120600,descending,1,9938,46574,28796,7070,123466,5306,369,88899,116495,1.78341e+06,1.35191e+09,261,1.45822e-05,0.000277575,0.00472243,8.5297e+08,1.7682e+08,0,3.02464e+09,3.02464e+09,1,0
2020,121200,cecum,1,6554,37719,18591,5167,87009,3513,252,57718,83360,1.23276e+06,5.36771e+08,41,0.00010718,0.00318541,0.00181459,8.78357e+08,1.83174e+08,0,3.0706e+09,3.0706e+09,1,0
2020,121200,transverse,1,7352,44290,25112,6572,114641,4596,335,81184,107614,1.36298e+06,1.17672e+09,141,4.50385e-05,0.000973144,0.00402686,8.78357e+08,1.83174e+08,0,3.0706e+09,3.0706e+09,1,0
2020,121200,descending,1,9791,46813,29190,7157,124926,5373,375,90268,117562,1.75597e+06,1.35696e+09,261,1.34403e-05,0.000254738,0.00474526,8.78357e+08,1.83174e+08,0,3.0706e+09,3.0706e+09,1,0
2030,121800,cecum,1,6902,37526,18885,5226,87811,3568,259,58820,84323,1.29711e+06,5.60319e+08,41,0.000105536,0.0031058,0.0018942,9.03831e+08,1.89622e+08,0,3.11531e+09,3.11531e+09,1,0
2030,121800,transverse,1,7996,44553,25443,6642,116026,4653,337,82431,109437,1.48185e+06,1.19345e+09,141,4.27257e-05,0.000913973,0.00408603,9.03831e+08,1.89622e+08,0,3.11531e+09,3.11531e+09,1,0
2030,121800,descending,1,9388,46570,29671,7239,125970,5474,376,91737,117904,1.68001e+06,1.36139e+09,261,1.2392e-05,0.00023395,0.00476605,9.03831e+08,1.89622e+08,0,3.11531e+09,3.11531e+09,1,0
2040,122400,cecum,0.9975,7577,38022,19198,5301,89326,3624,268,59961,86322,1.42211e+06,5.84311e+08,41,0.000103828,0.0030247,0.0019753,9.29382e+08,1.96162e+08,0,3.15881e+09,3.15881e+09,1,0
2040,122400,transverse,1,7858,45892,25791,6728,118545,4725,345,83761,111620,1.45642e+06,1.2091e+09,141,4.05101e-05,0.000858393,0.00414161,9.29382e+08,1.96162e+08,0,3.15881e+09,3.15881e+09,1,0
2040,122400,descending,1,10005,46999,30145,7329,127439,5563,381,92951,119690,1.79443e+06,1.36524e+09,261,1.14307e-05,0.000215031,0.00478497,9.29382e+08,1.96162e+08,0,3.15881e+09,3.15881e+09,1,0
2050,123000,cecum,1,7189,38264,19509,5391,90493,3681,274,61027,86931,1.35018e+06,6.08694e+08,41,0.000102056,0.00294227,0.00205773,9.55e+08,2.02791e+08,0,3.20111e+09,3.20111e+09,1,0
2050,123000,transverse,1,8113,45529,26140,6815,119443,4810,384,85155,112557,1.50386e+06,1.22368e+09,141,3.83939e-05,0.00080629,0.00419371,9.55e+08,2.02791e+08,0,3.20111e+09,3.20111e+09,1,0
2050,123000,descending,1,9731,47586,30613,7419,129133,5648,383,94231,120815,1.74178e+06,1.36858e+09,261,1.05498e-05,0.000197817,0.00480218,9.55e+08,2.02791e+08,0,3.20111e+09,3.20111e+09,1,0
2060,123600,cecum,1,7974,37946,19849,5463,91055,3757,277,62052,88083,1.49687e+06,6.33408e+08,41,0.000100222,0.00285873,0.00214127,9.80674e+08,2.09507e+08,0,3.24225e+09,3.24225e+09,1,0
2060,123600,transverse,1,7720,45783,26465,6901,120949,4876,386,86557,113495,1.43116e+06,1.23725e+09,141,3.63783e-05,0.00075753,0.00424247,9.80674e+08,2.09507e+08,0,3.24225e+09,3.24225e+09,1,0
2060,123600,descending,1,9484,47128,31077,7508,129672,5738,390,95400,120815,1.69332e+06,1.37144e+09,261,9.74308e-06,0.000182153,0.00481785,9.80674e+08,2.09507e+08,0,3.24225e+09,3.24225e+09,1,0
2070,124200,cecum,1,6797,38485,20193,5540,92635,3814,286,63218,88267,1.27879e+06,6.58387e+08,41,9.83276e-05,0.00277429,0.00222571,1.0064e+09,2.16307e+08,0,3.28226e+09,3.28226e+09,1,0
2070,124200,transverse,1,8530,45588,26826,6990,121969,4943,389,87925,115117,1.58119e+06,1.24983e+09,141,3.4463e-05,0.000711958,0.00428804,1.0064e+09,2.16307e+08,0,3.28226e+09,3.28226e+09,1,0
2070,124200,descending,1,9742,48615,31523,7587,132535,5819,399,96927,123641,1.74585e+06,1.37388e+09,261,9.00474e-06,0.000167899,0.0048321,1.0064e+09,2.16307e+08,0,3.28226e+09,3.28226e+09,1,0
2080,124800,cecum,1,6575,38071,20491,5615,93182,3883,288,64321,88436,1.23801e+06,6.83562e+08,41,9.63757e-05,0.00268919,0.00231081,1.03216e+09,2.23189e+08,0,3.32114e+09,3.32114e+09,1,0
2080,124800,transverse,1,8285,45633,27216,7101,123130,5011,429,89180,115782,1.53545e+06,1.2615e+09,141,3.26465e-05,0.000669408,0.00433059,1.03216e+09,2.23189e+08,0,3.32114e+09,3.32114e+09,1,0
2080,124800,descending,1,10274,48603,31980,7691,133717,5914,403,98316,125093,1.84437e+06,1.37593e+09,261,8.32914e-06,0.000154926,0.00484507,1.03216e+09,2.23189e+08,0,3.32114e+09,3.32114e+09,1,0
2090,125400,cecum,0.9975,7422,38218,20779,5682,94163,3935,299,65263,90084,1.39408e+06,7.08853e+08,41,9.43701e-05,0.00260369,0.00239631,1.05796e+09,2.30151e+08,0,3.35892e+09,3.35892e+09,1,0
2090,125400,transverse,0.9975,8793,46125,27583,7175,124865,5090,453,90552,117787,1.62868e+06,1.27229e+09,141,3.09266e-05,0.000629706,0.00437029,1.05796e+09,2.30151e+08,0,3.35892e+09,3.35892e+09,1,0
2090,125400,descending,1,10097,50223,32400,7776,136641,5978,406,99766,127566,1.8157e+06,1.37762e+09,261,7.71107e-06,0.000143114,0.00485689,1.05796e+09,2.30151e+08,0,3.35892e+09,3.35892e+09,1,0
2100,126000,cecum,0.9975,7864,39528,21090,5760,96349,4006,303,66284,92546,1.47511e+06,7.34184e+08,41,9.2315e-05,0.00251806,0.00248194,1.08379e+09,2.3719e+08,0,3.3956e+09,3.3956e+09,1,0
2100,126000,transverse,1,8483,46447,27968,7286,126385,5161,465,91920,118782,1.57123e+06,1.28225e+09,141,2.93002e-05,0.000592674,0.00440733,1.08379e+09,2.3719e+08,0,3.3956e+09,3.3956e+09,1,0
2100,126000,descending,1,8655,52087,32839,7858,139809,6073,407,101246,129029,1.5504e+06,1.379e+09,261,7.14561e-06,0.000132355,0.00486765,1.08379e+09,2.3719e+08,0,3.3956e+09,3.3956e+09,1,0
2110,126600,cecum,1,8427,39711,21432,5857,97528,4080,306,67448,94114,1.58026e+06,7.59472e+08,41,9.02155e-05,0.00243257,0.00256743,1.10964e+09,2.44304e+08,0,3.43118e+09,3.43118e+09,1,0
2110,126600,transverse,1,8020,47549,28352,7356,128788,5229,471,93353,120470,1.48515e+06,1.29145e+09,141,2.77637e-05,0.000558134,0.00444187,1.10964e+09,2.44304e+08,0,3.43118e+09,3.43118e+09,1,0
2110,126600,descending,1,8396,51631,33227,7940,140649,6166,419,102705,129385,1.50251e+06,1.3801e+09,261,6.62823e-06,0.00012255,0.00487745,1.10964e+09,2.44304e+08,0,3.43118e+09,3.43118e+09,1,0
2120,127200,cecum,1,7842,39500,21768,5954,98308,4134,316,68580,94114,1.4719e+06,7.84634e+08,41,8.80775e-05,0.00234751,0.00265249,1.1355e+09,2.51491e+08,0,3.46566e+09,3.46566e+09,1,0
2120,127200,transverse,1,8129,48529,28715,7445,130946,5290,486,94666,122509,1.50527e+06,1.29993e+09,141,2.63129e-05,0.000525915,0.00447408,1.1355e+09,2.51491e+08,0,3.46566e+09,3.46566e+09,1,0
2120,127200,descending,0.9975,8832,50828,33644,8027,141215,6227,419,104222,130118,1.58116e+06,1.38093e+09,261,6.15469e-06,0.000113608,0.00488639,1.1355e+09,2.51491e+08,0,3.46566e+09,3.46566e+09,1,0
2130,127800,cecum,0.9975,8147,39134,22080,6035,98993,4196,326,69764,94925,1.52868e+06,8.09581e+08,41,8.59075e-05,0.00226318,0.00273682,1.16138e+09,2.58749e+08,0,3.49902e+09,3.49902e+09,1,0
2130,127800,transverse,1,8025,49311,29063,7512,132922,5355,493,95985,124158,1.48691e+06,1.30775e+09,141,2.49438e-05,0.00049585,0.00450415,1.16138e+09,2.58749e+08,0,3.49902e+09,3.49902e+09,1,0
2130,127800,descending,1,10000,50380,34078,8119,142097,6322,424,105734,131916,1.79504e+06,1.38153e+09,261,5.7211e-06,0.000105447,0.00489455,1.16138e+09,2.58749e+08,0,3.49902e+09,3.49902e+09,1,0
2140,128400,cecum,1,8745,39698,22472,6126,100556,4258,332,70910,96841,1.64018e+06,8.34225e+08,41,8.37128e-05,0.00217987,0.00282013,1.18727e+09,2.66075e+08,0,3.53125e+09,3.53125e+09,1,0
2140,128400,transverse,1,8300,49059,29435,7604,133821,5427,495,97298,125122,1.5376e+06,1.31495e+09,141,2.36519e-05,0.00046778,0.00453222,1.18727e+09,2.66075e+08,0,3.53125e+09,3.53125e+09,1,0
2140,128400,descending,1,9638,49797,34529,8210,142809,6395,487,107130,131916,1.72481e+06,1.38192e+09,261,5.32386e-06,9.79929e-05,0.00490201,1.18727e+09,2.66075e+08,0,3.53125e+09,3.53125e+09,1,0
2150,129000,cecum,0.9975,7744,40789,22831,6214,102646,4329,338,72062,97724,1.4556e+06,8.58485e+08,41,8.15014e-05,0.00209786,0.00290214,1.21317e+09,2.73466e+08,0,3.56233e+09,3.56233e+09,1,0
2150,129000,transverse,1,8499,49478,29821,7694,135530,5502,497,98751,126807,1.57412e+06,1.32157e+09,141,2.2433e-05,0.000441556,0.00455844,1.21317e+09,2.73466e+08,0,3.56233e+09,3.56233e+09,1,0
2150,129000,descending,1,9403,50522,34960,8288,144773,6472,491,108520,133365,1.68235e+06,1.38211e+09,261,4.95968e-06,9.11779e-05,0.00490882,1.21317e+09,2.73466e+08,0,3.56233e+09,3.56233e+09,1,0
2160,129600,cecum,1,8592,41597,23183,6306,104428,4402,343,73196,100162,1.61255e+06,8.82274e+08,41,7.92816e-05,0.00201744,0.00298256,1.23906e+09,2.80921e+08,0,3.59224e+09,3.59224e+09,1,0
2160,129600,transverse,1,9241,49607,30211,7801,137019,5563,498,100278,128815,1.71186e+06,1.32766e+09,141,2.12828e-05,0.000417043,0.00458296,1.23906e+09,2.80921e+08,0,3.59224e+09,3.59224e+09,1,0
2160,129600,descending,1,9030,50858,35359,8369,146458,6541,502,110008,134417,1.61372e+06,1.38214e+09,261,4.62556e-06,8.49406e-05,0.00491506,1.23906e+09,2.80921e+08,0,3.59224e+09,3.59224e+09,1,0
2170,130200,cecum,1,7730,42761,23531,6388,106639,4461,347,74380,101300,1.45222e+06,9.05517e+08,41,7.70623e-05,0.00193887,0.00306113,1.26496e+09,2.88437e+08,0,3.62095e+09,3.62095e+09,1,0
2170,130200,transverse,1,8622,49261,30619,7896,137876,5644,504,101651,128815,1.59783e+06,1.33326e+09,141,2.01975e-05,0.000394112,0.00460589,1.26496e+09,2.88437e+08,0,3.62095e+09,3.62095e+09,1,0
2170,130200,descending,1,9366,51214,35787,8460,148260,6628,515,111619,136292,1.67484e+06,1.38201e+09,261,4.31872e-06,7.92257e-05,0.00492077,1.26496e+09,2.88437e+08,0,3.62095e+09,3.62095e+09,1,0
2180,130800,cecum,1,7419,43808,23872,6467,108773,4515,351,75596,102911,1.39457e+06,9.28137e+08,41,7.48527e-05,0.0018624,0.0031376,1.29085e+09,2.96011e+08,0,3.64844e+09,3.64844e+09,1,0
2180,130800,transverse,1,8341,49915,31016,7987,139792,5736,510,103090,130230,1.54528e+06,1.3384e+09,141,1.91733e-05,0.000372648,0.00462735,1.29085e+09,2.96011e+08,0,3.64844e+09,3.64844e+09,1,0
2180,130800,descending,1,8982,51875,36227,8540,150028,6704,527,112870,137380,1.60574e+06,1.38174e+09,261,4.03669e-06,7.39836e-05,0.00492602,1.29085e+09,2.96011e+08,0,3.64844e+09,3.64844e+09,1,0
2190,131400,cecum,1,8046,44135,24236,6558,110338,4575,359,76977,104882,1.51101e+06,9.50067e+08,41,7.2662e-05,0.00178826,0.00321174,1.31673e+09,3.03641e+08,0,3.6747e+09,3.6747e+09,1,0
2190,131400,transverse,1,8020,49160,31425,8082,140361,5804,512,104575,130230,1.48626e+06,1.34312e+09,141,1.82066e-05,0.000352547,0.00464745,1.31673e+09,3.03641e+08,0,3.6747e+09,3.6747e+09,1,0
2190,131400,descending,1,9804,51648,36651,8622,151324,6783,530,114551,139232,1.7587e+06,1.38134e+09,261,3.77718e-06,6.91691e-05,0.00493083,1.31673e+09,3.03641e+08,0,3.6747e+09,3.6747e+09,1,0
2200,132000,cecum,1,8168,44098,24581,6628,111424,4650,361,78243,105888,1.53407e+06,9.71248e+08,41,7.04995e-05,0.00171666,0.00328334,1.34261e+09,3.11324e+08,0,3.69969e+09,3.69969e+09,1,0
2200,132000,transverse,1,9149,49043,31820,8174,141608,5872,546,106065,132337,1.69496e+06,1.34744e+09,141,1.72943e-05,0.000333715,0.00466629,1.34261e+09,3.11324e+08,0,3.69969e+09,3.69969e+09,1,0
2200,132000,descending,1,10344,51203,37088,8742,152125,6860,533,115991,140330,1.85814e+06,1.38083e+09,261,3.53814e-06,6.4742e-05,0.00493526,1.34261e+09,3.11324e+08,0,3.69969e+09,3.69969e+09,1,0
2210,132600,cecum,0.9975,7932,45141,24946,6699,113619,4720,363,79534,107621,1.49121e+06,9.91624e+08,41,6.83741e-05,0.00164778,0.00335222,1.36847e+09,3.19057e+08,0,3.72341e+09,3.72341e+09,1,0
2210,132600,transverse,1,8684,49572,32179,8267,143290,5959,546,107398,133375,1.60827e+06,1.35139e+09,141,1.64334e-05,0.000316065,0.00468394,1.36847e+09,3.19057e+08,0,3.72341e+09,3.72341e+09,1,0
2210,132600,descending,1,9153,51377,37546,8841,153582,6953,533,117466,140330,1.63572e+06,1.38022e+09,261,3.31772e-06,6.06662e-05,0.00493933,1.36847e+09,3.19057e+08,0,3.72341e+09,3.72341e+09,1,0
2220,133200,cecum,1,7574,46269,25293,6779,115796,4785,366,80725,109235,1.42533e+06,1.01115e+09,41,6.62944e-05,0.00158176,0.00341824,1.39432e+09,3.26839e+08,0,3.74585e+09,3.74585e+09,1,0
2220,133200,transverse,1,7855,50137,32529,8346,145357,6029,557,109038,134401,1.45429e+06,1.355e+09,141,1.56212e-05,0.000299521,0.00470048,1.39432e+09,3.26839e+08,0,3.74585e+09,3.74585e+09,1,0
2220,133200,descending,0.9975,9941,51289,38006,8926,154553,7038,540,118688,141792,1.77838e+06,1.37952e+09,261,3.11425e-06,5.69092e-05,0.00494309,1.39432e+09,3.26839e+08,0,3.74585e+09,3.74585e+09,1,0
2230,133800,cecum,1,7848,46658,25649,6853,117346,4841,375,82007,110824,1.47709e+06,1.0298e+09,41,6.42686e-05,0.00151873,0.00348127,1.42016e+09,3.34666e+08,0,3.767e+09,3.767e+09,1,0
2230,133800,transverse,1,9206,50130,32894,8415,146651,6105,564,110477,136819,1.70479e+06,1.35829e+09,141,1.48553e-05,0.000284015,0.00471598,1.42016e+09,3.34666e+08,0,3.767e+09,3.767e+09,1,0
2230,133800,descending,1,10094,52352,38451,9018,156901,7139,545,120161,144036,1.80843e+06,1.37873e+09,261,2.92623e-06,5.3442e-05,0.00494656,1.42016e+09,3.34666e+08,0,3.767e+09,3.767e+09,1,0
2240,134400,cecum,1,8487,46489,26018,6935,118300,4923,376,83293,112211,1.59575e+06,1.04753e+09,41,6.2304e-05,0.00145877,0.00354123,1.44598e+09,3.42535e+08,0,3.78687e+09,3.78687e+09,1,0
2240,134400,transverse,1,8648,50569,33259,8479,148537,6162,566,112043,137901,1.60131e+06,1.36128e+09,141,1.41335e-05,0.000269485,0.00473051,1.44598e+09,3.42535e+08,0,3.78687e+09,3.78687e+09,1,0
2240,134400,descending,1,9305,52493,38937,9109,158357,7231,548,121656,144397,1.66107e+06,1.37787e+09,261,2.75231e-06,5.02388e-05,0.00494976,1.44598e+09,3.42535e+08,0,3.78687e+09,3.78687e+09,1,0
2250,135000,cecum,1,8016,46675,26399,7015,119841,5001,379,84803,113055,1.50775e+06,1.06434e+09,41,6.04073e-05,0.00140195,0.00359805,1.47178e+09,3.50444e+08,0,3.80545e+09,3.80545e+09,1,0
2250,135000,transverse,1,8667,50158,33649,8583,149455,6229,567,113542,138618,1.60507e+06,1.36399e+09,141,1.34537e-05,0.000255874,0.00474413,1.47178e+09,3.50444e+08,0,3.80545e+09,3.80545e+09,1,0
2250,135000,descending,1,9786,52235,39365,9184,159241,7332,556,122966,145502,1.74947e+06,1.37694e+09,261,2.59127e-06,4.72762e-05,0.00495272,1.47178e+09,3.50444e+08,0,3.80545e+09,3.80545e+09,1,0
2260,135600,cecum,1,8202,47069,26754,7098,121241,5065,384,85951,114428,1.5432e+06,1.08022e+09,41,5.8584e-05,0.00134828,0.00365172,1.49757e+09,3.58391e+08,0,3.82278e+09,3.82278e+09,1,0
2260,135600,transverse,1,8553,49324,34022,8672,149782,6307,574,114863,138618,1.58431e+06,1.36643e+09,141,1.2814e-05,0.000243132,0.00475687,1.49757e+09,3.58391e+08,0,3.82278e+09,3.82278e+09,1,0
2260,135600,descending,0.9975,10054,52996,39786,9260,161458,7400,567,124555,147699,1.80085e+06,1.37595e+09,261,2.44204e-06,4.45338e-05,0.00495547,1.49757e+09,3.58391e+08,0,3.82278e+09,3.82278e+09,1,0
2270,136200,cecum,1,7788,47189,27129,7184,122456,5127,388,87190,114998,1.46576e+06,1.09516e+09,41,5.68388e-05,0.00129777,0.00370223,1.52334e+09,3.66372e+08,0,3.83887e+09,3.83887e+09,1,0
2270,136200,transverse,1,9398,50504,34435,8758,152061,6387,575,116127,141494,1.73955e+06,1.36863e+09,141,1.22126e-05,0.000231211,0.00476879,1.52334e+09,3.66372e+08,0,3.83887e+09,3.83887e+09,1,0
2270,136200,descending,1,11080,53304,40263,9383,162898,7490,576,125891,149892,1.99008e+06,1.37491e+09,261,2.30365e-06,4.1993e-05,0.00495801,1.52334e+09,3.66372e+08,0,3.83887e+09,3.83887e+09,1,0
2280,136800,cecum,0.9975,7962,46276,27475,7278,122794,5176,390,88582,115305,1.49822e+06,1.10918e+09,41,5.51754e-05,0.00125039,0.00374961,1.54908e+09,3.74385e+08,0,3.85376e+09,3.85376e+09,1,0
2280,136800,transverse,1,8708,51254,34832,8857,154050,6470,578,117545,142575,1.61216e+06,1.37059e+09,141,1.1648e-05,0.000220068,0.00477993,1.54908e+09,3.74385e+08,0,3.85376e+09,3.85376e+09,1,0
2280,136800,descending,1,9468,54691,40762,9489,165565,7591,589,127365,150642,1.69103e+06,1.37381e+09,261,2.17523e-06,3.96373e-05,0.00496036,1.54908e+09,3.74385e+08,0,3.85376e+09,3.85376e+09,1,0
2290,137400,cecum,1,8445,47151,27834,7359,124915,5260,395,89988,117710,1.58841e+06,1.12228e+09,41,5.35964e-05,0.00120609,0.00379391,1.57481e+09,3.82428e+08,0,3.86746e+09,3.86746e+09,1,0
2290,137400,transverse,1,9398,50695,35264,8943,154728,6537,578,118935,143664,1.74048e+06,1.37233e+09,141,1.11184e-05,0.000209663,0.00479034,1.57481e+09,3.82428e+08,0,3.86746e+09,3.86746e+09,1,0
2290,137400,descending,1,9482,55571,41252,9573,167696,7685,619,128764,152445,1.6948e+06,1.37267e+09,261,2.05599e-06,3.74519e-05,0.00496255,1.57481e+09,3.82428e+08,0,3.86746e+09,3.86746e+09,1,0
2300,138000,cecum,1,7720,47115,28209,7436,126184,5332,396,91441,118027,1.45437e+06,1.1345e+09,41,5.21035e-05,0.00116479,0.00383521,1.60051e+09,3.90498e+08,0,3.88003e+09,3.88003e+09,1,0
2300,138000,transverse,1,9186,50954,35663,9048,156291,6623,584,120424,144801,1.70104e+06,1.37386e+09,141,1.06225e-05,0.000199956,0.00480004,1.60051e+09,3.90498e+08,0,3.88003e+09,3.88003e+09,1,0
2300,138000,descending,1,10313,55379,41779,9665,169090,7774,652,130498,154291,1.84648e+06,1.37148e+09,261,1.94523e-06,3.54237e-05,0.00496458,1.60051e+09,3.90498e+08,0,3.88003e+09,3.88003e+09,1,0
2310,138600,cecum,1,8068,48012,28588,7513,128137,5401,397,92642,120094,1.51843e+06,1.14586e+09,41,5.06971e-05,0.00112639,0.00387361,1.6262e+09,3.98593e+08,0,3.89151e+09,3.89151e+09,1,0
2310,138600,transverse,1,9171,50473,36061,9124,156949,6705,596,121709,145192,1.69855e+06,1.3752e+09,141,1.01587e-05,0.000190913,0.00480909,1.6262e+09,3.98593e+08,0,3.89151e+09,3.89151e+09,1,0
2310,138600,descending,1,9444,55990,42268,9768,170953,7876,652,131955,155001,1.68749e+06,1.37026e+09,261,1.84232e-06,3.35406e-05,0.00496646,1.6262e+09,3.98593e+08,0,3.89151e+09,3.89151e+09,1,0
2320,139200,cecum,1,8675,48143,28963,7607,129500,5481,407,94038,121853,1.631e+06,1.15639e+09,41,4.93772e-05,0.00109081,0.00390919,1.65185e+09,4.06711e+08,0,3.90194e+09,3.90194e+09,1,0
2320,139200,transverse,1,9032,51716,36466,9208,159520,6785,597,123200,147382,1.67265e+06,1.37636e+09,141,9.72559e-06,0.000182498,0.0048175,1.65185e+09,4.06711e+08,0,3.90194e+09,3.90194e+09,1,0
2320,139200,descending,1,9708,55239,42765,9854,171697,7977,661,133628,155690,1.73508e+06,1.36901e+09,261,1.74669e-06,3.1792e-05,0.00496821,1.65185e+09,4.06711e+08,0,3.90194e+09,3.90194e+09,1,0
2330,139800,cecum,1,9062,49095,29353,7697,131743,5561,412,95494,124258,1.7027e+06,1.16612e+09,41,4.81427e-05,0.00105791,0.00394209,1.67749e+09,4.14849e+08,0,3.91138e+09,3.91138e+09,1,0
2330,139800,transverse,1,9960,51932,36896,9286,161133,6865,604,124748,149644,1.84389e+06,1.37735e+09,141,9.32178e-06,0.000174678,0.00482532,1.67749e+09,4.14849e+08,0,3.91138e+09,3.91138e+09,1,0
2330,139800,descending,1,10036,53707,43240,9950,171969,8067,661,135618,156001,1.79308e+06,1.36773e+09,261,1.65783e-06,3.01682e-05,0.00496983,1.67749e+09,4.14849e+08,0,3.91138e+09,3.91138e+09,1,0
2340,140400,cecum,1,8057,50166,29749,7789,133818,5645,417,96669,125103,1.51533e+06,1.17509e+09,41,4.69918e-05,0.00102756,0.00397244,1.7031e+09,4.23006e+08,0,3.91987e+09,3.91987e+09,1,0
2340,140400,transverse,0.9975,9249,52985,37353,9372,163618,6944,609,126340,151121,1.71245e+06,1.37818e+09,141,8.94588e-06,0.00016742,0.00483258,1.7031e+09,4.23006e+08,0,3.91987e+09,3.91987e+09,1,0
2340,140400,descending,0.9975,9989,54403,43710,10035,174131,8154,704,137213,157775,1.78604e+06,1.36641e+09,261,1.57526e-06,2.86603e-05,0.00497134,1.7031e+09,4.23006e+08,0,3.91987e+09,3.91987e+09,1,0
2350,141000,cecum,1,8738,49934,30120,7873,134936,5712,423,98164,126676,1.64204e+06,1.18335e+09,41,4.59221e-05,0.000999639,0.00400036,1.72868e+09,4.31179e+08,0,3.92747e+09,3.92747e+09,1,0
2350,141000,transverse,1,8917,52844,37795,9459,164877,7028,612,127908,151774,1.65133e+06,1.37886e+09,141,8.59652e-06,0.000160695,0.00483931,1.72868e+09,4.31179e+08,0,3.92747e+09,3.92747e+09,1,0
2350,141000,descending,1,9967,54944,44163,10129,176214,8253,711,138941,159569,1.78395e+06,1.36508e+09,261,1.49856e-06,2.72605e-05,0.00497274,1.72868e+09,4.31179e+08,0,3.92747e+09,3.92747e+09,1,0
2360,141600,cecum,1,8858,49371,30522,7957,135665,5796,430,99617,127284,1.66504e+06,1.19094e+09,41,4.49308e-05,0.000973999,0.004026,1.75424e+09,4.39367e+08,0,3.93424e+09,3.93424e+09,1,0
2360,141600,transverse,1,9077,53171,38235,9561,166402,7117,619,129290,153203,1.68085e+06,1.3794e+09,141,8.27235e-06,0.000154471,0.00484553,1.75424e+09,4.39367e+08,0,3.93424e+09,3.93424e+09,1,0
2360,141600,descending,1,10283,53580,44647,10211,176214,8347,719,140473,159569,1.83939e+06,1.36372e+09,261,1.42732e-06,2.59612e-05,0.00497404,1.75424e+09,4.39367e+08,0,3.93424e+09,3.93424e+09,1,0
2370,142200,cecum,1,8511,49325,30878,8060,136793,5868,431,100965,127883,1.60112e+06,1.19789e+09,41,4.40147e-05,0.000950503,0.0040495,1.77978e+09,4.47569e+08,0,3.94022e+09,3.94022e+09,1,0
2370,142200,transverse,1,9439,52975,38682,9655,167773,7199,624,131028,154660,1.74765e+06,1.37981e+09,141,7.97202e-06,0.000148719,0.00485128,1.77978e+09,4.47569e+08,0,3.94022e+09,3.94022e+09,1,0
2370,142200,descending,1,10191,53268,45111,10313,177283,8438,725,142041,160269,1.82009e+06,1.36234e+09,261,1.3612e-06,2.47557e-05,0.00497524,1.77978e+09,4.47569e+08,0,3.94022e+09,3.94022e+09,1,0
2380,142800,cecum,1,8527,48811,31207,8173,137609,5929,459,102441,128532,1.60421e+06,1.20425e+09,41,4.31701e-05,0.000929012,0.00407099,1.80528e+09,4.55782e+08,0,3.94547e+09,3.94547e+09,1,0
2380,142800,transverse,1,9791,53832,39138,9748,169883,7283,633,132449,156834,1.81341e+06,1.3801e+09,141,7.69424e-06,0.000143411,0.00485659,1.80528e+09,4.55782e+08,0,3.94547e+09,3.94547e+09,1,0
2380,142800,descending,0.9975,12307,52670,45623,10425,177940,8517,730,143482,162716,2.21251e+06,1.36094e+09,261,1.29985e-06,2.36379e-05,0.00497636,1.80528e+09,4.55782e+08,0,3.94547e+09,3.94547e+09,1,0
2390,143400,cecum,0.9975,8420,48665,31610,8267,138673,5995,500,103770,129205,1.58437e+06,1.21006e+09,41,4.23934e-05,0.000909387,0.00409061,1.83076e+09,4.64005e+08,0,3.95005e+09,3.95005e+09,1,0
2390,143400,transverse,1,9821,54402,39571,9829,171885,7379,638,134053,158605,1.81878e+06,1.38028e+09,141,7.43771e-06,0.000138519,0.00486148,1.83076e+09,4.64005e+08,0,3.95005e+09,3.95005e+09,1,0
2390,143400,descending,1,12287,52460,46172,10543,179021,8610,740,144974,163429,2.20478e+06,1.35953e+09,261,1.24296e-06,2.26019e-05,0.0049774,1.83076e+09,4.64005e+08,0,3.95005e+09,3.95005e+09,1,0
2400,144000,cecum,1,8940,48961,31972,8361,140229,6064,512,105181,131070,1.68133e+06,1.21535e+09,41,4.16806e-05,0.000891495,0.00410851,1.85622e+09,4.72237e+08,0,3.95399e+09,3.95399e+09,1,0
2400,144000,transverse,1,9706,55828,40029,9923,174734,7474,647,135656,161061,1.79756e+06,1.38036e+09,141,7.20118e-06,0.000134018,0.00486598,1.85622e+09,4.72237e+08,0,3.95399e+09,3.95399e+09,1,0
2400,144000,descending,1,11182,52592,46663,10685,180389,8707,751,146438,163429,1.99971e+06,1.3581e+09,261,1.19025e-06,2.16424e-05,0.00497836,1.85622e+09,4.72237e+08,0,3.95399e+09,3.95399e+09,1,0
2410,144600,cecum,1,8456,49586,32388,8445,142303,6140,513,106789,132403,1.59172e+06,1.22017e+09,41,4.10278e-05,0.000875207,0.00412479,1.88165e+09,4.80476e+08,0,3.95736e+09,3.95736e+09,1,0
2410,144600,transverse,1,10145,55189,40453,10025,175581,7569,656,137330,162111,1.87872e+06,1.38035e+09,141,6.9834e-06,0.000129881,0.00487012,1.88165e+09,4.80476e+08,0,3.95736e+09,3.95736e+09,1,0
2410,144600,descending,1,10209,52579,47196,10777,181711,8800,752,147957,163429,1.81989e+06,1.35666e+09,261,1.14145e-06,2.07544e-05,0.00497925,1.88165e+09,4.80476e+08,0,3.95736e+09,3.95736e+09,1,0
2420,145200,cecum,1,8547,49377,32776,8534,143414,6221,518,108274,133382,1.60825e+06,1.22455e+09,41,4.0431e-05,0.000860398,0.0041396,1.90705e+09,4.88722e+08,0,3.96019e+09,3.96019e+09,1,0
2420,145200,transverse,1,9465,56872,40901,10114,178718,7660,661,138959,164295,1.75381e+06,1.38025e+09,141,6.78318e-06,0.000126085,0.00487392,1.90705e+09,4.88722e+08,0,3.96019e+09,3.96019e+09,1,0
2420,145200,descending,1,10512,52690,47700,10863,183181,8875,755,149474,164856,1.87605e+06,1.35521e+09,261,1.09629e-06,1.99331e-05,0.00498007,1.90705e+09,4.88722e+08,0,3.96019e+09,3.96019e+09,1,0
2430,145800,cecum,1,8852,49768,33203,8625,145308,6297,538,109924,135301,1.66505e+06,1.22852e+09,41,3.98864e-05,0.000846952,0.00415305,1.93242e+09,4.96973e+08,0,3.96254e+09,3.96254e+09,1,0
2430,145800,transverse,1,9536,56713,41358,10201,179997,7749,669,140565,165356,1.76679e+06,1.38007e+09,141,6.59939e-06,0.000122605,0.0048774,1.93242e+09,4.96973e+08,0,3.96254e+09,3.96254e+09,1,0
2430,145800,descending,0.9975,12058,53739,48238,10973,185499,8961,765,150929,168368,2.162e+06,1.35375e+09,261,1.05455e-06,1.91743e-05,0.00498083,1.93242e+09,4.96973e+08,0,3.96254e+09,3.96254e+09,1,0
2440,146400,cecum,1,8342,50810,33579,8709,147646,6385,541,111389,136922,1.57106e+06,1.23213e+09,41,3.93902e-05,0.000834756,0.00416524,1.95776e+09,5.05229e+08,0,3.96444e+09,3.96444e+09,1,0
2440,146400,transverse,1,9352,57563,41813,10285,182245,7843,671,142139,167141,1.73159e+06,1.37983e+09,141,6.43089e-06,0.000119419,0.00488058,1.95776e+09,5.05229e+08,0,3.96444e+09,3.96444e+09,1,0
2440,146400,descending,1,11143,53874,48787,11086,187107,9068,769,152618,168728,1.99298e+06,1.35229e+09,261,1.016e-06,1.84737e-05,0.00498153,1.95776e+09,5.05229e+08,0,3.96444e+09,3.96444e+09,1,0
2450,147000,cecum,1,8388,51171,33968,8802,149407,6469,543,112964,138515,1.57923e+06,1.2354e+09,41,3.89388e-05,0.000823705,0.0041763,1.98308e+09,5.13488e+08,0,3.96592e+09,3.96592e+09,1,0
2450,147000,transverse,1,9509,57490,42213,10373,183680,7936,677,143822,168508,1.76115e+06,1.37952e+09,141,6.27663e-06,0.000116507,0.00488349,1.98308e+09,5.13488e+08,0,3.96592e+09,3.96592e+09,1,0
2450,147000,descending,1,11031,53930,49290,11198,188608,9178,781,154273,169824,1.97303e+06,1.35082e+09,261,9.80425e-07,1.78274e-05,0.00498217,1.98308e+09,5.13488e+08,0,3.96592e+09,3.96592e+09,1,0
2460,147600,cecum,1,8575,51030,34395,8882,150528,6538,548,114370,139540,1.61414e+06,1.23836e+09,41,3.85286e-05,0.000813701,0.0041863,2.00837e+09,5.2175e+08,0,3.96704e+09,3.96704e+09,1,0
2460,147600,transverse,1,9292,57571,42632,10462,185245,8013,689,145460,169591,1.7217e+06,1.37915e+09,141,6.13559e-06,0.000113847,0.00488615,2.00837e+09,5.2175e+08,0,3.96704e+09,3.96704e+09,1,0
2460,147600,descending,1,11756,54660,49820,11285,190719,9281,788,155837,172313,2.10702e+06,1.34934e+09,261,9.47633e-07,1.72319e-05,0.00498277,2.00837e+09,5.2175e+08,0,3.96704e+09,3.96704e+09,1,0
2470,148200,cecum,1,8722,51337,34807,8965,152239,6614,555,115926,141138,1.64034e+06,1.24104e+09,41,3.81563e-05,0.000804652,0.00419535,2.03364e+09,5.30013e+08,0,3.96782e+09,3.96782e+09,1,0
2470,148200,transverse,1,9953,57118,43087,10551,186340,8095,690,147178,171062,1.84336e+06,1.37873e+09,141,6.0068e-06,0.000111421,0.00488858,2.03364e+09,5.30013e+08,0,3.96782e+09,3.96782e+09,1,0
2470,148200,descending,1,11290,54630,50326,11403,192181,9380,799,157535,173009,2.0204e+06,1.34786e+09,261,9.17435e-07,1.66837e-05,0.00498332,2.03364e+09,5.30013e+08,0,3.96782e+09,3.96782e+09,1,0
2480,148800,cecum,1,8940,51276,35184,9065,153537,6688,566,117448,142440,1.68026e+06,1.24346e+09,41,3.78188e-05,0.000796474,0.00420353,2.05887e+09,5.38278e+08,0,3.9683e+09,3.9683e+09,1,0
2480,148800,transverse,1,9204,57644,43556,10658,188442,8175,695,148936,172128,1.70456e+06,1.37826e+09,141,5.88934e-06,0.000109211,0.00489079,2.05887e+09,5.38278e+08,0,3.9683e+09,3.9683e+09,1,0
2480,148800,descending,1,10740,54249,50859,11507,193076,9469,804,158999,173009,1.91624e+06,1.34638e+09,261,8.89653e-07,1.61795e-05,0.00498382,2.05887e+09,5.38278e+08,0,3.9683e+09,3.9683e+09,1,0
2490,149400,cecum,1,8407,52081,35585,9149,155632,6767,570,118897,143760,1.58202e+06,1.24564e+09,41,3.75131e-05,0.000789089,0.00421091,2.08408e+09,5.46544e+08,0,3.9685e+09,3.9685e+09,1,0
2490,149400,transverse,1,9272,57316,43953,10737,189672,8257,699,150651,173186,1.71684e+06,1.37776e+09,141,5.78234e-06,0.000107199,0.0048928,2.08408e+09,5.46544e+08,0,3.9685e+09,3.9685e+09,1,0
2490,149400,descending,1,11529,54323,51384,11595,194368,9570,806,160404,174752,2.06285e+06,1.3449e+09,261,8.6412e-07,1.57163e-05,0.00498428,2.08408e+09,5.46544e+08,0,3.9685e+09,3.9685e+09,1,0
2500,150000,cecum,1,8802,51871,35974,9230,156748,6839,591,120355,145014,1.65456e+06,1.24761e+09,41,3.72365e-05,0.000782422,0.00421758,2.10926e+09,5.54809e+08,0,3.96845e+09,3.96845e+09,1,0
2500,150000,transverse,1,9467,57251,44409,10823,191174,8353,706,152393,174602,1.75307e+06,1.37722e+09,141,5.68499e-06,0.00010537,0.00489463,2.10926e+09,5.54809e+08,0,3.96845e+09,3.96845e+09,1,0
2500,150000,descending,1,11830,53904,51937,11688,195484,9681,834,162115,175792,2.11647e+06,1.34342e+09,261,8.40681e-07,1.52911e-05,0.00498471,2.10926e+09,5.54809e+08,0,3.96845e+09,3.96845e+09,1,0
2510,150600,cecum,1,9007,52728,36371,9323,159042,6927,596,121968,147292,1.69255e+06,1.24939e+09,41,3.69864e-05,0.000776409,0.00422359,2.13441e+09,5.63074e+08,0,3.96817e+09,3.96817e+09,1,0
2510,150600,transverse,1,9185,56684,44805,10902,192034,8442,718,153976,174940,1.70102e+06,1.37664e+09,141,5.59651e-06,0.00010371,0.00489629,2.13441e+09,5.63074e+08,0,3.96817e+09,3.96817e+09,1,0
2510,150600,descending,1,10556,55842,52471,11776,198865,9788,836,163751,177558,1.88323e+06,1.34194e+09,261,8.19185e-07,1.49013e-05,0.0049851,2.13441e+09,5.63074e+08,0,3.96817e+09,3.96817e+09,1,0
2520,151200,cecum,1,8587,52689,36753,9407,160361,7010,603,123486,147969,1.6143e+06,1.251e+09,41,3.67605e-05,0.000770988,0.00422901,2.15953e+09,5.71339e+08,0,3.9677e+09,3.9677e+09,1,0
2520,151200,transverse,1,10046,56331,45260,10980,193271,8526,724,155722,176739,1.86104e+06,1.37604e+09,141,5.51619e-06,0.000102203,0.0048978,2.15953e+09,5.71339e+08,0,3.9677e+09,3.9677e+09,1,0
2520,151200,descending,1,11724,55248,53003,11877,199744,9885,838,165420,179269,2.09764e+06,1.34047e+09,261,7.99495e-07,1.45444e-05,0.00498546,2.15953e+09,5.71339e+08,0,3.9677e+09,3.9677e+09,1,0
2530,151800,cecum,1,8865,53140,37134,9504,161954,7087,606,124799,149630,1.66642e+06,1.25244e+09,41,3.65566e-05,0.000766102,0.0042339,2.18463e+09,5.79602e+08,0,3.96705e+09,3.96705e+09,1,0
2530,151800,transverse,1,10010,56761,45764,11088,195043,8619,733,157256,178163,1.85486e+06,1.37542e+09,141,5.44335e-06,0.000100838,0.00489916,2.18463e+09,5.79602e+08,0,3.96705e+09,3.96705e+09,1,0
2530,151800,descending,1,10386,56604,53551,11982,202486,9990,842,167012,180331,1.85236e+06,1.33899e+09,261,7.81478e-07,1.42178e-05,0.00498578,2.18463e+09,5.79602e+08,0,3.96705e+09,3.96705e+09,1,0
2540,152400,cecum,1,9035,53825,37549,9615,163983,7156,640,126289,151560,1.69731e+06,1.25374e+09,41,3.63725e-05,0.000761701,0.0042383,2.2097e+09,5.87864e+08,0,3.96624e+09,3.96624e+09,1,0
2540,152400,transverse,1,10061,57355,46248,11187,197127,8719,774,158904,179972,1.86422e+06,1.37477e+09,141,5.37737e-06,9.96024e-05,0.0049004,2.2097e+09,5.87864e+08,0,3.96624e+09,3.96624e+09,1,0
2540,152400,descending,1,10668,56999,54051,12056,204207,10100,852,168512,182008,1.90722e+06,1.33753e+09,261,7.65011e-07,1.39195e-05,0.00498608,2.2097e+09,5.87864e+08,0,3.96624e+09,3.96624e+09,1,0
2550,153000,cecum,1,8884,53891,37937,9731,165324,7235,651,127748,152546,1.66908e+06,1.25492e+09,41,3.62066e-05,0.000757738,0.00424226,2.23474e+09,5.96124e+08,0,3.96529e+09,3.96529e+09,1,0
2550,153000,transverse,1,10375,57087,46713,11286,198461,8810,777,160693,181342,1.92206e+06,1.37411e+09,141,5.31767e-06,9.84847e-05,0.00490152,2.23474e+09,5.96124e+08,0,3.96529e+09,3.96529e+09,1,0
2550,153000,descending,1,10847,57367,54567,12150,206113,10193,852,170237,183764,1.9415e+06,1.33606e+09,261,7.49979e-07,1.36472e-05,0.00498635,2.23474e+09,5.96124e+08,0,3.96529e+09,3.96529e+09,1,0
2560,153600,cecum,1,8587,54075,38338,9819,166881,7300,653,129272,153556,1.61555e+06,1.25597e+09,41,3.6057e-05,0.000754171,0.00424583,2.25975e+09,6.04381e+08,0,3.96421e+09,3.96421e+09,1,0
2560,153600,transverse,0.9975,9767,57472,47160,11374,200428,8892,780,162442,182421,1.80885e+06,1.37344e+09,141,5.26371e-06,9.74751e-05,0.00490252,2.25975e+09,6.04381e+08,0,3.96421e+09,3.96421e+09,1,0
2560,153600,descending,1,10727,56666,55110,12239,206952,10309,854,171980,184143,1.91847e+06,1.3346e+09,261,7.36274e-07,1.3399e-05,0.0049866,2.25975e+09,6.04381e+08,0,3.96421e+09,3.96421e+09,1,0
2570,154200,cecum,1,9191,53729,38757,9908,167830,7388,658,130739,154862,1.72842e+06,1.25692e+09,41,3.59222e-05,0.000750962,0.00424904,2.28474e+09,6.12637e+08,0,3.96302e+09,3.96302e+09,1,0
2570,154200,transverse,1,9843,57598,47594,11491,202007,8979,785,164094,183841,1.82318e+06,1.37275e+09,141,5.21498e-06,9.65638e-05,0.00490344,2.28474e+09,6.12637e+08,0,3.96302e+09,3.96302e+09,1,0
2570,154200,descending,0.9975,11841,56970,55636,12335,208582,10403,863,173487,186542,2.1241e+06,1.33315e+09,261,7.23793e-07,1.3173e-05,0.00498683,2.28474e+09,6.12637e+08,0,3.96302e+09,3.96302e+09,1,0
2580,154800,cecum,1,8631,53224,39183,9983,169001,7474,661,132573,155205,1.62434e+06,1.25778e+09,41,3.58009e-05,0.000748074,0.00425193,2.3097e+09,6.2089e+08,0,3.96174e+09,3.96174e+09,1,0
2580,154800,transverse,1,11412,57964,48091,11603,203941,9070,791,165859,187044,2.11404e+06,1.37205e+09,141,5.17103e-06,9.57423e-05,0.00490426,2.3097e+09,6.2089e+08,0,3.96174e+09,3.96174e+09,1,0
2580,154800,descending,1,10577,57372,56160,12425,210811,10501,867,175498,187167,1.8903e+06,1.33171e+09,261,7.12442e-07,1.29675e-05,0.00498703,2.3097e+09,6.2089e+08,0,3.96174e+09,3.96174e+09,1,0
2590,155400,cecum,1,8804,53327,39631,10066,170387,7555,665,134016,156476,1.65707e+06,1.25855e+09,41,3.56916e-05,0.000745477,0.00425452,2.33463e+09,6.2914e+08,0,3.96037e+09,3.96037e+09,1,0
2590,155400,transverse,1,10148,58768,48579,11712,206208,9160,794,167518,187755,1.88019e+06,1.37135e+09,141,5.13144e-06,9.50025e-05,0.004905,2.33463e+09,6.2914e+08,0,3.96037e+09,3.96037e+09,1,0
2590,155400,descending,1,11284,57002,56637,12518,212201,10594,929,177382,188911,2.02066e+06,1.33027e+09,261,7.02133e-07,1.27809e-05,0.00498722,2.33463e+09,6.2914e+08,0,3.96037e+09,3.96037e+09,1,0
2600,156000,cecum,1,8606,53160,40075,10167,171533,7634,669,135505,157156,1.6197e+06,1.25924e+09,41,3.55933e-05,0.000743142,0.00425686,2.35954e+09,6.37387e+08,0,3.95892e+09,3.95892e+09,1,0
2600,156000,transverse,1,9918,59220,48998,11803,208510,9227,805,169515,189555,1.83777e+06,1.37064e+09,141,5.0958e-06,9.43369e-05,0.00490566,2.35954e+09,6.37387e+08,0,3.95892e+09,3.95892e+09,1,0
2600,156000,descending,1,11178,56531,57118,12616,213306,10667,930,179128,189599,2.00099e+06,1.32884e+09,261,6.92782e-07,1.26117e-05,0.00498739,2.35954e+09,6.37387e+08,0,3.95892e+09,3.95892e+09,1,0
2610,156600,cecum,1,9149,52820,40489,10238,172236,7715,671,136698,158138,1.72073e+06,1.25986e+09,41,3.55048e-05,0.000741043,0.00425896,2.38442e+09,6.4563e+08,0,3.95742e+09,3.95742e+09,1,0
2610,156600,transverse,0.9975,10242,58386,49467,11907,209187,9322,808,171222,190283,1.89752e+06,1.36993e+09,141,5.06377e-06,9.37388e-05,0.00490626,2.38442e+09,6.4563e+08,0,3.95742e+09,3.95742e+09,1,0
2610,156600,descending,1,11060,56899,57618,12715,215121,10782,931,180788,191009,1.9811e+06,1.32742e+09,261,6.84313e-07,1.24585e-05,0.00498754,2.38442e+09,6.4563e+08,0,3.95742e+09,3.95742e+09,1,0
2620,157200,cecum,1,9772,52187,40908,10319,172835,7784,680,138071,159082,1.83739e+06,1.26042e+09,41,3.54252e-05,0.000739157,0.00426084,2.40927e+09,6.53871e+08,0,3.95585e+09,3.95585e+09,1,0
2620,157200,transverse,1,10130,58161,49955,12026,210614,9402,814,173067,191303,1.87738e+06,1.36922e+09,141,5.03501e-06,9.3202e-05,0.0049068,2.40927e+09,6.53871e+08,0,3.95585e+09,3.95585e+09,1,0
2620,157200,descending,1,11453,57207,58120,12816,216785,10872,931,182335,192755,2.05313e+06,1.32601e+09,261,6.76654e-07,1.23199e-05,0.00498768,2.40927e+09,6.53871e+08,0,3.95585e+09,3.95585e+09,1,0
2630,157800,cecum,1,9830,52669,41333,10404,174628,7874,681,139556,160682,1.84783e+06,1.26092e+09,41,3.53537e-05,0.000737461,0.00426254,2.4341e+09,6.62109e+08,0,3.95424e+09,3.95424e+09,1,0
2630,157800,transverse,1,10087,57615,50444,12126,211638,9504,831,174822,191980,1.86958e+06,1.36851e+09,141,5.00921e-06,9.27207e-05,0.00490728,2.4341e+09,6.62109e+08,0,3.95424e+09,3.95424e+09,1,0
2630,157800,descending,1,10984,56407,58620,12930,217544,10976,939,184104,192755,1.96431e+06,1.32461e+09,261,6.69739e-07,1.21949e-05,0.00498781,2.4341e+09,6.62109e+08,0,3.95424e+09,3.95424e+09,1,0
2640,158400,cecum,1,9662,51546,41733,10509,175031,7936,683,141247,160682,1.81804e+06,1.26137e+09,41,3.52893e-05,0.000735938,0.00426406,2.4589e+09,6.70343e+08,0,3.95259e+09,3.95259e+09,1,0
2640,158400,transverse,1,10485,57824,50976,12212,213425,9579,837,176555,193788,1.94255e+06,1.36781e+09,141,4.98612e-06,9.22899e-05,0.00490771,2.4589e+09,6.70343e+08,0,3.95259e+09,3.95259e+09,1,0
2640,158400,descending,1,11439,55817,59109,13007,218509,11059,945,185813,193840,2.04895e+06,1.32322e+09,261,6.63507e-07,1.20822e-05,0.00498792,2.4589e+09,6.70343e+08,0,3.95259e+09,3.95259e+09,1,0
2650,159000,cecum,1,9363,51965,42159,10594,176889,8008,684,142842,161971,1.76203e+06,1.26178e+09,41,3.52315e-05,0.000734569,0.00426543,2.48367e+09,6.78573e+08,0,3.95091e+09,3.95091e+09,1,0
2650,159000,transverse,0.9975,10832,57673,51465,12308,214788,9680,847,178256,195196,2.00733e+06,1.3671e+09,141,4.96546e-06,9.19047e-05,0.0049081,2.48367e+09,6.78573e+08,0,3.95091e+09,3.95091e+09,1,0
2650,159000,descending,1,11481,55635,59609,13099,219790,11147,952,187449,194836,2.05598e+06,1.32184e+09,261,6.579e-07,1.19809e-05,0.00498802,2.48367e+09,6.78573e+08,0,3.95091e+09,3.95091e+09,1,0
2660,159600,cecum,1,8956,51448,42593,10669,177881,8098,692,144508,162279,1.68756e+06,1.26214e+09,41,3.51795e-05,0.000733339,0.00426666,2.50842e+09,6.868e+08,0,3.94921e+09,3.94921e+09,1,0
2660,159600,transverse,1,11056,57753,51980,12431,216239,9778,853,179842,196571,2.04793e+06,1.3664e+09,141,4.94701e-06,9.15608e-05,0.00490844,2.50842e+09,6.868e+08,0,3.94921e+09,3.94921e+09,1,0
2660,159600,descending,1,10879,55107,60190,13179,220790,11261,963,189160,194836,1.94281e+06,1.32047e+09,261,6.52865e-07,1.18899e-05,0.00498811,2.50842e+09,6.868e+08,0,3.94921e+09,3.94921e+09,1,0
2670,160200,cecum,1,9509,50899,43010,10753,178552,8174,694,145886,163244,1.79116e+06,1.26247e+09,41,3.51328e-05,0.000732235,0.00426777,2.53314e+09,6.95024e+08,0,3.94748e+09,3.94748e+09,1,0
2670,160200,transverse,1,10947,57533,52443,12530,217342,9860,859,181340,197277,2.02743e+06,1.3657e+09,141,4.93056e-06,9.12542e-05,0.00490875,2.53314e+09,6.95024e+08,0,3.94748e+09,3.94748e+09,1,0
2670,160200,descending,1,11185,54029,60705,13276,221165,11348,971,190789,195178,1.99816e+06,1.31911e+09,261,6.48354e-07,1.18084e-05,0.00498819,2.53314e+09,6.95024e+08,0,3.94748e+09,3.94748e+09,1,0
2680,160800,cecum,1,9715,50891,43464,10844,179954,8257,697,147467,164569,1.82884e+06,1.26276e+09,41,3.50909e-05,0.000731243,0.00426876,2.55784e+09,7.03243e+08,0,3.94573e+09,3.94573e+09,1,0
2680,160800,transverse,1,10862,57509,52904,12627,218792,9961,859,183012,198379,2.01217e+06,1.36501e+09,141,4.91592e-06,9.09815e-05,0.00490902,2.55784e+09,7.03243e+08,0,3.94573e+09,3.94573e+09,1,0
2680,160800,descending,1,10786,54154,61202,13361,222547,11448,972,192230,195848,1.92426e+06,1.31777e+09,261,6.44321e-07,1.17355e-05,0.00498826,2.55784e+09,7.03243e+08,0,3.94573e+09,3.94573e+09,1,0
2690,161400,cecum,1,9536,50178,43895,10921,180421,8324,698,148790,164569,1.79589e+06,1.26303e+09,41,3.50532e-05,0.000730352,0.00426965,2.58251e+09,7.1146e+08,0,3.94397e+09,3.94397e+09,1,0
2690,161400,transverse,1,10501,57887,53384,12728,220563,10030,862,184572,199476,1.94516e+06,1.36432e+09,141,4.90291e-06,9.07392e-05,0.00490926,2.58251e+09,7.1146e+08,0,3.94397e+09,3.94397e+09,1,0
2690,161400,descending,1,11515,54019,61771,13459,223854,11572,974,193892,197535,2.06021e+06,1.31643e+09,261,6.40726e-07,1.16706e-05,0.00498833,2.58251e+09,7.1146e+08,0,3.94397e+09,3.94397e+09,1,0
2700,162000,cecum,1,9681,52112,44352,11003,183527,8416,703,150131,167532,1.82287e+06,1.26326e+09,41,3.50193e-05,0.000729553,0.00427045,2.60716e+09,7.19672e+08,0,3.94221e+09,3.94221e+09,1,0
2700,162000,transverse,0.9975,10758,57956,53922,12834,222123,10138,862,186277,200969,1.99276e+06,1.36364e+09,141,4.89138e-06,9.05245e-05,0.00490948,2.60716e+09,7.19672e+08,0,3.94221e+09,3.94221e+09,1,0
2700,162000,descending,1,11949,53657,62352,13556,224817,11678,979,195415,198549,2.13845e+06,1.31511e+09,261,6.37529e-07,1.16129e-05,0.00498839,2.60716e+09,7.19672e+08,0,3.94221e+09,3.94221e+09,1,0
2710,162600,cecum,0.9975,11571,51688,44835,11108,184488,8506,710,151704,170088,2.17571e+06,1.26347e+09,41,3.49889e-05,0.000728834,0.00427117,2.63178e+09,7.27881e+08,0,3.94044e+09,3.94044e+09,1,0
2710,162600,transverse,1,10690,58735,54432,12925,224402,10243,862,187973,202866,1.97965e+06,1.36297e+09,141,4.88118e-06,9.03346e-05,0.00490967,2.63178e+09,7.27881e+08,0,3.94044e+09,3.94044e+09,1,0
2710,162600,descending,1,11932,54381,62904,13666,226797,11770,983,196869,200158,2.13592e+06,1.31379e+09,261,6.34695e-07,1.15618e-05,0.00498844,2.63178e+09,7.27881e+08,0,3.94044e+09,3.94044e+09,1,0
2720,163200,cecum,1,11446,51910,45369,11219,186252,8615,717,153459,171406,2.15316e+06,1.26366e+09,41,3.49616e-05,0.00072819,0.00427181,2.65638e+09,7.36086e+08,0,3.93866e+09,3.93866e+09,1,0
2720,163200,transverse,0.9975,11766,57712,54995,13022,225122,10359,868,189923,204306,2.17881e+06,1.36231e+09,141,4.87218e-06,9.01672e-05,0.00490983,2.65638e+09,7.36086e+08,0,3.93866e+09,3.93866e+09,1,0
2720,163200,descending,1,11944,54196,63473,13786,227783,11879,991,198261,200808,2.13625e+06,1.31249e+09,261,6.32193e-07,1.15167e-05,0.00498848,2.65638e+09,7.36086e+08,0,3.93866e+09,3.93866e+09,1,0
2730,163800,cecum,1,11575,52152,45876,11334,187753,8718,727,154926,172737,2.17867e+06,1.26383e+09,41,3.49371e-05,0.000727611,0.00427239,2.68095e+09,7.44287e+08,0,3.93689e+09,3.93689e+09,1,0
2730,163800,transverse,1,10103,58740,55538,13111,227502,10469,880,191462,204667,1.87116e+06,1.36166e+09,141,4.86426e-06,9.00199e-05,0.00490998,2.68095e+09,7.44287e+08,0,3.93689e+09,3.93689e+09,1,0
2730,163800,descending,1,11328,53869,63989,13890,228729,11973,1003,199720,200808,2.02196e+06,1.3112e+09,261,6.29992e-07,1.1477e-05,0.00498852,2.68095e+09,7.44287e+08,0,3.93689e+09,3.93689e+09,1,0
2740,164400,cecum,1,10601,53520,46399,11448,190661,8814,727,156676,174358,1.99711e+06,1.26399e+09,41,3.49151e-05,0.000727091,0.00427291,2.7055e+09,7.52485e+08,0,3.93512e+09,3.93512e+09,1,0
2740,164400,transverse,0.9975,11096,59390,56062,13200,229650,10575,888,193147,207471,2.05415e+06,1.36101e+09,141,4.85731e-06,8.98907e-05,0.00491011,2.7055e+09,7.52485e+08,0,3.93512e+09,3.93512e+09,1,0
2740,164400,descending,0.9975,11037,54837,64549,13979,231053,12087,1009,201273,202478,1.97057e+06,1.30993e+09,261,6.28066e-07,1.14423e-05,0.00498856,2.7055e+09,7.52485e+08,0,3.93512e+09,3.93512e+09,1,0
2750,165000,cecum,1,10394,54396,46848,11526,192853,8895,732,158146,176048,1.95835e+06,1.26413e+09,41,3.48953e-05,0.000726625,0.00427338,2.73003e+09,7.60679e+08,0,3.93336e+09,3.93336e+09,1,0
2750,165000,transverse,1,11212,60508,56521,13295,232246,10655,914,194774,209873,2.07672e+06,1.36037e+09,141,4.85124e-06,8.97779e-05,0.00491022,2.73003e+09,7.60679e+08,0,3.93336e+09,3.93336e+09,1,0
2750,165000,descending,1,10900,55186,65085,14073,232661,12174,1011,202711,203592,1.94455e+06,1.30866e+09,261,6.26388e-07,1.1412e-05,0.00498859,2.73003e+09,7.60679e+08,0,3.93336e+09,3.93336e+09,1,0
2760,165600,cecum,1,10700,54451,47356,11623,194214,9002,739,159649,177404,2.01459e+06,1.26425e+09,41,3.48776e-05,0.000726206,0.00427379,2.75453e+09,7.68869e+08,0,3.93161e+09,3.93161e+09,1,0
2760,165600,transverse,1,10624,60944,57005,13398,234181,10732,914,196453,210916,1.96777e+06,1.35974e+09,141,4.84596e-06,8.96798e-05,0.00491032,2.75453e+09,7.68869e+08,0,3.93161e+09,3.93161e+09,1,0
2760,165600,descending,1,11092,56316,65630,14173,235149,12262,1015,204253,205911,1.98359e+06,1.30741e+09,261,6.24936e-07,1.13859e-05,0.00498861,2.75453e+09,7.68869e+08,0,3.93161e+09,3.93161e+09,1,0
2770,166200,cecum,1,10557,54860,47836,11723,196209,9096,756,161412,178953,1.98946e+06,1.26436e+09,41,3.48616e-05,0.000725831,0.00427417,2.77901e+09,7.77056e+08,0,3.92986e+09,3.92986e+09,1,0
2770,166200,transverse,1,10057,61863,57490,13501,236458,10818,916,197998,212328,1.86234e+06,1.35912e+09,141,4.84139e-06,8.95949e-05,0.00491041,2.77901e+09,7.77056e+08,0,3.92986e+09,3.92986e+09,1,0
2770,166200,descending,0.9975,10647,56147,66145,14248,236698,12343,1053,206089,206618,1.9024e+06,1.30618e+09,261,6.23689e-07,1.13635e-05,0.00498864,2.77901e+09,7.77056e+08,0,3.92986e+09,3.92986e+09,1,0
2780,166800,cecum,0.9975,10997,55350,48362,11818,198045,9193,758,162948,180893,2.07102e+06,1.26446e+09,41,3.48473e-05,0.000725493,0.00427451,2.80346e+09,7.85239e+08,0,3.92813e+09,3.92813e+09,1,0
2780,166800,transverse,0.9975,10111,62707,57974,13590,238742,10910,923,199612,214356,1.87211e+06,1.35851e+09,141,4.83745e-06,8.95218e-05,0.00491048,2.80346e+09,7.85239e+08,0,3.92813e+09,3.92813e+09,1,0
2780,166800,descending,1,10835,56231,66681,14362,238579,12439,1062,208087,208352,1.93546e+06,1.30495e+09,261,6.22628e-07,1.13444e-05,0.00498866,2.80346e+09,7.85239e+08,0,3.92813e+09,3.92813e+09,1,0
2790,167400,cecum,1,11076,57139,48903,11922,201270,9291,762,164582,183854,2.08401e+06,1.26455e+09,41,3.48345e-05,0.000725191,0.00427481,2.8279e+09,7.93419e+08,0,3.92641e+09,3.92641e+09,1,0
2790,167400,transverse,1,9981,61668,58476,13704,239546,11000,931,201651,214724,1.84859e+06,1.35791e+09,141,4.83408e-06,8.94593e-05,0.00491054,2.8279e+09,7.93419e+08,0,3.92641e+09,3.92641e+09,1,0
2790,167400,descending,1,10852,56632,67210,14461,240603,12517,1073,209876,210030,1.93934e+06,1.30374e+09,261,6.21734e-07,1.13284e-05,0.00498867,2.8279e+09,7.93419e+08,0,3.92641e+09,3.92641e+09,1,0
2800,168000,cecum,0.9975,9845,57974,49367,12015,203396,9387,769,166055,184467,1.85452e+06,1.26463e+09,41,3.4823e-05,0.000724919,0.00427508,2.85231e+09,8.01594e+08,0,3.9247e+09,3.9247e+09,1,0
2800,168000,transverse,1,10017,60883,58941,13782,240223,11077,941,203258,215117,1.85562e+06,1.35733e+09,141,4.83122e-06,8.94063e-05,0.00491059,2.85231e+09,8.01594e+08,0,3.9247e+09,3.9247e+09,1,0
2800,168000,descending,1,11039,56658,67737,14567,242389,12632,1078,211852,211692,1.97403e+06,1.30254e+09,261,6.20993e-07,1.13151e-05,0.00498868,2.85231e+09,8.01594e+08,0,3.9247e+09,3.9247e+09,1,0
2810,168600,cecum,1,10434,58603,49860,12127,205414,9494,769,167663,186800,1.96397e+06,1.2647e+09,41,3.48126e-05,0.000724675,0.00427532,2.87669e+09,8.09767e+08,0,3.923e+09,3.923e+09,1,0
2810,168600,transverse,1,10189,60600,59420,13869,241396,11161,949,204877,216146,1.88732e+06,1.35675e+09,141,4.82882e-06,8.93619e-05,0.00491064,2.87669e+09,8.09767e+08,0,3.923e+09,3.923e+09,1,0
2810,168600,descending,1,11613,57331,68182,14679,244427,12712,1086,213401,214043,2.08008e+06,1.30135e+09,261,6.2039e-07,1.13044e-05,0.0049887,2.87669e+09,8.09767e+08,0,3.923e+09,3.923e+09,1,0
2820,169200,cecum,1,10230,58069,50351,12227,206273,9578,770,169239,187147,1.92641e+06,1.26477e+09,41,3.48034e-05,0.000724456,0.00427554,2.90106e+09,8.17936e+08,0,3.92133e+09,3.92133e+09,1,0
2820,169200,transverse,1,10447,60707,59924,13967,242869,11249,955,206423,217553,1.93484e+06,1.35617e+09,141,4.82682e-06,8.9325e-05,0.00491067,2.90106e+09,8.17936e+08,0,3.92133e+09,3.92133e+09,1,0
2820,169200,descending,1,10712,57962,68674,14774,246640,12805,1091,215166,215046,1.91578e+06,1.30018e+09,261,6.1991e-07,1.12958e-05,0.0049887,2.90106e+09,8.17936e+08,0,3.92133e+09,3.92133e+09,1,0
2830,169800,cecum,1,10284,57627,50884,12313,207191,9685,772,170790,187777,1.93604e+06,1.26483e+09,41,3.4795e-05,0.00072426,0.00427574,2.9254e+09,8.26101e+08,0,3.91966e+09,3.91966e+09,1,0
2830,169800,transverse,1,10163,61327,60409,14082,245147,11338,955,208285,219266,1.88272e+06,1.35561e+09,141,4.82519e-06,8.9295e-05,0.00491071,2.9254e+09,8.26101e+08,0,3.91966e+09,3.91966e+09,1,0
2830,169800,descending,1,10726,58650,69181,14855,248660,12912,1097,216680,216755,1.92039e+06,1.29901e+09,261,6.19542e-07,1.12893e-05,0.00498871,2.9254e+09,8.26101e+08,0,3.91966e+09,3.91966e+09,1,0
2840,170400,cecum,1,11072,57607,51376,12438,208699,9778,773,172535,189798,2.08275e+06,1.26488e+09,41,3.47875e-05,0.000724084,0.00427592,2.94973e+09,8.34263e+08,0,3.91802e+09,3.91802e+09,1,0
2840,170400,transverse,1,10294,61104,60966,14161,246476,11450,959,210024,220356,1.9069e+06,1.35506e+09,141,4.82389e-06,8.9271e-05,0.00491073,2.94973e+09,8.34263e+08,0,3.91802e+09,3.91802e+09,1,0
2840,170400,descending,1,10164,59393,69652,14934,251163,13003,1107,218600,218385,1.8172e+06,1.29787e+09,261,6.19275e-07,1.12846e-05,0.00498872,2.94973e+09,8.34263e+08,0,3.91802e+09,3.91802e+09,1,0
2850,171000,cecum,1,10985,58198,51874,12534,210733,9864,779,174154,191423,2.06738e+06,1.26492e+09,41,3.47808e-05,0.000723925,0.00427607,2.97403e+09,8.42421e+08,0,3.91639e+09,3.91639e+09,1,0
2850,171000,transverse,1,10886,59963,61442,14264,246925,11541,960,211807,221114,2.01673e+06,1.35452e+09,141,4.82288e-06,8.92524e-05,0.00491075,2.97403e+09,8.42421e+08,0,3.91639e+09,3.91639e+09,1,0
2850,171000,descending,1,9788,60144,70125,15015,253597,13086,1112,220442,220129,1.75061e+06,1.29673e+09,261,6.19099e-07,1.12815e-05,0.00498872,2.97403e+09,8.42421e+08,0,3.91639e+09,3.91639e+09,1,0
2860,171600,cecum,1,11262,57852,52404,12646,211743,9959,781,175715,192385,2.1186e+06,1.26497e+09,41,3.47748e-05,0.000723783,0.00427622,2.99831e+09,8.50576e+08,0,3.91478e+09,3.91478e+09,1,0
2860,171600,transverse,1,11204,59549,61946,14381,248029,11626,960,213527,222234,2.07509e+06,1.35399e+09,141,4.82212e-06,8.92387e-05,0.00491076,2.99831e+09,8.50576e+08,0,3.91478e+09,3.91478e+09,1,0
2860,171600,descending,1,10862,59454,70609,15098,254514,13161,1114,222205,221792,1.94818e+06,1.29561e+09,261,6.19003e-07,1.12799e-05,0.00498872,2.99831e+09,8.50576e+08,0,3.91478e+09,3.91478e+09,1,0
2870,172200,cecum,1,10529,57410,52889,12774,212752,10049,790,177375,192385,1.98384e+06,1.26501e+09,41,3.47694e-05,0.000723656,0.00427634,3.02257e+09,8.58728e+08,0,3.91319e+09,3.91319e+09,1,0
2870,172200,transverse,1,11335,60191,62424,14477,250001,11710,962,215035,224037,2.09888e+06,1.35347e+09,141,4.8216e-06,8.92292e-05,0.00491077,3.02257e+09,8.58728e+08,0,3.91319e+09,3.91319e+09,1,0
2870,172200,descending,1,10986,58406,71103,15211,255002,13266,1122,223951,222120,1.96916e+06,1.2945e+09,261,6.18981e-07,1.12796e-05,0.00498872,3.02257e+09,8.58728e+08,0,3.91319e+09,3.91319e+09,1,0
2880,172800,cecum,1,10665,57214,53400,12871,214179,10164,795,179205,193644,2.00895e+06,1.26504e+09,41,3.47645e-05,0.000723541,0.00427646,3.0468e+09,8.66877e+08,0,3.91161e+09,3.91161e+09,1,0
2880,172800,transverse,1,11099,59413,62903,14598,250877,11800,965,216897,224406,2.05546e+06,1.35296e+09,141,4.82128e-06,8.92236e-05,0.00491078,3.0468e+09,8.66877e+08,0,3.91161e+09,3.91161e+09,1,0
2880,172800,descending,1,9860,58885,71617,15306,256780,13365,1126,225440,222448,1.76131e+06,1.29341e+09,261,6.19024e-07,1.12805e-05,0.00498872,3.0468e+09,8.66877e+08,0,3.91161e+09,3.91161e+09,1,0
2890,173400,cecum,0.995,9858,57375,53903,12947,215705,10250,803,180724,194014,1.85964e+06,1.26599e+08,41,3.73943e-05,0.000794708,0.00420529,3.05141e+09,8.68425e+08,3.52013e+09,3.91306e+08,3.91306e+08,1,0
2890,173400,transverse,1,9984,59910,63389,14675,253051,11887,969,218734,225139,1.8492e+06,1.35266e+08,141,5.34306e-06,0.000100357,0.00489964,3.05141e+09,8.68425e+08,3.52013e+09,3.91306e+08,3.91306e+08,1,0
2890,173400,descending,0.9975,9963,57673,72072,15382,257189,13461,1127,227232,222676,1.7788e+06,1.29236e+08,261,6.8604e-07,1.26669e-05,0.00498733,3.05141e+09,8.68425e+08,3.52013e+09,3.91306e+08,3.91306e+08,1,0
2900,174000,cecum,0.995,9673,57458,54376,13017,217022,10351,810,182122,194837,1.8259e+06,1.26934e+08,41,4.0514e-05,0.000871456,0.00412854,3.05383e+09,8.69239e+08,3.52013e+09,3.91573e+08,3.91573e+08,1,0
2900,174000,transverse,0.9925,10062,59378,63844,14745,254228,11983,978,220600,226096,1.86322e+06,1.35295e+08,141,6.04815e-06,0.000113838,0.00488616,3.05383e+09,8.69239e+08,3.52013e+09,3.91573e+08,3.91573e+08,1,0
2900,174000,descending,0.99,10133,57448,72541,15440,258307,13557,1132,228724,223644,1.80947e+06,1.29139e+08,261,7.80076e-07,1.44076e-05,0.00498559,3.05383e+09,8.69239e+08,3.52013e+09,3.91573e+08,3.91573e+08,1,0
2910,174600,cecum,0.9975,9403,57352,54839,13076,218703,10432,811,184048,195924,1.77541e+06,1.27502e+08,41,4.34594e-05,0.000945814,0.00405419,3.05625e+09,8.70055e+08,3.52013e+09,3.9215e+08,3.9215e+08,1,0
2910,174600,transverse,0.995,10263,59150,64314,14814,255490,12072,980,222246,227245,1.90085e+06,1.35391e+08,141,6.80664e-06,0.000128401,0.0048716,3.05625e+09,8.70055e+08,3.52013e+09,3.9215e+08,3.9215e+08,1,0
2910,174600,descending,0.9925,10218,57498,73068,15508,259824,13652,1141,230345,224873,1.82436e+06,1.29054e+08,261,8.86336e-07,1.63746e-05,0.00498363,3.05625e+09,8.70055e+08,3.52013e+09,3.9215e+08,3.9215e+08,1,0
2920,175200,cecum,0.995,9154,57013,55282,13137,220030,10522,816,185860,196705,1.72864e+06,1.28292e+08,41,4.62431e-05,0.00101785,0.00398215,3.05866e+09,8.70873e+08,3.52013e+09,3.93037e+08,3.93037e+08,1,0
2920,175200,transverse,0.9975,10210,58854,64787,14912,256690,12153,989,223912,228089,1.89113e+06,1.35561e+08,141,7.61309e-06,0.00014396,0.00485604,3.05866e+09,8.70873e+08,3.52013e+09,3.93037e+08,3.93037e+08,1,0
2920,175200,descending,0.995,9636,57929,73544,15584,261652,13746,1157,231896,225797,1.71914e+06,1.28981e+08,261,1.00555e-06,1.85816e-05,0.00498142,3.05866e+09,8.70873e+08,3.52013e+09,3.93037e+08,3.93037e+08,1,0
2930,175800,cecum,0.9975,10067,55132,55743,13213,220030,10592,824,187879,197295,1.89909e+06,1.29296e+08,41,4.88763e-05,0.00108762,0.00391238,3.06108e+09,8.71692e+08,3.52013e+09,3.94234e+08,3.94234e+08,1,0
2930,175800,transverse,0.995,9110,59897,65240,14990,259334,12254,993,225688,229355,1.6876e+06,1.35812e+08,141,8.46237e-06,0.000160433,0.00483957,3.06108e+09,8.71692e+08,3.52013e+09,3.94234e+08,3.94234e+08,1,0
2930,175800,descending,0.995,10216,57396,74018,15657,262464,13848,1167,233406,226880,1.82506e+06,1.28923e+08,261,1.1383e-06,2.10399e-05,0.00497896,3.06108e+09,8.71692e+08,3.52013e+09,3.94234e+08,3.94234e+08,1,0
2940,176400,cecum,0.9975,9782,54571,56211,13281,221273,10690,834,189839,197941,1.84559e+06,1.30509e+08,41,5.13689e-05,0.00115518,0.00384482,3.06349e+09,8.72515e+08,3.52013e+09,3.95743e+08,3.95743e+08,1,0
2940,176400,transverse,0.995,9045,59778,65667,15065,260849,12342,1001,227477,230533,1.67501e+06,1.36151e+08,141,9.34957e-06,0.000177742,0.00482226,3.06349e+09,8.72515e+08,3.52013e+09,3.95743e+08,3.95743e+08,1,0
2940,176400,descending,0.995,9797,57493,74492,15733,264023,13938,1167,235034,227712,1.74919e+06,1.28883e+08,261,1.28509e-06,2.37588e-05,0.00497624,3.06349e+09,8.72515e+08,3.52013e+09,3.95743e+08,3.95743e+08,1,0
2950,177000,cecum,1,9800,53886,56681,13369,222002,10781,835,191431,198396,1.84914e+06,1.31923e+08,41,5.37301e-05,0.00122058,0.00377942,3.06591e+09,8.7334e+08,3.52013e+09,3.97568e+08,3.97568e+08,1,0
2950,177000,transverse,0.99,9020,59326,66123,15134,262270,12438,1006,229510,231633,1.67032e+06,1.36583e+08,141,1.02701e-05,0.000195812,0.00480419,3.06591e+09,8.7334e+08,3.52013e+09,3.97568e+08,3.97568e+08,1,0
2950,177000,descending,0.9975,10681,56647,74973,15820,264570,14029,1173,236599,228834,1.90966e+06,1.28863e+08,261,1.44627e-06,2.67459e-05,0.00497325,3.06591e+09,8.7334e+08,3.52013e+09,3.97568e+08,3.97568e+08,1,0
2960,177600,cecum,0.9975,10101,53891,57158,13443,223397,10879,847,192981,199775,1.9055e+06,1.33536e+08,41,5.59679e-05,0.00128385,0.00371615,3.06832e+09,8.7417e+08,3.52013e+09,3.99713e+08,3.99713e+08,1,0
2960,177600,transverse,0.9925,9331,59079,66593,15208,263563,12525,1015,231202,232919,1.72856e+06,1.37113e+08,141,1.12194e-05,0.000214572,0.00478543,3.06832e+09,8.7417e+08,3.52013e+09,3.99713e+08,3.99713e+08,1,0
2960,177600,descending,0.9925,10238,56654,75487,15895,266086,14131,1184,238274,229559,1.82706e+06,1.28865e+08,261,1.62213e-06,3.00068e-05,0.00496999,3.06832e+09,8.7417e+08,3.52013e+09,3.99713e+08,3.99713e+08,1,0
2970,178200,cecum,0.9975,9810,53746,57625,13518,224470,10964,854,194352,200243,1.85143e+06,1.35346e+08,41,5.80896e-05,0.00134505,0.00365495,3.07073e+09,8.75005e+08,3.52013e+09,4.02182e+08,4.02182e+08,1,0
2970,178200,transverse,0.995,9310,59021,67043,15281,264888,12621,1018,232751,233939,1.72469e+06,1.37746e+08,141,1.21935e-05,0.000233951,0.00476605,3.07073e+09,8.75005e+08,3.52013e+09,4.02182e+08,4.02182e+08,1,0
2970,178200,descending,0.995,10316,56635,76013,15984,267277,14236,1185,239677,230495,1.84009e+06,1.28892e+08,261,1.81282e-06,3.35455e-05,0.00496645,3.07073e+09,8.75005e+08,3.52013e+09,4.02182e+08,4.02182e+08,1,0
2980,178800,cecum,1,9322,53884,58036,13585,226059,11046,860,195946,201076,1.76014e+06,1.37349e+08,41,6.01018e-05,0.0014042,0.0035958,3.07315e+09,8.75846e+08,3.52013e+09,4.04981e+08,4.04981e+08,1,0
2980,178800,transverse,0.9975,9948,57730,67470,15354,265226,12701,1025,234526,234634,1.84264e+06,1.38488e+08,141,1.31884e-05,0.000253885,0.00474611,3.07315e+09,8.75846e+08,3.52013e+09,4.04981e+08,4.04981e+08,1,0
2980,178800,descending,0.995,10441,56265,76494,16050,268561,14339,1190,241495,231587,1.86268e+06,1.28946e+08,261,2.01842e-06,3.73646e-05,0.00496264,3.07315e+09,8.75846e+08,3.52013e+09,4.04981e+08,4.04981e+08,1,0
2990,179400,cecum,0.9925,9778,53500,58532,13661,227126,11128,876,197539,202245,1.84524e+06,1.39546e+08,41,6.20105e-05,0.00146134,0.00353866,3.07557e+09,8.76692e+08,3.52013e+09,4.08116e+08,4.08116e+08,1,0
2990,179400,transverse,0.9975,9374,57890,67880,15451,266706,12774,1045,235996,235280,1.73709e+06,1.39343e+08,141,1.42003e-05,0.000274309,0.00472569,3.07557e+09,8.76692e+08,3.52013e+09,4.08116e+08,4.08116e+08,1,0
2990,179400,descending,0.9975,10452,56052,76983,16124,269883,14437,1190,243202,232603,1.86592e+06,1.29031e+08,261,2.23894e-06,4.14649e-05,0.00495854,3.07557e+09,8.76692e+08,3.52013e+09,4.08116e+08,4.08116e+08,1,0
3000,180000,cecum,0.9975,10338,52631,58972,13732,227745,11212,882,199176,203133,1.95031e+06,1.41936e+08,41,6.38213e-05,0.0015165,0.0034835,3.07798e+09,8.77546e+08,3.52013e+09,4.11594e+08,4.11594e+08,1,0
3000,180000,transverse,0.995,9270,58165,68328,15531,268556,12861,1046,237737,236744,1.7176e+06,1.40314e+08,141,1.52257e-05,0.00029516,0.00470484,3.07798e+09,8.77546e+08,3.52013e+09,4.11594e+08,4.11594e+08,1,0
3000,180000,descending,0.99,10287,56025,77475,16189,271173,14531,1220,244648,233365,1.83532e+06,1.29148e+08,261,2.47429e-06,4.58463e-05,0.00495415,3.07798e+09,8.77546e+08,3.52013e+09,4.11594e+08,4.11594e+08,1,0
3010,180600,cecum,0.9975,10275,52595,59453,13819,228856,11300,896,200484,203861,1.93921e+06,1.44519e+08,41,6.55389e-05,0.0015697,0.0034303,3.0804e+09,8.78407e+08,3.52013e+09,4.15423e+08,4.15423e+08,1,0
3010,180600,transverse,0.9925,9296,57791,68797,15617,269736,12945,1047,239460,237650,1.72256e+06,1.41407e+08,141,1.62612e-05,0.000316378,0.00468362,3.0804e+09,8.78407e+08,3.52013e+09,4.15423e+08,4.15423e+08,1,0
3010,180600,descending,0.9925,10522,55676,77982,16267,272371,14619,1227,246354,234450,1.87797e+06,1.29301e+08,261,2.72431e-06,5.05071e-05,0.00494949,3.0804e+09,8.78407e+08,3.52013e+09,4.15423e+08,4.15423e+08,1,0
3020,181200,cecum,0.995,10225,52473,59980,13900,229989,11405,896,201925,204603,1.92997e+06,1.47296e+08,41,6.71681e-05,0.00162097,0.00337903,3.08283e+09,8.79277e+08,3.52013e+09,4.19611e+08,4.19611e+08,1,0
3020,181200,transverse,0.995,9323,57623,69242,15675,271184,13044,1051,241229,238833,1.72731e+06,1.42626e+08,141,1.73037e-05,0.000337904,0.0046621,3.08283e+09,8.79277e+08,3.52013e+09,4.19611e+08,4.19611e+08,1,0
3020,181200,descending,0.995,10766,55370,78503,16368,273470,14718,1237,247949,235462,1.92189e+06,1.29493e+08,261,2.98876e-06,5.54443e-05,0.00494456,3.08283e+09,8.79277e+08,3.52013e+09,4.19611e+08,4.19611e+08,1,0
3030,181800,cecum,1,9678,52921,60444,13952,231865,11483,906,203473,205588,1.82733e+06,1.50269e+08,41,6.87129e-05,0.00167032,0.00332968,3.08526e+09,8.80155e+08,3.52013e+09,4.24166e+08,4.24166e+08,1,0
3030,181800,transverse,0.9925,9174,57389,69706,15750,272345,13129,1053,242782,239539,1.69986e+06,1.43975e+08,141,1.83502e-05,0.000359683,0.00464032,3.08526e+09,8.80155e+08,3.52013e+09,4.24166e+08,4.24166e+08,1,0
3030,181800,descending,1,11035,54192,79038,16448,273834,14801,1241,249650,235719,1.96873e+06,1.29727e+08,261,3.26736e-06,6.06541e-05,0.00493935,3.08526e+09,8.80155e+08,3.52013e+09,4.24166e+08,4.24166e+08,1,0
3040,182400,cecum,0.9925,9809,53231,60895,14012,233543,11559,915,204968,207073,1.85056e+06,1.5344e+08,41,7.0177e-05,0.00171778,0.00328222,3.08769e+09,8.81044e+08,3.52013e+09,4.29097e+08,4.29097e+08,1,0
3040,182400,transverse,0.9975,9993,56060,70181,15815,272345,13229,1057,244272,240044,1.85159e+06,1.45459e+08,141,1.93978e-05,0.000381657,0.00461834,3.08769e+09,8.81044e+08,3.52013e+09,4.29097e+08,4.29097e+08,1,0
3040,182400,descending,0.995,10370,54460,79552,16532,275362,14897,1241,251090,236248,1.84591e+06,1.30004e+08,261,3.55975e-06,6.61312e-05,0.00493387,3.08769e+09,8.81044e+08,3.52013e+09,4.29097e+08,4.29097e+08,1,0
3050,183000,cecum,0.995,10061,52967,61414,14092,234598,11652,917,206458,208032,1.89784e+06,1.56812e+08,41,7.1564e-05,0.00176336,0.00323664,3.09013e+09,8.81943e+08,3.52013e+09,4.34415e+08,4.34415e+08,1,0
3050,183000,transverse,0.995,9737,56650,70678,15882,274250,13329,1062,245749,241358,1.80331e+06,1.47081e+08,141,2.04438e-05,0.000403774,0.00459623,3.09013e+09,8.81943e+08,3.52013e+09,4.34415e+08,4.34415e+08,1,0
3050,183000,descending,0.995,10816,53469,80112,16615,275694,15024,1243,252621,236674,1.92628e+06,1.30328e+08,261,3.86552e-06,7.18696e-05,0.00492813,3.09013e+09,8.81943e+08,3.52013e+09,4.34415e+08,4.34415e+08,1,0
3060,183600,cecum,0.99,9528,53386,61839,14168,236503,11729,926,208088,209123,1.79873e+06,1.60388e+08,41,7.28769e-05,0.00180707,0.00319293,3.09257e+09,8.82854e+08,3.52013e+09,4.40129e+08,4.40129e+08,1,0
3060,183600,transverse,0.9975,9299,56619,71135,15960,275739,13413,1070,247423,242106,1.72241e+06,1.48846e+08,141,2.14856e-05,0.000425979,0.00457402,3.09257e+09,8.82854e+08,3.52013e+09,4.40129e+08,4.40129e+08,1,0
3060,183600,descending,0.995,10961,53746,80660,16698,277279,15124,1248,254107,238034,1.9545e+06,1.30701e+08,261,4.18419e-06,7.78621e-05,0.00492214,3.09257e+09,8.82854e+08,3.52013e+09,4.40129e+08,4.40129e+08,1,0
3070,184200,cecum,0.9925,10256,52805,62322,14249,237365,11816,935,209690,210389,1.93422e+06,1.6417e+08,41,7.41186e-05,0.00184894,0.00315106,3.09502e+09,8.83777e+08,3.52013e+09,4.4625e+08,4.4625e+08,1,0
3070,184200,transverse,0.9975,9134,56533,71570,16026,277240,13500,1075,249158,243155,1.69138e+06,1.50759e+08,141,2.2521e-05,0.000448222,0.00455178,3.09502e+09,8.83777e+08,3.52013e+09,4.4625e+08,4.4625e+08,1,0
3070,184200,descending,0.99,10621,54318,81171,16782,279396,15210,1255,255815,239463,1.89291e+06,1.31127e+08,261,4.51525e-06,8.41006e-05,0.0049159,3.09502e+09,8.83777e+08,3.52013e+09,4.4625e+08,4.4625e+08,1,0
3080,184800,cecum,0.995,10669,52374,62780,14330,238420,11886,941,211321,211544,2.01109e+06,1.68163e+08,41,7.52919e-05,0.00188897,0.00311103,3.09748e+09,8.84714e+08,3.52013e+09,4.52789e+08,4.52789e+08,1,0
3080,184800,transverse,0.995,8958,56133,72018,16105,278588,13590,1086,251064,244037,1.65847e+06,1.52824e+08,141,2.35475e-05,0.00047045,0.00452955,3.09748e+09,8.84714e+08,3.52013e+09,4.52789e+08,4.52789e+08,1,0
3080,184800,descending,0.995,9999,54975,81680,16871,281390,15307,1257,257336,240510,1.78117e+06,1.31609e+08,261,4.85813e-06,9.05761e-05,0.00490942,3.09748e+09,8.84714e+08,3.52013e+09,4.52789e+08,4.52789e+08,1,0
3090,185400,cecum,0.995,10479,52511,63305,14440,239735,11982,953,212693,212338,1.97646e+06,1.72371e+08,41,7.6399e-05,0.00192717,0.00307283,3.09995e+09,8.85664e+08,3.52013e+09,4.59758e+08,4.59758e+08,1,0
3090,185400,transverse,0.9925,9142,56788,72438,16176,280607,13673,1088,252580,245972,1.69239e+06,1.55044e+08,141,2.45629e-05,0.000492614,0.00450739,3.09995e+09,8.85664e+08,3.52013e+09,4.59758e+08,4.59758e+08,1,0
3090,185400,descending,0.99,9839,55660,82156,16940,283582,15401,1259,259004,242227,1.75338e+06,1.32149e+08,261,5.21222e-06,9.72788e-05,0.00490272,3.09995e+09,8.85664e+08,3.52013e+09,4.59758e+08,4.59758e+08,1,0
3100,186000,cecum,0.995,9573,52974,63820,14530,241913,12081,956,214594,213281,1.80613e+06,1.76798e+08,41,7.74423e-05,0.00196355,0.00303645,3.10244e+09,8.8663e+08,3.52013e+09,4.67168e+08,4.67168e+08,1,0
3100,186000,transverse,1,8734,56237,72803,16254,281975,13735,1093,254634,246702,1.61728e+06,1.57426e+08,141,2.55653e-05,0.000514665,0.00448534,3.10244e+09,8.8663e+08,3.52013e+09,4.67168e+08,4.67168e+08,1,0
3100,186000,descending,0.995,9692,55344,82602,17015,284748,15492,1269,260642,242956,1.72722e+06,1.32752e+08,261,5.57687e-06,0.000104198,0.0048958,3.10244e+09,8.8663e+08,3.52013e+09,4.67168e+08,4.67168e+08,1,0
3110,186600,cecum,0.9975,9993,52466,64311,14586,242801,12172,958,216135,214243,1.88427e+06,1.81448e+08,41,7.84236e-05,0.00199811,0.00300189,3.10493e+09,8.87612e+08,3.52013e+09,4.75033e+08,4.75033e+08,1,0
3110,186600,transverse,0.995,8496,56081,73259,16315,283366,13822,1122,256300,247518,1.57395e+06,1.59974e+08,141,2.65527e-05,0.000536553,0.00446345,3.10493e+09,8.87612e+08,3.52013e+09,4.75033e+08,4.75033e+08,1,0
3110,186600,descending,0.9975,10329,54318,83106,17087,285052,15589,1274,262136,243557,1.84271e+06,1.33419e+08,261,5.95138e-06,0.000111322,0.00488868,3.10493e+09,8.87612e+08,3.52013e+09,4.75033e+08,4.75033e+08,1,0
3120,187200,cecum,0.9975,9831,52935,64793,14660,244615,12254,958,217636,215569,1.85391e+06,1.86326e+08,41,7.93449e-05,0.00203087,0.00296913,3.10743e+09,8.8861e+08,3.52013e+09,4.83364e+08,4.83364e+08,1,0
3120,187200,transverse,0.9975,8702,55856,73716,16390,284534,13902,1126,257844,248586,1.61206e+06,1.62692e+08,141,2.75231e-05,0.000558232,0.00444177,3.10743e+09,8.8861e+08,3.52013e+09,4.83364e+08,4.83364e+08,1,0
3120,187200,descending,0.9975,10046,54227,83618,17149,286384,15691,1284,263713,244248,1.78945e+06,1.34154e+08,261,6.33504e-06,0.000118639,0.00488136,3.10743e+09,8.8861e+08,3.52013e+09,4.83364e+08,4.83364e+08,1,0
3130,187800,cecum,0.9975,9611,52392,65278,14738,245749,12369,967,219497,216182,1.81299e+06,1.91438e+08,41,8.02078e-05,0.00206182,0.00293818,3.10996e+09,8.89626e+08,3.52013e+09,4.92174e+08,4.92174e+08,1,0
3130,187800,transverse,0.9975,8436,55943,74086,16453,286250,13967,1131,259596,249789,1.56275e+06,1.65586e+08,141,2.84749e-05,0.000579654,0.00442035,3.10996e+09,8.89626e+08,3.52013e+09,4.92174e+08,4.92174e+08,1,0
3130,187800,descending,0.995,10158,54017,84148,17219,287523,15800,1285,265240,245147,1.81037e+06,1.34959e+08,261,6.72706e-06,0.000126135,0.00487387,3.10996e+09,8.89626e+08,3.52013e+09,4.92174e+08,4.92174e+08,1,0
3140,188400,cecum,0.995,9762,52371,65752,14826,247053,12459,971,220996,217337,1.84144e+06,1.96788e+08,41,8.10139e-05,0.00209097,0.00290903,3.11249e+09,8.90661e+08,3.52013e+09,5.01478e+08,5.01478e+08,1,0
3140,188400,transverse,0.995,8390,55696,74535,16534,287395,14060,1139,261154,250605,1.55364e+06,1.68661e+08,141,2.94062e-05,0.000600773,0.00439923,3.11249e+09,8.90661e+08,3.52013e+09,5.01478e+08,5.01478e+08,1,0
3140,188400,descending,0.9975,9994,54404,84646,17296,289086,15898,1288,266588,246220,1.78075e+06,1.35838e+08,261,7.12667e-06,0.000133797,0.0048662,3.11249e+09,8.90661e+08,3.52013e+09,5.01478e+08,5.01478e+08,1,0
3150,189000,cecum,0.9975,9706,51903,66207,14912,247969,12528,981,222525,217887,1.83071e+06,2.02382e+08,41,8.17645e-05,0.00211833,0.00288167,3.11504e+09,8.91717e+08,3.52013e+09,5.11288e+08,5.11288e+08,1,0
3150,189000,transverse,0.995,8504,56031,74952,16592,289038,14139,1145,262593,252076,1.57533e+06,1.71921e+08,141,3.03155e-05,0.000621543,0.00437846,3.11504e+09,8.91717e+08,3.52013e+09,5.11288e+08,5.11288e+08,1,0
3150,189000,descending,0.9975,9694,54570,85156,17370,290510,15996,1316,267990,246978,1.72626e+06,1.36795e+08,261,7.53304e-06,0.00014161,0.00485839,3.11504e+09,8.91717e+08,3.52013e+09,5.11288e+08,5.11288e+08,1,0
3160,189600,cecum,0.9925,10210,52195,66652,14984,249469,12600,985,223873,219586,1.92455e+06,2.08224e+08,41,8.2461e-05,0.00214389,0.00285611,3.11762e+09,8.92793e+08,3.52013e+09,5.21619e+08,5.21619e+08,1,0
3160,189600,transverse,0.995,8669,55492,75384,16676,290096,14214,1151,264343,253020,1.60575e+06,1.75373e+08,141,3.12013e-05,0.000641919,0.00435808,3.11762e+09,8.92793e+08,3.52013e+09,5.21619e+08,5.21619e+08,1,0
3160,189600,descending,0.995,9911,54348,85638,17449,291931,16101,1319,269814,248315,1.76705e+06,1.37832e+08,261,7.94532e-06,0.000149559,0.00485044,3.11762e+09,8.92793e+08,3.52013e+09,5.21619e+08,5.21619e+08,1,0
3170,190200,cecum,0.9975,10125,52209,67135,15057,251032,12677,989,225568,220727,1.90837e+06,2.14321e+08,41,8.31044e-05,0.00216765,0.00283235,3.12021e+09,8.93891e+08,3.52013e+09,5.32484e+08,5.32484e+08,1,0
3170,190200,transverse,0.9975,8707,55365,75745,16757,291479,14278,1154,265995,254222,1.6126e+06,1.79021e+08,141,3.20621e-05,0.000661855,0.00433814,3.12021e+09,8.93891e+08,3.52013e+09,5.32484e+08,5.32484e+08,1,0
3170,190200,descending,0.9975,9960,53999,86121,17517,292978,16200,1324,271372,249090,1.77592e+06,1.38952e+08,261,8.36263e-06,0.000157629,0.00484237,3.12021e+09,8.93891e+08,3.52013e+09,5.32484e+08,5.32484e+08,1,0
3180,190800,cecum,0.9975,10402,52074,67598,15153,252090,12761,994,226936,221774,1.96057e+06,2.20678e+08,41,8.36958e-05,0.00218962,0.00281038,3.12282e+09,8.95013e+08,3.52013e+09,5.43899e+08,5.43899e+08,1,0
3180,190800,transverse,1,7850,55891,76114,16796,293630,14349,1154,267730,255257,1.4546e+06,1.82871e+08,141,3.28964e-05,0.000681309,0.00431869,3.12282e+09,8.95013e+08,3.52013e+09,5.43899e+08,5.43899e+08,1,0
3180,190800,descending,0.9925,10079,54092,86600,17589,294391,16293,1325,272856,250307,1.79853e+06,1.4016e+08,261,8.78407e-06,0.000165802,0.0048342,3.12282e+09,8.95013e+08,3.52013e+09,5.43899e+08,5.43899e+08,1,0
3190,191400,cecum,1,9841,52432,68091,15241,253620,12852,996,228285,222427,1.85659e+06,2.273e+08,41,8.42361e-05,0.0022098,0.0027902,3.12546e+09,8.96159e+08,3.52013e+09,5.55876e+08,5.55876e+08,1,0
3190,191400,transverse,0.9925,8512,55305,76458,16863,294480,14418,1162,269294,256553,1.57757e+06,1.86928e+08,141,3.37029e-05,0.000700237,0.00429976,3.12546e+09,8.96159e+08,3.52013e+09,5.55876e+08,5.55876e+08,1,0
3190,191400,descending,0.99,9705,54461,87066,17666,296128,16387,1326,274394,251374,1.73045e+06,1.41457e+08,261,9.20873e-06,0.000174062,0.00482594,3.12546e+09,8.96159e+08,3.52013e+09,5.55876e+08,5.55876e+08,1,0
3200,192000,cecum,0.995,10070,52141,68570,15307,254485,12947,1002,229596,223197,1.89967e+06,2.34193e+08,41,8.47261e-05,0.00222819,0.00277181,3.12812e+09,8.9733e+08,3.52013e+09,5.68431e+08,5.68431e+08,1,0
3200,192000,transverse,0.9975,8866,54739,76846,16946,295170,14499,1164,270712,257371,1.64273e+06,1.91199e+08,141,3.44802e-05,0.000718596,0.0042814,3.12812e+09,8.9733e+08,3.52013e+09,5.68431e+08,5.68431e+08,1,0
3200,192000,descending,0.995,10098,53768,87522,17736,297020,16491,1329,276150,252374,1.80152e+06,1.42849e+08,261,9.63566e-06,0.000182391,0.00481761,3.12812e+09,8.9733e+08,3.52013e+09,5.68431e+08,5.68431e+08,1,0
3210,192600,cecum,0.9975,9716,53069,69065,15389,256552,13049,1002,230919,224599,1.83386e+06,2.41362e+08,41,8.51667e-05,0.00224478,0.00275522,3.13081e+09,8.98528e+08,3.52013e+09,5.81579e+08,5.81579e+08,1,0
3210,192600,transverse,0.9925,8381,55306,77245,17021,297204,14560,1175,272304,258646,1.55245e+06,1.95689e+08,141,3.52273e-05,0.000736344,0.00426366,3.13081e+09,8.98528e+08,3.52013e+09,5.81579e+08,5.81579e+08,1,0
3210,192600,descending,0.995,10131,53633,88054,17805,298231,16584,1333,277654,253244,1.80603e+06,1.44338e+08,261,1.00639e-05,0.000190771,0.00480923,3.13081e+09,8.98528e+08,3.52013e+09,5.81579e+08,5.81579e+08,1,0
3220,193200,cecum,0.9975,9710,53497,69530,15478,258174,13133,1003,232285,225922,1.83212e+06,2.48811e+08,41,8.55585e-05,0.00225958,0.00274042,3.13353e+09,8.99755e+08,3.52013e+09,5.95332e+08,5.95332e+08,1,0
3220,193200,transverse,0.995,8381,55810,77652,17096,299078,14635,1186,273813,260252,1.55233e+06,2.00403e+08,141,3.59427e-05,0.00075344,0.00424656,3.13353e+09,8.99755e+08,3.52013e+09,5.95332e+08,5.95332e+08,1,0
3220,193200,descending,0.995,10085,54402,88515,17886,300384,16663,1340,279191,255043,1.80023e+06,1.45926e+08,261,1.04925e-05,0.000199183,0.00480082,3.13353e+09,8.99755e+08,3.52013e+09,5.95332e+08,5.95332e+08,1,0
3230,193800,cecum,0.9975,10077,53447,70012,15549,259502,13216,1003,233817,227289,1.90126e+06,2.56547e+08,41,8.59021e-05,0.00227259,0.00272741,3.13628e+09,9.01011e+08,3.52013e+09,6.09707e+08,6.09707e+08,1,0
3230,193800,transverse,0.9975,7716,55922,78029,17168,300736,14714,1189,275507,261016,1.42937e+06,2.05348e+08,141,3.66255e-05,0.000769843,0.00423016,3.13628e+09,9.01011e+08,3.52013e+09,6.09707e+08,6.09707e+08,1,0
3230,193800,descending,0.99,10393,54178,89044,17971,301357,16769,1341,280578,255985,1.85412e+06,1.4762e+08,261,1.09205e-05,0.000207608,0.00479239,3.13628e+09,9.01011e+08,3.52013e+09,6.09707e+08,6.09707e+08,1,0
3240,194400,cecum,0.9975,10162,53168,70531,15657,260228,13313,1012,235018,227777,1.91778e+06,2.64575e+08,41,8.6198e-05,0.00228381,0.00271619,3.13906e+09,9.02297e+08,3.52013e+09,6.24715e+08,6.24715e+08,1,0
3240,194400,transverse,1,8034,55308,78408,17238,301564,14795,1190,277099,261933,1.48836e+06,2.10528e+08,141,3.72744e-05,0.000785514,0.00421449,3.13906e+09,9.02297e+08,3.52013e+09,6.24715e+08,6.24715e+08,1,0
3240,194400,descending,0.9975,9784,54316,89503,18050,302946,16865,1343,282202,256679,1.74289e+06,1.49422e+08,261,1.13468e-05,0.000216025,0.00478397,3.13906e+09,9.02297e+08,3.52013e+09,6.24715e+08,6.24715e+08,1,0
3250,195000,cecum,1,10982,52752,71031,15734,261033,13410,1012,236413,229076,2.07074e+06,2.72897e+08,41,8.64467e-05,0.00229323,0.00270677,3.14188e+09,9.03615e+08,3.52013e+09,6.40373e+08,6.40373e+08,1,0
3250,195000,transverse,0.9975,7876,55408,78770,17299,303177,14867,1199,278736,263150,1.45899e+06,2.1595e+08,141,3.78885e-05,0.000800415,0.00419959,3.14188e+09,9.03615e+08,3.52013e+09,6.40373e+08,6.40373e+08,1,0
3250,195000,descending,0.9925,10391,54128,89997,18108,304023,16955,1344,283614,258016,1.8543e+06,1.51334e+08,261,1.17705e-05,0.000224416,0.00477558,3.14188e+09,9.03615e+08,3.52013e+09,6.40373e+08,6.40373e+08,1,0
3260,195600,cecum,1,10482,52870,71538,15825,262329,13498,1017,237765,229539,1.97791e+06,2.81519e+08,41,8.66487e-05,0.00230088,0.00269912,3.14473e+09,9.04967e+08,3.52013e+09,6.56691e+08,6.56691e+08,1,0
3260,195600,transverse,1,7931,54982,79156,17364,304219,14946,1201,280346,264003,1.46858e+06,2.21619e+08,141,3.84667e-05,0.000814507,0.00418549,3.14473e+09,9.04967e+08,3.52013e+09,6.56691e+08,6.56691e+08,1,0
3260,195600,descending,0.9975,9680,54064,90453,18193,305544,17043,1347,285369,258540,1.72516e+06,1.53363e+08,261,1.21905e-05,0.000232759,0.00476724,3.14473e+09,9.04967e+08,3.52013e+09,6.56691e+08,6.56691e+08,1,0
3270,196200,cecum,1,10865,52613,71998,15911,263473,13598,1018,239351,230791,2.04811e+06,2.90444e+08,41,8.68044e-05,0.00230673,0.00269327,3.14762e+09,9.06354e+08,3.52013e+09,6.73684e+08,6.73684e+08,1,0
3270,196200,transverse,1,7624,54920,79533,17440,305539,15015,1203,281871,264782,1.41152e+06,2.2754e+08,141,3.9008e-05,0.000827755,0.00417225,3.14762e+09,9.06354e+08,3.52013e+09,6.73684e+08,6.73684e+08,1,0
3270,196200,descending,0.995,9871,53197,90925,18264,306339,17135,1347,287194,259217,1.76035e+06,1.55511e+08,261,1.26059e-05,0.000241033,0.00475897,3.14762e+09,9.06354e+08,3.52013e+09,6.73684e+08,6.73684e+08,1,0
3280,196800,cecum,0.9975,10396,52281,72524,16014,264867,13695,1019,241276,231389,1.96115e+06,2.99677e+08,41,8.6914e-05,0.00231081,0.00268919,3.15056e+09,9.07776e+08,3.52013e+09,6.91363e+08,6.91363e+08,1,0
3280,196800,transverse,0.995,7948,54729,79860,17521,306901,15069,1206,283556,266273,1.47194e+06,2.33717e+08,141,3.95115e-05,0.000840123,0.00415988,3.15056e+09,9.07776e+08,3.52013e+09,6.91363e+08,6.91363e+08,1,0
3280,196800,descending,0.995,9777,53268,91424,18340,307795,17236,1352,288751,260252,1.74355e+06,1.57781e+08,261,1.30156e-05,0.000249217,0.00475078,3.15056e+09,9.07776e+08,3.52013e+09,6.91363e+08,6.91363e+08,1,0
3290,197400,cecum,1,10074,52084,72987,16098,266027,13776,1023,242794,231925,1.90089e+06,3.09218e+08,41,8.69779e-05,0.00231312,0.00268688,3.15354e+09,9.09237e+08,3.52013e+09,7.0974e+08,7.0974e+08,1,0
3290,197400,transverse,1,7582,55263,80222,17602,308993,15134,1213,285253,267776,1.40409e+06,2.40157e+08,141,3.99763e-05,0.000851577,0.00414842,3.15354e+09,9.09237e+08,3.52013e+09,7.0974e+08,7.0974e+08,1,0
3290,197400,descending,0.9975,9840,53011,91883,18428,308843,17331,1354,290237,261085,1.75572e+06,1.60178e+08,261,1.34185e-05,0.00025729,0.00474271,3.15354e+09,9.09237e+08,3.52013e+09,7.0974e+08,7.0974e+08,1,0
3300,198000,cecum,0.995,10359,52118,73482,16193,267372,13870,1029,244288,233243,1.95447e+06,3.19069e+08,41,8.69964e-05,0.00231367,0.00268633,3.15656e+09,9.10736e+08,3.52013e+09,7.28825e+08,7.28825e+08,1,0
3300,198000,transverse,0.9925,7583,55187,80591,17672,310287,15211,1257,286726,268805,1.40443e+06,2.46864e+08,141,4.04015e-05,0.000862086,0.00413791,3.15656e+09,9.10736e+08,3.52013e+09,7.28825e+08,7.28825e+08,1,0
3300,198000,descending,1,9700,52760,92379,18501,310202,17421,1354,292010,261971,1.73138e+06,1.62704e+08,261,1.38137e-05,0.000265229,0.00473477,3.15656e+09,9.10736e+08,3.52013e+09,7.28825e+08,7.28825e+08,1,0
3310,198600,cecum,0.9975,10643,52441,73953,16269,269151,13978,1034,245923,235014,2.00792e+06,3.29233e+08,41,8.69697e-05,0.00231245,0.00268755,3.15963e+09,9.12276e+08,3.52013e+09,7.48628e+08,7.48628e+08,1,0
3310,198600,transverse,0.9975,7842,54777,80953,17748,311751,15275,1269,288728,270294,1.45308e+06,2.53842e+08,141,4.07864e-05,0.00087162,0.00412838,3.15963e+09,9.12276e+08,3.52013e+09,7.48628e+08,7.48628e+08,1,0
3310,198600,descending,0.995,9541,52495,92814,18559,311426,17515,1360,293645,262747,1.70244e+06,1.65365e+08,261,1.42002e-05,0.000273013,0.00472699,3.15963e+09,9.12276e+08,3.52013e+09,7.48628e+08,7.48628e+08,1,0
3320,199200,cecum,0.995,10973,52760,74444,16343,270699,14064,1039,247307,236556,2.06976e+06,3.3971e+08,41,8.68982e-05,0.0023095,0.0026905,3.16276e+09,9.13858e+08,3.52013e+09,7.69157e+08,7.69157e+08,1,0
3320,199200,transverse,0.9975,7883,55331,81312,17819,313607,15338,1279,290154,271956,1.45982e+06,2.61095e+08,141,4.11303e-05,0.00088015,0.00411985,3.16276e+09,9.13858e+08,3.52013e+09,7.69157e+08,7.69157e+08,1,0
3320,199200,descending,0.995,10228,52299,93318,18639,312487,17609,1362,295074,264163,1.82748e+06,1.68163e+08,261,1.45768e-05,0.00028062,0.00471938,3.16276e+09,9.13858e+08,3.52013e+09,7.69157e+08,7.69157e+08,1,0
3330,199800,cecum,0.9975,10646,52433,74975,16448,272059,14161,1047,249188,237252,2.00986e+06,3.50501e+08,41,8.67821e-05,0.00230482,0.00269518,3.16593e+09,9.15484e+08,3.52013e+09,7.90419e+08,7.90419e+08,1,0
3330,199800,transverse,1,7568,56124,81688,17885,315905,15405,1286,291785,273689,1.40143e+06,2.68626e+08,141,4.14323e-05,0.000887649,0.00411235,3.16593e+09,9.15484e+08,3.52013e+09,7.90419e+08,7.90419e+08,1,0
3330,199800,descending,0.9975,10428,52326,93860,18727,313543,17728,1367,296305,265079,1.86279e+06,1.71102e+08,261,1.49427e-05,0.000288028,0.00471197,3.16593e+09,9.15484e+08,3.52013e+09,7.90419e+08,7.90419e+08,1,0
3340,200400,cecum,1,11105,51968,75465,16542,272842,14254,1050,250620,238188,2.0955e+06,3.61605e+08,41,8.66216e-05,0.00229842,0.00270158,3.16917e+09,9.17154e+08,3.52013e+09,8.1242e+08,8.1242e+08,1,0
3340,200400,transverse,0.9975,7474,55872,82020,17965,317038,15482,1291,293322,274548,1.38503e+06,2.76439e+08,141,4.16919e-05,0.000894093,0.00410591,3.16917e+09,9.17154e+08,3.52013e+09,8.1242e+08,8.1242e+08,1,0
3340,200400,descending,0.9975,9205,53450,94349,18792,316150,17831,1372,297951,266137,1.64119e+06,1.74187e+08,261,1.52968e-05,0.000295214,0.00470479,3.16917e+09,9.17154e+08,3.52013e+09,8.1242e+08,8.1242e+08,1,0
3350,201000,cecum,0.9975,11196,51347,76005,16620,273579,14346,1052,252146,238644,2.1135e+06,3.73019e+08,41,8.64171e-05,0.00229034,0.00270966,3.17246e+09,9.18872e+08,3.52013e+09,8.35164e+08,8.35164e+08,1,0
3350,201000,transverse,0.9975,7298,56650,82347,18034,319321,15543,1292,294956,276457,1.35149e+06,2.84535e+08,141,4.19086e-05,0.000899461,0.00410054,3.17246e+09,9.18872e+08,3.52013e+09,8.35164e+08,8.35164e+08,1,0
3350,201000,descending,0.9925,9628,53826,94835,18868,317827,17924,1376,299417,267916,1.72111e+06,1.7742e+08,261,1.56381e-05,0.000302156,0.00469784,3.17246e+09,9.18872e+08,3.52013e+09,8.35164e+08,8.35164e+08,1,0
3360,201600,cecum,1,11086,50893,76552,16715,274433,14451,1057,253649,239036,2.09378e+06,3.8474e+08,41,8.61688e-05,0.00228059,0.00271941,3.17581e+09,9.20637e+08,3.52013e+09,8.58653e+08,8.58653e+08,1,0
3360,201600,transverse,0.9975,7197,56854,82699,18102,321022,15604,1304,296570,277822,1.33289e+06,2.92918e+08,141,4.20816e-05,0.000903734,0.00409627,3.17581e+09,9.20637e+08,3.52013e+09,8.58653e+08,8.58653e+08,1,0
3360,201600,descending,0.9875,9585,53745,95290,18952,319329,18028,1384,301180,269100,1.7122e+06,1.80806e+08,261,1.59657e-05,0.000308834,0.00469117,3.17581e+09,9.20637e+08,3.52013e+09,8.58653e+08,8.58653e+08,1,0
3370,202200,cecum,1,10805,51286,77083,16796,276092,14550,1062,255090,240058,2.03976e+06,3.96765e+08,41,8.58771e-05,0.00226919,0.00273081,3.17923e+09,9.22452e+08,3.52013e+09,8.82889e+08,8.82889e+08,1,0
3370,202200,transverse,0.995,8004,56877,83064,18172,322361,15666,1313,298009,279726,1.4823e+06,3.01587e+08,141,4.22107e-05,0.000906896,0.0040931,3.17923e+09,9.22452e+08,3.52013e+09,8.82889e+08,8.82889e+08,1,0
3370,202200,descending,0.9975,9797,53578,95750,19034,320533,18121,1392,302718,270223,1.74932e+06,1.84347e+08,261,1.62787e-05,0.000315225,0.00468478,3.17923e+09,9.22452e+08,3.52013e+09,8.82889e+08,8.82889e+08,1,0
3380,202800,cecum,0.9975,10073,52727,77587,16872,278790,14639,1067,256507,241680,1.9009e+06,4.09087e+08,41,8.55423e-05,0.00225619,0.00274381,3.18272e+09,9.24319e+08,3.52013e+09,9.07868e+08,9.07868e+08,1,0
3380,202800,transverse,1,7636,56476,83443,18264,323636,15732,1318,299838,280407,1.41411e+06,3.10544e+08,141,4.22955e-05,0.000908934,0.00409107,3.18272e+09,9.24319e+08,3.52013e+09,9.07868e+08,9.07868e+08,1,0
3380,202800,descending,1,9814,53300,96244,19135,321644,18203,1397,304285,271035,1.75253e+06,1.88047e+08,261,1.6576e-05,0.000321308,0.00467869,3.18272e+09,9.24319e+08,3.52013e+09,9.07868e+08,9.07868e+08,1,0
3390,203400,cecum,0.9975,11692,52275,78115,16965,279442,14734,1074,257792,243604,2.20201e+06,4.21701e+08,41,8.51649e-05,0.0022416,0.0027584,3.18628e+09,9.26238e+08,3.52013e+09,9.33589e+08,9.33589e+08,1,0
3390,203400,transverse,0.995,7916,57276,83866,18328,325823,15807,1322,301360,282586,1.46607e+06,3.19787e+08,141,4.23355e-05,0.000909838,0.00409016,3.18628e+09,9.26238e+08,3.52013e+09,9.33589e+08,9.33589e+08,1,0
3390,203400,descending,0.9925,9667,53834,96683,19206,323390,18281,1397,305646,272344,1.72829e+06,1.91909e+08,261,1.68569e-05,0.000327063,0.00467294,3.18628e+09,9.26238e+08,3.52013e+09,9.33589e+08,9.33589e+08,1,0
3400,204000,cecum,0.995,11780,52779,78659,17078,281050,14845,1089,259105,244965,2.21845e+06,4.34599e+08,41,8.47453e-05,0.00222548,0.00277452,3.18991e+09,9.28212e+08,3.52013e+09,9.60045e+08,9.60045e+08,1,0
3400,204000,transverse,0.9975,7786,57661,84256,18404,327781,15867,1327,303064,284155,1.44136e+06,3.29316e+08,141,4.23307e-05,0.000909602,0.0040904,3.18991e+09,9.28212e+08,3.52013e+09,9.60045e+08,9.60045e+08,1,0
3400,204000,descending,0.9975,9629,53950,97148,19285,325015,18360,1439,307271,273582,1.7205e+06,1.95936e+08,261,1.71204e-05,0.00033247,0.00466753,3.18991e+09,9.28212e+08,3.52013e+09,9.60045e+08,9.60045e+08,1,0
3410,204600,cecum,0.9975,11016,53282,79160,17173,283048,14944,1098,260785,245883,2.07777e+06,4.47775e+08,41,8.42842e-05,0.00220785,0.00279215,3.19362e+09,9.30242e+08,3.52013e+09,9.87227e+08,9.87227e+08,1,0
3410,204600,transverse,0.9975,7946,57736,84633,18476,329292,15940,1357,304615,285564,1.47189e+06,3.39128e+08,141,4.22809e-05,0.000908223,0.00409178,3.19362e+09,9.30242e+08,3.52013e+09,9.87227e+08,9.87227e+08,1,0
3410,204600,descending,0.9925,9328,54231,97594,19362,326577,18436,1442,308702,274547,1.66491e+06,2.00131e+08,261,1.73657e-05,0.000337509,0.00466249,3.19362e+09,9.30242e+08,3.52013e+09,9.87227e+08,9.87227e+08,1,0
3420,205200,cecum,1,11916,52935,79672,17273,283829,15031,1100,262098,247237,2.24562e+06,4.61215e+08,41,8.37821e-05,0.00218878,0.00281122,3.19741e+09,9.32329e+08,3.52013e+09,1.01513e+09,1.01513e+09,1,0
3420,205200,transverse,1,7646,58120,85026,18545,331344,16017,1358,306428,287068,1.41629e+06,3.4922e+08,141,4.21861e-05,0.000905704,0.0040943,3.19741e+09,9.32329e+08,3.52013e+09,1.01513e+09,1.01513e+09,1,0
3420,205200,descending,1,9143,54390,98063,19425,327979,18521,1445,310090,275440,1.63115e+06,2.04497e+08,261,1.7592e-05,0.000342162,0.00465784,3.19741e+09,9.32329e+08,3.52013e+09,1.01513e+09,1.01513e+09,1,0
3430,205800,cecum,0.9975,11555,52893,80196,17372,285414,15121,1103,263911,248123,2.17924e+06,4.7491e+08,41,8.32397e-05,0.0021683,0.0028317,3.20128e+09,9.34475e+08,3.52013e+09,1.04373e+09,1.04373e+09,1,0
3430,205800,transverse,1,7696,57949,85362,18621,332670,16078,1369,308051,288234,1.42554e+06,3.59587e+08,141,4.20464e-05,0.000902048,0.00409795,3.20128e+09,9.34475e+08,3.52013e+09,1.04373e+09,1.04373e+09,1,0
3430,205800,descending,0.9975,9013,54489,98501,19488,329287,18613,1445,311454,276335,1.60908e+06,2.09035e+08,261,1.77986e-05,0.000346411,0.00465359,3.20128e+09,9.34475e+08,3.52013e+09,1.04373e+09,1.04373e+09,1,0
3440,206400,cecum,0.995,11154,53453,80778,17468,287183,15217,1108,265307,249096,2.10536e+06,4.88845e+08,41,8.26578e-05,0.00214648,0.00285352,3.20524e+09,9.36682e+08,3.52013e+09,1.07301e+09,1.07301e+09,1,0
3440,206400,transverse,0.9975,8107,57906,85743,18706,334069,16157,1375,309651,289821,1.50115e+06,3.70225e+08,141,4.1862e-05,0.000897267,0.00410273,3.20524e+09,9.36682e+08,3.52013e+09,1.07301e+09,1.07301e+09,1,0
3440,206400,descending,0.995,9680,54415,98977,19573,330557,18696,1446,312965,277963,1.73087e+06,2.13747e+08,261,1.79847e-05,0.00035024,0.00464976,3.20524e+09,9.36682e+08,3.52013e+09,1.07301e+09,1.07301e+09,1,0
3450,207000,cecum,1,10218,54550,81321,17581,289697,15313,1115,266926,250333,1.92948e+06,5.03007e+08,41,8.20373e-05,0.00212336,0.00287664,3.20929e+09,9.3895e+08,3.52013e+09,1.10296e+09,1.10296e+09,1,0
3450,207000,transverse,1,7168,58550,86130,18770,336358,16225,1383,311420,290908,1.32689e+06,3.81126e+08,141,4.16332e-05,0.000891373,0.00410863,3.20929e+09,9.3895e+08,3.52013e+09,1.10296e+09,1.10296e+09,1,0
3450,207000,descending,0.995,8945,54715,99417,19663,332496,18777,1450,314771,278894,1.59672e+06,2.18636e+08,261,1.81498e-05,0.000353634,0.00464637,3.20929e+09,9.3895e+08,3.52013e+09,1.10296e+09,1.10296e+09,1,0
3460,207600,cecum,1,10491,54302,81794,17661,290770,15404,1117,268416,251375,1.98002e+06,5.17381e+08,41,8.13792e-05,0.00209903,0.00290097,3.21343e+09,9.41281e+08,3.52013e+09,1.13356e+09,1.13356e+09,1,0
3460,207600,transverse,1,7457,57756,86496,18847,336979,16302,1389,312983,291600,1.38071e+06,3.92284e+08,141,4.13604e-05,0.000884387,0.00411561,3.21343e+09,9.41281e+08,3.52013e+09,1.13356e+09,1.13356e+09,1,0
3460,207600,descending,0.9925,8495,55736,99839,19730,335284,18859,1454,316683,280955,1.51801e+06,2.23701e+08,261,1.82931e-05,0.000356577,0.00464342,3.21343e+09,9.41281e+08,3.52013e+09,1.13356e+09,1.13356e+09,1,0
3470,208200,cecum,1,10085,54366,82300,17737,292177,15493,1119,269922,252033,1.9041e+06,5.31949e+08,41,8.06847e-05,0.00207353,0.00292647,3.21767e+09,9.43677e+08,3.52013e+09,1.16478e+09,1.16478e+09,1,0
3470,208200,transverse,1,8003,57017,86872,18918,337814,16374,1395,314694,292742,1.48172e+06,4.03688e+08,141,4.10444e-05,0.00087633,0.00412367,3.21767e+09,9.43677e+08,3.52013e+09,1.16478e+09,1.16478e+09,1,0
3470,208200,descending,1,8880,54309,100291,19807,335553,18939,1459,318531,281309,1.58639e+06,2.28947e+08,261,1.84142e-05,0.000359058,0.00464094,3.21767e+09,9.43677e+08,3.52013e+09,1.16478e+09,1.16478e+09,1,0
3480,208800,cecum,0.995,11486,54858,82825,17811,293954,15588,1121,271374,254853,2.16292e+06,5.46691e+08,41,7.9955e-05,0.00204695,0.00295305,3.22201e+09,9.46139e+08,3.52013e+09,1.19658e+09,1.19658e+09,1,0
3480,208800,transverse,1,7615,57278,87225,18996,339632,16438,1403,316385,293953,1.41007e+06,4.15328e+08,141,4.06857e-05,0.000867231,0.00413277,3.22201e+09,9.46139e+08,3.52013e+09,1.19658e+09,1.19658e+09,1,0
3480,208800,descending,1,9034,53572,100751,19877,336350,19036,1465,320226,281961,1.61521e+06,2.34371e+08,261,1.85126e-05,0.000361066,0.00463893,3.22201e+09,9.46139e+08,3.52013e+09,1.19658e+09,1.19658e+09,1,0
3490,209400,cecum,0.9975,10365,56700,83303,17888,297158,15684,1133,272897,256619,1.95525e+06,5.6159e+08,41,7.91915e-05,0.00201937,0.00298063,3.22645e+09,9.48667e+08,3.52013e+09,1.22895e+09,1.22895e+09,1,0
3490,209400,transverse,1,7838,57231,87576,19070,340946,16496,1414,317867,295260,1.45174e+06,4.27194e+08,141,4.02853e-05,0.000857122,0.00414288,3.22645e+09,9.48667e+08,3.52013e+09,1.22895e+09,1.22895e+09,1,0
3490,209400,descending,0.995,8690,54010,101175,19940,338231,19107,1468,321800,283205,1.55299e+06,2.39973e+08,261,1.85878e-05,0.00036259,0.00463741,3.22645e+09,9.48667e+08,3.52013e+09,1.22895e+09,1.22895e+09,1,0
3500,210000,cecum,0.9975,10258,57934,83798,17961,300007,15788,1135,274687,259041,1.93369e+06,5.76625e+08,41,7.83956e-05,0.00199085,0.00300915,3.231e+09,9.51263e+08,3.52013e+09,1.26185e+09,1.26185e+09,1,0
3500,210000,transverse,1,8613,56931,87944,19153,342137,16567,1420,319506,297006,1.59495e+06,4.39271e+08,141,3.98443e-05,0.000846039,0.00415396,3.231e+09,9.51263e+08,3.52013e+09,1.26185e+09,1.26185e+09,1,0
3500,210000,descending,0.9975,9058,54046,101625,20027,339528,19204,1472,323241,284600,1.62331e+06,2.45753e+08,261,1.86396e-05,0.000363623,0.00463638,3.231e+09,9.51263e+08,3.52013e+09,1.26185e+09,1.26185e+09,1,0
3510,210600,cecum,1,11314,56793,84256,18069,300419,15884,1136,276443,260254,2.13108e+06,5.91775e+08,41,7.75691e-05,0.00196149,0.00303851,3.23566e+09,9.53929e+08,3.52013e+09,1.29523e+09,1.29523e+09,1,0
3510,210600,transverse,1,7383,56938,88310,19246,343585,16634,1432,321095,297006,1.36782e+06,4.51549e+08,141,3.93638e-05,0.000834025,0.00416597,3.23566e+09,9.53929e+08,3.52013e+09,1.29523e+09,1.29523e+09,1,0
3510,210600,descending,0.9975,8892,53877,102037,20092,340597,19280,1473,324619,285231,1.59163e+06,2.51711e+08,261,1.86676e-05,0.00036416,0.00463584,3.23566e+09,9.53929e+08,3.52013e+09,1.29523e+09,1.29523e+09,1,0
3520,211200,cecum,0.9975,9766,57006,84742,18180,302432,15967,1141,278432,260422,1.84258e+06,6.07017e+08,41,7.67137e-05,0.00193137,0.00306863,3.24043e+09,9.56664e+08,3.52013e+09,1.32906e+09,1.32906e+09,1,0
3520,211200,transverse,0.9975,8441,55888,88662,19325,344171,16699,1434,322873,298440,1.5641e+06,4.6401e+08,141,3.88452e-05,0.000821125,0.00417888,3.24043e+09,9.56664e+08,3.52013e+09,1.32906e+09,1.32906e+09,1,0
3520,211200,descending,1,8968,53951,102426,20167,342016,19350,1477,326105,286478,1.60514e+06,2.57844e+08,261,1.86717e-05,0.000364196,0.0046358,3.24043e+09,9.56664e+08,3.52013e+09,1.32906e+09,1.32906e+09,1,0
3530,211800,cecum,1,9504,57129,85212,18262,303967,16054,1151,280003,261384,1.79279e+06,6.22325e+08,41,7.58312e-05,0.00190059,0.00309941,3.24532e+09,9.5947e+08,3.52013e+09,1.36331e+09,1.36331e+09,1,0
3530,211800,transverse,1,8442,55647,89027,19404,345502,16768,1434,324593,299555,1.56407e+06,4.76638e+08,141,3.82901e-05,0.000807388,0.00419261,3.24532e+09,9.5947e+08,3.52013e+09,1.36331e+09,1.36331e+09,1,0
3530,211800,descending,0.9975,9054,54155,102836,20241,343610,19425,1478,327643,287896,1.62076e+06,2.64152e+08,261,1.86518e-05,0.000363729,0.00463627,3.24532e+09,9.5947e+08,3.52013e+09,1.36331e+09,1.36331e+09,1,0
3540,212400,cecum,1,10154,56802,85659,18335,305123,16139,1153,281642,262899,1.91252e+06,6.37675e+08,41,7.49238e-05,0.00186922,0.00313078,3.25032e+09,9.62348e+08,3.52013e+09,1.39792e+09,1.39792e+09,1,0
3540,212400,transverse,0.995,8351,56490,89388,19484,347690,16839,1438,326085,301438,1.54682e+06,4.89416e+08,141,3.77e-05,0.000792869,0.00420713,3.25032e+09,9.62348e+08,3.52013e+09,1.39792e+09,1.39792e+09,1,0
3540,212400,descending,0.9975,9310,53927,103257,20334,344736,19495,1482,329156,289016,1.66662e+06,2.7063e+08,261,1.86079e-05,0.000362761,0.00463724,3.25032e+09,9.62348e+08,3.52013e+09,1.39792e+09,1.39792e+09,1,0
3550,213000,cecum,0.9975,10911,56678,86159,18444,306309,16257,1162,283170,264560,2.05278e+06,6.53044e+08,41,7.39935e-05,0.00183737,0.00316263,3.25545e+09,9.65299e+08,3.52013e+09,1.43284e+09,1.43284e+09,1,0
3550,213000,transverse,0.9975,8809,56287,89753,19564,348828,16914,1443,327576,302819,1.63155e+06,5.02327e+08,141,3.7077e-05,0.000777625,0.00422237,3.25545e+09,9.65299e+08,3.52013e+09,1.43284e+09,1.43284e+09,1,0
3550,213000,descending,0.9975,9609,53285,103748,20422,345743,19571,1491,330960,289986,1.71981e+06,2.77278e+08,261,1.854e-05,0.000361292,0.00463871,3.25545e+09,9.65299e+08,3.52013e+09,1.43284e+09,1.43284e+09,1,0
3560,213600,cecum,1,10486,56235,86663,18539,307396,16359,1163,284896,264914,1.97608e+06,6.68406e+08,41,7.30428e-05,0.00180514,0.00319486,3.26071e+09,9.68322e+08,3.52013e+09,1.46804e+09,1.46804e+09,1,0
3560,213600,transverse,1,9356,55245,90122,19658,349283,16968,1443,329221,303600,1.73297e+06,5.15353e+08,141,3.64229e-05,0.000761717,0.00423828,3.26071e+09,9.68322e+08,3.52013e+09,1.46804e+09,1.46804e+09,1,0
3560,213600,descending,0.995,9208,53983,104177,20503,347901,19658,1494,332585,291479,1.64493e+06,2.84089e+08,261,1.84484e-05,0.000359328,0.00464067,3.26071e+09,9.68322e+08,3.52013e+09,1.46804e+09,1.46804e+09,1,0
3570,214200,cecum,0.9975,10082,57643,87172,18637,310078,16447,1170,286349,266862,1.90065e+06,6.83734e+08,41,7.20739e-05,0.0017726,0.0032274,3.2661e+09,9.71419e+08,3.52013e+09,1.50346e+09,1.50346e+09,1,0
3570,214200,transverse,1,8308,55948,90516,19753,351631,17045,1458,331023,304663,1.5386e+06,5.28472e+08,141,3.57399e-05,0.000745208,0.00425479,3.2661e+09,9.71419e+08,3.52013e+09,1.50346e+09,1.50346e+09,1,0
3570,214200,descending,0.995,9199,54232,104597,20575,349431,19747,1496,334025,292739,1.64231e+06,2.9106e+08,261,1.83333e-05,0.000356876,0.00464312,3.2661e+09,9.71419e+08,3.52013e+09,1.50346e+09,1.50346e+09,1,0
3580,214800,cecum,0.9975,11037,57019,87606,18732,311171,16536,1204,288216,268626,2.07813e+06,6.99004e+08,41,7.10893e-05,0.00173987,0.00326013,3.27161e+09,9.74591e+08,3.52013e+09,1.53905e+09,1.53905e+09,1,0
3580,214800,transverse,1,8290,54809,90897,19825,351891,17116,1462,332561,304663,1.53574e+06,5.41666e+08,141,3.50303e-05,0.000728164,0.00427184,3.27161e+09,9.74591e+08,3.52013e+09,1.53905e+09,1.53905e+09,1,0
3580,214800,descending,0.9975,9111,55289,105014,20656,351741,19836,1499,335445,294711,1.63022e+06,2.98185e+08,261,1.81951e-05,0.000353945,0.00464605,3.27161e+09,9.74591e+08,3.52013e+09,1.53905e+09,1.53905e+09,1,0
3590,215400,cecum,1,10402,56914,88055,18842,312433,16624,1208,289777,268998,1.9601e+06,7.1419e+08,41,7.00917e-05,0.00170703,0.00329297,3.27727e+09,9.77836e+08,3.52013e+09,1.57476e+09,1.57476e+09,1,0
3590,215400,transverse,0.9975,8949,54157,91281,19905,352595,17180,1470,334053,305778,1.65744e+06,5.54912e+08,141,3.42965e-05,0.000710653,0.00428935,3.27727e+09,9.77836e+08,3.52013e+09,1.57476e+09,1.57476e+09,1,0
3590,215400,descending,0.9975,8805,55457,105443,20723,353078,19928,1502,336770,295469,1.57359e+06,3.0546e+08,261,1.80342e-05,0.000350546,0.00464945,3.27727e+09,9.77836e+08,3.52013e+09,1.57476e+09,1.57476e+09,1,0
3600,216000,cecum,1,10292,55932,88543,18944,312831,16727,1213,291357,268998,1.94067e+06,7.29268e+08,41,6.90836e-05,0.00167418,0.00332582,3.28306e+09,9.81156e+08,3.52013e+09,1.61053e+09,1.61053e+09,1,0
3600,216000,transverse,0.9975,9298,54452,91723,19979,354102,17265,1471,335423,307350,1.72158e+06,5.6819e+08,141,3.35411e-05,0.000692745,0.00430726,3.28306e+09,9.81156e+08,3.52013e+09,1.61053e+09,1.61053e+09,1,0
3600,216000,descending,1,9140,55308,105837,20795,354323,20000,1505,338305,296796,1.6365e+06,3.12879e+08,261,1.78512e-05,0.000346693,0.00465331,3.28306e+09,9.81156e+08,3.52013e+09,1.61053e+09,1.61053e+09,1,0
3610,216600,cecum,1,10691,55499,89050,19040,313677,16838,1218,292838,269938,2.01488e+06,7.4421e+08,41,6.80677e-05,0.00164142,0.00335858,3.28899e+09,9.8455e+08,3.52013e+09,1.64632e+09,1.64632e+09,1,0
3610,216600,transverse,0.9975,8582,55142,92131,20075,356104,17368,1485,336920,308413,1.58897e+06,5.81479e+08,141,3.27667e-05,0.00067451,0.00432549,3.28899e+09,9.8455e+08,3.52013e+09,1.64632e+09,1.64632e+09,1,0
3610,216600,descending,1,9404,54990,106255,20858,355161,20079,1514,339594,297613,1.68507e+06,3.20434e+08,261,1.76467e-05,0.000342402,0.0046576,3.28899e+09,9.8455e+08,3.52013e+09,1.64632e+09,1.64632e+09,1,0
3620,217200,cecum,1,10639,55246,89562,19134,314800,16934,1223,294399,270682,2.00605e+06,7.58995e+08,41,6.70467e-05,0.00160881,0.00339119,3.29506e+09,9.88019e+08,3.52013e+09,1.68207e+09,1.68207e+09,1,0
3620,217200,transverse,0.9975,8752,55261,92548,20157,357737,17449,1539,338543,309908,1.62132e+06,5.94758e+08,141,3.1976e-05,0.000656018,0.00434398,3.29506e+09,9.88019e+08,3.52013e+09,1.68207e+09,1.68207e+09,1,0
3620,217200,descending,1,9360,54547,106703,20938,356148,20153,1521,341171,298255,1.67518e+06,3.2812e+08,261,1.74215e-05,0.00033769,0.00466231,3.29506e+09,9.88019e+08,3.52013e+09,1.68207e+09,1.68207e+09,1,0
3630,217800,cecum,0.9975,9935,56174,90042,19194,317148,17030,1225,295973,272000,1.87462e+06,7.73598e+08,41,6.60235e-05,0.00157647,0.00342353,3.30128e+09,9.91562e+08,3.52013e+09,1.71772e+09,1.71772e+09,1,0
3630,217800,transverse,1,8475,55710,92947,20235,359672,17524,1551,340170,311308,1.56965e+06,6.08006e+08,141,3.11717e-05,0.000637341,0.00436266,3.30128e+09,9.91562e+08,3.52013e+09,1.71772e+09,1.71772e+09,1,0
3630,217800,descending,0.995,9245,54628,107121,21003,357688,20228,1527,342764,299396,1.65308e+06,3.35926e+08,261,1.71765e-05,0.000332577,0.00466742,3.30128e+09,9.91562e+08,3.52013e+09,1.71772e+09,1.71772e+09,1,0
3640,218400,cecum,1,10005,56666,90507,19280,318850,17108,1232,297340,273464,1.88689e+06,7.87998e+08,41,6.50006e-05,0.00154445,0.00345555,3.30764e+09,9.95179e+08,3.52013e+09,1.75324e+09,1.75324e+09,1,0
3640,218400,transverse,1,8574,56129,93344,20315,361575,17602,1562,341801,313060,1.58829e+06,6.21202e+08,141,3.03568e-05,0.000618547,0.00438145,3.30764e+09,9.95179e+08,3.52013e+09,1.75324e+09,1.75324e+09,1,0
3640,218400,descending,0.995,9338,54566,107564,21081,358850,20316,1533,344148,300368,1.66893e+06,3.43846e+08,261,1.69125e-05,0.000327085,0.00467291,3.30764e+09,9.95179e+08,3.52013e+09,1.75324e+09,1.75324e+09,1,0
3650,219000,cecum,0.9975,10479,56771,90961,19359,320334,17197,1233,298886,275135,1.97404e+06,8.02174e+08,41,6.39807e-05,0.00151286,0.00348714,3.31416e+09,9.9887e+08,3.52013e+09,1.78857e+09,1.78857e+09,1,0
3650,219000,transverse,0.9975,8719,56114,93781,20378,362893,17686,1566,343277,314229,1.61445e+06,6.34326e+08,141,2.95339e-05,0.000599705,0.00440029,3.31416e+09,9.9887e+08,3.52013e+09,1.78857e+09,1.78857e+09,1,0
3650,219000,descending,0.9975,9137,54994,107987,21159,360701,20409,1537,345738,301762,1.63531e+06,3.51871e+08,261,1.66306e-05,0.000321237,0.00467876,3.31416e+09,9.9887e+08,3.52013e+09,1.78857e+09,1.78857e+09,1,0
3660,219600,cecum,1,10590,56170,91493,19480,320968,17302,1234,300346,275573,1.99496e+06,8.16108e+08,41,6.29666e-05,0.00148174,0.00351826,3.32082e+09,1.00263e+09,3.52013e+09,1.82365e+09,1.82365e+09,1,0
3660,219600,transverse,1,8726,56461,94170,20473,364463,17761,1566,344670,315587,1.61544e+06,6.47359e+08,141,2.87061e-05,0.000580881,0.00441912,3.32082e+09,1.00263e+09,3.52013e+09,1.82365e+09,1.82365e+09,1,0
3660,219600,descending,1,9491,54502,108395,21245,361658,20503,1544,347360,302838,1.70124e+06,3.59991e+08,261,1.63318e-05,0.000315058,0.00468494,3.32082e+09,1.00263e+09,3.52013e+09,1.82365e+09,1.82365e+09,1,0
3670,220200,cecum,1,10080,55824,91938,19562,321756,17393,1240,301647,275573,1.90114e+06,8.29782e+08,41,6.19607e-05,0.00145118,0.00354882,3.32764e+09,1.00647e+09,3.52013e+09,1.85846e+09,1.85846e+09,1,0
3670,220200,transverse,1,8174,57248,94545,20555,366774,17843,1569,346355,317132,1.51356e+06,6.60282e+08,141,2.7876e-05,0.00056214,0.00443786,3.32764e+09,1.00647e+09,3.52013e+09,1.85846e+09,1.85846e+09,1,0
3670,220200,descending,1,8960,54916,108806,21341,363597,20585,1559,349048,303998,1.60193e+06,3.68199e+08,261,1.60173e-05,0.000308574,0.00469143,3.32764e+09,1.00647e+09,3.52013e+09,1.85846e+09,1.85846e+09,1,0
3680,220800,cecum,0.995,10531,54704,92453,19661,322077,17481,1242,303273,276015,1.98582e+06,8.43178e+08,41,6.09654e-05,0.00142123,0.00357877,3.33461e+09,1.01038e+09,3.52013e+09,1.89293e+09,1.89293e+09,1,0
3680,220800,transverse,1,8016,56384,94901,20628,367332,17898,1572,347902,317301,1.48461e+06,6.73078e+08,141,2.70464e-05,0.000543541,0.00445646,3.33461e+09,1.01038e+09,3.52013e+09,1.89293e+09,1.89293e+09,1,0
3680,220800,descending,0.9925,9039,54732,109266,21416,364760,20664,1560,350548,304933,1.61553e+06,3.76483e+08,261,1.56883e-05,0.000301812,0.00469819,3.33461e+09,1.01038e+09,3.52013e+09,1.89293e+09,1.89293e+09,1,0
3690,221400,cecum,1,11424,54252,92977,19757,323000,17611,1246,304870,277529,2.15146e+06,8.56282e+08,41,5.99831e-05,0.00139195,0.00360805,3.34174e+09,1.01436e+09,3.52013e+09,1.92704e+09,1.92704e+09,1,0
3690,221400,transverse,0.9975,8566,55634,95300,20693,368121,17970,1577,349573,318373,1.58694e+06,6.8573e+08,141,2.622e-05,0.000525142,0.00447486,3.34174e+09,1.01436e+09,3.52013e+09,1.92704e+09,1.92704e+09,1,0
3690,221400,descending,1,9298,54107,109724,21488,365736,20757,1579,352295,305856,1.66215e+06,3.84836e+08,261,1.53461e-05,0.0002948,0.0047052,3.34174e+09,1.01436e+09,3.52013e+09,1.92704e+09,1.92704e+09,1,0
3700,222000,cecum,1,10678,54684,93454,19851,324512,17698,1253,306124,277992,2.01362e+06,8.69081e+08,41,5.90161e-05,0.00136339,0.00363661,3.34903e+09,1.01841e+09,3.52013e+09,1.96074e+09,1.96074e+09,1,0
3700,222000,transverse,0.995,8862,55139,95728,20778,369173,18051,1581,351282,319455,1.64188e+06,6.98221e+08,141,2.53993e-05,0.000506998,0.004493,3.34903e+09,1.01841e+09,3.52013e+09,1.96074e+09,1.96074e+09,1,0
3700,222000,descending,1,9286,55007,110149,21561,367847,20843,1587,353657,307681,1.66379e+06,3.93244e+08,261,1.4992e-05,0.000287567,0.00471243,3.34903e+09,1.01841e+09,3.52013e+09,1.96074e+09,1.96074e+09,1,0
3710,222600,cecum,1,10753,55209,93979,19936,326361,17804,1262,307630,279573,2.02834e+06,8.81565e+08,41,5.80662e-05,0.0013356,0.0036644,3.35647e+09,1.02253e+09,3.52013e+09,1.994e+09,1.994e+09,1,0
3710,222600,transverse,1,9342,54993,96151,20887,370429,18134,1582,352875,320959,1.73071e+06,7.10538e+08,141,2.45869e-05,0.000489158,0.00451084,3.35647e+09,1.02253e+09,3.52013e+09,1.994e+09,1.994e+09,1,0
3710,222600,descending,0.9975,8984,55197,110592,21656,369372,20929,1589,355171,308640,1.60654e+06,4.01702e+08,261,1.46274e-05,0.000280143,0.00471986,3.35647e+09,1.02253e+09,3.52013e+09,1.994e+09,1.994e+09,1,0
3720,223200,cecum,1,11756,55720,94500,20031,328321,17913,1263,309282,282218,2.21421e+06,8.93723e+08,41,5.71355e-05,0.0013086,0.0036914,3.36407e+09,1.02672e+09,3.52013e+09,2.02678e+09,2.02678e+09,1,0
3720,223200,transverse,1,9545,55557,96566,20995,372595,18205,1584,354654,323090,1.76878e+06,7.22667e+08,141,2.3785e-05,0.000471668,0.00452833,3.36407e+09,1.02672e+09,3.52013e+09,2.02678e+09,2.02678e+09,1,0
3720,223200,descending,1,9126,54388,111022,21731,370518,21001,1594,357268,309640,1.63138e+06,4.10197e+08,261,1.42535e-05,0.000272556,0.00472744,3.36407e+09,1.02672e+09,3.52013e+09,2.02678e+09,2.02678e+09,1,0
3730,223800,cecum,1,10413,55830,94989,20155,329929,18022,1272,311004,282218,1.96495e+06,9.05552e+08,41,5.62257e-05,0.00128244,0.00371756,3.37184e+09,1.03098e+09,3.52013e+09,2.05906e+09,2.05906e+09,1,0
3730,223800,transverse,0.9975,8345,55925,96981,21091,374228,18287,1592,356089,323278,1.54608e+06,7.34599e+08,141,2.29959e-05,0.000454569,0.00454543,3.37184e+09,1.03098e+09,3.52013e+09,2.05906e+09,2.05906e+09,1,0
3730,223800,descending,1,9070,54900,111461,21814,372337,21087,1622,358716,311105,1.62436e+06,4.18719e+08,261,1.38719e-05,0.000264838,0.00473516,3.37184e+09,1.03098e+09,3.52013e+09,2.05906e+09,2.05906e+09,1,0
3740,224400,cecum,1,10684,56547,95523,20232,331931,18127,1282,312461,284129,2.01571e+06,9.17041e+08,41,5.53381e-05,0.00125713,0.00374287,3.37976e+09,1.0353e+09,3.52013e+09,2.09082e+09,2.09082e+09,1,0
3740,224400,transverse,0.9975,9165,56471,97381,21171,376447,18347,1638,357856,326011,1.6976e+06,7.4632e+08,141,2.22214e-05,0.000437896,0.0045621,3.37976e+09,1.0353e+09,3.52013e+09,2.09082e+09,2.09082e+09,1,0
3740,224400,descending,1,8491,55013,111884,21914,373616,21160,1624,360053,311553,1.51696e+06,4.2726e+08,261,1.34838e-05,0.000257016,0.00474298,3.37976e+09,1.0353e+09,3.52013e+09,2.09082e+09,2.09082e+09,1,0
3750,225000,cecum,1,10828,55545,96020,20315,332628,18228,1334,314292,284605,2.04331e+06,9.2819e+08,41,5.44742e-05,0.0012327,0.0037673,3.38784e+09,1.03969e+09,3.52013e+09,2.12202e+09,2.12202e+09,1,0
3750,225000,transverse,0.9975,9127,56739,97822,21251,378329,18431,1644,359628,327572,1.69123e+06,7.57825e+08,141,2.14635e-05,0.000421683,0.00457832,3.38784e+09,1.03969e+09,3.52013e+09,2.12202e+09,2.12202e+09,1,0
3750,225000,descending,1,8912,54795,112282,21990,374873,21242,1629,361681,312986,1.59409e+06,4.35809e+08,261,1.30908e-05,0.00024912,0.00475088,3.38784e+09,1.03969e+09,3.52013e+09,2.12202e+09,2.12202e+09,1,0
3760,225600,cecum,0.9975,11630,55336,96529,20405,333763,18341,1339,315834,286231,2.19208e+06,9.38995e+08,41,5.36352e-05,0.00120915,0.00379085,3.39608e+09,1.04415e+09,3.52013e+09,2.15265e+09,2.15265e+09,1,0
3760,225600,transverse,1,8983,55701,98241,21348,378930,18510,1653,361434,327777,1.66481e+06,7.69106e+08,141,2.07237e-05,0.000405955,0.00459405,3.39608e+09,1.04415e+09,3.52013e+09,2.15265e+09,2.15265e+09,1,0
3760,225600,descending,0.995,8417,55254,112668,22057,376840,21326,1637,363332,314215,1.50603e+06,4.44357e+08,261,1.26942e-05,0.000241178,0.00475882,3.39608e+09,1.04415e+09,3.52013e+09,2.15265e+09,2.15265e+09,1,0
3770,226200,cecum,1,11354,54952,97043,20516,334588,18449,1348,317253,286476,2.14276e+06,9.49456e+08,41,5.28219e-05,0.0011865,0.0038135,3.40448e+09,1.04866e+09,3.52013e+09,2.1827e+09,2.1827e+09,1,0
3770,226200,transverse,0.9975,9412,55497,98657,21427,380000,18582,1670,362842,328994,1.74425e+06,7.80155e+08,141,2.00036e-05,0.000390735,0.00460927,3.40448e+09,1.04866e+09,3.52013e+09,2.1827e+09,2.1827e+09,1,0
3770,226200,descending,0.9975,9120,55136,113055,22142,378272,21410,1645,365043,316124,1.63567e+06,4.52895e+08,261,1.22953e-05,0.000233217,0.00476678,3.40448e+09,1.04866e+09,3.52013e+09,2.1827e+09,2.1827e+09,1,0
3780,226800,cecum,1,11345,55564,97562,20618,336407,18547,1348,318660,287967,2.14252e+06,9.59572e+08,41,5.2035e-05,0.00116476,0.00383524,3.41304e+09,1.05324e+09,3.52013e+09,2.21215e+09,2.21215e+09,1,0
3780,226800,transverse,1,9662,55184,99082,21528,381426,18663,1673,364760,330424,1.7905e+06,7.9097e+08,141,1.93043e-05,0.000376041,0.00462396,3.41304e+09,1.05324e+09,3.52013e+09,2.21215e+09,2.21215e+09,1,0
3780,226800,descending,0.995,9472,55032,113489,22230,379492,21497,1652,366535,317430,1.69816e+06,4.61415e+08,261,1.18954e-05,0.000225265,0.00477474,3.41304e+09,1.05324e+09,3.52013e+09,2.21215e+09,2.21215e+09,1,0
3790,227400,cecum,1,11095,55416,98089,20697,337752,18644,1348,320329,288711,2.096e+06,9.69349e+08,41,5.12753e-05,0.0011439,0.0038561,3.42176e+09,1.05788e+09,3.52013e+09,2.241e+09,2.241e+09,1,0
3790,227400,transverse,1,9004,55904,99470,21614,383800,18727,1680,366557,331895,1.66928e+06,8.01545e+08,141,1.86269e-05,0.000361886,0.00463811,3.42176e+09,1.05788e+09,3.52013e+09,2.241e+09,2.241e+09,1,0
3790,227400,descending,1,9588,55454,113944,22320,381194,21586,1661,367985,318963,1.72078e+06,4.69907e+08,261,1.14959e-05,0.000217345,0.00478265,3.42176e+09,1.05788e+09,3.52013e+09,2.241e+09,2.241e+09,1,0
3800,228000,cecum,1,11425,55571,98638,20773,339312,18746,1351,321909,290227,2.15732e+06,9.78786e+08,41,5.05431e-05,0.00112394,0.00387606,3.43064e+09,1.06258e+09,3.52013e+09,2.26923e+09,2.26923e+09,1,0
3800,228000,transverse,0.9975,8279,56321,99889,21709,385628,18824,1683,368157,332768,1.53425e+06,8.11881e+08,141,1.79722e-05,0.00034828,0.00465172,3.43064e+09,1.06258e+09,3.52013e+09,2.26923e+09,2.26923e+09,1,0
3800,228000,descending,0.9975,9577,56347,114390,22412,383262,21681,1668,369340,320754,1.71992e+06,4.78365e+08,261,1.10979e-05,0.000209483,0.00479052,3.43064e+09,1.06258e+09,3.52013e+09,2.26923e+09,2.26923e+09,1,0
3810,228600,cecum,1,10955,56095,99155,20859,341185,18825,1357,323417,291272,2.06883e+06,9.87891e+08,41,4.98385e-05,0.00110486,0.00389514,3.43968e+09,1.06734e+09,3.52013e+09,2.29684e+09,2.29684e+09,1,0
3810,228600,transverse,1,8825,56647,100310,21784,387506,18903,1686,369860,334922,1.63574e+06,8.21974e+08,141,1.73409e-05,0.000335229,0.00466477,3.43968e+09,1.06734e+09,3.52013e+09,2.29684e+09,2.29684e+09,1,0
3810,228600,descending,1,9013,56623,114808,22492,384696,21758,1669,370654,321362,1.61394e+06,4.86782e+08,261,1.07027e-05,0.0002017,0.0047983,3.43968e+09,1.06734e+09,3.52013e+09,2.29684e+09,2.29684e+09,1,0
3820,229200,cecum,0.9975,11676,56228,99705,20960,343151,18917,1361,325439,293598,2.20096e+06,9.96667e+08,41,4.91617e-05,0.00108664,0.00391336,3.44887e+09,1.07215e+09,3.52013e+09,2.32384e+09,2.32384e+09,1,0
3820,229200,transverse,1,8369,57013,100671,21876,389455,18962,1693,371587,336198,1.55085e+06,8.31827e+08,141,1.67335e-05,0.000322733,0.00467727,3.44887e+09,1.07215e+09,3.52013e+09,2.32384e+09,2.32384e+09,1,0
3820,229200,descending,1,9334,56202,115208,22587,385636,21855,1675,372201,322409,1.67203e+06,4.95149e+08,261,1.03113e-05,0.000194018,0.00480598,3.44887e+09,1.07215e+09,3.52013e+09,2.32384e+09,2.32384e+09,1,0
3830,229800,cecum,1,10888,56461,100236,21046,344792,19026,1366,327037,294110,2.0558e+06,1.00512e+09,41,4.85126e-05,0.00106928,0.00393072,3.45822e+09,1.07702e+09,3.52013e+09,2.35022e+09,2.35022e+09,1,0
3830,229800,transverse,1,8874,56304,101078,21961,390106,19033,1703,373093,337093,1.64483e+06,8.4144e+08,141,1.61502e-05,0.000310793,0.00468921,3.45822e+09,1.07702e+09,3.52013e+09,2.35022e+09,2.35022e+09,1,0
3830,229800,descending,1,9381,56261,115639,22667,387040,21925,1681,373690,323573,1.68004e+06,5.03461e+08,261,9.9247e-06,0.000186455,0.00481354,3.45822e+09,1.07702e+09,3.52013e+09,2.35022e+09,2.35022e+09,1,0
3840,230400,cecum,1,10534,58041,100728,21107,347791,19113,1397,328573,296380,1.98666e+06,1.01327e+09,41,4.78909e-05,0.00105274,0.00394726,3.46773e+09,1.08194e+09,3.52013e+09,2.37599e+09,2.37599e+09,1,0
3840,230400,transverse,1,8288,56885,101484,22027,392247,19111,1715,374785,338374,1.53539e+06,8.50816e+08,141,1.55913e-05,0.000299402,0.0047006,3.46773e+09,1.08194e+09,3.52013e+09,2.37599e+09,2.37599e+09,1,0
3840,230400,descending,1,9275,56484,116048,22741,388750,22016,1685,375338,324929,1.65988e+06,5.11712e+08,261,9.54396e-06,0.00017903,0.00482097,3.46773e+09,1.08194e+09,3.52013e+09,2.37599e+09,2.37599e+09,1,0
3850,231000,cecum,1,11445,57555,101248,21218,348997,19223,1398,330485,298197,2.15441e+06,1.0211e+09,41,4.72963e-05,0.00103701,0.00396299,3.47739e+09,1.08692e+09,3.52013e+09,2.40115e+09,2.40115e+09,1,0
3850,231000,transverse,1,8205,56728,101905,22108,393663,19195,1722,376516,339444,1.52035e+06,8.59956e+08,141,1.50567e-05,0.000288555,0.00471145,3.47739e+09,1.08692e+09,3.52013e+09,2.40115e+09,2.40115e+09,1,0
3850,231000,descending,1,9570,54975,116495,22817,388750,22093,1686,376999,324929,1.7117e+06,5.19898e+08,261,9.16992e-06,0.000171757,0.00482824,3.47739e+09,1.08692e+09,3.52013e+09,2.40115e+09,2.40115e+09,1,0
3860,231600,cecum,1,10837,58347,101736,21308,351450,19314,1403,332322,299730,2.04176e+06,1.02864e+09,41,4.67284e-05,0.00102207,0.00397793,3.4872e+09,1.09195e+09,3.52013e+09,2.42572e+09,2.42572e+09,1,0
3860,231600,transverse,1,9064,56934,102276,22194,395240,19269,1727,378042,341664,1.67946e+06,8.68864e+08,141,1.45462e-05,0.000278241,0.00472176,3.4872e+09,1.09195e+09,3.52013e+09,2.42572e+09,2.42572e+09,1,0
3860,231600,descending,1,9337,55146,116940,22906,390829,22185,1691,379083,326506,1.66898e+06,5.28011e+08,261,8.80337e-06,0.000164652,0.00483535,3.4872e+09,1.09195e+09,3.52013e+09,2.42572e+09,2.42572e+09,1,0
3870,232200,cecum,1,10527,58362,102236,21404,352881,19407,1407,333923,300536,1.98406e+06,1.03589e+09,41,4.61866e-05,0.00100788,0.00399212,3.49716e+09,1.09703e+09,3.52013e+09,2.44969e+09,2.44969e+09,1,0
3870,232200,transverse,1,9245,57433,102673,22278,397174,19348,1741,379626,343531,1.7124e+06,8.77546e+08,141,1.40597e-05,0.000268448,0.00473155,3.49716e+09,1.09703e+09,3.52013e+09,2.44969e+09,2.44969e+09,1,0
3870,232200,descending,0.9975,9648,55294,117400,22989,392483,22262,1694,380746,328168,1.72619e+06,5.36049e+08,261,8.44502e-06,0.000157727,0.00484227,3.49716e+09,1.09703e+09,3.52013e+09,2.44969e+09,2.44969e+09,1,0
3880,232800,cecum,1,10908,58872,102744,21498,354788,19493,1414,335493,302489,2.05432e+06,1.04286e+09,41,4.56703e-05,0.000994422,0.00400558,3.50727e+09,1.10215e+09,3.52013e+09,2.47308e+09,2.47308e+09,1,0
3880,232800,transverse,1,8639,57117,103055,22381,398427,19418,1751,381358,343959,1.59895e+06,8.86007e+08,141,1.35966e-05,0.000259164,0.00474084,3.50727e+09,1.10215e+09,3.52013e+09,2.47308e+09,2.47308e+09,1,0
3880,232800,descending,0.9975,9440,55439,117830,23072,394174,22336,1699,382444,329373,1.68738e+06,5.44008e+08,261,8.09552e-06,0.000150991,0.00484901,3.50727e+09,1.10215e+09,3.52013e+09,2.47308e+09,2.47308e+09,1,0
3890,233400,cecum,1,9999,59046,103248,21583,356306,19592,1422,337013,302770,1.88519e+06,1.04956e+09,41,4.51788e-05,0.000981668,0.00401833,3.51753e+09,1.10733e+09,3.52013e+09,2.4959e+09,2.4959e+09,1,0
3890,233400,transverse,1,9744,56449,103441,22463,399214,19480,1752,382956,345608,1.8042e+06,8.9425e+08,141,1.31566e-05,0.000250372,0.00474963,3.51753e+09,1.10733e+09,3.52013e+09,2.4959e+09,2.4959e+09,1,0
3890,233400,descending,1,9972,55179,118331,23154,395274,22440,1701,383988,330688,1.7854e+06,5.51884e+08,261,7.75541e-06,0.000144455,0.00485554,3.51753e+09,1.10733e+09,3.52013e+09,2.4959e+09,2.4959e+09,1,0
3900,234000,cecum,0.9975,10620,59882,103748,21671,358690,19690,1423,338746,305460,1.99946e+06,1.05601e+09,41,4.47113e-05,0.000969589,0.00403041,3.52794e+09,1.11255e+09,3.52013e+09,2.51816e+09,2.51816e+09,1,0
3900,234000,transverse,1,9282,56343,103867,22561,400434,19548,1752,384448,346106,1.71935e+06,9.02282e+08,141,1.2739e-05,0.000242058,0.00475794,3.52794e+09,1.11255e+09,3.52013e+09,2.51816e+09,2.51816e+09,1,0
3900,234000,descending,0.9975,9921,55166,118768,23230,396632,22531,1730,385497,331696,1.77587e+06,5.59675e+08,261,7.42515e-06,0.000138126,0.00486187,3.52794e+09,1.11255e+09,3.52013e+09,2.51816e+09,2.51816e+09,1,0
3910,234600,cecum,1,9789,59993,104193,21788,360341,19763,1428,340471,306020,1.84536e+06,1.0622e+09,41,4.4267e-05,0.000958156,0.00404184,3.53849e+09,1.11782e+09,3.52013e+09,2.53989e+09,2.53989e+09,1,0
3910,234600,transverse,1,8520,57340,104279,22649,402861,19639,1760,386049,347530,1.57813e+06,9.10109e+08,141,1.23432e-05,0.000234203,0.0047658,3.53849e+09,1.11782e+09,3.52013e+09,2.53989e+09,2.53989e+09,1,0
3910,234600,descending,0.9975,9813,54480,119240,23315,397352,22622,1742,387067,332000,1.75422e+06,5.6738e+08,261,7.10513e-06,0.000132009,0.00486799,3.53849e+09,1.11782e+09,3.52013e+09,2.53989e+09,2.53989e+09,1,0
3920,235200,cecum,1,9829,58705,104630,21867,360859,19867,1440,342448,306312,1.85489e+06,1.06815e+09,41,4.38451e-05,0.00094734,0.00405266,3.54919e+09,1.12313e+09,3.52013e+09,2.56108e+09,2.56108e+09,1,0
3920,235200,transverse,1,8267,56369,104637,22725,403335,19704,1764,387631,347530,1.53112e+06,9.17737e+08,141,1.19685e-05,0.00022679,0.00477321,3.54919e+09,1.12313e+09,3.52013e+09,2.56108e+09,2.56108e+09,1,0
3920,235200,descending,1,9794,54631,119691,23395,398857,22718,1749,388590,333204,1.75121e+06,5.74995e+08,261,6.79566e-06,0.000126108,0.00487389,3.54919e+09,1.12313e+09,3.52013e+09,2.56108e+09,2.56108e+09,1,0
3930,235800,cecum,0.9975,11101,58914,105111,21934,362369,19967,1441,343915,308779,2.0904e+06,1.07387e+09,41,4.34448e-05,0.000937112,0.00406289,3.56003e+09,1.12849e+09,3.52013e+09,2.58176e+09,2.58176e+09,1,0
3930,235800,transverse,1,8303,56574,104978,22797,404913,19774,1769,389141,348940,1.53677e+06,9.2517e+08,141,1.16143e-05,0.0002198,0.0047802,3.56003e+09,1.12849e+09,3.52013e+09,2.58176e+09,2.58176e+09,1,0
3930,235800,descending,1,9526,55313,120132,23457,400762,22825,1751,389980,334567,1.70229e+06,5.82519e+08,261,6.49699e-06,0.000120427,0.00487957,3.56003e+09,1.12849e+09,3.52013e+09,2.58176e+09,2.58176e+09,1,0
3940,236400,cecum,1,10739,58913,105613,22039,364191,20052,1447,345922,309921,2.02341e+06,1.07937e+09,41,4.3065e-05,0.000927445,0.00407256,3.57101e+09,1.13389e+09,3.52013e+09,2.60194e+09,2.60194e+09,1,0
3940,236400,transverse,1,8413,56078,105371,22870,405763,19850,1775,390630,349650,1.55776e+06,9.32416e+08,141,1.12796e-05,0.000213215,0.00478678,3.57101e+09,1.13389e+09,3.52013e+09,2.60194e+09,2.60194e+09,1,0
3940,236400,descending,1,9844,54018,120614,23537,400762,22923,1765,391439,334567,1.75804e+06,5.89953e+08,261,6.20926e-06,0.000114968,0.00488503,3.57101e+09,1.13389e+09,3.52013e+09,2.60194e+09,2.60194e+09,1,0
3950,237000,cecum,1,10926,58831,106093,22126,365728,20138,1453,347708,311332,2.05832e+06,1.08465e+09,41,4.27051e-05,0.00091831,0.00408169,3.58212e+09,1.13933e+09,3.52013e+09,2.62163e+09,2.62163e+09,1,0
3950,237000,transverse,0.9975,8500,56038,105752,22963,407374,19917,1776,392440,351126,1.57437e+06,9.39482e+08,141,1.09638e-05,0.000207016,0.00479298,3.58212e+09,1.13933e+09,3.52013e+09,2.62163e+09,2.62163e+09,1,0
3950,237000,descending,1,9792,54423,121081,23621,402773,23006,1768,393209,336223,1.74998e+06,5.97294e+08,261,5.93259e-06,0.00010973,0.00489027,3.58212e+09,1.13933e+09,3.52013e+09,2.62163e+09,2.62163e+09,1,0
3960,237600,cecum,1,10547,58984,106633,22205,367080,20232,1457,349076,311934,1.9888e+06,1.08974e+09,41,4.2364e-05,0.00090968,0.00409032,3.59338e+09,1.14481e+09,3.52013e+09,2.64085e+09,2.64085e+09,1,0
3960,237600,transverse,0.9975,8623,56146,106186,23043,408832,19994,1783,393940,352423,1.59735e+06,9.46373e+08,141,1.06659e-05,0.000201184,0.00479882,3.59338e+09,1.14481e+09,3.52013e+09,2.64085e+09,2.64085e+09,1,0
3960,237600,descending,1,9685,54442,121547,23701,404241,23107,1773,394834,337294,1.73151e+06,6.04544e+08,261,5.66701e-06,0.000104713,0.00489529,3.59338e+09,1.14481e+09,3.52013e+09,2.64085e+09,2.64085e+09,1,0
3970,238200,cecum,1,10869,58773,107117,22281,368203,20340,1461,350590,313075,2.04877e+06,1.09463e+09,41,4.20408e-05,0.000901528,0.00409847,3.60476e+09,1.15033e+09,3.52013e+09,2.65963e+09,2.65963e+09,1,0
3970,238200,transverse,1,8411,56157,106588,23138,410078,20068,1788,395339,353219,1.55758e+06,9.53096e+08,141,1.03853e-05,0.000195701,0.0048043,3.60476e+09,1.15033e+09,3.52013e+09,2.65963e+09,2.65963e+09,1,0
3970,238200,descending,0.9975,9915,53793,122010,23792,405084,23185,1780,396488,338066,1.77267e+06,6.11701e+08,261,5.4125e-06,9.9915e-05,0.00490008,3.60476e+09,1.15033e+09,3.52013e+09,2.65963e+09,2.65963e+09,1,0
3980,238800,cecum,1,10358,58514,107640,22365,369359,20457,1463,352204,313396,1.95434e+06,1.09934e+09,41,4.17348e-05,0.000893829,0.00410617,3.61628e+09,1.15589e+09,3.52013e+09,2.67796e+09,2.67796e+09,1,0
3980,238800,transverse,1,8861,55364,107008,23236,410666,20156,1803,396891,354008,1.64109e+06,9.59657e+08,141,1.01209e-05,0.000190547,0.00480945,3.61628e+09,1.15589e+09,3.52013e+09,2.67796e+09,2.67796e+09,1,0
3980,238800,descending,0.9975,9939,54254,122490,23863,406939,23270,1780,398038,339621,1.77797e+06,6.18766e+08,261,5.16899e-06,9.53337e-05,0.00490467,3.61628e+09,1.15589e+09,3.52013e+09,2.67796e+09,2.67796e+09,1,0
3990,239400,cecum,1,11278,58725,108130,22454,370774,20543,1463,353583,315416,2.12491e+06,1.10387e+09,41,4.1445e-05,0.000886557,0.00411344,3.62794e+09,1.16149e+09,3.52013e+09,2.69586e+09,2.69586e+09,1,0
3990,239400,transverse,1,9724,55394,107416,23329,412329,20225,1826,398663,356265,1.8008e+06,9.6606e+08,141,9.8721e-06,0.000185706,0.00481429,3.62794e+09,1.16149e+09,3.52013e+09,2.69586e+09,2.69586e+09,1,0
3990,239400,descending,1,9655,54709,122944,23958,408724,23363,1788,399548,340848,1.72481e+06,6.2574e+08,261,4.93637e-06,9.09654e-05,0.00490903,3.62794e+09,1.16149e+09,3.52013e+09,2.69586e+09,2.69586e+09,1,0
4000,240000,cecum,1,10329,60145,108650,22531,373573,20640,1463,355136,316920,1.94794e+06,1.10823e+09,41,4.11707e-05,0.000879689,0.00412031,3.63972e+09,1.16712e+09,3.52013e+09,2.71336e+09,2.71336e+09,1,0
4000,240000,transverse,0.9975,8943,56633,107832,23406,414876,20300,1838,400111,357755,1.6566e+06,9.72313e+08,141,9.63798e-06,0.000181159,0.00481884,3.63972e+09,1.16712e+09,3.52013e+09,2.71336e+09,2.71336e+09,1,0
4000,240000,descending,1,9931,54952,123381,24029,410379,23443,1791,401108,342490,1.77607e+06,6.32624e+08,261,4.71446e-06,8.6806e-05,0.00491319,3.63972e+09,1.16712e+09,3.52013e+09,2.71336e+09,2.71336e+09,1,0
4010,240600,cecum,0.9975,10408,60448,109121,22627,375498,20732,1472,356937,318632,1.96189e+06,1.11243e+09,41,4.09109e-05,0.000873201,0.0041268,3.65163e+09,1.17279e+09,3.52013e+09,2.73047e+09,2.73047e+09,1,0
4010,240600,transverse,1,9960,56209,108254,23514,415686,20362,1838,401515,359330,1.84556e+06,9.78422e+08,141,9.41778e-06,0.00017689,0.00482311,3.65163e+09,1.17279e+09,3.52013e+09,2.73047e+09,2.73047e+09,1,0
4010,240600,descending,1,9530,55946,123864,24132,412567,23545,1797,402501,343993,1.70301e+06,6.39418e+08,261,4.50307e-06,8.28507e-05,0.00491715,3.65163e+09,1.17279e+09,3.52013e+09,2.73047e+09,2.73047e+09,1,0
4020,241200,cecum,1,9771,61445,109618,22706,377903,20825,1474,358515,320073,1.84249e+06,1.11647e+09,41,4.0665e-05,0.000867071,0.00413293,3.66366e+09,1.1785e+09,3.52013e+09,2.74719e+09,2.74719e+09,1,0
4020,241200,transverse,1,9934,56214,108695,23619,416988,20450,1848,402995,360348,1.8399e+06,9.84392e+08,141,9.21073e-06,0.000172882,0.00482712,3.66366e+09,1.1785e+09,3.52013e+09,2.74719e+09,2.74719e+09,1,0
4020,241200,descending,1,9958,55652,124341,24220,413852,23626,1800,404246,345395,1.78272e+06,6.46124e+08,261,4.30198e-06,7.90941e-05,0.00492091,3.66366e+09,1.1785e+09,3.52013e+09,2.74719e+09,2.74719e+09,1,0
4030,241800,cecum,1,9485,63262,110065,22812,381293,20913,1476,360280,322922,1.78695e+06,1.12037e+09,41,4.04321e-05,0.000861278,0.00413872,3.67583e+09,1.18424e+09,3.52013e+09,2.76355e+09,2.76355e+09,1,0
4030,241800,transverse,1,9289,57373,109144,23727,419675,20534,1849,404714,362132,1.72064e+06,9.90227e+08,141,9.01606e-06,0.00016912,0.00483088,3.67583e+09,1.18424e+09,3.52013e+09,2.76355e+09,2.76355e+09,1,0
4030,241800,descending,1,10644,55685,124838,24301,415366,23707,1807,405882,347253,1.90823e+06,6.52744e+08,261,4.11092e-06,7.55305e-05,0.00492447,3.67583e+09,1.18424e+09,3.52013e+09,2.76355e+09,2.76355e+09,1,0
4040,242400,cecum,1,9369,63410,110502,22894,382881,21008,1486,361887,324124,1.76469e+06,1.12414e+09,41,4.02115e-05,0.000855802,0.0041442,3.68811e+09,1.19001e+09,3.52013e+09,2.77955e+09,2.77955e+09,1,0
4040,242400,transverse,1,10511,56966,109560,23828,420801,20622,1854,406431,364248,1.94569e+06,9.95933e+08,141,8.83306e-06,0.000165588,0.00483441,3.68811e+09,1.19001e+09,3.52013e+09,2.77955e+09,2.77955e+09,1,0
4040,242400,descending,1,10267,55744,125348,24413,416885,23803,1808,407549,348092,1.8398e+06,6.59279e+08,261,3.92961e-06,7.21538e-05,0.00492785,3.68811e+09,1.19001e+09,3.52013e+09,2.77955e+09,2.77955e+09,1,0
4050,243000,cecum,1,9210,62592,110953,22980,383618,21096,1488,363614,324423,1.73592e+06,1.12777e+09,41,4.00026e-05,0.000850624,0.00414938,3.70052e+09,1.19582e+09,3.52013e+09,2.79522e+09,2.79522e+09,1,0
4050,243000,transverse,1,9536,56776,109997,23942,422033,20697,1863,408033,364248,1.76536e+06,1.00152e+09,141,8.66103e-06,0.000162272,0.00483773,3.70052e+09,1.19582e+09,3.52013e+09,2.79522e+09,2.79522e+09,1,0
4050,243000,descending,0.995,10362,55574,125795,24518,418256,23891,1811,409280,349301,1.85684e+06,6.6573e+08,261,3.75774e-06,6.89575e-05,0.00493104,3.70052e+09,1.19582e+09,3.52013e+09,2.79522e+09,2.79522e+09,1,0
4060,243600,cecum,1,9764,63049,111378,23072,385689,21173,1516,365369,326764,1.83719e+06,1.13127e+09,41,3.98046e-05,0.000845725,0.00415427,3.71304e+09,1.20165e+09,3.52013e+09,2.81056e+09,2.81056e+09,1,0
4060,243600,transverse,1,9053,57092,110446,24009,423820,20775,1872,409640,365239,1.67638e+06,1.00698e+09,141,8.49929e-06,0.000159158,0.00484084,3.71304e+09,1.20165e+09,3.52013e+09,2.81056e+09,2.81056e+09,1,0
4060,243600,descending,1,9756,55476,126288,24615,419541,23979,1815,410844,349668,1.74359e+06,6.72099e+08,261,3.59501e-06,6.5935e-05,0.00493407,3.71304e+09,1.20165e+09,3.52013e+09,2.81056e+09,2.81056e+09,1,0
4070,244200,cecum,1,8915,62439,111865,23163,386843,21270,1522,367315,326764,1.67905e+06,1.13466e+09,41,3.96169e-05,0.000841089,0.00415891,3.72569e+09,1.20752e+09,3.52013e+09,2.82558e+09,2.82558e+09,1,0
4070,244200,transverse,0.9975,9119,57315,110889,24101,425161,20860,1886,410921,366366,1.68802e+06,1.01233e+09,141,8.34721e-06,0.000156234,0.00484377,3.72569e+09,1.20752e+09,3.52013e+09,2.82558e+09,2.82558e+09,1,0
4070,244200,descending,1,10469,54490,126779,24726,419824,24069,1822,412307,350367,1.87232e+06,6.78388e+08,261,3.44107e-06,6.30795e-05,0.00493692,3.72569e+09,1.20752e+09,3.52013e+09,2.82558e+09,2.82558e+09,1,0
4080,244800,cecum,1,9462,62376,112281,23239,388319,21351,1525,369008,328525,1.78073e+06,1.13793e+09,41,3.94389e-05,0.000836699,0.0041633,3.73845e+09,1.21343e+09,3.52013e+09,2.8403e+09,2.8403e+09,1,0
4080,244800,transverse,1,9734,57861,111373,24195,427066,20951,1891,412460,368582,1.80232e+06,1.01757e+09,141,8.20418e-06,0.000153487,0.00484651,3.73845e+09,1.21343e+09,3.52013e+09,2.8403e+09,2.8403e+09,1,0
4080,244800,descending,1,10519,53982,127244,24815,420774,24151,1824,413934,351071,1.88215e+06,6.84598e+08,261,3.29559e-06,6.03842e-05,0.00493962,3.73845e+09,1.21343e+09,3.52013e+09,2.8403e+09,2.8403e+09,1,0
4090,245400,cecum,1,9435,61648,112746,23346,389492,21438,1527,371101,329398,1.77646e+06,1.14109e+09,41,3.927e-05,0.00083254,0.00416746,3.75133e+09,1.21936e+09,3.52013e+09,2.85472e+09,2.85472e+09,1,0
4090,245400,transverse,1,10169,57451,111881,24292,428069,21063,1897,414076,369715,1.88251e+06,1.0227e+09,141,8.06962e-06,0.000150905,0.0048491,3.75133e+09,1.21936e+09,3.52013e+09,2.85472e+09,2.85472e+09,1,0
4090,245400,descending,1,10197,53579,127706,24894,421575,24229,1827,415292,351242,1.8216e+06,6.90731e+08,261,3.15823e-06,5.7842e-05,0.00494216,3.75133e+09,1.21936e+09,3.52013e+09,2.85472e+09,2.85472e+09,1,0
4100,246000,cecum,1,9463,61557,113199,23442,390884,21531,1531,372769,330550,1.78154e+06,1.14415e+09,41,3.91097e-05,0.000828598,0.0041714,3.76432e+09,1.22532e+09,3.52013e+09,2.86886e+09,2.86886e+09,1,0
4100,246000,transverse,0.9975,10414,58003,112340,24398,430023,21154,1909,415663,371640,1.92753e+06,1.02773e+09,141,7.94297e-06,0.000148477,0.00485152,3.76432e+09,1.22532e+09,3.52013e+09,2.86886e+09,2.86886e+09,1,0
4100,246000,descending,1,10283,53237,128159,24975,422610,24316,1830,416834,352075,1.83686e+06,6.96789e+08,261,3.02864e-06,5.54462e-05,0.00494455,3.76432e+09,1.22532e+09,3.52013e+09,2.86886e+09,2.86886e+09,1,0
4110,246600,cecum,0.9975,10404,60773,113677,23546,391851,21625,1617,374632,332092,1.95644e+06,1.1471e+09,41,3.89575e-05,0.000824858,0.00417514,3.77742e+09,1.23131e+09,3.52013e+09,2.88274e+09,2.88274e+09,1,0
4110,246600,transverse,0.9975,9395,59888,112802,24487,433259,21246,1923,417181,373562,1.73967e+06,1.03266e+09,141,7.82373e-06,0.000146193,0.00485381,3.77742e+09,1.23131e+09,3.52013e+09,2.88274e+09,2.88274e+09,1,0
4110,246600,descending,0.9975,11143,53213,128647,25062,424080,24401,1840,418490,354079,1.9944e+06,7.02772e+08,261,2.90646e-06,5.31898e-05,0.00494681,3.77742e+09,1.23131e+09,3.52013e+09,2.88274e+09,2.88274e+09,1,0
4120,247200,cecum,1,10606,59674,114176,23643,392291,21693,1618,376335,332399,1.99508e+06,1.14997e+09,41,3.88129e-05,0.000821309,0.00417869,3.79064e+09,1.23733e+09,3.52013e+09,2.89635e+09,2.89635e+09,1,0
4120,247200,transverse,1,10079,59741,113259,24584,434693,21351,1924,418963,375424,1.86595e+06,1.03749e+09,141,7.7114e-06,0.000144043,0.00485596,3.79064e+09,1.23733e+09,3.52013e+09,2.89635e+09,2.89635e+09,1,0
4120,247200,descending,0.9975,10971,54432,129169,25156,426784,24509,1847,420170,356284,1.96151e+06,7.08683e+08,261,2.79137e-06,5.1066e-05,0.00494893,3.79064e+09,1.23733e+09,3.52013e+09,2.89635e+09,2.89635e+09,1,0
4130,247800,cecum,0.9975,9995,60503,114617,23752,394649,21780,1626,378052,333893,1.88212e+06,1.15274e+09,41,3.86753e-05,0.000817938,0.00418206,3.80396e+09,1.24337e+09,3.52013e+09,2.9097e+09,2.9097e+09,1,0
4130,247800,transverse,1,10159,59370,113752,24664,435756,21442,1927,420565,376242,1.88092e+06,1.04223e+09,141,7.60553e-06,0.000142019,0.00485798,3.80396e+09,1.24337e+09,3.52013e+09,2.9097e+09,2.9097e+09,1,0
4130,247800,descending,1,10608,54266,129657,25235,427817,24608,1849,421545,356642,1.89196e+06,7.14525e+08,261,2.683e-06,4.90682e-05,0.00495093,3.80396e+09,1.24337e+09,3.52013e+09,2.9097e+09,2.9097e+09,1,0
4140,248400,cecum,1,9938,60074,115103,23848,395938,21880,1634,379958,334827,1.87168e+06,1.15543e+09,41,3.85445e-05,0.000814735,0.00418527,3.8174e+09,1.24945e+09,3.52013e+09,2.92282e+09,2.92282e+09,1,0
4140,248400,transverse,1,9858,59286,114215,24761,437157,21538,1936,422234,377063,1.82528e+06,1.04688e+09,141,7.50567e-06,0.00014011,0.00485989,3.8174e+09,1.24945e+09,3.52013e+09,2.92282e+09,2.92282e+09,1,0
4140,248400,descending,0.9975,11367,54968,130195,25336,429927,24719,1854,423160,359180,2.03508e+06,7.20297e+08,261,2.58103e-06,4.71899e-05,0.00495281,3.8174e+09,1.24945e+09,3.52013e+09,2.92282e+09,2.92282e+09,1,0
4150,249000,cecum,1,10012,59447,115583,23943,396775,21984,1648,381607,335443,1.88594e+06,1.15804e+09,41,3.84199e-05,0.000811688,0.00418831,3.83094e+09,1.25555e+09,3.52013e+09,2.9357e+09,2.9357e+09,1,0
4150,249000,transverse,1,10189,58712,114691,24869,438225,21616,1952,424046,378156,1.88696e+06,1.05145e+09,141,7.41143e-06,0.00013831,0.00486169,3.83094e+09,1.25555e+09,3.52013e+09,2.9357e+09,2.9357e+09,1,0
4150,249000,descending,1,10488,56191,130747,25427,432463,24814,1857,424656,360468,1.8742e+06,7.26003e+08,261,2.48513e-06,4.54247e-05,0.00495458,3.83094e+09,1.25555e+09,3.52013e+09,2.9357e+09,2.9357e+09,1,0
4160,249600,cecum,1,10299,58916,116023,24004,397734,22069,1654,383237,336389,1.94102e+06,1.16056e+09,41,3.83012e-05,0.000808788,0.00419121,3.84459e+09,1.26168e+09,3.52013e+09,2.94835e+09,2.94835e+09,1,0
4160,249600,transverse,1,10435,58078,115182,24957,439358,21721,1955,426003,379234,1.93234e+06,1.05593e+09,141,7.32242e-06,0.000136611,0.00486339,3.84459e+09,1.26168e+09,3.52013e+09,2.94835e+09,2.94835e+09,1,0
4160,249600,descending,0.9975,10465,55547,131248,25517,433343,24914,1857,426370,361014,1.87047e+06,7.31645e+08,261,2.39497e-06,4.37664e-05,0.00495623,3.84459e+09,1.26168e+09,3.52013e+09,2.94835e+09,2.94835e+09,1,0
4170,250200,cecum,0.9975,11032,58654,116485,24106,399150,22149,1657,385094,338255,2.07774e+06,1.16301e+09,41,3.81881e-05,0.000806026,0.00419397,3.85834e+09,1.26783e+09,3.52013e+09,2.96078e+09,2.96078e+09,1,0
4170,250200,transverse,1,10098,57288,115636,25047,439991,21795,1961,427584,379234,1.8706e+06,1.06034e+09,141,7.23829e-06,0.000135007,0.00486499,3.85834e+09,1.26783e+09,3.52013e+09,2.96078e+09,2.96078e+09,1,0
4170,250200,descending,1,10787,56231,131733,25633,435383,25002,1857,427930,363095,1.93044e+06,7.37222e+08,261,2.31024e-06,4.2209e-05,0.00495779,3.85834e+09,1.26783e+09,3.52013e+09,2.96078e+09,2.96078e+09,1,0
4180,250800,cecum,1,11186,59767,116985,24196,401760,22255,1663,386781,340709,2.10531e+06,1.16539e+09,41,3.80801e-05,0.000803393,0.00419661,3.8722e+09,1.27401e+09,3.52013e+09,2.973e+09,2.973e+09,1,0
4180,250800,transverse,0.9975,11181,57123,116141,25130,441085,21912,1968,429036,381099,2.07084e+06,1.06466e+09,141,7.1587e-06,0.000133489,0.00486651,3.8722e+09,1.27401e+09,3.52013e+09,2.973e+09,2.973e+09,1,0
4180,250800,descending,1,9946,57009,132221,25719,437483,25097,1860,429430,364044,1.77568e+06,7.42738e+08,261,2.23064e-06,4.07468e-05,0.00495925,3.8722e+09,1.27401e+09,3.52013e+09,2.973e+09,2.973e+09,1,0
4190,251400,cecum,1,11102,60443,117468,24299,403717,22332,1671,388234,342271,2.08963e+06,1.1677e+09,41,3.79771e-05,0.000800881,0.00419912,3.88616e+09,1.28021e+09,3.52013e+09,2.98501e+09,2.98501e+09,1,0
4190,251400,transverse,1,10535,57684,116667,25241,443115,22006,1976,430702,382154,1.95058e+06,1.06891e+09,141,7.08335e-06,0.000132053,0.00486795,3.88616e+09,1.28021e+09,3.52013e+09,2.98501e+09,2.98501e+09,1,0
4190,251400,descending,1,9879,56703,132683,25803,438582,25183,1861,431004,364783,1.76271e+06,7.48192e+08,261,2.15588e-06,3.93742e-05,0.00496063,3.88616e+09,1.28021e+09,3.52013e+09,2.98501e+09,2.98501e+09,1,0
4200,252000,cecum,1,10123,61054,117968,24401,405956,22410,1674,390039,343208,1.90782e+06,1.16995e+09,41,3.78786e-05,0.000798483,0.00420152,3.90022e+09,1.28644e+09,3.52013e+09,2.99682e+09,2.99682e+09,1,0
4200,252000,transverse,1,10229,58295,117133,25343,445047,22090,1976,432209,383500,1.89403e+06,1.07308e+09,141,7.01196e-06,0.000130693,0.00486931,3.90022e+09,1.28644e+09,3.52013e+09,2.99682e+09,2.99682e+09,1,0
4200,252000,descending,1,9775,56449,133177,25884,439997,25282,1868,432846,365773,1.74288e+06,7.53588e+08,261,2.08567e-06,3.8086e-05,0.00496191,3.90022e+09,1.28644e+09,3.52013e+09,2.99682e+09,2.99682e+09,1,0
4210,252600,cecum,1,10185,60795,118434,24478,407428,22506,1676,391941,344447,1.91841e+06,1.17213e+09,41,3.77844e-05,0.000796192,0.00420381,3.91438e+09,1.2927e+09,3.52013e+09,3.00844e+09,3.00844e+09,1,0
4210,252600,transverse,1,10546,57549,117643,25435,446005,22176,2011,434056,384408,1.95311e+06,1.07718e+09,141,6.94424e-06,0.000129404,0.0048706,3.91438e+09,1.2927e+09,3.52013e+09,3.00844e+09,3.00844e+09,1,0
4210,252600,descending,1,10432,55281,133648,25945,440244,25375,1875,434408,366353,1.86192e+06,7.58925e+08,261,2.01975e-06,3.68769e-05,0.00496312,3.91438e+09,1.2927e+09,3.52013e+09,3.00844e+09,3.00844e+09,1,0
4220,253200,cecum,1,10627,60952,118921,24569,409141,22598,1682,393674,346292,2.00098e+06,1.17425e+09,41,3.76944e-05,0.000794001,0.004206,3.92864e+09,1.29898e+09,3.52013e+09,3.01987e+09,3.01987e+09,1,0
4220,253200,transverse,1,11672,57030,118211,25544,446899,22280,2020,435673,386064,2.1618e+06,1.08121e+09,141,6.87995e-06,0.00012818,0.00487182,3.92864e+09,1.29898e+09,3.52013e+09,3.01987e+09,3.01987e+09,1,0
4220,253200,descending,1,10667,54427,134177,26042,440953,25474,1885,436157,366954,1.90328e+06,7.64206e+08,261,1.95785e-06,3.57422e-05,0.00496426,3.92864e+09,1.29898e+09,3.52013e+09,3.01987e+09,3.01987e+09,1,0
4230,253800,cecum,1,10425,60335,119380,24666,410227,22691,1685,395564,346904,1.96426e+06,1.17631e+09,41,3.76081e-05,0.000791905,0.0042081,3.943e+09,1.30528e+09,3.52013e+09,3.03112e+09,3.03112e+09,1,0
4230,253800,transverse,1,10829,56941,118693,25641,448585,22367,2023,437629,386606,2.00544e+06,1.08518e+09,141,6.81886e-06,0.000127018,0.00487298,3.943e+09,1.30528e+09,3.52013e+09,3.03112e+09,3.03112e+09,1,0
4230,253800,descending,0.9975,11266,54416,134738,26121,442639,25590,1890,438044,368868,2.01514e+06,7.6943e+08,261,1.89973e-06,3.46773e-05,0.00496532,3.943e+09,1.30528e+09,3.52013e+09,3.03112e+09,3.03112e+09,1,0
4240,254400,cecum,1,11697,59378,119868,24759,410794,22784,1692,397267,348434,2.20043e+06,1.17832e+09,41,3.75254e-05,0.000789897,0.0042101,3.95746e+09,1.3116e+09,3.52013e+09,3.0422e+09,3.0422e+09,1,0
4240,254400,transverse,1,10915,56463,119220,25732,449693,22470,2026,439406,387464,2.02133e+06,1.08907e+09,141,6.76075e-06,0.000125913,0.00487409,3.95746e+09,1.3116e+09,3.52013e+09,3.0422e+09,3.0422e+09,1,0
4240,254400,descending,1,12017,53554,135276,26219,443039,25710,1893,439521,369696,2.15022e+06,7.746e+08,261,1.84515e-06,3.36777e-05,0.00496632,3.95746e+09,1.3116e+09,3.52013e+09,3.0422e+09,3.0422e+09,1,0
4250,255000,cecum,1,10727,59249,120421,24872,412100,22893,1697,398919,348434,2.02208e+06,1.18027e+09,41,3.74461e-05,0.000787972,0.00421203,3.97201e+09,1.31795e+09,3.52013e+09,3.0531e+09,3.0531e+09,1,0
4250,255000,transverse,1,10964,55566,119765,25810,450286,22572,2031,441071,387736,2.03024e+06,1.09291e+09,141,6.70543e-06,0.000124861,0.00487514,3.97201e+09,1.31795e+09,3.52013e+09,3.0531e+09,3.0531e+09,1,0
4250,255000,descending,0.9975,11599,54044,135861,26320,444871,25829,1899,441077,370739,2.0744e+06,7.79716e+08,261,1.7939e-06,3.27393e-05,0.00496726,3.97201e+09,1.31795e+09,3.52013e+09,3.0531e+09,3.0531e+09,1,0
4260,255600,cecum,0.9975,12236,58765,120925,24960,413444,22983,1698,400924,350960,2.30304e+06,1.18217e+09,41,3.737e-05,0.000786126,0.00421387,3.98666e+09,1.32432e+09,3.52013e+09,3.06383e+09,3.06383e+09,1,0
4260,255600,transverse,1,11803,55919,120332,25903,451799,22665,2031,442417,389707,2.18503e+06,1.09667e+09,141,6.65271e-06,0.000123859,0.00487614,3.98666e+09,1.32432e+09,3.52013e+09,3.06383e+09,3.06383e+09,1,0
4260,255600,descending,0.9975,12109,53731,136410,26412,445757,25940,1902,442476,371786,2.1665e+06,7.8478e+08,261,1.74576e-06,3.18582e-05,0.00496814,3.98666e+09,1.32432e+09,3.52013e+09,3.06383e+09,3.06383e+09,1,0
4270,256200,cecum,1,12046,58279,121444,25066,414537,23082,1704,402702,351543,2.26892e+06,1.18403e+09,41,3.72969e-05,0.000784354,0.00421565,4.0014e+09,1.33071e+09,3.52013e+09,3.07441e+09,3.07441e+09,1,0
4270,256200,transverse,1,11079,55890,120832,25994,453145,22758,2041,443966,390003,2.05176e+06,1.10038e+09,141,6.60241e-06,0.000122903,0.0048771,4.0014e+09,1.33071e+09,3.52013e+09,3.07441e+09,3.07441e+09,1,0
4270,256200,descending,0.9975,11300,54234,136992,26515,447603,26037,1905,444016,372438,2.01531e+06,7.89793e+08,261,1.70052e-06,3.10305e-05,0.00496897,4.0014e+09,1.33071e+09,3.52013e+09,3.07441e+09,3.07441e+09,1,0
4280,256800,cecum,1,11637,58760,121975,25195,416753,23190,1710,404668,353050,2.19352e+06,1.18583e+09,41,3.72267e-05,0.000782652,0.00421735,4.01624e+09,1.33713e+09,3.52013e+09,3.08482e+09,3.08482e+09,1,0
4280,256800,transverse,0.9975,12118,55988,121337,26095,454689,22865,2043,445618,392287,2.24559e+06,1.10403e+09,141,6.55438e-06,0.000121991,0.00487801,4.01624e+09,1.33713e+09,3.52013e+09,3.08482e+09,3.08482e+09,1,0
4280,256800,descending,1,11370,54029,137535,26607,448903,26152,1906,445727,373471,2.02893e+06,7.94755e+08,261,1.65801e-06,3.02529e-05,0.00496975,4.01624e+09,1.33713e+09,3.52013e+09,3.08482e+09,3.08482e+09,1,0
4290,257400,cecum,1,11324,58217,122469,25286,417994,23285,1711,406637,353669,2.13589e+06,1.18759e+09,41,3.71591e-05,0.000781015,0.00421898,4.03117e+09,1.34356e+09,3.52013e+09,3.09508e+09,3.09508e+09,1,0
4290,257400,transverse,1,11428,57619,121905,26191,457764,22990,2048,447278,394320,2.11714e+06,1.10762e+09,141,6.50847e-06,0.000121119,0.00487888,4.03117e+09,1.34356e+09,3.52013e+09,3.09508e+09,3.09508e+09,1,0
4290,257400,descending,1,12097,54067,138017,26695,450434,26233,1911,447384,375411,2.1615e+06,7.99667e+08,261,1.61804e-06,2.95219e-05,0.00497048,4.03117e+09,1.34356e+09,3.52013e+09,3.09508e+09,3.09508e+09,1,0
4300,258000,cecum,1,11999,58047,122999,25392,419566,23385,1718,408578,355585,2.26041e+06,1.1893e+09,41,3.7094e-05,0.000779441,0.00422056,4.04619e+09,1.35002e+09,3.52013e+09,3.10519e+09,3.10519e+09,1,0
4300,258000,transverse,1,10617,58561,122453,26280,460434,23112,2061,449204,395829,1.96639e+06,1.11115e+09,141,6.46454e-06,0.000120285,0.00487972,4.04619e+09,1.35002e+09,3.52013e+09,3.10519e+09,3.10519e+09,1,0
4300,258000,descending,1,12134,53272,138586,26784,451217,26357,1921,449165,375865,2.16504e+06,8.04531e+08,261,1.58044e-06,2.88345e-05,0.00497117,4.04619e+09,1.35002e+09,3.52013e+09,3.10519e+09,3.10519e+09,1,0
4310,258600,cecum,1,11425,59617,123556,25501,422666,23503,1722,410331,357777,2.1524e+06,1.19097e+09,41,3.70314e-05,0.000777925,0.00422207,4.0613e+09,1.3565e+09,3.52013e+09,3.11515e+09,3.11515e+09,1,0
4310,258600,transverse,0.9975,11272,58104,122994,26368,461368,23191,2072,450751,397033,2.08826e+06,1.11462e+09,141,6.42247e-06,0.000119486,0.00488051,4.0613e+09,1.3565e+09,3.52013e+09,3.11515e+09,3.11515e+09,1,0
4310,258600,descending,1,12279,52700,139149,26893,452060,26476,1922,450807,376517,2.19028e+06,8.09347e+08,261,1.54505e-06,2.81877e-05,0.00497181,4.0613e+09,1.3565e+09,3.52013e+09,3.11515e+09,3.11515e+09,1,0
