step,time_s,region,occ_frac,patch_cells,pool_cells,births_cum,washout_cum,contraction_cum,edge_cum,reseeds_cum,distal_cum,external_cum,mean_cfu_ml,lumen_cells,lumen_lineages,lumen_mu_per_s,lumen_carbon_mol_m3,lumen_acetate_mol_m3,stool_cum,deaths_cum,purged_cum,stocks,expected,ledger_ok,hapc
10,600,cecum,0.0125,45,20,2,0,20,0,0,0,3,8290.99,3187.75,1,0.0001375,0.005,8.53837e-10,58.749,19.5235,0,9895.48,9895.48,1,0
10,600,transverse,0.025,99,7,1,2,5,0,0,0,5,18018.7,3245.58,1,0.0001375,0.005,8.68913e-10,58.749,19.5235,0,9895.48,9895.48,1,0
10,600,descending,0.01,29,13,0,1,12,0,0,0,2,5464.8,3249.15,1,0.0001375,0.005,8.69343e-10,58.749,19.5235,0,9895.48,9895.48,1,0
20,1200,cecum,0.0125,38,29,4,2,27,1,0,1,4,6939.59,3390.49,2,0.0001375,0.005,1.74378e-09,122.346,40.5281,0,10646.1,10646.1,1,0
20,1200,transverse,0.0275,71,41,5,4,35,2,0,0,7,12969.3,3513.61,2,0.0001375,0.005,1.80848e-09,122.346,40.5281,0,10646.1,10646.1,1,0
20,1200,descending,0.015,19,26,0,1,26,0,0,1,6,3543.04,3518,3,0.0001375,0.005,1.81041e-09,122.346,40.5281,0,10646.1,10646.1,1,0
30,1800,cecum,0.0175,38,35,7,3,31,2,0,1,7,6893.97,3603,2,0.0001375,0.005,2.67251e-09,191.236,63.1366,0,11450.1,11450.1,1,0
30,1800,transverse,0.02,48,65,5,5,58,2,0,0,8,8784.4,3803.72,2,0.0001375,0.005,2.8243e-09,191.236,63.1366,0,11450.1,11450.1,1,0
30,1800,descending,0.015,7,40,0,1,40,0,0,1,8,1348.51,3810.42,3,0.0001375,0.005,2.82975e-09,191.236,63.1366,0,11450.1,11450.1,1,0
40,2400,cecum,0.0325,44,21,8,3,33,2,0,17,14,7976.14,3841.41,18,0.0001375,0.005,3.64428e-09,265.856,87.4838,0,12313.4,12313.4,1,0
40,2400,transverse,0.0175,26,87,5,5,80,2,0,0,8,4782.67,4117.66,18,0.0001375,0.005,3.92195e-09,265.856,87.4838,0,12313.4,12313.4,1,0
40,2400,descending,0.0125,6,42,0,1,42,0,0,1,9,1179.31,4128.3,19,0.0001375,0.005,3.93377e-09,265.856,87.4838,0,12313.4,12313.4,1,0
50,3000,cecum,0.0275,36,33,9,3,45,2,0,17,17,6530.83,4082.66,18,0.0001375,0.005,4.66249e-09,346.716,113.705,0,13244.4,13244.4,1,0
50,3000,transverse,0.035,27,96,7,6,87,3,0,0,16,5006.27,4448.08,18,0.0001375,0.00499999,5.1067e-09,346.716,113.705,0,13244.4,13244.4,1,0
50,3000,descending,0.025,11,40,0,1,44,0,0,5,16,2123.78,4470.7,23,0.0001375,0.00499999,5.12997e-09,346.716,113.705,0,13244.4,13244.4,1,0
60,3600,cecum,0.035,29,54,13,4,63,4,0,17,27,5189.01,4332.05,18,0.0001375,0.00499999,5.72744e-09,434.244,141.899,0,14245.8,14245.8,1,0
60,3600,transverse,0.0375,24,102,7,6,94,3,0,1,20,4549.54,4809.31,19,0.0001375,0.00499999,6.38334e-09,434.244,141.899,0,14245.8,14245.8,1,0
60,3600,descending,0.01,4,49,0,1,54,0,0,6,19,775.265,4842.41,25,0.0001375,0.00499999,6.42453e-09,434.244,141.899,0,14245.8,14245.8,1,0
70,4200,cecum,0.0375,31,60,14,4,69,4,0,17,34,5562.56,4600.41,18,0.0001375,0.00499999,6.84195e-09,529.05,172.229,0,15319,15319,1,0
70,4200,transverse,0.04,22,108,7,7,101,3,0,3,26,4179.3,5197.57,21,0.0001375,0.00499999,7.75967e-09,529.05,172.229,0,15319,15319,1,0
70,4200,descending,0.0075,3,53,0,2,58,0,0,7,23,573.245,5244.02,27,0.0001375,0.00499999,7.82636e-09,529.05,172.229,0,15319,15319,1,0
80,4800,cecum,0.04,32,63,15,4,73,5,0,19,39,5743.72,4889.95,18,0.0001375,0.00499999,8.01034e-09,631.722,204.865,0,16474.1,16474.1,1,0
80,4800,transverse,0.065,33,99,8,7,101,3,0,12,36,6214.72,5619.11,29,0.0001375,0.00499999,9.24318e-09,631.722,204.865,0,16474.1,16474.1,1,0
80,4800,descending,0.02,8,52,0,2,61,0,0,11,31,1379.36,5678.05,39,0.0001375,0.00499999,9.34396e-09,631.722,204.865,0,16474.1,16474.1,1,0
90,5400,cecum,0.0325,30,69,17,4,80,6,0,21,43,5370.99,5198.88,18,0.0001375,0.00499999,9.23702e-09,742.874,239.97,0,17715.7,17715.7,1,0
90,5400,transverse,0.0775,36,101,8,8,104,3,0,14,43,6756.29,6068.88,31,0.0001375,0.00499999,1.08399e-08,742.874,239.97,0,17715.7,17715.7,1,0
90,5400,descending,0.035,14,55,0,2,65,0,0,12,41,2551.58,6142.97,41,0.0001375,0.00499999,1.09862e-08,742.874,239.97,0,17715.7,17715.7,1,0
100,6000,cecum,0.04,34,70,18,5,80,6,0,21,47,6086.04,5525.45,18,0.0001375,0.00499999,1.05263e-08,863.146,277.74,0,19050.8,19050.8,1,0
100,6000,transverse,0.05,23,114,9,9,120,3,0,18,46,4406.85,6559.68,34,0.0001375,0.00499999,1.25595e-08,863.146,277.74,0,19050.8,19050.8,1,0
100,6000,descending,0.0275,13,61,0,2,71,0,0,12,46,2408.1,6650.63,44,0.0001375,0.00499999,1.27624e-08,863.146,277.74,0,19050.8,19050.8,1,0
110,6600,cecum,0.0425,37,72,18,5,87,6,0,26,57,6655.14,5871.71,21,0.0001375,0.00499999,1.18816e-08,993.378,318.385,0,20484.5,20484.5,1,0
110,6600,transverse,0.0375,17,117,9,10,126,3,0,22,47,3327.64,7090.25,41,0.0001375,0.00499999,1.44116e-08,993.378,318.385,0,20484.5,20484.5,1,0
110,6600,descending,0.0325,14,63,0,3,74,0,0,14,51,2544.49,7202.52,53,0.0001375,0.00499999,1.46847e-08,993.378,318.385,0,20484.5,20484.5,1,0
120,7200,cecum,0.0475,38,78,18,6,93,6,0,27,65,6836.3,6237.98,21,0.0001375,0.00499999,1.33075e-08,1134.42,362.121,0,22029.3,22029.3,1,0
120,7200,transverse,0.0475,24,117,12,10,129,3,0,25,54,4746.81,7654.27,44,0.0001375,0.00499998,1.64051e-08,1134.42,362.121,0,22029.3,22029.3,1,0
120,7200,descending,0.0475,20,60,0,3,77,0,0,20,60,3775.25,7800.1,57,0.0001375,0.00499998,1.67653e-08,1134.42,362.121,0,22029.3,22029.3,1,0
130,7800,cecum,0.055,41,84,20,6,100,6,0,28,73,7385.39,6627.56,21,0.0001375,0.00499999,1.48083e-08,1287.07,409.164,0,23689.8,23689.8,1,0
130,7800,transverse,0.055,26,121,13,11,134,4,0,28,62,5105.23,8260.49,46,0.0001375,0.00499998,1.85492e-08,1287.07,409.164,0,23689.8,23689.8,1,0
130,7800,descending,0.08,33,60,0,3,79,0,0,22,75,6241.9,8436.74,59,0.0001375,0.00499998,1.90157e-08,1287.07,409.164,0,23689.8,23689.8,1,0
140,8400,cecum,0.0625,49,85,26,6,104,7,0,32,80,8811.53,7046.02,21,0.0001375,0.00499998,1.63895e-08,1452.24,459.759,0,25482.5,25482.5,1,0
140,8400,transverse,0.0475,22,129,15,12,146,4,0,33,69,4440.65,8916.19,51,0.0001375,0.00499998,2.08547e-08,1452.24,459.759,0,25482.5,25482.5,1,0
140,8400,descending,0.08,35,67,3,4,85,0,0,22,81,6547.49,9133.24,64,0.0001375,0.00499998,2.1449e-08,1452.24,459.759,0,25482.5,25482.5,1,0
150,9000,cecum,0.0675,52,90,28,7,108,8,0,33,87,9381.45,7487.97,21,0.0001375,0.00499998,1.80568e-08,1631.07,514.194,0,27406.2,27406.2,1,0
150,9000,transverse,0.045,20,134,16,13,153,4,0,36,74,4070.41,9621.9,52,0.0001375,0.00499998,2.33338e-08,1631.07,514.194,0,27406.2,27406.2,1,0
150,9000,descending,0.08,37,73,8,6,91,2,0,26,88,6977.26,9890.3,65,0.0001375,0.00499998,2.40815e-08,1631.07,514.194,0,27406.2,27406.2,1,0
160,9600,cecum,0.075,54,99,29,7,118,8,0,34,98,9803.76,7953.91,21,0.0001375,0.00499998,1.98149e-08,1824.69,572.75,0,29470.7,29470.7,1,0
160,9600,transverse,0.045,21,138,17,15,158,4,1,38,80,4301.9,10379.2,52,0.0001375,0.00499997,2.59987e-08,1824.69,572.75,0,29470.7,29470.7,1,0
160,9600,descending,0.0875,40,80,11,6,99,2,0,27,96,7543.42,10705.5,65,0.0001375,0.00499997,2.69293e-08,1824.69,572.75,0,29470.7,29470.7,1,0
170,10200,cecum,0.06,47,101,30,7,129,8,0,43,101,8514.82,8465.95,27,0.0001375,0.00499998,2.16715e-08,2034.26,635.737,0,31688.7,31688.7,1,0
170,10200,transverse,0.06,27,138,18,15,165,5,1,46,93,5400.8,11193,66,0.0001375,0.00499997,2.88619e-08,2034.26,635.737,0,31688.7,31688.7,1,0
170,10200,descending,0.0725,33,97,13,6,119,2,0,30,107,6180.73,11586.8,81,0.0001375,0.00499997,3.00092e-08,2034.26,635.737,0,31688.7,31688.7,1,0
180,10800,cecum,0.05,43,106,31,7,137,8,0,46,104,7754.16,9004.49,27,0.0001375,0.00499998,2.36354e-08,2261.14,703.519,0,34075,34075,1,0
180,10800,transverse,0.065,32,142,21,15,173,6,1,51,104,6453.66,12067.9,67,0.0001375,0.00499997,3.19388e-08,2261.14,703.519,0,34075,34075,1,0
180,10800,descending,0.085,39,95,14,6,124,2,0,37,117,7364.5,12545.6,86,0.0001375,0.00499997,3.33402e-08,2261.14,703.519,0,34075,34075,1,0
190,11400,cecum,0.055,41,117,31,8,153,8,0,52,119,7395.81,9567.96,31,0.0001375,0.00499997,2.57106e-08,2506.77,776.435,0,36636,36636,1,0
190,11400,transverse,0.0625,31,148,21,15,184,6,1,56,114,6266.58,13010.1,76,0.0001375,0.00499996,3.52444e-08,2506.77,776.435,0,36636,36636,1,0
190,11400,descending,0.0925,43,94,15,7,124,2,0,39,121,8106.95,13583.9,96,0.000137499,0.00499996,3.6943e-08,2506.77,776.435,0,36636,36636,1,0
200,12000,cecum,0.075,52,118,33,9,156,8,0,55,132,9400.62,10166.3,31,0.0001375,0.00499997,2.79036e-08,2772.61,854.859,0,39394.7,39394.7,1,0
200,12000,transverse,0.075,38,152,26,16,196,6,1,65,129,7593.02,14022.5,81,0.000137499,0.00499996,3.87956e-08,2772.61,854.859,0,39394.7,39394.7,1,0
200,12000,descending,0.12,54,97,15,7,129,2,0,41,137,10202.4,14694.9,101,0.000137499,0.00499996,4.08384e-08,2772.61,854.859,0,39394.7,39394.7,1,0
210,12600,cecum,0.0975,63,115,34,9,160,8,0,62,146,11415,10805.7,35,0.0001375,0.00499997,3.02217e-08,3060.22,939.183,0,42355.8,42355.8,1,0
210,12600,transverse,0.0525,25,173,26,19,217,6,1,68,140,5082.83,15109.2,86,0.000137499,0.00499996,4.26091e-08,3060.22,939.183,0,42355.8,42355.8,1,0
210,12600,descending,0.1275,59,108,18,8,139,3,0,42,151,11139.8,15897.9,102,0.000137499,0.00499995,4.50482e-08,3060.22,939.183,0,42355.8,42355.8,1,0
220,13200,cecum,0.09,60,121,37,10,170,8,0,67,151,10897.2,11493,36,0.0001375,0.00499997,3.26749e-08,3371.39,1029.86,0,45539.5,45539.5,1,0
220,13200,transverse,0.0675,33,175,27,19,224,6,1,73,154,6536.21,16276.5,88,0.000137499,0.00499995,4.67025e-08,3371.39,1029.86,0,45539.5,45539.5,1,0
220,13200,descending,0.1275,62,119,20,11,152,3,0,47,168,11534.7,17200.1,111,0.000137499,0.00499995,4.95977e-08,3371.39,1029.86,0,45539.5,45539.5,1,0
230,13800,cecum,0.115,73,124,39,11,174,8,0,69,167,13284.3,12209.5,36,0.0001375,0.00499996,3.52714e-08,3708.03,1127.37,0,48961,48961,1,0
230,13800,transverse,0.09,42,176,29,19,233,8,1,83,172,8261.53,17532.8,89,0.000137499,0.00499995,5.10986e-08,3708.03,1127.37,0,48961,48961,1,0
230,13800,descending,0.13,65,127,22,13,161,3,0,50,180,12159.4,18611.7,112,0.000137499,0.00499995,5.45143e-08,3708.03,1127.37,0,48961,48961,1,0
240,14400,cecum,0.11,62,146,42,12,196,9,0,71,177,11294.7,12977.9,36,0.000137499,0.00499996,3.80195e-08,4072.28,1232.24,0,52638.8,52638.8,1,0
240,14400,transverse,0.07,32,191,30,19,256,8,1,91,184,6449.73,18887.7,92,0.000137499,0.00499994,5.58194e-08,4072.28,1232.24,0,52638.8,52638.8,1,0
240,14400,descending,0.1125,57,149,25,14,185,4,0,54,195,10663,20136.2,115,0.000137499,0.00499994,5.98277e-08,4072.28,1232.24,0,52638.8,52638.8,1,0
250,15000,cecum,0.1125,64,160,46,14,218,9,0,81,199,11657,13791.1,40,0.000137499,0.00499996,4.09295e-08,4466.39,1345.01,0,56594.9,56594.9,1,0
250,15000,transverse,0.0825,40,194,32,19,264,8,1,96,198,7995.83,20338.9,98,0.000137499,0.00499994,6.08876e-08,4466.39,1345.01,0,56594.9,56594.9,1,0
250,15000,descending,0.13,69,153,30,17,190,4,0,58,210,13000.3,21785,122,0.000137499,0.00499993,6.55701e-08,4466.39,1345.01,0,56594.9,56594.9,1,0
260,15600,cecum,0.0975,58,180,49,15,239,9,0,83,212,10523.6,14657.1,40,0.000137499,0.00499996,4.40112e-08,4892.76,1466.26,0,60841.1,60841.1,1,0
260,15600,transverse,0.12,58,198,35,20,271,10,1,102,223,11458.3,21888.4,99,0.000137499,0.00499993,6.63274e-08,4892.76,1466.26,0,60841.1,60841.1,1,0
260,15600,descending,0.1325,71,160,31,17,208,4,0,69,229,13324.6,23570.6,123,0.000137499,0.00499993,7.17747e-08,4892.76,1466.26,0,60841.1,60841.1,1,0
270,16200,cecum,0.1275,67,186,52,16,252,9,0,91,232,12170.1,15577.2,42,0.000137499,0.00499995,4.72761e-08,5354.05,1596.62,0,65406,65406,1,0
270,16200,transverse,0.1225,60,214,39,22,293,10,1,110,245,11764.4,23558.9,108,0.000137499,0.00499993,7.21637e-08,5354.05,1596.62,0,65406,65406,1,0
270,16200,descending,0.1375,74,172,34,17,228,4,0,77,249,14197.6,25496.9,132,0.000137499,0.00499992,7.84794e-08,5354.05,1596.62,0,65406,65406,1,0
280,16800,cecum,0.125,67,202,55,16,274,11,0,99,253,12176.5,16554.8,42,0.000137499,0.00499995,5.07356e-08,5852.96,1736.77,0,70305.6,70305.6,1,0
280,16800,transverse,0.1575,75,219,41,23,307,10,1,120,273,14640.9,25349.9,108,0.000137499,0.00499992,7.84263e-08,5852.96,1736.77,0,70305.6,70305.6,1,0
280,16800,descending,0.14,72,196,35,19,252,4,0,79,272,13681,27569.9,132,0.000137499,0.00499991,8.57216e-08,5852.96,1736.77,0,70305.6,70305.6,1,0
290,17400,cecum,0.125,67,217,58,16,294,11,0,104,270,12182.1,17595.6,42,0.000137499,0.00499995,5.44021e-08,6392.45,1887.42,0,75569.9,75569.9,1,0
290,17400,transverse,0.155,74,244,43,23,344,11,1,133,308,14457.8,27270.5,115,0.000137499,0.00499991,8.5146e-08,6392.45,1887.42,0,75569.9,75569.9,1,0
290,17400,descending,0.1425,72,220,37,22,275,5,0,82,297,13524,29809.9,139,0.000137499,0.00499991,9.35427e-08,6392.45,1887.42,0,75569.9,75569.9,1,0
300,18000,cecum,0.16,91,215,65,17,296,11,0,109,290,16558.9,18699.2,42,0.000137499,0.00499994,5.82877e-08,6975.8,2049.35,0,81229.2,81229.2,1,0
300,18000,transverse,0.155,75,256,46,26,358,11,1,138,323,14801.7,29346,115,0.000137499,0.00499991,9.23548e-08,6975.8,2049.35,0,81229.2,81229.2,1,0
300,18000,descending,0.13,72,237,39,23,298,6,0,90,320,13587,32238,139,0.000137499,0.0049999,1.01989e-07,6975.8,2049.35,0,81229.2,81229.2,1,0
310,18600,cecum,0.145,83,235,71,19,322,11,0,117,304,15047.1,19882.5,42,0.000137499,0.00499994,6.24094e-08,7606.59,2223.44,0,87312.8,87312.8,1,0
310,18600,transverse,0.1375,75,282,52,27,388,11,1,143,348,15055.2,31565.4,115,0.000137499,0.0049999,1.00089e-07,7606.59,2223.44,0,87312.8,87312.8,1,0
310,18600,descending,0.1625,90,246,43,23,318,6,0,101,354,16975,34853.9,141,0.000137498,0.00499989,1.1111e-07,7606.59,2223.44,0,87312.8,87312.8,1,0
320,19200,cecum,0.1325,77,252,75,20,342,11,0,121,315,13918.5,21140,42,0.000137499,0.00499993,6.67831e-08,8288.58,2410.6,0,93845.4,93845.4,1,0
320,19200,transverse,0.1425,79,285,58,28,410,11,1,163,369,15981.1,33969.3,120,0.000137499,0.00499989,1.0839e-07,8288.58,2410.6,0,93845.4,93845.4,1,0
320,19200,descending,0.1575,90,267,46,25,346,7,0,111,382,17019.4,37686,146,0.000137498,0.00499988,1.20958e-07,8288.58,2410.6,0,93845.4,93845.4,1,0
330,19800,cecum,0.15,89,257,78,20,352,11,0,126,334,16104.5,22470.3,42,0.000137499,0.00499993,7.14235e-08,9025.9,2611.78,0,100860,100860,1,0
330,19800,transverse,0.1725,92,300,60,29,431,12,1,171,403,18398.6,36525.1,121,0.000137498,0.00499988,1.17294e-07,9025.9,2611.78,0,100860,100860,1,0
330,19800,descending,0.2225,124,268,52,26,352,8,0,118,418,23240.7,40734.9,147,0.000137498,0.00499987,1.31591e-07,9025.9,2611.78,0,100860,100860,1,0
340,20400,cecum,0.16,96,265,83,21,365,12,0,133,351,17408.7,23889.3,44,0.000137499,0.00499992,7.63477e-08,9822.98,2828.02,0,108394,108394,1,0
340,20400,transverse,0.205,117,316,63,30,453,13,1,179,449,23127.3,39257.7,127,0.000137498,0.00499987,1.26843e-07,9822.98,2828.02,0,108394,108394,1,0
340,20400,descending,0.2025,120,281,55,28,381,9,0,137,443,22765.2,44052.3,161,0.000137498,0.00499986,1.4307e-07,9822.98,2828.02,0,108394,108394,1,0
350,21000,cecum,0.155,91,294,90,24,394,14,0,138,373,16467.7,25391.3,44,0.000137499,0.00499992,8.1573e-08,10684.8,3060.43,0,116489,116489,1,0
350,21000,transverse,0.175,98,368,68,32,511,13,1,187,485,19663.2,42202.8,127,0.000137498,0.00499986,1.37083e-07,10684.8,3060.43,0,116489,116489,1,0
350,21000,descending,0.2325,134,299,57,33,399,9,0,142,478,25330.9,47611.1,161,0.000137498,0.00499984,1.55465e-07,10684.8,3060.43,0,116489,116489,1,0
360,21600,cecum,0.1525,93,319,98,24,424,15,0,144,398,16835.6,26987,44,0.000137499,0.00499991,8.71188e-08,11616.1,3310.21,0,125183,125183,1,0
360,21600,transverse,0.1975,108,375,69,36,529,13,1,202,516,21527.3,45377.6,128,0.000137498,0.00499985,1.48066e-07,11616.1,3310.21,0,125183,125183,1,0
360,21600,descending,0.2425,136,331,62,33,433,11,0,146,511,25655.2,51456.2,162,0.000137498,0.00499983,1.68842e-07,11616.1,3310.21,0,125183,125183,1,0
370,22200,cecum,0.1475,83,335,99,28,449,15,0,157,416,15028,28698.3,44,0.000137499,0.00499991,9.30055e-08,12622.7,3578.65,0,134516,134516,1,0
370,22200,transverse,0.24,135,389,73,38,550,14,1,212,563,26823.5,48764.6,128,0.000137498,0.00499984,1.59845e-07,12622.7,3578.65,0,134516,134516,1,0
370,22200,descending,0.23,136,369,68,35,474,14,0,154,551,25798,55606.4,162,0.000137498,0.00499982,1.8328e-07,12622.7,3578.65,0,134516,134516,1,0
380,22800,cecum,0.1825,103,337,103,29,461,15,0,168,445,18691.3,30505.1,44,0.000137499,0.0049999,9.92561e-08,13710.3,3867.11,0,144546,144546,1,0
380,22800,transverse,0.2875,159,405,79,41,575,14,1,224,609,31083.1,52403.8,128,0.000137498,0.00499983,1.72473e-07,13710.3,3867.11,0,144546,144546,1,0
380,22800,descending,0.285,169,383,76,36,498,15,0,166,602,31735.6,60081.1,162,0.000137497,0.0049998,1.98859e-07,13710.3,3867.11,0,144546,144546,1,0
390,23400,cecum,0.1875,108,354,111,30,487,17,0,180,471,19639.6,32431.1,46,0.000137499,0.00499989,1.05894e-07,14885.6,4177.12,0,155315,155315,1,0
390,23400,transverse,0.2925,165,443,85,46,614,15,1,231,654,32311.2,56306.9,130,0.000137497,0.00499981,1.86015e-07,14885.6,4177.12,0,155315,155315,1,0
390,23400,descending,0.2325,140,443,78,40,562,15,0,174,639,26486.4,64923.8,164,0.000137497,0.00499978,2.1567e-07,14885.6,4177.12,0,155315,155315,1,0
400,24000,cecum,0.195,110,367,112,31,507,17,0,188,493,20006.7,34479.8,46,0.000137498,0.00499989,1.12943e-07,16155.3,4510.25,0,166875,166875,1,0
400,24000,transverse,0.3,178,453,92,48,641,16,1,251,690,34825.4,60519.1,131,0.000137497,0.0049998,2.00536e-07,16155.3,4510.25,0,166875,166875,1,0
400,24000,descending,0.26,153,487,82,43,614,17,0,187,705,28676.3,70128.1,165,0.000137497,0.00499977,2.33809e-07,16155.3,4510.25,0,166875,166875,1,0
410,24600,cecum,0.1775,107,397,115,31,542,18,0,194,523,19443.2,36648.3,46,0.000137498,0.00499988,1.20429e-07,17527,4868.23,0,179286,179286,1,0
410,24600,transverse,0.34,202,462,94,52,667,16,1,272,742,39439,65024.9,131,0.000137497,0.00499978,2.16111e-07,17527,4868.23,0,179286,179286,1,0
410,24600,descending,0.315,185,499,85,48,628,18,0,195,754,34962.7,75760.6,165,0.000137497,0.00499975,2.53377e-07,17527,4868.23,0,179286,179286,1,0
420,25200,cecum,0.1425,85,439,120,34,592,21,0,208,552,15325.5,38963.9,48,0.000137498,0.00499987,1.28379e-07,19008.9,5252.9,0,192628,192628,1,0
420,25200,transverse,0.35,205,504,102,57,718,16,1,286,793,39928.3,69854.5,133,0.000137497,0.00499977,2.32811e-07,19008.9,5252.9,0,192628,192628,1,0
420,25200,descending,0.3325,208,527,95,53,667,21,1,213,813,39322.7,81841.6,167,0.000137496,0.00499973,2.74488e-07,19008.9,5252.9,0,192628,192628,1,0
430,25800,cecum,0.195,105,457,124,36,611,23,0,213,591,19083.2,41407.3,48,0.000137498,0.00499986,1.36821e-07,20609.6,5666.2,0,206949,206949,1,0
430,25800,transverse,0.425,266,514,110,60,734,16,1,295,865,51368.9,75010.7,133,0.000137497,0.00499975,2.50713e-07,20609.6,5666.2,0,206949,206949,1,0
430,25800,descending,0.3475,218,560,102,56,712,23,2,229,865,40972.3,88410.9,167,0.000137496,0.0049997,2.97262e-07,20609.6,5666.2,0,206949,206949,1,0
440,26400,cecum,0.215,113,476,128,39,642,24,0,229,630,20583.7,44017.5,48,0.000137498,0.00499985,1.45787e-07,22338.7,6110.24,0,222324,222324,1,0
440,26400,transverse,0.4075,254,564,116,66,802,16,1,319,921,49323,80575.4,135,0.000137496,0.00499973,2.69901e-07,22338.7,6110.24,0,222324,222324,1,0
440,26400,descending,0.4075,265,569,111,58,736,23,2,246,929,49590.1,95490.4,169,0.000137496,0.00499968,3.2183e-07,22338.7,6110.24,0,222324,222324,1,0
450,27000,cecum,0.24,127,486,136,42,663,26,1,244,661,23132.8,46801,48,0.000137498,0.00499984,1.55313e-07,24206.1,6587.34,0,238836,238836,1,0
450,27000,transverse,0.325,200,662,120,68,912,17,1,334,976,39575.7,86538.1,135,0.000137496,0.00499971,2.90474e-07,24206.1,6587.34,0,238836,238836,1,0
450,27000,descending,0.3925,256,641,121,59,821,23,2,260,996,47930.8,103125,169,0.000137495,0.00499965,3.48326e-07,24206.1,6587.34,0,238836,238836,1,0
460,27600,cecum,0.22,124,527,144,46,708,28,1,254,701,22652.7,49747,48,0.000137498,0.00499983,1.65432e-07,26222.8,7099.93,0,256568,256568,1,0
460,27600,transverse,0.37,232,692,128,72,948,18,1,345,1041,45747.3,92921,135,0.000137496,0.00499969,3.12527e-07,26222.8,7099.93,0,256568,256568,1,0
460,27600,descending,0.435,285,667,131,63,858,25,2,277,1058,53217.3,111373,169,0.000137495,0.00499962,3.76904e-07,26222.8,7099.93,0,256568,256568,1,0
470,28200,cecum,0.22,126,545,146,49,743,28,1,274,739,22959,52893,48,0.000137498,0.00499982,1.76184e-07,28400.7,7650.65,0,275601,275601,1,0
470,28200,transverse,0.365,229,737,135,80,1003,18,1,363,1094,45370.4,99788.5,136,0.000137495,0.00499966,3.36168e-07,28400.7,7650.65,0,275601,275601,1,0
470,28200,descending,0.52,342,685,143,66,889,26,2,294,1138,64235,120256,170,0.000137494,0.00499959,4.07725e-07,28400.7,7650.65,0,275601,275601,1,0
480,28800,cecum,0.2575,156,562,156,53,776,28,1,294,796,28408.3,56219.3,49,0.000137497,0.00499981,1.87607e-07,30752.3,8242.31,0,296058,296058,1,0
480,28800,transverse,0.365,232,782,145,82,1080,18,2,396,1165,46262.1,107153,139,0.000137495,0.00499964,3.61512e-07,30752.3,8242.31,0,296058,296058,1,0
480,28800,descending,0.42,301,812,166,73,1027,32,2,318,1225,56657.3,129841,173,0.000137494,0.00499956,4.40959e-07,30752.3,8242.31,0,296058,296058,1,0
490,29400,cecum,0.27,173,586,163,56,812,30,3,309,845,31475.3,59760.4,49,0.000137497,0.0049998,1.99742e-07,33291.3,8877.89,0,318001,318001,1,0
490,29400,transverse,0.3925,258,825,153,91,1129,20,2,413,1243,51423.5,115027,140,0.000137495,0.00499961,3.88676e-07,33291.3,8877.89,0,318001,318001,1,0
490,29400,descending,0.4475,337,840,178,77,1078,34,2,347,1306,63554.1,140195,175,0.000137493,0.00499952,4.76795e-07,33291.3,8877.89,0,318001,318001,1,0
500,30000,cecum,0.315,202,601,172,57,841,32,3,326,897,36854.7,63525.6,49,0.000137497,0.00499979,2.12634e-07,36032.7,9560.67,0,341572,341572,1,0
500,30000,transverse,0.35,239,914,163,92,1237,22,3,434,1324,48261.2,123475,140,0.000137494,0.00499958,4.17789e-07,36032.7,9560.67,0,341572,341572,1,0
500,30000,descending,0.4425,335,909,200,84,1164,38,2,375,1379,63146.6,151371,175,0.000137493,0.00499948,5.15438e-07,36032.7,9560.67,0,341572,341572,1,0
510,30600,cecum,0.3075,207,642,188,62,890,34,3,341,942,37643.6,67535.3,49,0.000137497,0.00499977,2.26333e-07,38992.4,10294.1,0,366872,366872,1,0
510,30600,transverse,0.36,243,985,175,95,1332,24,3,463,1416,49124.1,132532,140,0.000137494,0.00499955,4.48989e-07,38992.4,10294.1,0,366872,366872,1,0
510,30600,descending,0.435,331,977,211,89,1269,39,2,418,1475,62467.2,163420,175,0.000137492,0.00499944,5.57104e-07,38992.4,10294.1,0,366872,366872,1,0
520,31200,cecum,0.3075,203,678,197,65,937,36,3,357,981,36848.6,71807.4,49,0.000137497,0.00499976,2.40893e-07,42187.8,11082.1,0,394029,394029,1,0
520,31200,transverse,0.415,295,1005,193,102,1381,27,5,500,1507,59507.2,142254,140,0.000137493,0.00499952,4.82425e-07,42187.8,11082.1,0,394029,394029,1,0
520,31200,descending,0.4725,367,999,219,90,1330,39,2,458,1565,69039.2,176420,175,0.000137492,0.0049994,6.0203e-07,42187.8,11082.1,0,394029,394029,1,0
530,31800,cecum,0.2725,184,733,205,68,1002,38,3,372,1024,33292,76345.9,49,0.000137496,0.00499974,2.56367e-07,45636.9,11928.4,0,423179,423179,1,0
530,31800,transverse,0.485,352,1035,205,112,1429,27,5,528,1610,70215.2,152658,140,0.000137493,0.00499948,5.18256e-07,45636.9,11928.4,0,423179,423179,1,0
530,31800,descending,0.54,432,1034,234,95,1381,44,3,483,1675,81360.9,190405,175,0.000137491,0.00499935,6.5046e-07,45636.9,11928.4,0,423179,423179,1,0
540,32400,cecum,0.265,171,788,214,71,1077,39,3,396,1081,31009,81168.1,51,0.000137496,0.00499973,2.72815e-07,49359.6,12837.5,0,454462,454462,1,0
540,32400,transverse,0.4875,355,1117,209,122,1528,29,5,557,1720,70747.8,163809,142,0.000137492,0.00499944,5.56649e-07,49359.6,12837.5,0,454462,454462,1,0
540,32400,descending,0.54,444,1097,248,100,1470,45,3,515,1768,84012.2,205513,177,0.00013749,0.0049993,7.02665e-07,49359.6,12837.5,0,454462,454462,1,0
550,33000,cecum,0.2825,191,800,220,72,1112,40,3,421,1132,34644.3,86304.6,51,0.000137496,0.00499971,2.90299e-07,53377.5,13814,0,488049,488049,1,0
550,33000,transverse,0.4925,358,1187,221,129,1613,30,5,580,1804,71563.6,175785,142,0.000137492,0.0049994,5.97786e-07,53377.5,13814,0,488049,488049,1,0
550,33000,descending,0.5,419,1210,265,105,1612,47,3,551,1875,79352.9,221794,177,0.00013749,0.00499924,7.58937e-07,53377.5,13814,0,488049,488049,1,0
560,33600,cecum,0.29,195,839,228,78,1164,42,3,442,1188,35308.9,91758.1,51,0.000137496,0.00499969,3.08882e-07,57713.3,14862.8,0,524110,524110,1,0
560,33600,transverse,0.4725,366,1269,238,134,1716,34,5,610,1907,73407.6,188613,142,0.000137491,0.00499936,6.41867e-07,57713.3,14862.8,0,524110,524110,1,0
560,33600,descending,0.555,501,1240,284,111,1668,50,4,585,2002,94813.6,239329,177,0.000137489,0.00499918,8.19585e-07,57713.3,14862.8,0,524110,524110,1,0
570,34200,cecum,0.3025,217,866,236,83,1205,42,3,461,1248,39394.6,97552.4,52,0.000137496,0.00499967,3.28634e-07,62391.8,15989.2,0,562825,562825,1,0
570,34200,transverse,0.5225,412,1284,255,140,1768,39,5,658,1999,82458,202396,143,0.000137491,0.00499931,6.891e-07,62391.8,15989.2,0,562825,562825,1,0
570,34200,descending,0.585,542,1302,312,120,1755,54,4,623,2115,102240,258254,178,0.000137488,0.00499912,8.84945e-07,62391.8,15989.2,0,562825,562825,1,0
580,34800,cecum,0.39,284,850,245,85,1216,42,3,490,1319,51730.2,103714,52,0.000137495,0.00499965,3.49629e-07,67440.1,17199,0,604364,604364,1,0
580,34800,transverse,0.5075,411,1384,268,144,1899,42,5,696,2123,82532.2,217127,143,0.00013749,0.00499926,7.39712e-07,67440.1,17199,0,604364,604364,1,0
580,34800,descending,0.545,496,1447,329,121,1934,55,4,659,2233,93555.4,278650,178,0.000137487,0.00499904,9.55383e-07,67440.1,17199,0,604364,604364,1,0
590,35400,cecum,0.3475,256,933,251,88,1313,43,3,508,1386,46600.9,110261,52,0.000137495,0.00499963,3.71944e-07,72887.1,18498.3,0,648947,648947,1,0
590,35400,transverse,0.5075,396,1521,282,153,2048,46,5,721,2256,79832.2,232896,143,0.000137489,0.00499921,7.93931e-07,72887.1,18498.3,0,648947,648947,1,0
590,35400,descending,0.5625,502,1537,348,127,2051,60,4,697,2348,94786.1,300645,178,0.000137486,0.00499897,1.03129e-06,72887.1,18498.3,0,648947,648947,1,1
600,36000,cecum,0.3175,214,1011,255,91,1421,44,4,541,1451,38826.3,117241,52,0.000137495,0.0049996,3.95666e-07,78763.7,19893.7,0,696803,696803,1,0
600,36000,transverse,0.5525,459,1566,306,161,2129,52,5,771,2390,92237.8,249823,143,0.000137488,0.00499915,8.52014e-07,78763.7,19893.7,0,696803,696803,1,0
600,36000,descending,0.5875,533,1612,367,136,2159,65,6,742,2480,100504,324344,180,0.000137485,0.00499889,1.11308e-06,78763.7,19893.7,0,696803,696803,1,0
610,36600,cecum,0.3475,243,1022,267,93,1473,47,4,587,1525,44038.4,124670,56,0.000137494,0.00499958,4.20887e-07,85103.3,21392.2,0,748175,748175,1,0
610,36600,transverse,0.59,474,1655,321,167,2252,60,5,819,2527,94929.9,267961,147,0.000137488,0.00499909,9.14237e-07,85103.3,21392.2,0,748175,748175,1,0
610,36600,descending,0.6175,573,1707,397,143,2286,71,6,787,2630,108010,349870,184,0.000137484,0.0049988,1.20121e-06,85103.3,21392.2,0,748175,748175,1,0
620,37200,cecum,0.3675,255,1069,276,96,1544,51,4,618,1606,46214.8,132548,56,0.000137494,0.00499955,4.47697e-07,91941.3,23001.4,0,803291,803291,1,0
620,37200,transverse,0.57,473,1739,333,176,2380,63,5,875,2654,94669.8,287418,148,0.000137487,0.00499902,9.80894e-07,91941.3,23001.4,0,803291,803291,1,0
620,37200,descending,0.6125,595,1826,419,147,2435,74,6,824,2786,112910,377368,185,0.000137482,0.0049987,1.29615e-06,91941.3,23001.4,0,803291,803291,1,0
630,37800,cecum,0.3875,273,1113,282,99,1611,52,5,644,1688,49643.1,140921,56,0.000137493,0.00499952,4.76199e-07,99316.6,24729.4,0,862454,862454,1,0
630,37800,transverse,0.6175,521,1793,345,184,2467,67,5,920,2789,103717,308251,149,0.000137486,0.00499895,1.0523e-06,99316.6,24729.4,0,862454,862454,1,0
630,37800,descending,0.67,676,1900,456,153,2547,81,6,875,2955,127812,407005,186,0.000137481,0.0049986,1.39843e-06,99316.6,24729.4,0,862454,862454,1,0
640,38400,cecum,0.4275,288,1163,292,101,1684,53,5,670,1769,52551,149828,56,0.000137493,0.00499949,5.06496e-07,107271,26584.9,0,925940,925940,1,0
640,38400,transverse,0.5825,498,1925,359,188,2649,70,5,977,2941,99523.8,330571,149,0.000137485,0.00499887,1.12879e-06,107271,26584.9,0,925940,925940,1,0
640,38400,descending,0.7375,777,1905,484,161,2587,87,6,924,3082,146759,438985,186,0.000137479,0.00499849,1.50861e-06,107271,26584.9,0,925940,925940,1,0
650,39000,cecum,0.46,318,1203,301,107,1749,53,7,699,1859,58019.5,159295,56,0.000137493,0.00499946,5.38704e-07,115851,28577.4,0,994071,994071,1,0
650,39000,transverse,0.5825,494,2039,374,196,2810,72,5,1034,3093,99043.6,354487,149,0.000137483,0.00499879,1.21072e-06,115851,28577.4,0,994071,994071,1,0
650,39000,descending,0.6175,689,2105,513,170,2829,93,6,981,3222,130497,473441,186,0.000137478,0.00499837,1.6273e-06,115851,28577.4,0,994071,994071,1,0
660,39600,cecum,0.5075,376,1205,313,110,1786,54,7,738,1946,68744.8,169378,56,0.000137492,0.00499943,5.72945e-07,125103,30716.8,0,1.06718e+06,1.06718e+06,1,0
660,39600,transverse,0.66,592,2031,386,204,2850,75,6,1092,3229,117604,380131,149,0.000137482,0.0049987,1.29848e-06,125103,30716.8,0,1.06718e+06,1.06718e+06,1,0
660,39600,descending,0.6975,767,2208,543,179,2970,99,6,1034,3426,144981,510497,186,0.000137476,0.00499824,1.75514e-06,125103,30716.8,0,1.06718e+06,1.06718e+06,1,0
670,40200,cecum,0.52,399,1237,325,118,1844,55,7,773,2024,72855.6,180106,56,0.000137492,0.00499939,6.0935e-07,135079,33014,0,1.14565e+06,1.14565e+06,1,0
670,40200,transverse,0.6275,575,2176,405,216,3041,78,6,1153,3399,114788,407575,149,0.000137481,0.00499861,1.39248e-06,135079,33014,0,1.14565e+06,1.14565e+06,1,0
670,40200,descending,0.68,765,2350,571,187,3174,106,6,1111,3615,144600,550462,186,0.000137474,0.00499811,1.89284e-06,135079,33014,0,1.14565e+06,1.14565e+06,1,0
680,40800,cecum,0.5075,404,1308,334,122,1947,56,7,810,2128,73704.7,191493,56,0.000137491,0.00499935,6.48057e-07,145836,35480.5,0,1.22983e+06,1.22983e+06,1,0
680,40800,transverse,0.6325,597,2272,422,228,3186,81,6,1217,3564,119353,436986,149,0.00013748,0.00499851,1.49314e-06,145836,35480.5,0,1.22983e+06,1.22983e+06,1,0
680,40800,descending,0.67,746,2517,596,197,3395,116,6,1185,3812,141644,593506,186,0.000137472,0.00499796,2.04113e-06,145836,35480.5,0,1.22983e+06,1.22983e+06,1,0
690,41400,cecum,0.49,404,1382,350,131,2045,58,8,844,2220,73686.3,203613,56,0.000137491,0.00499931,6.89209e-07,157433,38128.6,0,1.32017e+06,1.32017e+06,1,0
690,41400,transverse,0.6375,603,2416,435,234,3379,84,6,1275,3759,120802,468458,149,0.000137478,0.0049984,1.60095e-06,157433,38128.6,0,1.32017e+06,1.32017e+06,1,0
690,41400,descending,0.71,849,2600,625,209,3528,120,7,1250,4034,160573,639841,186,0.00013747,0.0049978,2.20082e-06,157433,38128.6,0,1.32017e+06,1.32017e+06,1,0
700,42000,cecum,0.495,432,1468,377,136,2156,63,9,878,2341,78694.2,216474,56,0.00013749,0.00499927,7.32959e-07,169936,40971.5,0,1.41711e+06,1.41711e+06,1,0
700,42000,transverse,0.6275,573,2594,452,245,3615,86,7,1345,3960,115617,502179,150,0.000137477,0.00499828,1.7164e-06,169936,40971.5,0,1.41711e+06,1.41711e+06,1,0
700,42000,descending,0.65,779,2856,653,222,3841,127,7,1327,4269,147885,689751,187,0.000137468,0.00499763,2.37278e-06,169936,40971.5,0,1.41711e+06,1.41711e+06,1,0
710,42600,cecum,0.545,480,1519,395,138,2246,65,9,921,2465,87408.5,230159,56,0.000137489,0.00499922,7.79468e-07,183413,44023.4,0,1.52112e+06,1.52112e+06,1,0
710,42600,transverse,0.75,729,2582,482,260,3651,96,7,1418,4147,145280,538317,150,0.000137475,0.00499816,1.84002e-06,183413,44023.4,0,1.52112e+06,1.52112e+06,1,0
710,42600,descending,0.65,794,3041,690,234,4092,131,7,1409,4514,151115,743503,187,0.000137465,0.00499744,2.55794e-06,183413,44023.4,0,1.52112e+06,1.52112e+06,1,0
720,43200,cecum,0.56,494,1616,415,144,2374,67,9,960,2595,89967.2,244704,56,0.000137489,0.00499917,8.28915e-07,197940,47299.9,0,1.63271e+06,1.63271e+06,1,0
720,43200,transverse,0.665,705,2706,504,272,3841,98,7,1498,4305,142268,577063,150,0.000137473,0.00499803,1.9724e-06,197940,47299.9,0,1.63271e+06,1.63271e+06,1,0
720,43200,descending,0.735,892,3118,720,249,4245,136,7,1505,4755,169753,801414,187,0.000137462,0.00499724,2.75728e-06,197940,47299.9,0,1.63271e+06,1.63271e+06,1,0
730,43800,cecum,0.5275,472,1708,434,151,2511,69,10,1013,2699,85701.6,260215,56,0.000137488,0.00499912,8.81487e-07,213598,50817.2,0,1.75244e+06,1.75244e+06,1,0
730,43800,transverse,0.685,709,2879,526,282,4066,103,7,1565,4527,143765,618484,150,0.000137471,0.00499789,2.11416e-06,213598,50817.2,0,1.75244e+06,1.75244e+06,1,0
730,43800,descending,0.7175,920,3263,755,259,4473,143,8,1604,4992,174867,863789,187,0.000137459,0.00499703,2.97192e-06,213598,50817.2,0,1.75244e+06,1.75244e+06,1,0
740,44400,cecum,0.5175,453,1827,454,163,2665,75,10,1066,2832,82101.7,276683,56,0.000137487,0.00499906,9.37387e-07,230475,54593.1,0,1.8809e+06,1.8809e+06,1,0
740,44400,transverse,0.655,729,3013,560,295,4286,107,9,1666,4748,148312,662885,150,0.000137469,0.00499773,2.26594e-06,230475,54593.1,0,1.8809e+06,1.8809e+06,1,0
740,44400,descending,0.77,1024,3318,788,277,4626,153,8,1730,5244,193877,930971,187,0.000137456,0.0049968,3.203e-06,230475,54593.1,0,1.8809e+06,1.8809e+06,1,0
750,45000,cecum,0.6175,597,1779,482,172,2665,81,10,1129,2963,108657,294210,56,0.000137486,0.004999,9.96823e-07,248664,58646.4,0,2.01874e+06,2.01874e+06,1,0
750,45000,transverse,0.7175,800,3099,594,307,4451,115,12,1762,4967,162727,710433,150,0.000137467,0.00499757,2.42845e-06,248664,58646.4,0,2.01874e+06,2.01874e+06,1,0
750,45000,descending,0.7975,1093,3406,827,289,4820,159,8,1854,5486,206419,1.00332e+06,187,0.000137453,0.00499655,3.45176e-06,248664,58646.4,0,2.01874e+06,2.01874e+06,1,0
760,45600,cecum,0.6575,629,1856,499,180,2778,85,10,1177,3103,114455,312827,56,0.000137486,0.00499894,1.06002e-06,268265,62997.3,0,2.1666e+06,2.1666e+06,1,0
760,45600,transverse,0.76,875,3207,627,324,4615,118,12,1838,5193,176543,761324,150,0.000137464,0.0049974,2.60244e-06,268265,62997.3,0,2.1666e+06,2.1666e+06,1,0
760,45600,descending,0.815,1098,3618,874,306,5099,167,8,1946,5748,207409,1.08116e+06,187,0.000137449,0.00499628,3.71955e-06,268265,62997.3,0,2.1666e+06,2.1666e+06,1,0
770,46200,cecum,0.6525,659,1929,528,196,2897,88,17,1235,3235,119746,332647,56,0.000137485,0.00499887,1.12722e-06,289387,67667.5,0,2.32524e+06,2.32524e+06,1,0
770,46200,transverse,0.795,973,3234,664,335,4720,124,14,1931,5374,195530,815887,150,0.000137462,0.00499721,2.78872e-06,289387,67667.5,0,2.32524e+06,2.32524e+06,1,0
770,46200,descending,0.79,1074,3808,919,322,5380,169,8,2055,5978,203716,1.16502e+06,187,0.000137445,0.00499599,4.00779e-06,289387,67667.5,0,2.32524e+06,2.32524e+06,1,0
780,46800,cecum,0.6475,639,2053,563,205,3067,93,17,1295,3364,115957,353732,56,0.000137484,0.0049988,1.19867e-06,312146,72680.5,0,2.49542e+06,2.49542e+06,1,0
780,46800,transverse,0.7325,856,3518,699,347,5094,125,14,2034,5609,174635,874268,150,0.000137459,0.00499701,2.98815e-06,312146,72680.5,0,2.49542e+06,2.49542e+06,1,0
780,46800,descending,0.7625,1088,4031,966,333,5702,178,8,2174,6287,206479,1.25524e+06,190,0.000137441,0.00499568,4.31804e-06,312146,72680.5,0,2.49542e+06,2.49542e+06,1,0
790,47400,cecum,0.6875,689,2101,580,215,3165,96,17,1358,3508,125136,376145,56,0.000137483,0.00499873,1.27465e-06,336666,78061.1,0,2.67797e+06,2.67797e+06,1,0
790,47400,transverse,0.8175,999,3525,730,375,5155,133,14,2124,5818,201887,936793,150,0.000137456,0.0049968,3.20166e-06,336666,78061.1,0,2.67797e+06,2.67797e+06,1,0
790,47400,descending,0.775,1193,4224,1027,345,6008,193,8,2314,6664,225829,1.3523e+06,190,0.000137436,0.00499535,4.65193e-06,336666,78061.1,0,2.67797e+06,2.67797e+06,1,0
800,48000,cecum,0.6475,685,2227,604,223,3332,102,17,1413,3661,124127,399966,56,0.000137481,0.00499864,1.35544e-06,363081,83836,0,2.87379e+06,2.87379e+06,1,0
800,48000,transverse,0.78,963,3695,767,392,5400,140,14,2223,6014,195904,1.00376e+06,150,0.000137453,0.00499657,3.43022e-06,363081,83836,0,2.87379e+06,2.87379e+06,1,0
800,48000,descending,0.7625,1148,4542,1087,358,6412,207,8,2427,6990,217699,1.4568e+06,190,0.000137432,0.00499499,5.01124e-06,363081,83836,0,2.87379e+06,2.87379e+06,1,0
810,48600,cecum,0.68,730,2319,629,227,3468,110,18,1468,3828,132387,425287,56,0.00013748,0.00499856,1.44135e-06,391537,90033.7,0,3.08384e+06,3.08384e+06,1,0
810,48600,transverse,0.82,1009,3861,811,408,5648,150,14,2331,6290,204410,1.07539e+06,150,0.00013745,0.00499633,3.67488e-06,391537,90033.7,0,3.08384e+06,3.08384e+06,1,0
810,48600,descending,0.8225,1305,4640,1143,379,6615,219,9,2564,7326,247513,1.5693e+06,190,0.000137426,0.0049946,5.39788e-06,391537,90033.7,0,3.08384e+06,3.08384e+06,1,0
820,49200,cecum,0.67,733,2447,652,232,3646,113,18,1526,3994,132837,452222,56,0.000137479,0.00499847,1.53269e-06,422189,96685.2,0,3.30912e+06,3.30912e+06,1,0
820,49200,transverse,0.7725,957,4125,846,423,6017,153,17,2451,6587,195540,1.15207e+06,150,0.000137446,0.00499606,3.93676e-06,422189,96685.2,0,3.30912e+06,3.30912e+06,1,0
820,49200,descending,0.835,1240,4948,1190,392,7033,229,10,2696,7654,235549,1.69038e+06,190,0.000137421,0.00499419,5.81393e-06,422189,96685.2,0,3.30912e+06,3.30912e+06,1,0
830,49800,cecum,0.725,848,2473,678,239,3729,119,18,1596,4179,153892,480863,56,0.000137478,0.00499837,1.62981e-06,455206,103824,0,3.55078e+06,3.55078e+06,1,0
830,49800,transverse,0.7725,942,4373,896,431,6370,161,17,2572,6891,193187,1.23414e+06,150,0.000137442,0.00499578,4.21705e-06,455206,103824,0,3.55078e+06,3.55078e+06,1,0
830,49800,descending,0.835,1363,5009,1252,414,7210,237,10,2842,7922,258747,1.82076e+06,190,0.000137414,0.00499374,6.2616e-06,455206,103824,0,3.55078e+06,3.55078e+06,1,0
840,50400,cecum,0.725,882,2553,712,249,3859,127,20,1662,4325,160006,511361,57,0.000137476,0.00499827,1.73309e-06,490769,111484,0,3.80996e+06,3.80996e+06,1,0
840,50400,transverse,0.7825,973,4549,931,446,6660,170,17,2710,7201,198925,1.32202e+06,151,0.000137438,0.00499548,4.51705e-06,490769,111484,0,3.80996e+06,3.80996e+06,1,0
840,50400,descending,0.8125,1381,5218,1313,433,7555,250,10,3010,8256,262279,1.96102e+06,191,0.000137408,0.00499326,6.74328e-06,490769,111484,0,3.80996e+06,3.80996e+06,1,0
850,51000,cecum,0.6775,794,2730,740,266,4097,136,20,1749,4473,143833,543817,57,0.000137475,0.00499816,1.84292e-06,529069,119705,0,4.08794e+06,4.08794e+06,1,0
850,51000,transverse,0.805,1096,4708,981,462,6911,179,19,2825,7548,222042,1.41603e+06,151,0.000137434,0.00499516,4.8381e-06,529069,119705,0,4.08794e+06,4.08794e+06,1,0
850,51000,descending,0.8325,1468,5393,1374,448,7861,260,10,3166,8613,278224,2.1119e+06,191,0.000137401,0.00499274,7.26148e-06,529069,119705,0,4.08794e+06,4.08794e+06,1,0
860,51600,cecum,0.7,818,2843,780,276,4284,144,20,1841,4662,148221,578300,57,0.000137473,0.00499804,1.95972e-06,570315,128526,0,4.38607e+06,4.38607e+06,1,0
860,51600,transverse,0.8525,1219,4752,1028,484,7069,185,19,2967,7810,246059,1.51677e+06,151,0.000137429,0.00499482,5.18171e-06,570315,128526,0,4.38607e+06,4.38607e+06,1,0
860,51600,descending,0.8225,1383,5755,1430,474,8366,269,10,3344,9012,262780,2.27423e+06,191,0.000137393,0.00499218,7.81896e-06,570315,128526,0,4.38607e+06,4.38607e+06,1,0
870,52200,cecum,0.665,819,2981,837,287,4495,150,20,1931,4834,148127,614990,57,0.000137472,0.00499792,2.08393e-06,614730,137993,0,4.70582e+06,4.70582e+06,1,0
870,52200,transverse,0.8125,1090,5118,1074,496,7561,191,19,3111,8145,222546,1.62452e+06,151,0.000137424,0.00499445,5.54944e-06,614730,137993,0,4.70582e+06,4.70582e+06,1,0
870,52200,descending,0.8425,1429,5979,1491,495,8719,284,10,3509,9386,271661,2.44889e+06,191,0.000137385,0.00499158,8.41864e-06,614730,137993,0,4.70582e+06,4.70582e+06,1,0
880,52800,cecum,0.685,846,3128,868,298,4728,158,20,2036,5082,152859,653950,60,0.00013747,0.00499778,2.21602e-06,662554,148150,0,5.04869e+06,5.04869e+06,1,0
880,52800,transverse,0.89,1284,5107,1124,518,7637,204,19,3233,8400,259637,1.73991e+06,154,0.000137419,0.00499406,5.94295e-06,662554,148150,0,5.04869e+06,5.04869e+06,1,0
880,52800,descending,0.85,1538,6222,1552,507,9127,293,11,3694,9862,291211,2.63671e+06,194,0.000137376,0.00499094,9.06367e-06,662554,148150,0,5.04869e+06,5.04869e+06,1,0
890,53400,cecum,0.755,953,3174,904,306,4865,164,20,2141,5304,172513,695413,60,0.000137468,0.00499764,2.35646e-06,714044,159048,0,5.41639e+06,5.41639e+06,1,0
890,53400,transverse,0.8725,1260,5313,1170,538,7974,210,19,3390,8693,255454,1.86341e+06,154,0.000137413,0.00499364,6.36407e-06,714044,159048,0,5.41639e+06,5.41639e+06,1,0
890,53400,descending,0.85,1479,6602,1623,523,9638,308,14,3853,10271,280663,2.83879e+06,194,0.000137367,0.00499024,9.75743e-06,714044,159048,0,5.41639e+06,5.41639e+06,1,0
900,54000,cecum,0.735,909,3325,929,320,5091,173,21,2238,5483,164560,739548,60,0.000137466,0.00499749,2.50582e-06,769478,170741,0,5.81065e+06,5.81065e+06,1,0
900,54000,transverse,0.8875,1227,5498,1207,560,8279,221,19,3543,8961,248690,1.99559e+06,154,0.000137407,0.00499319,6.8147e-06,769478,170741,0,5.81065e+06,5.81065e+06,1,0
900,54000,descending,0.9075,1713,6733,1685,544,9902,317,18,4012,10733,325330,3.05611e+06,194,0.000137356,0.0049895,1.05035e-05,769478,170741,0,5.81065e+06,5.81065e+06,1,0
910,54600,cecum,0.6925,856,3533,967,337,5392,181,21,2356,5718,154927,786453,60,0.000137464,0.00499734,2.66466e-06,829155,183287,0,6.23344e+06,6.23344e+06,1,0
910,54600,transverse,0.875,1231,5654,1248,584,8585,227,20,3722,9259,250564,2.13704e+06,154,0.0001374,0.0049927,7.2969e-06,829155,183287,0,6.23344e+06,6.23344e+06,1,0
910,54600,descending,0.865,1459,7316,1745,571,10670,322,18,4229,11219,277191,3.28989e+06,194,0.000137346,0.00498869,1.13059e-05,829155,183287,0,6.23344e+06,6.23344e+06,1,0
920,55200,cecum,0.7275,891,3736,1018,346,5670,192,21,2451,6000,161188,836266,60,0.000137461,0.00499717,2.83355e-06,893394,196747,0,6.6868e+06,6.6868e+06,1,0
920,55200,transverse,0.875,1244,5811,1297,606,8890,231,20,3896,9554,254932,2.28841e+06,154,0.000137393,0.00499219,7.81285e-06,893394,196747,0,6.6868e+06,6.6868e+06,1,0
920,55200,descending,0.8925,1614,7506,1802,588,11036,331,19,4430,11708,306237,3.54132e+06,194,0.000137334,0.00498783,1.21688e-05,893394,196747,0,6.6868e+06,6.6868e+06,1,0
930,55800,cecum,0.725,931,3890,1052,354,5933,197,21,2573,6282,168511,889275,61,0.000137459,0.00499699,3.01315e-06,962542,211188,0,7.17289e+06,7.17289e+06,1,0
930,55800,transverse,0.9,1328,5922,1350,631,9131,240,20,4060,9860,271254,2.45036e+06,155,0.000137386,0.00499164,8.36489e-06,962542,211188,0,7.17289e+06,7.17289e+06,1,0
930,55800,descending,0.92,1765,7637,1870,607,11380,341,20,4671,12163,334794,3.81178e+06,195,0.000137321,0.0049869,1.30966e-05,962542,211188,0,7.17289e+06,7.17289e+06,1,0
940,56400,cecum,0.71,927,4092,1089,366,6238,200,23,2689,6559,167753,945650,61,0.000137456,0.0049968,3.20412e-06,1.03697e+06,226680,0,7.69407e+06,7.69407e+06,1,0
940,56400,transverse,0.8775,1389,6146,1402,655,9511,251,21,4250,10283,282941,2.62355e+06,155,0.000137378,0.00499104,8.9555e-06,1.03697e+06,226680,0,7.69407e+06,7.69407e+06,1,0
940,56400,descending,0.865,1593,8111,1943,628,12062,355,22,4912,12633,303052,4.10262e+06,195,0.000137307,0.00498591,1.40942e-05,1.03697e+06,226680,0,7.69407e+06,7.69407e+06,1,0
950,57000,cecum,0.74,971,4275,1142,375,6517,212,23,2806,6850,175600,1.0056e+06,61,0.000137453,0.00499659,3.4072e-06,1.11707e+06,243298,0,8.25286e+06,8.25286e+06,1,0
950,57000,transverse,0.8475,1307,6495,1448,677,9997,257,21,4415,10669,267699,2.80886e+06,155,0.000137369,0.00499041,9.58735e-06,1.11707e+06,243298,0,8.25286e+06,8.25286e+06,1,0
950,57000,descending,0.92,1861,8169,2023,653,12348,369,22,5179,13146,352429,4.41532e+06,195,0.000137293,0.00498483,1.51668e-05,1.11707e+06,243298,0,8.25286e+06,8.25286e+06,1,0
960,57600,cecum,0.775,1047,4415,1184,393,6768,220,23,2943,7161,189587,1.06935e+06,61,0.00013745,0.00499638,3.62315e-06,1.20328e+06,261125,0,8.85191e+06,8.85191e+06,1,0
960,57600,transverse,0.89,1416,6707,1494,695,10358,260,21,4585,11114,287983,3.00708e+06,156,0.00013736,0.00498974,1.02633e-05,1.20328e+06,261125,0,8.85191e+06,8.85191e+06,1,0
960,57600,descending,0.9375,1860,8336,2089,677,12705,383,25,5404,13471,352485,4.7517e+06,196,0.000137277,0.00498368,1.63199e-05,1.20328e+06,261125,0,8.85191e+06,8.85191e+06,1,0
970,58200,cecum,0.84,1207,4380,1223,407,6838,227,23,3069,7373,219000,1.13725e+06,61,0.000137447,0.00499615,3.85279e-06,1.29605e+06,280248,0,9.49415e+06,9.49415e+06,1,0
970,58200,transverse,0.91,1527,6859,1556,724,10640,272,21,4756,11486,309939,3.21921e+06,156,0.00013735,0.00498901,1.09863e-05,1.29605e+06,280248,0,9.49415e+06,9.49415e+06,1,0
970,58200,descending,0.945,2013,8466,2174,710,13025,398,25,5642,13907,381389,5.11324e+06,196,0.00013726,0.00498244,1.75596e-05,1.29605e+06,280248,0,9.49415e+06,9.49415e+06,1,0
980,58800,cecum,0.8075,1118,4652,1280,417,7221,238,23,3201,7631,202466,1.20942e+06,61,0.000137444,0.0049959,4.09702e-06,1.39587e+06,300761,0,1.01827e+07,1.01827e+07,1,0
980,58800,transverse,0.8625,1394,7253,1617,749,11209,280,24,4961,11891,286319,3.44616e+06,156,0.000137339,0.00498824,1.17597e-05,1.39587e+06,300761,0,1.01827e+07,1.01827e+07,1,0
980,58800,descending,0.9375,2094,8589,2278,741,13351,417,25,5895,14260,397566,5.50202e+06,196,0.000137242,0.00498111,1.88921e-05,1.39587e+06,300761,0,1.01827e+07,1.01827e+07,1,0
990,59400,cecum,0.7675,1056,4862,1322,435,7559,246,24,3354,7890,190978,1.28619e+06,61,0.00013744,0.00499564,4.35674e-06,1.50328e+06,322763,0,1.09207e+07,1.09207e+07,1,0
990,59400,transverse,0.8725,1429,7586,1679,769,11746,290,25,5194,12430,293130,3.68882e+06,159,0.000137328,0.00498741,1.2587e-05,1.50328e+06,322763,0,1.09207e+07,1.09207e+07,1,0
990,59400,descending,0.9075,1977,9087,2348,764,14070,434,25,6156,14832,375922,5.91972e+06,199,0.000137222,0.00497968,2.03245e-05,1.50328e+06,322763,0,1.09207e+07,1.09207e+07,1,0
1000,60000,cecum,0.7675,1123,5054,1366,447,7888,254,24,3511,8262,203063,1.36773e+06,61,0.000137437,0.00499537,4.63293e-06,1.61885e+06,346361,0,1.17118e+07,1.17118e+07,1,0
1000,60000,transverse,0.89,1513,7788,1727,792,12160,300,25,5439,12913,308930,3.94846e+06,159,0.000137316,0.00498653,1.34719e-05,1.61885e+06,346361,0,1.17118e+07,1.17118e+07,1,0
1000,60000,descending,0.9,2040,9484,2445,785,14702,449,25,6427,15466,388070,6.36864e+06,199,0.000137201,0.00497814,2.18638e-05,1.61885e+06,346361,0,1.17118e+07,1.17118e+07,1,0
1010,60600,cecum,0.8325,1205,5165,1405,469,8100,259,25,3638,8543,218140,1.45452e+06,61,0.000137433,0.00499507,4.92662e-06,1.74317e+06,371669,0,1.25598e+07,1.25598e+07,1,0
1010,60600,transverse,0.8975,1613,8019,1794,812,12613,309,26,5689,13427,327964,4.22617e+06,159,0.000137303,0.00498558,1.44182e-05,1.74317e+06,371669,0,1.25598e+07,1.25598e+07,1,0
1010,60600,descending,0.9375,2273,9675,2537,816,15126,467,26,6708,16079,431314,6.85117e+06,199,0.000137178,0.00497648,2.35181e-05,1.74317e+06,371669,0,1.25598e+07,1.25598e+07,1,0
1020,61200,cecum,0.84,1304,5194,1455,480,8261,270,25,3792,8775,236107,1.54689e+06,61,0.000137428,0.00499476,5.23896e-06,1.8769e+06,398813,0,1.34687e+07,1.34687e+07,1,0
1020,61200,transverse,0.9125,1801,8156,1872,838,12931,329,26,5916,13901,365258,4.52321e+06,159,0.000137289,0.00498457,1.54304e-05,1.8769e+06,398813,0,1.34687e+07,1.34687e+07,1,0
1020,61200,descending,0.9375,2357,9865,2647,851,15552,478,26,6990,16525,447037,7.36992e+06,199,0.000137154,0.0049747,2.52959e-05,1.8769e+06,398813,0,1.34687e+07,1.34687e+07,1,0
1030,61800,cecum,0.85,1409,5294,1514,497,8513,279,25,3970,9099,255249,1.64506e+06,61,0.000137424,0.00499443,5.57112e-06,2.02076e+06,427923,0,1.44428e+07,1.44428e+07,1,0
1030,61800,transverse,0.9125,1649,8613,1942,861,13601,343,26,6166,14386,336989,4.84093e+06,159,0.000137274,0.00498349,1.65128e-05,2.02076e+06,427923,0,1.44428e+07,1.44428e+07,1,0
1030,61800,descending,0.95,2566,9914,2742,875,15837,490,26,7262,16960,486271,7.92739e+06,199,0.000137128,0.00497279,2.72061e-05,2.02076e+06,427923,0,1.44428e+07,1.44428e+07,1,0
1040,62400,cecum,0.8325,1355,5625,1553,511,8976,290,27,4125,9492,245151,1.74938e+06,61,0.000137419,0.00499408,5.92435e-06,2.1755e+06,459140,0,1.54868e+07,1.54868e+07,1,0
1040,62400,transverse,0.9225,1779,8788,2003,885,13955,353,29,6376,14840,360429,5.18071e+06,159,0.000137258,0.00498233,1.76703e-05,2.1755e+06,459140,0,1.54868e+07,1.54868e+07,1,0
1040,62400,descending,0.95,2696,10107,2855,904,16251,507,27,7528,17436,511454,8.52636e+06,199,0.000137099,0.00497074,2.92586e-05,2.1755e+06,459140,0,1.54868e+07,1.54868e+07,1,0
1050,63000,cecum,0.8275,1408,5840,1603,525,9327,298,27,4283,9868,254393,1.86033e+06,61,0.000137414,0.0049937,6.29995e-06,2.34192e+06,492615,0,1.66056e+07,1.66056e+07,1,0
1050,63000,transverse,0.89,1672,9421,2083,912,14776,372,29,6610,15520,343425,5.54388e+06,159,0.000137241,0.00498109,1.89081e-05,2.34192e+06,492615,0,1.66056e+07,1.66056e+07,1,0
1050,63000,descending,0.92,2500,10735,2996,940,17115,538,31,7827,18026,475631,9.16983e+06,199,0.000137069,0.00496854,3.14636e-05,2.34192e+06,492615,0,1.66056e+07,1.66056e+07,1,0
1060,63600,cecum,0.89,1669,5711,1646,551,9327,304,29,4442,10116,302620,1.97847e+06,61,0.000137408,0.0049933,6.69937e-06,2.52089e+06,528510,0,1.78045e+07,1.78045e+07,1,0
1060,63600,transverse,0.935,1922,9568,2157,939,15131,386,31,6857,16090,390185,5.93236e+06,159,0.000137223,0.00497977,2.02316e-05,2.52089e+06,528510,0,1.78045e+07,1.78045e+07,1,0
1060,63600,descending,0.96,2839,10862,3130,975,17531,560,31,8173,18704,538718,9.8611e+06,199,0.000137037,0.00496617,3.38324e-05,2.52089e+06,528510,0,1.78045e+07,1.78045e+07,1,0
1070,64200,cecum,0.8675,1537,6053,1711,573,9809,313,32,4610,10429,278210,2.10405e+06,61,0.000137403,0.00499288,7.12415e-06,2.71334e+06,566999,0,1.90892e+07,1.90892e+07,1,0
1070,64200,transverse,0.9525,2065,9618,2222,970,15392,400,33,7111,16472,417479,6.34798e+06,159,0.000137204,0.00497835,2.16467e-05,2.71334e+06,566999,0,1.90892e+07,1.90892e+07,1,0
1070,64200,descending,0.97,2833,11136,3276,1008,18087,597,33,8523,19176,539860,1.06039e+07,199,0.000137002,0.00496362,3.63769e-05,2.71334e+06,566999,0,1.90892e+07,1.90892e+07,1,0
1080,64800,cecum,0.875,1629,6190,1771,605,10067,316,33,4765,10753,295041,2.23757e+06,61,0.000137396,0.00499242,7.57586e-06,2.92029e+06,608268,0,2.04657e+07,2.04657e+07,1,0
1080,64800,transverse,0.955,1977,9972,2302,1006,16009,416,35,7424,16971,402697,6.79233e+06,159,0.000137183,0.00497684,2.31598e-05,2.92029e+06,608268,0,2.04657e+07,2.04657e+07,1,0
1080,64800,descending,0.955,2785,11589,3404,1038,18807,621,35,8842,19772,531503,1.14017e+07,199,0.000136964,0.00496089,3.91099e-05,2.92029e+06,608268,0,2.04657e+07,2.04657e+07,1,0
1090,65400,cecum,0.895,1691,6357,1852,614,10396,328,36,4945,11081,305898,2.37959e+06,61,0.00013739,0.00499194,8.05622e-06,3.1428e+06,652515,0,2.19406e+07,2.19406e+07,1,0
1090,65400,transverse,0.9225,1788,10518,2383,1042,16780,429,39,7694,17517,366745,7.26733e+06,159,0.000137161,0.00497522,2.47774e-05,3.1428e+06,652515,0,2.19406e+07,2.19406e+07,1,0
1090,65400,descending,0.9575,2802,12028,3533,1071,19559,645,35,9212,20469,534526,1.22585e+07,199,0.000136924,0.00495795,4.20451e-05,3.1428e+06,652515,0,2.19406e+07,2.19406e+07,1,0
1100,66000,cecum,0.9075,1762,6389,1915,633,10592,343,37,5142,11318,318943,2.53074e+06,61,0.000137383,0.00499143,8.56706e-06,3.38202e+06,699953,0,2.35206e+07,2.35206e+07,1,0
1100,66000,transverse,0.9225,1934,10592,2456,1067,17151,442,41,8027,17997,395001,7.7753e+06,159,0.000137137,0.00497349,2.65068e-05,3.38202e+06,699953,0,2.35206e+07,2.35206e+07,1,0
1100,66000,descending,0.96,2878,12350,3674,1110,20130,667,35,9522,21036,549206,1.31787e+07,199,0.00013688,0.0049548,4.5197e-05,3.38202e+06,699953,0,2.35206e+07,2.35206e+07,1,0
1110,66600,cecum,0.9275,1947,6340,1991,655,10688,355,37,5321,11557,352796,2.69146e+06,61,0.000137375,0.00499089,9.11033e-06,3.63918e+06,750809,0,2.52133e+07,2.52133e+07,1,0
1110,66600,transverse,0.925,1974,11090,2554,1095,17946,456,41,8366,18776,404124,8.31807e+06,159,0.000137112,0.00497164,2.83556e-05,3.63918e+06,750809,0,2.52133e+07,2.52133e+07,1,0
1110,66600,descending,0.9625,2907,12777,3794,1136,20902,689,35,9915,21765,554381,1.41668e+07,199,0.000136834,0.00495142,4.85815e-05,3.63918e+06,750809,0,2.52133e+07,2.52133e+07,1,0
1120,67200,cecum,0.87,1789,6784,2089,677,11274,372,39,5500,11924,323069,2.86224e+06,61,0.000137367,0.00499031,9.68806e-06,3.91562e+06,805327,0,2.70266e+07,2.70266e+07,1,0
1120,67200,transverse,0.95,2229,11307,2641,1124,18424,473,42,8672,19467,453011,8.89835e+06,159,0.000137084,0.00496967,3.03318e-05,3.91562e+06,805327,0,2.70266e+07,2.70266e+07,1,0
1120,67200,descending,0.94,2838,13530,3926,1166,22044,709,36,10353,22755,541732,1.52275e+07,199,0.000136783,0.00494778,5.22153e-05,3.91562e+06,805327,0,2.70266e+07,2.70266e+07,1,0
1130,67800,cecum,0.8925,1878,6941,2175,694,11593,394,40,5700,12284,338911,3.04389e+06,61,0.000137359,0.0049897,1.03024e-05,4.21274e+06,863767,0,2.89688e+07,2.89688e+07,1,0
1130,67800,transverse,0.96,2411,11351,2728,1151,18742,490,42,8990,19924,488181,9.51889e+06,159,0.000137055,0.00496756,3.2444e-05,4.21274e+06,863767,0,2.89688e+07,2.89688e+07,1,0
1130,67800,descending,0.9725,3207,13476,4071,1204,22335,735,36,10762,23334,611075,1.63667e+07,199,0.00013673,0.00494388,5.61163e-05,4.21274e+06,863767,0,2.89688e+07,2.89688e+07,1,0
1140,68400,cecum,0.9225,1962,7085,2239,721,11894,403,40,5893,12641,354376,3.23706e+06,61,0.00013735,0.00498904,1.09557e-05,4.53208e+06,926410,0,3.1049e+07,3.1049e+07,1,0
1140,68400,transverse,0.9375,2249,11839,2831,1198,19467,507,42,9291,20448,459024,1.01821e+07,159,0.000137024,0.0049653,3.47017e-05,4.53208e+06,926410,0,3.1049e+07,3.1049e+07,1,0
1140,68400,descending,0.9675,3127,13967,4195,1248,23229,757,37,11230,24089,595450,1.75896e+07,199,0.000136672,0.0049397,6.03039e-05,4.53208e+06,926410,0,3.1049e+07,3.1049e+07,1,0
1150,69000,cecum,0.8925,2001,7321,2322,753,12245,426,41,6062,13002,361495,3.44244e+06,61,0.000137341,0.00498835,1.16504e-05,4.87527e+06,993552,0,3.32768e+07,3.32768e+07,1,0
1150,69000,transverse,0.9625,2391,11998,2925,1233,19919,520,44,9630,20994,488235,1.08909e+07,159,0.000136991,0.00496289,3.71146e-05,4.87527e+06,993552,0,3.32768e+07,3.32768e+07,1,0
1150,69000,descending,0.9675,3109,14421,4334,1283,24023,784,40,11629,24785,591795,1.89022e+07,199,0.00013661,0.0049352,6.47984e-05,4.87527e+06,993552,0,3.32768e+07,3.32768e+07,1,0
1160,69600,cecum,0.905,2096,7510,2424,784,12636,447,42,6315,13437,378443,3.66086e+06,61,0.00013733,0.00498761,1.23891e-05,5.24405e+06,1.06551e+06,0,3.56626e+07,3.56626e+07,1,0
1160,69600,transverse,0.9525,2382,12256,3027,1265,20480,536,46,9979,21490,488733,1.16486e+07,159,0.000136956,0.00496031,3.96933e-05,5.24405e+06,1.06551e+06,0,3.56626e+07,3.56626e+07,1,0
1160,69600,descending,0.9575,3305,14605,4498,1322,24543,820,41,12039,25411,628197,2.0311e+07,199,0.000136543,0.00493038,6.96219e-05,5.24405e+06,1.06551e+06,0,3.56626e+07,3.56626e+07,1,0
1170,70200,cecum,0.915,2132,7730,2530,812,13044,466,43,6549,13821,384603,3.89316e+06,61,0.00013732,0.00498683,1.31746e-05,5.64029e+06,1.14264e+06,0,3.82173e+07,3.82173e+07,1,0
1170,70200,transverse,0.96,2482,12613,3132,1305,21173,552,47,10370,22233,508231,1.2458e+07,159,0.000136918,0.00495755,4.24489e-05,5.64029e+06,1.14264e+06,0,3.82173e+07,3.82173e+07,1,0
1170,70200,descending,0.98,3252,15219,4645,1357,25474,843,43,12412,26198,618595,2.18227e+07,199,0.000136471,0.0049252,7.47978e-05,5.64029e+06,1.14264e+06,0,3.82173e+07,3.82173e+07,1,0
1180,70800,cecum,0.9325,2225,7934,2622,841,13447,485,44,6795,14272,401825,4.14012e+06,61,0.000137308,0.00498599,1.40099e-05,6.06601e+06,1.22529e+06,0,4.09526e+07,4.09526e+07,1,0
1180,70800,transverse,0.9425,2457,12965,3254,1343,21790,576,47,10697,22765,504831,1.33231e+07,159,0.000136877,0.00495461,4.53934e-05,6.06601e+06,1.22529e+06,0,4.09526e+07,4.09526e+07,1,0
1180,70800,descending,0.9775,3205,15407,4788,1400,26185,867,46,12999,26783,609430,2.34451e+07,199,0.000136394,0.00491965,8.03513e-05,6.06601e+06,1.22529e+06,0,4.09526e+07,4.09526e+07,1,0
1190,71400,cecum,0.9175,2227,8236,2706,870,13916,500,44,7006,14703,402310,4.40271e+06,61,0.000137296,0.0049851,1.4898e-05,6.52335e+06,1.31386e+06,0,4.38809e+07,4.38809e+07,1,0
1190,71400,transverse,0.94,2422,13551,3374,1375,22690,592,48,11058,23557,499433,1.42473e+07,159,0.000136834,0.00495146,4.85394e-05,6.52335e+06,1.31386e+06,0,4.38809e+07,4.38809e+07,1,0
1190,71400,descending,0.97,3102,16257,4920,1426,27371,889,47,13382,27781,588870,2.51851e+07,199,0.000136312,0.00491369,8.63089e-05,6.52335e+06,1.31386e+06,0,4.38809e+07,4.38809e+07,1,0
1200,72000,cecum,0.88,1997,8850,2801,902,14707,512,49,7222,15208,360175,4.68187e+06,61,0.000137283,0.00498416,1.58424e-05,7.01461e+06,1.40876e+06,0,4.70156e+07,4.70156e+07,1,0
1200,72000,transverse,0.9725,2673,13879,3469,1419,23364,608,50,11462,24445,547206,1.52346e+07,159,0.000136787,0.0049481,5.19004e-05,7.01461e+06,1.40876e+06,0,4.70156e+07,4.70156e+07,1,0
1200,72000,descending,0.985,3275,16695,5074,1458,28162,913,47,13791,28647,620886,2.70517e+07,199,0.000136223,0.0049073,9.26992e-05,7.01461e+06,1.40876e+06,0,4.70156e+07,4.70156e+07,1,0
1210,72600,cecum,0.8975,2099,9283,2900,929,15327,529,49,7453,15875,379240,4.97856e+06,61,0.000137269,0.00498315,1.68465e-05,7.54226e+06,1.51044e+06,0,5.03708e+07,5.03708e+07,1,0
1210,72600,transverse,0.98,2890,13711,3567,1457,23534,625,54,11851,24785,590785,1.629e+07,159,0.000136738,0.00494451,5.5491e-05,7.54226e+06,1.51044e+06,0,5.03708e+07,5.03708e+07,1,0
1210,72600,descending,0.99,3304,16904,5218,1507,28743,948,49,14245,29195,626267,2.90541e+07,199,0.000136127,0.00490045,9.95527e-05,7.54226e+06,1.51044e+06,0,5.03708e+07,5.03708e+07,1,0
1220,73200,cecum,0.905,2102,9564,2990,956,15907,538,58,7779,16395,379679,5.29428e+06,61,0.000137255,0.00498209,1.79141e-05,8.10893e+06,1.61937e+06,0,5.39619e+07,5.39619e+07,1,0
1220,73200,transverse,0.9775,2870,13793,3697,1518,23931,644,54,12246,25112,590394,1.74173e+07,159,0.000136685,0.00494067,5.93265e-05,8.10893e+06,1.61937e+06,0,5.39619e+07,5.39619e+07,1,0
1220,73200,descending,0.98,3256,17474,5368,1535,29747,990,54,14744,30066,618815,3.12012e+07,199,0.000136025,0.0048931,0.000106902,8.10893e+06,1.61937e+06,0,5.39619e+07,5.39619e+07,1,0
1230,73800,cecum,0.8875,2110,10001,3099,975,16603,559,61,8075,17027,380302,5.62984e+06,61,0.000137239,0.00498095,1.90492e-05,8.71744e+06,1.73608e+06,0,5.78047e+07,5.78047e+07,1,0
1230,73800,transverse,0.9875,3120,13647,3810,1570,24090,663,56,12620,25477,640231,1.86215e+07,159,0.000136628,0.00493658,6.34233e-05,8.71744e+06,1.73608e+06,0,5.78047e+07,5.78047e+07,1,0
1230,73800,descending,0.985,3577,17682,5518,1578,30438,1016,57,15293,30994,678500,3.35032e+07,199,0.000135915,0.00488522,0.000114781,8.71744e+06,1.73608e+06,0,5.78047e+07,5.78047e+07,1,0
1240,74400,cecum,0.9325,2468,10085,3215,998,16887,584,64,8320,17598,446016,5.98663e+06,61,0.000137223,0.00497974,2.02561e-05,9.37082e+06,1.8611e+06,0,6.19166e+07,6.19166e+07,1,0
1240,74400,transverse,0.985,3086,13632,3935,1617,24457,679,57,13064,25747,637093,1.99077e+07,159,0.000136568,0.0049322,6.77989e-05,9.37082e+06,1.8611e+06,0,6.19166e+07,6.19166e+07,1,0
1240,74400,descending,0.995,3971,17434,5685,1626,30631,1047,58,15812,31492,751814,3.59715e+07,199,0.000135797,0.00487677,0.000123228,9.37082e+06,1.8611e+06,0,6.19166e+07,6.19166e+07,1,0
1250,75000,cecum,0.9475,2589,10168,3332,1025,17211,599,64,8603,17968,468036,6.36624e+06,61,0.000137205,0.00497846,2.15393e-05,1.00723e+07,1.99501e+06,0,6.63157e+07,6.63157e+07,1,0
1250,75000,transverse,0.98,3090,13807,4053,1656,24993,695,60,13477,26221,640656,2.12812e+07,159,0.000136503,0.00492753,7.24717e-05,1.00723e+07,1.99501e+06,0,6.63157e+07,6.63157e+07,1,0
1250,75000,descending,0.9825,3596,17889,5849,1683,31466,1079,59,16280,31876,683227,3.86171e+07,199,0.00013567,0.00486772,0.00013228,1.00723e+07,1.99501e+06,0,6.63157e+07,6.63157e+07,1,0
1260,75600,cecum,0.94,2423,10626,3442,1048,17962,615,64,8935,18482,437436,6.76976e+06,61,0.000137186,0.0049771,2.29036e-05,1.08253e+07,2.13843e+06,0,7.10214e+07,7.10214e+07,1,0
1260,75600,transverse,0.9625,3004,14189,4197,1691,25783,720,62,13943,26839,626659,2.27476e+07,159,0.000136434,0.00492254,7.74614e-05,1.08253e+07,2.13843e+06,0,7.10214e+07,7.10214e+07,1,0
1260,75600,descending,0.9775,3663,18359,6037,1723,32389,1116,60,16809,32754,696307,4.14518e+07,199,0.000135534,0.00485802,0.000141981,1.08253e+07,2.13843e+06,0,7.10214e+07,7.10214e+07,1,0
1270,76200,cecum,0.9125,2362,10972,3544,1083,18554,634,64,9235,18965,425973,7.19878e+06,61,0.000137166,0.00497565,2.43542e-05,1.16335e+07,2.29203e+06,0,7.60544e+07,7.60544e+07,1,0
1270,76200,transverse,0.9725,3113,14562,4329,1726,26487,740,63,14328,27574,647533,2.43132e+07,159,0.00013636,0.00491721,8.27888e-05,1.16335e+07,2.29203e+06,0,7.60544e+07,7.60544e+07,1,0
1270,76200,descending,0.9925,4001,18333,6239,1774,32869,1158,64,17404,33459,758611,4.44891e+07,199,0.000135388,0.00484763,0.000152374,1.16335e+07,2.29203e+06,0,7.60544e+07,7.60544e+07,1,0
1280,76800,cecum,0.96,2498,11227,3651,1114,19083,652,65,9557,19571,450797,7.6548e+06,61,0.000137145,0.0049741,2.58963e-05,1.25009e+07,2.45652e+06,0,8.14365e+07,8.14365e+07,1,0
1280,76800,transverse,0.975,3080,15141,4461,1769,27422,767,65,14752,28412,641426,2.59846e+07,159,0.000136281,0.00491152,8.84761e-05,1.25009e+07,2.45652e+06,0,8.14365e+07,8.14365e+07,1,0
1280,76800,descending,0.9825,3985,18813,6399,1815,33791,1186,65,17914,34273,756816,4.77424e+07,199,0.000135231,0.00483649,0.000163507,1.25009e+07,2.45652e+06,0,8.14365e+07,8.14365e+07,1,0
1290,77400,cecum,0.935,2554,11362,3758,1143,19568,667,66,9950,20048,460715,8.13983e+06,61,0.000137123,0.00497246,2.75359e-05,1.34317e+07,2.63264e+06,0,8.7191e+07,8.7191e+07,1,0
1290,77400,transverse,0.9675,3188,15447,4604,1811,28101,796,70,15191,29122,662246,2.7769e+07,159,0.000136196,0.00490545,9.4547e-05,1.34317e+07,2.63264e+06,0,8.7191e+07,8.7191e+07,1,0
1290,77400,descending,0.99,3891,19558,6561,1868,34942,1211,67,18396,35244,739842,5.12262e+07,199,0.000135062,0.00482457,0.000175428,1.34317e+07,2.63264e+06,0,8.7191e+07,8.7191e+07,1,0
1300,78000,cecum,0.9525,2604,11634,3858,1172,20151,685,77,10297,20617,469223,8.65534e+06,61,0.000137099,0.00497072,2.92789e-05,1.44303e+07,2.8212e+06,0,9.33426e+07,9.33426e+07,1,0
1300,78000,transverse,0.9825,3396,15828,4746,1851,28861,831,71,15644,30022,702060,2.96733e+07,159,0.000136106,0.00489897,0.000101027,1.44303e+07,2.8212e+06,0,9.33426e+07,9.33426e+07,1,0
1300,78000,descending,0.99,3885,20211,6741,1914,36135,1236,73,19001,36316,738032,5.49564e+07,199,0.000134882,0.00481181,0.000188192,1.44303e+07,2.8212e+06,0,9.33426e+07,9.33426e+07,1,0
1310,78600,cecum,0.9375,2620,12033,3982,1198,20851,700,77,10639,21250,472024,9.20329e+06,61,0.000137073,0.00496887,3.11318e-05,1.55015e+07,3.02305e+06,0,9.99173e+07,9.99173e+07,1,0
1310,78600,transverse,0.995,3668,15888,4879,1889,29274,861,74,16062,30639,755224,3.17058e+07,159,0.00013601,0.00489206,0.000107941,1.55015e+07,3.02305e+06,0,9.99173e+07,9.99173e+07,1,0
1310,78600,descending,0.99,4254,20411,6896,1951,36901,1261,75,19627,37356,806955,5.89493e+07,199,0.000134687,0.00479815,0.000201854,1.55015e+07,3.02305e+06,0,9.99173e+07,9.99173e+07,1,0
1320,79200,cecum,0.97,2910,12157,4105,1228,21263,716,79,10971,21873,525316,9.7858e+06,61,0.000137046,0.0049669,3.31016e-05,1.66505e+07,3.23912e+06,0,1.06943e+08,1.06943e+08,1,0
1320,79200,transverse,0.9775,3373,16597,5034,1928,30396,887,75,16539,31375,702177,3.38747e+07,159,0.000135907,0.00488468,0.00011532,1.66505e+07,3.23912e+06,0,1.06943e+08,1.06943e+08,1,0
1320,79200,descending,0.9925,4341,21185,7075,2003,38186,1297,77,20224,38635,822688,6.3222e+07,199,0.000134479,0.00478353,0.000216474,1.66505e+07,3.23912e+06,0,1.06943e+08,1.06943e+08,1,0
1330,79800,cecum,0.955,3229,12137,4229,1265,21539,733,84,11316,22393,584066,1.04051e+07,61,0.000137017,0.0049648,3.51954e-05,1.78826e+07,3.47037e+06,0,1.14449e+08,1.14449e+08,1,0
1330,79800,transverse,0.995,3214,16960,5170,1967,31173,915,76,17019,31923,671525,3.61888e+07,159,0.000135796,0.00487681,0.000123192,1.78826e+07,3.47037e+06,0,1.14449e+08,1.14449e+08,1,0
1330,79800,descending,0.9925,4424,21444,7263,2062,38923,1330,77,20794,39359,839188,6.77935e+07,199,0.000134256,0.00476789,0.000232115,1.78826e+07,3.47037e+06,0,1.14449e+08,1.14449e+08,1,0
1340,80400,cecum,0.9525,3104,12701,4378,1311,22342,752,85,11619,22986,560104,1.10634e+07,61,0.000136987,0.00496258,3.74211e-05,1.92037e+07,3.71784e+06,0,1.22466e+08,1.22466e+08,1,0
1340,80400,transverse,0.98,3248,17064,5337,1995,31690,953,78,17496,32371,681385,3.86575e+07,159,0.000135679,0.00486841,0.000131589,1.92037e+07,3.71784e+06,0,1.22466e+08,1.22466e+08,1,0
1340,80400,descending,0.9925,4322,22133,7438,2118,40207,1364,78,21478,40455,821447,7.26825e+07,199,0.000134016,0.00475116,0.000248842,1.92037e+07,3.71784e+06,0,1.22466e+08,1.22466e+08,1,0
1350,81000,cecum,0.96,3046,13214,4542,1342,23190,785,85,12018,23676,549106,1.17631e+07,61,0.000136954,0.00496021,3.97869e-05,2.06199e+07,3.98263e+06,0,1.31027e+08,1.31027e+08,1,0
1350,81000,transverse,0.985,3257,17724,5474,2029,32787,984,78,17998,33405,680143,4.129e+07,159,0.000135553,0.00485946,0.000140545,2.06199e+07,3.98263e+06,0,1.31027e+08,1.31027e+08,1,0
1350,81000,descending,0.995,4380,22679,7628,2181,41284,1407,79,22114,41505,832520,7.79097e+07,199,0.000133759,0.00473327,0.000266726,2.06199e+07,3.98263e+06,0,1.31027e+08,1.31027e+08,1,0
1360,81600,cecum,0.955,3069,13332,4679,1376,23670,801,88,12427,24089,552907,1.2507e+07,61,0.000136919,0.0049577,4.23015e-05,2.21378e+07,4.26592e+06,0,1.40167e+08,1.40167e+08,1,0
1360,81600,transverse,0.9825,3364,18051,5593,2071,33633,1006,82,18577,34299,699779,4.40975e+07,159,0.000135419,0.0048499,0.000150095,2.21378e+07,4.26592e+06,0,1.40167e+08,1.40167e+08,1,0
1360,81600,descending,0.99,4642,23003,7837,2238,42149,1448,84,22748,42516,882050,8.34966e+07,199,0.000133483,0.00471416,0.000285839,2.21378e+07,4.26592e+06,0,1.40167e+08,1.40167e+08,1,0
1370,82200,cecum,0.97,3423,13308,4821,1413,23942,835,90,12792,24642,617987,1.32976e+07,61,0.000136883,0.00495503,4.49742e-05,2.37644e+07,4.56895e+06,0,1.49921e+08,1.49921e+08,1,0
1370,82200,transverse,0.9875,3332,18767,5749,2104,34738,1038,83,19030,35280,694181,4.70906e+07,159,0.000135275,0.00483972,0.000160278,2.37644e+07,4.56895e+06,0,1.49921e+08,1.49921e+08,1,0
1370,82200,descending,0.9975,4850,23200,8074,2287,42952,1484,86,23437,43373,921601,8.94659e+07,199,0.000133187,0.00469374,0.000306261,2.37644e+07,4.56895e+06,0,1.49921e+08,1.49921e+08,1,0
1380,82800,cecum,0.975,3365,13520,4972,1447,24457,860,90,13154,25007,606628,1.4138e+07,61,0.000136843,0.00495219,4.78148e-05,2.55071e+07,4.89305e+06,0,1.60329e+08,1.60329e+08,1,0
1380,82800,transverse,0.99,3506,18848,5894,2150,35339,1061,85,19617,35977,729319,5.02818e+07,159,0.000135122,0.00482887,0.000171132,2.55071e+07,4.89305e+06,0,1.60329e+08,1.60329e+08,1,0
1380,82800,descending,0.9875,4743,24105,8298,2331,44469,1525,99,24121,44631,903516,9.58407e+07,199,0.000132869,0.00467193,0.00032807,2.55071e+07,4.89305e+06,0,1.60329e+08,1.60329e+08,1,0
1390,83400,cecum,0.955,3307,13877,5134,1485,25136,898,90,13552,25542,595445,1.5031e+07,61,0.000136802,0.00494917,5.08337e-05,2.73737e+07,5.23962e+06,0,1.7143e+08,1.7143e+08,1,0
1390,83400,transverse,0.99,3710,19339,6016,2208,36347,1087,86,20217,37150,763110,5.36824e+07,159,0.000134958,0.0048173,0.0001827,2.73737e+07,5.23962e+06,0,1.7143e+08,1.7143e+08,1,0
1390,83400,descending,0.9925,4801,24884,8491,2401,45902,1564,99,24884,46038,914719,1.02646e+08,199,0.000132528,0.00464865,0.000351353,2.73737e+07,5.23962e+06,0,1.7143e+08,1.7143e+08,1,0
1400,84000,cecum,0.975,3485,14103,5310,1521,25663,936,95,13922,26140,628040,1.598e+07,61,0.000136757,0.00494596,5.40419e-05,2.93726e+07,5.61016e+06,0,1.83266e+08,1.83266e+08,1,0
1400,84000,transverse,0.9825,3649,19577,6178,2249,37147,1113,88,20844,37792,754341,5.73065e+07,159,0.000134783,0.00480497,0.000195027,2.93726e+07,5.61016e+06,0,1.83266e+08,1.83266e+08,1,0
1400,84000,descending,0.9925,4603,25875,8683,2448,47517,1602,102,25590,47345,876898,1.09908e+08,199,0.000132163,0.0046238,0.000376198,2.93726e+07,5.61016e+06,0,1.83266e+08,1.83266e+08,1,0
1410,84600,cecum,0.9675,3547,14557,5467,1565,26469,970,96,14351,26928,639146,1.69882e+07,61,0.00013671,0.00494255,5.7451e-05,3.15127e+07,6.00625e+06,0,1.95882e+08,1.95882e+08,1,0
1410,84600,transverse,0.9925,4049,19806,6347,2317,37863,1143,88,21429,38837,829311,6.11669e+07,159,0.000134596,0.00479184,0.000208158,3.15127e+07,6.00625e+06,0,1.95882e+08,1.95882e+08,1,0
1410,84600,descending,0.99,4760,26382,8915,2512,48610,1656,104,26292,48479,907164,1.17654e+08,199,0.000131771,0.0045973,0.000402698,3.15127e+07,6.00625e+06,0,1.95882e+08,1.95882e+08,1,0
1420,85200,cecum,0.9675,3488,14874,5626,1613,27128,998,96,14769,27445,628267,1.80598e+07,61,0.00013666,0.00493893,6.10735e-05,3.38032e+07,6.42956e+06,0,2.09325e+08,2.09325e+08,1,0
1420,85200,transverse,0.9875,3855,20188,6512,2373,38693,1176,89,21965,39396,794013,6.52788e+07,159,0.000134397,0.00477786,0.000222143,3.38032e+07,6.42956e+06,0,2.09325e+08,2.09325e+08,1,0
1420,85200,descending,0.9975,5371,25868,9099,2590,48832,1692,106,27140,49240,1.02136e+06,1.25912e+08,199,0.000131351,0.00456905,0.000430948,3.38032e+07,6.42956e+06,0,2.09325e+08,2.09325e+08,1,0
1430,85800,cecum,0.97,3585,15119,5787,1652,27778,1026,96,15241,28098,645458,1.91984e+07,61,0.000136607,0.00493508,6.49226e-05,3.62541e+07,6.88188e+06,0,2.23641e+08,2.23641e+08,1,0
1430,85800,transverse,0.9975,3947,20767,6663,2438,39785,1209,92,22573,40524,814500,6.96567e+07,159,0.000134184,0.00476297,0.000237034,3.62541e+07,6.88188e+06,0,2.23641e+08,2.23641e+08,1,0
1430,85800,descending,0.995,5560,26124,9309,2644,49639,1733,107,27785,50120,1.05777e+06,1.34711e+08,199,0.000130901,0.00453895,0.000461049,3.62541e+07,6.88188e+06,0,2.23641e+08,2.23641e+08,1,0
1440,86400,cecum,0.9675,3782,15409,5972,1703,28435,1065,98,15696,28855,681445,2.04079e+07,61,0.00013655,0.00493099,6.9012e-05,3.88758e+07,7.36509e+06,0,2.38882e+08,2.38882e+08,1,0
1440,86400,transverse,0.9875,4158,20984,6828,2491,40566,1226,94,23205,41419,856016,7.43171e+07,159,0.000133956,0.00474711,0.000252885,3.88758e+07,7.36509e+06,0,2.38882e+08,2.38882e+08,1,0
1440,86400,descending,0.9925,5420,26563,9515,2720,50737,1775,115,28554,50982,1.03238e+06,1.4408e+08,199,0.000130418,0.0045069,0.000493103,3.88758e+07,7.36509e+06,0,2.38882e+08,2.38882e+08,1,0
1450,87000,cecum,0.9725,3931,15798,6153,1748,29206,1098,100,16154,29670,708458,2.16929e+07,61,0.00013649,0.00492664,7.33565e-05,4.16794e+07,7.88116e+06,0,2.55099e+08,2.55099e+08,1,0
1450,87000,transverse,0.9875,3937,21836,7017,2552,41888,1259,94,23769,42425,813309,7.92765e+07,159,0.000133713,0.00473025,0.000269754,4.16794e+07,7.88116e+06,0,2.55099e+08,2.55099e+08,1,0
1450,87000,descending,0.9975,5413,26730,9765,2787,51610,1823,115,29375,51713,1.0312e+06,1.54052e+08,199,0.000129901,0.00447278,0.000527216,4.16794e+07,7.88116e+06,0,2.55099e+08,2.55099e+08,1,0
1460,87600,cecum,0.9775,3813,16129,6329,1795,29954,1131,102,16649,30202,685686,2.30582e+07,61,0.000136426,0.00492203,7.79717e-05,4.46765e+07,8.4322e+06,0,2.72346e+08,2.72346e+08,1,0
1460,87600,transverse,0.995,4564,21749,7200,2600,42396,1298,102,24443,43456,931652,8.45527e+07,159,0.000133454,0.0047123,0.0002877,4.46765e+07,8.4322e+06,0,2.72346e+08,2.72346e+08,1,0
1460,87600,descending,0.995,5694,27192,10025,2868,52771,1864,116,30195,53016,1.08352e+06,1.64656e+08,199,0.000129347,0.0044365,0.000563498,4.46765e+07,8.4322e+06,0,2.72346e+08,2.72346e+08,1,0
1470,88200,cecum,0.985,4040,16129,6492,1844,30341,1160,104,17112,30729,727287,2.45085e+07,61,0.000136358,0.00491713,8.28741e-05,4.78792e+07,9.02042e+06,0,2.90679e+08,2.90679e+08,1,0
1470,88200,transverse,0.9925,4288,22565,7380,2666,43724,1330,104,25051,44424,883070,9.0164e+07,159,0.000133177,0.00469322,0.000306785,4.78792e+07,9.02042e+06,0,2.90679e+08,2.90679e+08,1,0
1470,88200,descending,0.995,5721,27178,10274,2931,53400,1906,117,30942,53527,1.08918e+06,1.75927e+08,199,0.000128753,0.00439794,0.00060206,4.78792e+07,9.02042e+06,0,2.90679e+08,2.90679e+08,1,0
1480,88800,cecum,0.9675,3739,16846,6654,1878,31441,1184,109,17548,31419,671885,2.60487e+07,61,0.000136286,0.00491192,8.80811e-05,5.13004e+07,9.64814e+06,0,3.10156e+08,3.10156e+08,1,0
1480,88800,transverse,0.9925,4180,23085,7547,2729,44826,1358,105,25723,45341,865888,9.61297e+07,159,0.000132881,0.00467293,0.000327075,5.13004e+07,9.64814e+06,0,3.10156e+08,3.10156e+08,1,0
1480,88800,descending,0.995,6072,27803,10527,2983,54823,1955,118,31840,55148,1.15328e+06,1.87895e+08,199,0.000128117,0.00435699,0.000643013,5.13004e+07,9.64814e+06,0,3.10156e+08,3.10156e+08,1,0
1490,89400,cecum,0.99,4067,17089,6826,1913,32070,1216,110,18000,32270,731939,2.76843e+07,61,0.000136209,0.00490639,9.36112e-05,5.49536e+07,1.03178e+07,0,3.30833e+08,3.30833e+08,1,0
1490,89400,transverse,0.985,4227,23620,7707,2781,45928,1400,110,26379,46419,878223,1.0247e+08,159,0.000132566,0.00465136,0.000348638,5.49536e+07,1.03178e+07,0,3.30833e+08,3.30833e+08,1,0
1490,89400,descending,0.995,6062,28022,10775,3052,55761,2004,121,32674,55943,1.15296e+06,2.00596e+08,199,0.000127436,0.00431353,0.000686471,5.49536e+07,1.03178e+07,0,3.30833e+08,3.30833e+08,1,0
1500,90000,cecum,0.97,4197,17631,7007,1957,33031,1239,111,18485,33246,755502,2.94211e+07,61,0.000136127,0.00490052,9.94837e-05,5.88528e+07,1.1032e+07,0,3.52772e+08,3.52772e+08,1,0
1500,90000,transverse,0.9925,4056,24061,7894,2831,46985,1426,112,27069,47192,849634,1.09205e+08,159,0.000132229,0.00462845,0.000371545,5.88528e+07,1.1032e+07,0,3.52772e+08,3.52772e+08,1,0
1500,90000,descending,0.99,5635,29068,11045,3125,57468,2057,128,33454,57072,1.07597e+06,2.14062e+08,199,0.000126707,0.00426745,0.000732549,5.88528e+07,1.1032e+07,0,3.52772e+08,3.52772e+08,1,0
1510,90600,cecum,0.97,4077,18527,7194,2001,34399,1268,114,19027,34377,733419,3.12653e+07,61,0.00013604,0.00489428,0.000105719,6.30126e+07,1.17934e+07,0,3.76033e+08,3.76033e+08,1,0
1510,90600,transverse,0.995,4476,24848,8091,2886,48405,1469,115,27797,48930,931629,1.16356e+08,159,0.00013187,0.00460413,0.00039587,6.30126e+07,1.17934e+07,0,3.76033e+08,3.76033e+08,1,0
1510,90600,descending,0.9975,5893,29393,11303,3195,58677,2108,135,34452,58395,1.12286e+06,2.28324e+08,199,0.000125927,0.00421864,0.00078136,6.30126e+07,1.17934e+07,0,3.76033e+08,3.76033e+08,1,0
1520,91200,cecum,0.9875,4335,18577,7390,2052,34875,1305,116,19539,35001,780796,3.32238e+07,61,0.000135947,0.00488766,0.00011234,6.74484e+07,1.26049e+07,0,4.00676e+08,4.00676e+08,1,0
1520,91200,transverse,0.9875,4666,25405,8289,2953,49653,1514,116,28599,50281,968000,1.23947e+08,159,0.000131486,0.00457831,0.000421687,6.74484e+07,1.26049e+07,0,4.00676e+08,4.00676e+08,1,0
1520,91200,descending,0.9975,5623,30008,11573,3248,60088,2151,137,35342,59360,1.07354e+06,2.43417e+08,199,0.000125092,0.00416699,0.000833015,6.74484e+07,1.26049e+07,0,4.00676e+08,4.00676e+08,1,0
1530,91800,cecum,0.97,4123,19055,7555,2102,35818,1338,121,20082,35645,741986,3.53029e+07,61,0.000135849,0.00488063,0.000119368,7.21761e+07,1.34693e+07,0,4.26764e+08,4.26764e+08,1,0
1530,91800,transverse,0.995,4437,26026,8466,3024,50936,1549,122,29361,51258,927907,1.32e+08,159,0.000131077,0.00455092,0.000449078,7.21761e+07,1.34693e+07,0,4.26764e+08,4.26764e+08,1,0
1530,91800,descending,0.9975,5439,30877,11834,3298,61815,2192,139,36289,60731,1.03608e+06,2.59371e+08,199,0.000124199,0.00411238,0.000887621,7.21761e+07,1.34693e+07,0,4.26764e+08,4.26764e+08,1,0
1540,92400,cecum,0.9825,4155,19482,7745,2150,36718,1375,124,20637,36469,748471,3.75097e+07,61,0.000135745,0.00487317,0.000126829,7.7212e+07,1.43899e+07,0,4.54356e+08,4.54356e+08,1,0
1540,92400,transverse,0.995,4397,26738,8688,3078,52331,1592,127,30136,52483,920061,1.40539e+08,159,0.000130641,0.00452188,0.000478121,7.7212e+07,1.43899e+07,0,4.54356e+08,4.54356e+08,1,0
1540,92400,descending,0.9975,5743,31457,12081,3369,63092,2236,143,37097,62176,1.09484e+06,2.76216e+08,199,0.000123244,0.00405472,0.000945284,7.7212e+07,1.43899e+07,0,4.54356e+08,4.54356e+08,1,0
1550,93000,cecum,0.9925,4363,19792,7919,2187,37529,1399,128,21195,37371,786760,3.98518e+07,61,0.000135633,0.00486525,0.000134747,8.25733e+07,1.53697e+07,0,4.83513e+08,4.83513e+08,1,0
1550,93000,transverse,0.9975,4622,27164,8901,3147,53368,1630,134,30847,53632,966148,1.49588e+08,159,0.000130176,0.0044911,0.000508901,8.25733e+07,1.53697e+07,0,4.83513e+08,4.83513e+08,1,0
1550,93000,descending,1,5429,31604,12321,3446,63891,2271,144,37860,62532,1.03681e+06,2.93981e+08,199,0.000122224,0.0039939,0.0010061,8.25733e+07,1.53697e+07,0,4.83513e+08,4.83513e+08,1,0
1560,93600,cecum,0.98,4254,20194,8125,2233,38426,1437,128,21774,38037,766330,4.23376e+07,61,0.000135515,0.00485685,0.00014315,8.82774e+07,1.64121e+07,0,5.14294e+08,5.14294e+08,1,0
1560,93600,transverse,0.9975,5148,27325,9107,3203,54268,1670,137,31679,54945,1.06656e+06,1.59172e+08,159,0.000129679,0.0044585,0.000541502,8.82774e+07,1.64121e+07,0,5.14294e+08,5.14294e+08,1,0
1560,93600,descending,0.9975,5755,31911,12541,3505,64984,2315,146,38747,63832,1.09704e+06,3.12689e+08,199,0.000121135,0.00392984,0.00107016,8.82774e+07,1.64121e+07,0,5.14294e+08,5.14294e+08,1,0
1570,94200,cecum,0.9925,4624,20221,8328,2279,38882,1470,131,22279,38736,833822,4.49749e+07,61,0.00013539,0.00484793,0.000152065,9.43422e+07,1.75206e+07,0,5.46754e+08,5.46754e+08,1,0
1570,94200,transverse,1,5318,26926,9342,3247,54515,1714,140,32410,55212,1.10387e+06,1.69319e+08,159,0.000129151,0.00442399,0.00057601,9.43422e+07,1.75206e+07,0,5.46754e+08,5.46754e+08,1,0
1570,94200,descending,0.9975,5866,32873,12811,3564,66835,2373,148,39751,65639,1.11848e+06,3.32365e+08,199,0.000119972,0.00386246,0.00113754,9.43422e+07,1.75206e+07,0,5.46754e+08,5.46754e+08,1,0
1580,94800,cecum,0.9875,4310,20787,8547,2337,39926,1510,137,22849,39339,775624,4.7773e+07,61,0.000135256,0.00483848,0.000161524,1.00786e+08,1.86987e+07,0,5.80947e+08,5.80947e+08,1,0
1580,94800,transverse,0.9975,4685,27527,9542,3318,55834,1750,145,33230,55800,987980,1.80051e+08,159,0.000128587,0.00438749,0.000612515,1.00786e+08,1.86987e+07,0,5.80947e+08,5.80947e+08,1,0
1580,94800,descending,1,5987,32661,13078,3614,67395,2434,156,40626,66156,1.14154e+06,3.53027e+08,199,0.000118731,0.0037917,0.0012083,1.00786e+08,1.86987e+07,0,5.80947e+08,5.80947e+08,1,0
1590,95400,cecum,0.9925,4600,20679,8728,2382,40344,1530,138,23439,39930,828565,5.07411e+07,61,0.000135115,0.00482844,0.000171557,1.07628e+08,1.99501e+07,0,6.16923e+08,6.16923e+08,1,0
1590,95400,transverse,0.9975,4842,27791,9758,3378,56807,1789,148,34035,56810,1.01862e+06,1.91395e+08,159,0.000127986,0.0043489,0.000651103,1.07628e+08,1.99501e+07,0,6.16923e+08,6.16923e+08,1,0
1590,95400,descending,0.9925,6198,32983,13349,3677,68577,2479,163,41587,67379,1.18163e+06,3.7469e+08,199,0.000117408,0.00371749,0.00128251,1.07628e+08,1.99501e+07,0,6.16923e+08,6.16923e+08,1,0
1600,96000,cecum,0.98,4685,21253,8949,2430,41383,1562,140,23982,40911,843499,5.38883e+07,61,0.000134964,0.0048178,0.000182197,1.14886e+08,2.12786e+07,0,6.54726e+08,6.54726e+08,1,0
1600,96000,transverse,0.9975,5226,27645,9961,3443,57295,1838,148,34783,57593,1.09485e+06,2.03378e+08,159,0.000127346,0.00430814,0.000691863,1.14886e+08,2.12786e+07,0,6.54726e+08,6.54726e+08,1,0
1600,96000,descending,1,6066,32824,13613,3748,69170,2523,190,42427,67664,1.15788e+06,3.97362e+08,199,0.000115999,0.00363981,0.00136019,1.14886e+08,2.12786e+07,0,6.54726e+08,6.54726e+08,1,0
1610,96600,cecum,0.99,4717,21594,9154,2482,42328,1597,156,24657,41754,849013,5.72257e+07,61,0.000134804,0.00480652,0.000193479,1.2258e+08,2.26879e+07,0,6.94395e+08,6.94395e+08,1,0
1610,96600,transverse,1,5043,28209,10199,3515,58692,1877,158,35717,58670,1.06146e+06,2.16024e+08,159,0.000126664,0.00426512,0.000734883,1.2258e+08,2.26879e+07,0,6.94395e+08,6.94395e+08,1,0
1610,96600,descending,1,6216,34003,13869,3811,71083,2574,197,43268,69578,1.1853e+06,4.21045e+08,199,0.000114499,0.00355865,0.00144135,1.2258e+08,2.26879e+07,0,6.94395e+08,6.94395e+08,1,0
1620,97200,cecum,0.9925,4958,21361,9375,2534,42563,1628,156,25208,42092,892539,6.07641e+07,61,0.000134634,0.00479456,0.00020544,1.30728e+08,2.41821e+07,0,7.35961e+08,7.35961e+08,1,0
1620,97200,transverse,0.995,4813,28795,10408,3578,59907,1910,158,36442,59542,1.01959e+06,2.29359e+08,159,0.000125939,0.00421975,0.00078025,1.30728e+08,2.41821e+07,0,7.35961e+08,7.35961e+08,1,0
1620,97200,descending,1,6501,33696,14152,3873,71619,2633,197,44232,70237,1.24037e+06,4.45738e+08,199,0.000112904,0.00347401,0.00152599,1.30728e+08,2.41821e+07,0,7.35961e+08,7.35961e+08,1,0
1630,97800,cecum,0.9925,4780,21862,9607,2577,43629,1673,161,25856,42831,859353,6.45143e+07,61,0.000134453,0.00478188,0.000218117,1.3935e+08,2.57652e+07,0,7.7945e+08,7.7945e+08,1,0
1630,97800,transverse,1,5500,29589,10637,3635,61422,1958,161,37265,61617,1.15114e+06,2.43408e+08,159,0.000125166,0.00417195,0.000828047,1.3935e+08,2.57652e+07,0,7.7945e+08,7.7945e+08,1,0
1630,97800,descending,1,6445,33763,14441,3936,72567,2682,203,45219,70946,1.23141e+06,4.71426e+08,199,0.00011121,0.00338593,0.00161407,1.3935e+08,2.57652e+07,0,7.7945e+08,7.7945e+08,1,0
1640,98400,cecum,0.9875,5005,22093,9831,2635,44529,1712,164,26619,43826,901105,6.8488e+07,61,0.000134261,0.00476845,0.00023155,1.48463e+08,2.7441e+07,0,8.24874e+08,8.24874e+08,1,0
1640,98400,transverse,0.9925,5126,30488,10840,3713,63062,1994,163,38118,62792,1.07725e+06,2.58194e+08,159,0.000124345,0.00412164,0.000878356,1.48463e+08,2.7441e+07,0,8.24874e+08,8.24874e+08,1,0
1640,98400,descending,1,6762,34142,14751,4022,73770,2730,205,46175,72288,1.29125e+06,4.98088e+08,199,0.000109413,0.00329448,0.00170552,1.48463e+08,2.7441e+07,0,8.24874e+08,8.24874e+08,1,0
1650,99000,cecum,0.9975,5258,22089,10053,2693,45076,1756,166,27270,44504,947639,7.2698e+07,61,0.000134056,0.00475422,0.000245782,1.58086e+08,2.92137e+07,0,8.72239e+08,8.72239e+08,1,0
1650,99000,transverse,0.9975,5324,30438,11096,3781,63793,2042,164,39014,63580,1.12046e+06,2.73741e+08,159,0.000123471,0.00406875,0.000931254,1.58086e+08,2.92137e+07,0,8.72239e+08,8.72239e+08,1,0
1650,99000,descending,1,7364,34697,15042,4097,75091,2776,206,47061,74040,1.40311e+06,5.25694e+08,199,0.000107509,0.00319976,0.00180024,1.58086e+08,2.92137e+07,0,8.72239e+08,8.72239e+08,1,0
1660,99600,cecum,0.995,4550,22750,10296,2743,46324,1813,167,27963,44907,817017,7.71574e+07,61,0.00013384,0.00473914,0.000260855,1.68236e+08,3.10874e+07,0,9.21536e+08,9.21536e+08,1,0
1660,99600,transverse,0.9975,5275,30610,11344,3843,64744,2097,169,39905,64346,1.10792e+06,2.90069e+08,159,0.000122542,0.00401319,0.000986812,1.68236e+08,3.10874e+07,0,9.21536e+08,9.21536e+08,1,0
1660,99600,descending,1,7585,35659,15383,4186,76794,2849,215,47955,75776,1.44595e+06,5.54204e+08,199,0.000105494,0.00310191,0.00189809,1.68236e+08,3.10874e+07,0,9.21536e+08,9.21536e+08,1,0
1670,100200,cecum,1,4684,22918,10531,2782,47072,1840,169,28607,45618,840911,8.18789e+07,61,0.000133609,0.00472318,0.000276816,1.7893e+08,3.3066e+07,0,9.72746e+08,9.72746e+08,1,0
1670,100200,transverse,0.995,5805,30644,11566,3921,65615,2135,178,40849,65632,1.20853e+06,3.07196e+08,159,0.000121555,0.0039549,0.0010451,1.7893e+08,3.3066e+07,0,9.72746e+08,9.72746e+08,1,0
1670,100200,descending,0.995,7510,36737,15692,4256,78705,2901,219,48906,77421,1.43173e+06,5.83563e+08,199,0.000103367,0.0030011,0.0019989,1.7893e+08,3.3066e+07,0,9.72746e+08,9.72746e+08,1,0
1680,100800,cecum,0.9875,4627,23181,10736,2825,47878,1870,169,29223,46235,830967,8.68771e+07,61,0.000133365,0.00470629,0.000293712,1.90182e+08,3.51534e+07,0,1.02583e+09,1.02583e+09,1,0
1680,100800,transverse,1,5944,30943,11831,4000,66810,2179,181,41865,66821,1.24152e+06,3.25139e+08,159,0.000120507,0.00389384,0.00110616,1.90182e+08,3.51534e+07,0,1.02583e+09,1.02583e+09,1,0
1680,100800,descending,1,7767,37368,16029,4338,80214,2958,220,49922,78988,1.48104e+06,6.13708e+08,199,0.000101126,0.00289753,0.00210247,1.90182e+08,3.51534e+07,0,1.02583e+09,1.02583e+09,1,0
1690,101400,cecum,0.9925,4917,23832,10959,2883,49103,1918,171,29901,47631,884272,9.21656e+07,61,0.000133105,0.00468841,0.000311592,2.02007e+08,3.73536e+07,0,1.08075e+09,1.08075e+09,1,0
1690,101400,transverse,1,5477,32339,12082,4062,68931,2225,183,42696,68330,1.14998e+06,3.43911e+08,159,0.000119395,0.00382995,0.00117005,2.02007e+08,3.73536e+07,0,1.08075e+09,1.08075e+09,1,0
1690,101400,descending,1,6887,37955,16370,4423,81774,3025,225,51042,79474,1.31574e+06,6.44563e+08,199,9.87674e-05,0.00279148,0.00220852,2.02007e+08,3.73536e+07,0,1.08075e+09,1.08075e+09,1,0
1700,102000,cecum,0.9925,4970,24842,11178,2939,50723,1965,173,30612,49186,894992,9.77601e+07,61,0.000132829,0.00466949,0.000330506,2.14416e+08,3.96702e+07,0,1.13743e+09,1.13743e+09,1,0
1700,102000,transverse,0.9975,5563,32598,12306,4112,69985,2270,184,43585,69340,1.16939e+06,3.63522e+08,159,0.000118215,0.00376319,0.00123681,2.14416e+08,3.96702e+07,0,1.13743e+09,1.13743e+09,1,0
1700,102000,descending,1,7265,37519,16684,4489,82322,3085,229,52148,80208,1.3878e+06,6.76036e+08,199,9.62928e-05,0.00268324,0.00231676,2.14416e+08,3.96702e+07,0,1.13743e+09,1.13743e+09,1,0
1710,102600,cecum,0.9925,5058,25765,11407,2996,52142,2011,173,31211,50567,910501,1.03677e+08,61,0.000132536,0.00464949,0.000350509,2.27421e+08,4.21069e+07,0,1.19579e+09,1.19579e+09,1,0
1710,102600,transverse,1,5420,33997,12533,4176,72274,2318,187,44584,71368,1.1373e+06,3.83978e+08,159,0.000116966,0.00369355,0.00130645,2.27421e+08,4.21069e+07,0,1.19579e+09,1.19579e+09,1,0
1710,102600,descending,0.9975,7169,38590,17011,4553,84577,3139,234,53445,82153,1.36733e+06,7.08024e+08,199,9.37027e-05,0.00257315,0.00242685,2.27421e+08,4.21069e+07,0,1.19579e+09,1.19579e+09,1,0
1720,103200,cecum,0.9975,4967,26041,11631,3056,53204,2048,178,32089,51406,893728,1.09932e+08,61,0.000132225,0.00462834,0.000371656,2.41031e+08,4.4667e+07,0,1.25574e+09,1.25574e+09,1,0
1720,103200,transverse,0.9975,5558,34384,12734,4230,73681,2355,189,45693,72801,1.15774e+06,4.0528e+08,159,0.000115643,0.00362102,0.00137898,2.41031e+08,4.4667e+07,0,1.25574e+09,1.25574e+09,1,0
1720,103200,descending,1,6495,38413,17299,4612,85605,3189,238,54755,82324,1.24141e+06,7.40416e+08,199,9.09994e-05,0.00246159,0.00253841,2.41031e+08,4.4667e+07,0,1.25574e+09,1.25574e+09,1,0
1730,103800,cecum,0.9925,5059,26433,11851,3114,54289,2090,181,32879,52460,910099,1.16542e+08,61,0.000131894,0.004606,0.000394002,2.5525e+08,4.73538e+07,0,1.31717e+09,1.31717e+09,1,0
1730,103800,transverse,0.9975,5302,35115,12935,4293,75283,2400,197,46664,74046,1.10643e+06,4.27425e+08,159,0.000114243,0.00354561,0.00145439,2.5525e+08,4.73538e+07,0,1.31717e+09,1.31717e+09,1,0
1730,103800,descending,0.9975,7256,38521,17612,4688,86751,3243,255,55906,84031,1.3832e+06,7.73082e+08,199,8.81865e-05,0.00234899,0.00265101,2.5525e+08,4.73538e+07,0,1.31717e+09,1.31717e+09,1,0
1740,104400,cecum,0.995,5798,26156,12097,3176,54716,2136,185,33687,53484,1.0458e+06,1.23525e+08,61,0.000131544,0.00458239,0.000417606,2.70084e+08,5.01701e+07,0,1.37993e+09,1.37993e+09,1,0
1740,104400,transverse,0.9975,5273,35962,13172,4356,77060,2444,215,47683,75646,1.09943e+06,4.50403e+08,159,0.000112764,0.00346735,0.00153265,2.70084e+08,5.01701e+07,0,1.37993e+09,1.37993e+09,1,0
1740,104400,descending,1,7332,39749,17933,4774,88920,3300,260,56985,86093,1.39541e+06,8.05887e+08,199,8.52697e-05,0.0022358,0.0027642,2.70084e+08,5.01701e+07,0,1.37993e+09,1.37993e+09,1,0
1750,105000,cecum,0.995,5826,26475,12311,3239,55747,2188,187,34512,54442,1.05002e+06,1.30897e+08,61,0.000131172,0.00455747,0.000442528,2.85532e+08,5.31186e+07,0,1.4439e+09,1.4439e+09,1,0
1750,105000,transverse,0.9975,5532,35898,13389,4421,78142,2479,221,48923,76864,1.15161e+06,4.74197e+08,159,0.000111203,0.0033863,0.0016137,2.85532e+08,5.31186e+07,0,1.4439e+09,1.4439e+09,1,0
1750,105000,descending,1,6761,40928,18294,4852,90968,3373,261,58004,87359,1.29052e+06,8.38688e+08,199,8.22563e-05,0.00212251,0.00287749,2.85532e+08,5.31186e+07,0,1.4439e+09,1.4439e+09,1,0
1760,105600,cecum,0.9975,6095,26458,12583,3314,56379,2239,193,35281,55191,1.09911e+06,1.38678e+08,61,0.000130777,0.00453117,0.00046883,3.01594e+08,5.62015e+07,0,1.50892e+09,1.50892e+09,1,0
1760,105600,transverse,1,5535,36412,13617,4495,79687,2521,232,50059,78289,1.15401e+06,4.98785e+08,159,0.000109557,0.00330253,0.00169747,3.01594e+08,5.62015e+07,0,1.50892e+09,1.50892e+09,1,0
1760,105600,descending,1,7645,41092,18621,4932,92263,3428,262,59269,89345,1.455e+06,8.71332e+08,199,7.91554e-05,0.00200962,0.00299038,3.01594e+08,5.62015e+07,0,1.50892e+09,1.50892e+09,1,0
1770,106200,cecum,0.9975,5678,27023,12879,3376,57686,2293,194,36138,55900,1.02074e+06,1.46885e+08,61,0.000130359,0.00450343,0.000496574,3.18265e+08,5.9421e+07,0,1.57481e+09,1.57481e+09,1,0
1770,106200,transverse,0.9975,5346,36589,13849,4563,80834,2566,240,51134,79120,1.11819e+06,5.24136e+08,159,0.000107825,0.00321614,0.00178386,3.18265e+08,5.9421e+07,0,1.57481e+09,1.57481e+09,1,0
1770,106200,descending,1,6992,42831,18940,5009,95097,3491,305,60461,91304,1.33412e+06,9.03665e+08,199,7.59781e-05,0.00189765,0.00310235,3.18265e+08,5.9421e+07,0,1.57481e+09,1.57481e+09,1,0
1780,106800,cecum,0.995,5646,27531,13139,3428,58865,2334,199,36897,56875,1.01485e+06,1.55537e+08,61,0.000129915,0.00447418,0.000525823,3.35537e+08,6.27786e+07,0,1.64141e+09,1.64141e+09,1,0
1780,106800,transverse,1,5001,36366,14074,4621,81702,2608,240,52325,79518,1.05653e+06,5.50212e+08,159,0.000106003,0.00312727,0.00187273,3.35537e+08,6.27786e+07,0,1.64141e+09,1.64141e+09,1,0
1780,106800,descending,1,6585,42366,19271,5092,95701,3546,309,61664,91304,1.26034e+06,9.35533e+08,199,7.27376e-05,0.00178713,0.00321287,3.35537e+08,6.27786e+07,0,1.64141e+09,1.64141e+09,1,0
1790,107400,cecum,0.9975,5797,27908,13410,3468,60100,2380,202,37838,58073,1.04196e+06,1.64654e+08,61,0.000129444,0.00444336,0.000556641,3.534e+08,6.62756e+07,0,1.70852e+09,1.70852e+09,1,0
1790,107400,transverse,0.9975,5458,36167,14318,4683,82459,2647,241,53381,80588,1.14533e+06,5.76965e+08,159,0.000104092,0.00303606,0.00196394,3.534e+08,6.62756e+07,0,1.70852e+09,1.70852e+09,1,0
1790,107400,descending,1,7637,43203,19587,5183,97758,3611,311,63038,94251,1.45664e+06,9.66778e+08,199,6.94486e-05,0.00167857,0.00332143,3.534e+08,6.62756e+07,0,1.70852e+09,1.70852e+09,1,0
1800,108000,cecum,0.995,5537,28814,13678,3516,61760,2429,209,38682,59295,994613,1.74254e+08,61,0.000128944,0.00441091,0.000589095,3.71841e+08,6.99128e+07,0,1.77597e+09,1.77597e+09,1,0
1800,108000,transverse,0.9975,5971,36664,14567,4758,83835,2691,250,54370,82338,1.24651e+06,6.04338e+08,159,0.00010209,0.0029427,0.0020573,3.71841e+08,6.99128e+07,0,1.77597e+09,1.77597e+09,1,0
1800,108000,descending,1,6843,43998,19918,5262,99523,3680,311,64156,95039,1.30793e+06,9.97255e+08,199,6.61275e-05,0.00157248,0.00342752,3.71841e+08,6.99128e+07,0,1.77597e+09,1.77597e+09,1,0
1810,108600,cecum,0.9975,5810,29478,13913,3577,63116,2481,210,39486,60801,1.0458e+06,1.84356e+08,61,0.000128415,0.00437675,0.000623248,3.90844e+08,7.36907e+07,0,1.84358e+09,1.84358e+09,1,0
1810,108600,transverse,1,5690,37216,14812,4832,85366,2735,256,55461,83455,1.19431e+06,6.32269e+08,159,9.99973e-05,0.00284742,0.00215258,3.90844e+08,7.36907e+07,0,1.84358e+09,1.84358e+09,1,0
1810,108600,descending,1,6987,43480,20214,5323,100108,3724,312,65363,95576,1.33504e+06,1.02682e+09,199,6.2792e-05,0.00146932,0.00353068,3.90844e+08,7.36907e+07,0,1.84358e+09,1.84358e+09,1,0
1820,109200,cecum,0.9925,6336,29877,14186,3630,64267,2531,211,40340,62307,1.14243e+06,1.9498e+08,61,0.000127855,0.00434084,0.000659164,4.10391e+08,7.76095e+07,0,1.91114e+09,1.91114e+09,1,0
1820,109200,transverse,1,6548,36728,15057,4911,85839,2769,264,56527,84646,1.35986e+06,6.60683e+08,159,9.78141e-05,0.00275045,0.00224955,4.10391e+08,7.76095e+07,0,1.91114e+09,1.91114e+09,1,0
1820,109200,descending,1,7999,43712,20570,5419,101433,3789,316,66613,97714,1.52161e+06,1.05535e+09,199,5.94606e-05,0.00136953,0.00363047,4.10391e+08,7.76095e+07,0,1.91114e+09,1.91114e+09,1,0
1830,109800,cecum,0.9975,6619,29795,14511,3707,64941,2594,214,41233,63076,1.19354e+06,2.06146e+08,61,0.000127261,0.00430309,0.000696909,4.3046e+08,8.16688e+07,0,1.9785e+09,1.9785e+09,1,0
1830,109800,transverse,1,5906,37964,15297,4990,87994,2813,269,57564,86037,1.2357e+06,6.89498e+08,159,9.55421e-05,0.00265207,0.00234793,4.3046e+08,8.16688e+07,0,1.9785e+09,1.9785e+09,1,0
1830,109800,descending,1,7240,43962,20878,5510,102920,3841,316,67993,98277,1.38178e+06,1.08273e+09,199,5.61523e-05,0.00127348,0.00372652,4.3046e+08,8.16688e+07,0,1.9785e+09,1.9785e+09,1,0
1840,110400,cecum,0.9975,6154,29813,14787,3789,65789,2638,216,42187,63307,1.10595e+06,2.17871e+08,61,0.000126632,0.00426346,0.000736544,4.51029e+08,8.5868e+07,0,2.04548e+09,2.04548e+09,1,0
1840,110400,transverse,0.9975,5641,37988,15511,5048,88952,2854,275,58591,86609,1.18804e+06,7.18624e+08,159,9.31837e-05,0.00255259,0.00244741,4.51029e+08,8.5868e+07,0,2.04548e+09,2.04548e+09,1,0
1840,110400,descending,1,6973,44854,21203,5593,104838,3900,319,69158,99742,1.3324e+06,1.10886e+09,199,5.2886e-05,0.00118151,0.00381849,4.51029e+08,8.5868e+07,0,2.04548e+09,2.04548e+09,1,0
1850,111000,cecum,0.995,6076,30642,15061,3843,67338,2679,216,43002,64599,1.09219e+06,2.30173e+08,61,0.000125967,0.00422187,0.00077813,4.72074e+08,9.02062e+07,0,2.11193e+09,2.11193e+09,1,0
1850,111000,transverse,1,5980,38097,15747,5129,90053,2901,277,59709,87939,1.24977e+06,7.47961e+08,159,9.07426e-05,0.00245234,0.00254766,4.72074e+08,9.02062e+07,0,2.11193e+09,2.11193e+09,1,0
1850,111000,descending,1,7253,45411,21506,5659,106452,3967,321,70346,101464,1.38297e+06,1.13366e+09,199,4.96802e-05,0.00109388,0.00390612,4.72074e+08,9.02062e+07,0,2.11193e+09,2.11193e+09,1,0
1860,111600,cecum,0.9975,6198,30792,15371,3919,68246,2741,221,43893,65452,1.11377e+06,2.4307e+08,61,0.000125262,0.00417827,0.000821726,4.9357e+08,9.4682e+07,0,2.17769e+09,2.17769e+09,1,0
1860,111600,transverse,1,5451,38056,16032,5184,90932,2964,280,60744,88119,1.15512e+06,7.77408e+08,159,8.82233e-05,0.00235166,0.00264834,4.9357e+08,9.4682e+07,0,2.17769e+09,2.17769e+09,1,0
1860,111600,descending,1,8469,46236,21826,5735,108430,4024,322,71631,104470,1.60812e+06,1.15708e+09,199,4.65521e-05,0.00101078,0.00398922,4.9357e+08,9.4682e+07,0,2.17769e+09,2.17769e+09,1,0
1870,112200,cecum,0.995,5896,32004,15663,3992,70347,2796,225,44906,67083,1.0601e+06,2.56576e+08,61,0.000124517,0.00413261,0.000867387,5.15489e+08,9.92939e+07,0,2.24264e+09,2.24264e+09,1,0
1870,112200,transverse,1,5631,37624,16306,5250,91505,3012,284,61859,88708,1.19474e+06,8.06851e+08,159,8.56318e-05,0.00225093,0.00274907,5.15489e+08,9.92939e+07,0,2.24264e+09,2.24264e+09,1,0
1870,112200,descending,0.9975,8170,47221,22191,5839,110472,4083,325,72848,106008,1.55293e+06,1.17907e+09,199,4.35175e-05,0.000932343,0.00406766,5.15489e+08,9.92939e+07,0,2.24264e+09,2.24264e+09,1,0
1880,112800,cecum,1,6348,32526,15928,4049,71735,2833,225,45866,68752,1.14356e+06,2.70708e+08,61,0.00012373,0.00408484,0.000915163,5.37805e+08,1.0404e+08,0,2.30665e+09,2.30665e+09,1,0
1880,112800,transverse,1,5704,37156,16587,5320,91991,3057,286,62926,89099,1.21589e+06,8.36178e+08,159,8.29752e-05,0.00215052,0.00284948,5.37805e+08,1.0404e+08,0,2.30665e+09,2.30665e+09,1,0
1880,112800,descending,1,7671,47221,22558,5920,111812,4157,330,74338,106632,1.46129e+06,1.19963e+09,199,4.05902e-05,0.00085864,0.00414136,5.37805e+08,1.0404e+08,0,2.30665e+09,2.30665e+09,1,0
1890,113400,cecum,1,5873,32576,16209,4110,72582,2886,228,46774,68954,1.05497e+06,2.85481e+08,61,0.000122898,0.0040349,0.0009651,5.60491e+08,1.08918e+08,0,2.36962e+09,2.36962e+09,1,0
1890,113400,transverse,1,5678,37491,16869,5388,93263,3112,289,63983,90183,1.21384e+06,8.6527e+08,159,8.02618e-05,0.00205084,0.00294916,5.60491e+08,1.08918e+08,0,2.36962e+09,2.36962e+09,1,0
1890,113400,descending,1,8050,47031,22880,6019,112879,4216,341,75742,107903,1.53294e+06,1.21874e+09,199,3.77819e-05,0.000789669,0.00421033,5.60491e+08,1.08918e+08,0,2.36962e+09,2.36962e+09,1,0
1900,114000,cecum,0.9975,6381,32361,16520,4176,73287,2940,230,47812,69974,1.14812e+06,3.00905e+08,61,0.000122019,0.00398276,0.00101724,5.8352e+08,1.13926e+08,0,2.43148e+09,2.43148e+09,1,0
1900,114000,transverse,1,6173,38722,17141,5470,95449,3159,290,65066,92720,1.30241e+06,8.94011e+08,159,7.75012e-05,0.00195227,0.00304773,5.8352e+08,1.13926e+08,0,2.43148e+09,2.43148e+09,1,0
1900,114000,descending,1,8093,47902,23235,6102,115024,4278,370,77132,109852,1.53978e+06,1.23642e+09,199,3.51019e-05,0.000725379,0.00427462,5.8352e+08,1.13926e+08,0,2.43148e+09,2.43148e+09,1,0
1910,114600,cecum,0.9975,6527,32482,16810,4253,74193,2986,235,48715,70854,1.17408e+06,3.1699e+08,61,0.000121092,0.00392839,0.00107161,6.06865e+08,1.19062e+08,0,2.49213e+09,2.49213e+09,1,0
1910,114600,transverse,1,6506,38517,17437,5529,96235,3214,290,66171,93657,1.3707e+06,9.22287e+08,159,7.47038e-05,0.00185521,0.00314479,6.06865e+08,1.19062e+08,0,2.49213e+09,2.49213e+09,1,0
1910,114600,descending,1,7787,47291,23550,6183,115813,4331,375,78661,110149,1.4836e+06,1.25271e+09,199,3.25569e-05,0.000665666,0.00433433,6.06865e+08,1.19062e+08,0,2.49213e+09,2.49213e+09,1,0
1920,115200,cecum,1,6227,32323,17111,4330,74821,3058,241,49645,71024,1.1179e+06,3.33744e+08,61,0.000120114,0.00387175,0.00112825,6.30501e+08,1.24322e+08,0,2.55152e+09,2.55152e+09,1,0
1920,115200,transverse,1,6344,38316,17723,5610,97038,3270,293,67309,94146,1.33932e+06,9.49985e+08,159,7.18812e-05,0.00176002,0.00323998,6.30501e+08,1.24322e+08,0,2.55152e+09,2.55152e+09,1,0
1920,115200,descending,0.9975,8109,48018,23868,6266,117643,4381,389,79883,112102,1.54322e+06,1.26765e+09,199,3.01515e-05,0.000610385,0.00438961,6.30501e+08,1.24322e+08,0,2.55152e+09,2.55152e+09,1,0
1930,115800,cecum,0.9975,6579,32440,17379,4391,75715,3105,247,50524,72104,1.18223e+06,3.5117e+08,61,0.000119084,0.00381284,0.00118716,6.54403e+08,1.29705e+08,0,2.6096e+09,2.6096e+09,1,0
1930,115800,transverse,1,6995,39076,18028,5689,98773,3324,295,68415,96358,1.46387e+06,9.76998e+08,159,6.90458e-05,0.00166706,0.00333294,6.54403e+08,1.29705e+08,0,2.6096e+09,2.6096e+09,1,0
1930,115800,descending,1,8583,48103,24243,6350,119038,4450,395,81340,113743,1.63326e+06,1.28129e+09,199,2.78878e-05,0.000559358,0.00444064,6.54403e+08,1.29705e+08,0,2.6096e+09,2.6096e+09,1,0
1940,116400,cecum,0.995,6615,32703,17672,4458,76800,3148,257,51446,73032,1.1886e+06,3.69272e+08,61,0.000117998,0.00375165,0.00124835,6.78547e+08,1.35207e+08,0,2.66635e+09,2.66635e+09,1,0
1940,116400,transverse,1,6613,39938,18315,5780,100598,3373,307,69506,97642,1.38349e+06,1.00323e+09,159,6.62103e-05,0.00157666,0.00342334,6.78547e+08,1.35207e+08,0,2.66635e+09,2.66635e+09,1,0
1940,116400,descending,1,8016,48552,24594,6427,120805,4518,404,82794,114728,1.52808e+06,1.2937e+09,199,2.57658e-05,0.000512379,0.00448762,6.78547e+08,1.35207e+08,0,2.66635e+09,2.66635e+09,1,0
1950,117000,cecum,1,6845,33182,17969,4540,78123,3199,258,52422,74420,1.23165e+06,3.88046e+08,61,0.000116856,0.00368818,0.00131182,7.02912e+08,1.40826e+08,0,2.72173e+09,2.72173e+09,1,0
1950,117000,transverse,1,6141,39397,18553,5852,101199,3415,312,70757,97642,1.30069e+06,1.02859e+09,159,6.33877e-05,0.00148912,0.00351088,7.02912e+08,1.40826e+08,0,2.72173e+09,2.72173e+09,1,0
1950,117000,descending,1,7835,49543,24942,6498,123295,4579,407,84422,116818,1.49318e+06,1.30495e+09,199,2.37839e-05,0.000469227,0.00453077,7.02912e+08,1.40826e+08,0,2.72173e+09,2.72173e+09,1,0
1960,117600,cecum,0.9975,6868,33281,18261,4626,79052,3254,258,53393,75221,1.23479e+06,4.07488e+08,61,0.000115656,0.00362246,0.00137754,7.27475e+08,1.46558e+08,0,2.77573e+09,2.77573e+09,1,0
1960,117600,transverse,1,6286,39689,18834,5937,102542,3470,314,71946,98987,1.32544e+06,1.05301e+09,159,6.05912e-05,0.00140469,0.00359531,7.27475e+08,1.46558e+08,0,2.77573e+09,2.77573e+09,1,0
1960,117600,descending,1,7191,49133,25277,6577,124127,4648,408,85811,116818,1.3735e+06,1.3151e+09,199,2.19389e-05,0.000429669,0.00457033,7.27475e+08,1.46558e+08,0,2.77573e+09,2.77573e+09,1,0
1970,118200,cecum,0.9975,6917,33452,18575,4689,80117,3329,258,54425,76159,1.24434e+06,4.27587e+08,61,0.000114396,0.00355451,0.00144549,7.52217e+08,1.52401e+08,0,2.82836e+09,2.82836e+09,1,0
1970,118200,transverse,1,6815,39578,19092,6009,103537,3505,314,73159,100360,1.42153e+06,1.07641e+09,159,5.78334e-05,0.00132359,0.00367641,7.52217e+08,1.52401e+08,0,2.82836e+09,2.82836e+09,1,0
1970,118200,descending,1,7748,49056,25620,6652,125487,4712,411,87384,118528,1.47707e+06,1.32422e+09,199,2.02261e-05,0.000393467,0.00460653,7.52217e+08,1.52401e+08,0,2.82836e+09,2.82836e+09,1,0
1980,118800,cecum,1,7486,33227,18910,4775,80665,3380,260,55333,77076,1.34719e+06,4.4833e+08,61,0.000113073,0.00348439,0.00151561,7.77119e+08,1.58353e+08,0,2.87961e+09,2.87961e+09,1,0
1980,118800,transverse,1,7028,39599,19392,6089,104650,3558,317,74381,101516,1.46425e+06,1.09875e+09,159,5.51263e-05,0.00124599,0.00375401,7.77119e+08,1.58353e+08,0,2.87961e+09,2.87961e+09,1,0
1980,118800,descending,1,7132,48715,25973,6743,126293,4792,419,88694,118528,1.36244e+06,1.33239e+09,199,1.86403e-05,0.000360384,0.00463962,7.77119e+08,1.58353e+08,0,2.87961e+09,2.87961e+09,1,0
1990,119400,cecum,0.9975,7294,33926,19220,4842,82273,3439,265,56363,78303,1.31117e+06,4.69696e+08,61,0.000111688,0.00341217,0.00158783,8.02165e+08,1.64409e+08,0,2.92951e+09,2.92951e+09,1,0
1990,119400,transverse,1,6284,40363,19682,6171,106398,3612,320,75498,102363,1.32649e+06,1.11998e+09,159,5.24812e-05,0.00117202,0.00382798,8.02165e+08,1.64409e+08,0,2.92951e+09,2.92951e+09,1,0
1990,119400,descending,0.9975,8191,49268,26260,6831,128172,4846,429,90152,121311,1.56022e+06,1.33968e+09,199,1.71754e-05,0.000330187,0.00466981,8.02165e+08,1.64409e+08,0,2.92951e+09,2.92951e+09,1,0
2000,120000,cecum,0.995,7351,34927,19545,4901,84203,3491,300,57368,80041,1.32253e+06,4.91661e+08,61,0.000110239,0.00333791,0.00166209,8.27338e+08,1.70568e+08,0,2.97807e+09,2.97807e+09,1,0
2000,120000,transverse,1,6686,41081,19984,6261,108177,3662,323,76696,104379,1.40525e+06,1.14009e+09,159,4.99078e-05,0.00110175,0.00389825,8.27338e+08,1.70568e+08,0,2.97807e+09,2.97807e+09,1,0
2000,120000,descending,1,8283,49580,26605,6938,129661,4916,434,91501,122719,1.5767e+06,1.34616e+09,199,1.58248e-05,0.000302651,0.00469735,8.27338e+08,1.70568e+08,0,2.97807e+09,2.97807e+09,1,0
2010,120600,cecum,1,7171,35884,19859,4978,85978,3550,313,58309,81445,1.28963e+06,5.14195e+08,61,0.000108725,0.00326174,0.00173826,8.52625e+08,1.76826e+08,0,3.02531e+09,3.02531e+09,1,0
2010,120600,transverse,1,7140,41158,20281,6342,109159,3725,341,77727,105644,1.49592e+06,1.15907e+09,159,4.7415e-05,0.00103521,0.00396479,8.52625e+08,1.76826e+08,0,3.02531e+09,3.02531e+09,1,0
2010,120600,descending,1,9034,49365,26940,7058,130781,4984,438,93020,124439,1.71691e+06,1.3519e+09,199,1.45816e-05,0.000277561,0.00472244,8.52625e+08,1.76826e+08,0,3.02531e+09,3.02531e+09,1,0
2020,121200,cecum,0.9975,7210,36475,20164,5052,87500,3601,315,59363,82824,1.2978e+06,5.37262e+08,61,0.000107146,0.00318376,0.00181624,8.78012e+08,1.83182e+08,0,3.07128e+09,3.07128e+09,1,0
2020,121200,transverse,0.9975,6486,41215,20574,6424,110298,3777,349,78935,105962,1.37411e+06,1.17692e+09,159,4.50098e-05,0.000972401,0.0040276,8.78012e+08,1.83182e+08,0,3.07128e+09,3.07128e+09,1,0
2020,121200,descending,1,7932,49395,27314,7170,132068,5062,439,94466,124439,1.5149e+06,1.35695e+09,199,1.34391e-05,0.000254712,0.00474529,8.78012e+08,1.83182e+08,0,3.07128e+09,3.07128e+09,1,0
2030,121800,cecum,1,6506,37113,20514,5124,88994,3681,321,60365,83410,1.16664e+06,5.6082e+08,61,0.000105501,0.00310412,0.00189588,9.03486e+08,1.89631e+08,0,3.11599e+09,3.11599e+09,1,0
2030,121800,transverse,1,6558,42462,20882,6507,112607,3825,354,80123,108161,1.38e+06,1.19365e+09,159,4.26977e-05,0.000913261,0.00408674,9.03486e+08,1.89631e+08,0,3.11599e+09,3.11599e+09,1,0
2030,121800,descending,0.9975,8919,49185,27695,7255,133088,5143,450,95851,126220,1.70006e+06,1.36138e+09,199,1.23903e-05,0.000233914,0.00476609,9.03486e+08,1.89631e+08,0,3.11599e+09,3.11599e+09,1,0
2040,122400,cecum,1,7355,37218,20857,5200,90151,3759,331,61561,85217,1.32311e+06,5.84821e+08,61,0.000103792,0.00302298,0.00197702,9.29037e+08,1.96173e+08,0,3.15949e+09,3.15949e+09,1,0
2040,122400,transverse,1,8087,42842,21175,6612,114019,3874,358,81305,110959,1.66846e+06,1.20928e+09,159,4.04827e-05,0.000857711,0.00414229,9.29037e+08,1.96173e+08,0,3.15949e+09,3.15949e+09,1,0
2040,122400,descending,1,8294,49851,28087,7345,135025,5211,458,97272,127290,1.58216e+06,1.36523e+09,199,1.14285e-05,0.000214987,0.00478501,9.29037e+08,1.96173e+08,0,3.15949e+09,3.15949e+09,1,0
2050,123000,cecum,1,7543,38134,21230,5276,92009,3832,332,62651,87038,1.35853e+06,6.09211e+08,61,0.000102019,0.00294053,0.00205947,9.54654e+08,2.02803e+08,0,3.20179e+09,3.20179e+09,1,0
2050,123000,transverse,1,6929,43440,21522,6716,115685,3942,364,82539,111286,1.46259e+06,1.22386e+09,159,3.83673e-05,0.000805638,0.00419436,9.54654e+08,2.02803e+08,0,3.20179e+09,3.20179e+09,1,0
2050,123000,descending,1,8105,48869,28441,7429,135418,5282,463,98797,127290,1.54937e+06,1.36857e+09,199,1.05472e-05,0.000197766,0.00480223,9.54654e+08,2.02803e+08,0,3.20179e+09,3.20179e+09,1,0
2060,123600,cecum,1,6833,38842,21557,5364,93707,3892,337,63784,87842,1.22812e+06,6.33931e+08,61,0.000100183,0.00285697,0.00214303,9.80328e+08,2.0952e+08,0,3.24293e+09,3.24293e+09,1,0
2060,123600,transverse,1,7888,44860,21845,6809,118127,4010,367,83719,114522,1.6388e+06,1.23741e+09,159,3.63524e-05,0.000756908,0.00424309,9.80328e+08,2.0952e+08,0,3.24293e+09,3.24293e+09,1,0
2060,123600,descending,1,8413,49362,28851,7528,137158,5357,480,100201,129085,1.60674e+06,1.37144e+09,199,9.74029e-06,0.000182098,0.0048179,9.80328e+08,2.0952e+08,0,3.24293e+09,3.24293e+09,1,0
2070,124200,cecum,1,6913,39019,21873,5433,94846,3947,341,64866,88865,1.24199e+06,6.58914e+08,61,9.82872e-05,0.00277251,0.00222749,1.00605e+09,2.16322e+08,0,3.28293e+09,3.28293e+09,1,0
2070,124200,transverse,1,7941,46149,22139,6894,120541,4064,368,84982,116833,1.65109e+06,1.24999e+09,159,3.44379e-05,0.000711365,0.00428864,1.00605e+09,2.16322e+08,0,3.28293e+09,3.28293e+09,1,0
2070,124200,descending,1,8207,48516,29205,7622,137566,5419,484,101607,129085,1.56908e+06,1.37387e+09,199,9.00175e-06,0.000167841,0.00483216,1.00605e+09,2.16322e+08,0,3.28293e+09,3.28293e+09,1,0
2080,124800,cecum,1,6584,40095,22179,5510,96878,4001,360,65934,90374,1.18164e+06,6.84091e+08,61,9.63342e-05,0.0026874,0.0023126,1.03182e+09,2.23205e+08,0,3.32181e+09,3.32181e+09,1,0
2080,124800,transverse,1,7193,46163,22475,6987,121841,4109,403,86371,117152,1.5195e+06,1.26164e+09,159,3.26222e-05,0.000668842,0.00433116,1.03182e+09,2.23205e+08,0,3.32181e+09,3.32181e+09,1,0
2080,124800,descending,1,8187,48099,29550,7692,138503,5479,491,103084,129780,1.5676e+06,1.37592e+09,199,8.32602e-06,0.000154865,0.00484513,1.03182e+09,2.23205e+08,0,3.32181e+09,3.32181e+09,1,0
2090,125400,cecum,1,7390,39922,22505,5604,97726,4049,363,67094,91841,1.32929e+06,7.09384e+08,61,9.43275e-05,0.00260189,0.00239811,1.05761e+09,2.30168e+08,0,3.35959e+09,3.35959e+09,1,0
2090,125400,transverse,1,7757,46299,22792,7076,123149,4171,404,87693,118857,1.63226e+06,1.27242e+09,159,3.09032e-05,0.000629166,0.00437083,1.05761e+09,2.30168e+08,0,3.35959e+09,3.35959e+09,1,0
2090,125400,descending,0.9975,9235,48587,29946,7760,140152,5557,491,104391,132227,1.76108e+06,1.37762e+09,199,7.70785e-06,0.000143052,0.00485695,1.05761e+09,2.30168e+08,0,3.35959e+09,3.35959e+09,1,0
2100,126000,cecum,1,7124,40684,22818,5698,99440,4115,363,68206,93136,1.28043e+06,7.34716e+08,61,9.22714e-05,0.00251626,0.00248374,1.08344e+09,2.37209e+08,0,3.39626e+09,3.39626e+09,1,0
2100,126000,transverse,1,7438,47529,23130,7154,125668,4231,411,89113,120850,1.57289e+06,1.28238e+09,159,2.92775e-05,0.000592159,0.00440784,1.08344e+09,2.37209e+08,0,3.39626e+09,3.39626e+09,1,0
2100,126000,descending,1,9319,49776,30367,7860,142528,5628,493,105747,134435,1.77348e+06,1.379e+09,199,7.14235e-06,0.000132292,0.00486771,1.08344e+09,2.37209e+08,0,3.39626e+09,3.39626e+09,1,0
2110,126600,cecum,1,6904,40852,23162,5775,100675,4178,367,69409,93943,1.24062e+06,7.60003e+08,61,9.0171e-05,0.00243078,0.00256922,1.10929e+09,2.44324e+08,0,3.43183e+09,3.43183e+09,1,0
2110,126600,transverse,1,7821,48030,23435,7248,127449,4286,416,90537,122853,1.64678e+06,1.29157e+09,159,2.77418e-05,0.000557644,0.00444236,1.10929e+09,2.44324e+08,0,3.43183e+09,3.43183e+09,1,0
2110,126600,descending,1,8533,50596,30761,7951,144572,5705,495,107137,135465,1.63017e+06,1.38009e+09,199,6.62495e-06,0.000122487,0.00487751,1.10929e+09,2.44324e+08,0,3.43183e+09,3.43183e+09,1,0
2120,127200,cecum,0.9975,6774,41551,23443,5835,102446,4222,378,70574,95396,1.21729e+06,7.8516e+08,61,8.80322e-05,0.00234573,0.00265427,1.13516e+09,2.51513e+08,0,3.46629e+09,3.46629e+09,1,0
2120,127200,transverse,1,7956,47775,23786,7342,128495,4366,421,92007,123852,1.6798e+06,1.30005e+09,159,2.62918e-05,0.000525448,0.00447455,1.13516e+09,2.51513e+08,0,3.46629e+09,3.46629e+09,1,0
2120,127200,descending,1,8375,49724,31142,8042,144956,5773,499,108548,135465,1.60284e+06,1.38093e+09,199,6.15143e-06,0.000113546,0.00488645,1.13516e+09,2.51513e+08,0,3.46629e+09,3.46629e+09,1,0
2130,127800,cecum,1,7408,42215,23763,5912,104263,4304,385,71879,97679,1.33438e+06,8.101e+08,61,8.58616e-05,0.00226142,0.00273858,1.16104e+09,2.58772e+08,0,3.49964e+09,3.49964e+09,1,0
2130,127800,transverse,1,7653,47829,24117,7423,129680,4434,433,93275,124540,1.6219e+06,1.30786e+09,159,2.49234e-05,0.000495404,0.0045046,1.16104e+09,2.58772e+08,0,3.49964e+09,3.49964e+09,1,0
2130,127800,descending,1,9594,49786,31531,8145,146533,5825,502,110215,138024,1.82964e+06,1.38152e+09,199,5.71787e-06,0.000105386,0.00489461,1.16104e+09,2.58772e+08,0,3.49964e+09,3.49964e+09,1,0
2140,128400,cecum,0.9975,6952,42838,24060,5971,105958,4363,387,73067,98737,1.2477e+06,8.34738e+08,61,8.36665e-05,0.00217813,0.00282187,1.18693e+09,2.66099e+08,0,3.53186e+09,3.53186e+09,1,0
2140,128400,transverse,1,7342,47500,24447,7507,130552,4486,440,94605,124900,1.57226e+06,1.31505e+09,159,2.36323e-05,0.000467354,0.00453265,1.18693e+09,2.66099e+08,0,3.53186e+09,3.53186e+09,1,0
2140,128400,descending,1,9419,49840,31963,8252,147670,5902,503,111481,138737,1.79964e+06,1.38191e+09,199,5.32068e-06,9.7933e-05,0.00490207,1.18693e+09,2.66099e+08,0,3.53186e+09,3.53186e+09,1,0
2150,129000,cecum,1,8610,42726,24423,6062,106938,4432,388,74318,101171,1.55482e+06,8.58987e+08,61,8.14548e-05,0.00209616,0.00290384,1.21282e+09,2.73491e+08,0,3.56292e+09,3.56292e+09,1,0
2150,129000,transverse,1,7181,48084,24789,7589,132264,4554,444,95879,126255,1.53987e+06,1.32166e+09,159,2.24141e-05,0.000441151,0.00455885,1.21282e+09,2.73491e+08,0,3.56292e+09,3.56292e+09,1,0
2150,129000,descending,1,9271,49270,32379,8341,148422,5971,512,112952,139074,1.77414e+06,1.38211e+09,199,4.95657e-06,9.11193e-05,0.00490888,1.21282e+09,2.73491e+08,0,3.56292e+09,3.56292e+09,1,0
2160,129600,cecum,0.9975,7896,43639,24790,6174,108923,4512,390,75580,102265,1.42128e+06,8.82767e+08,61,7.9235e-05,0.00201577,0.00298423,1.23872e+09,2.80947e+08,0,3.59281e+09,3.59281e+09,1,0
2160,129600,transverse,1,7172,47816,25112,7667,133160,4611,448,97174,126950,1.5423e+06,1.32775e+09,159,2.12646e-05,0.000416656,0.00458334,1.23872e+09,2.80947e+08,0,3.59281e+09,3.59281e+09,1,0
2160,129600,descending,1,10130,51013,32819,8437,151394,6051,514,114355,142639,1.92958e+06,1.38213e+09,199,4.62252e-06,8.48837e-05,0.00491512,1.23872e+09,2.80947e+08,0,3.59281e+09,3.59281e+09,1,0
2170,130200,cecum,1,7866,44013,25159,6252,110399,4585,396,76827,103487,1.41475e+06,9.05998e+08,61,7.70158e-05,0.00193724,0.00306276,1.26461e+09,2.88464e+08,0,3.6215e+09,3.6215e+09,1,0
2170,130200,transverse,1,8141,48183,25450,7759,134788,4672,451,98585,129359,1.72114e+06,1.33334e+09,159,2.018e-05,0.000393743,0.00460626,1.26461e+09,2.88464e+08,0,3.6215e+09,3.6215e+09,1,0
2170,130200,descending,1,9892,50218,33262,8541,151887,6139,518,115831,142639,1.8881e+06,1.382e+09,199,4.31577e-06,7.91706e-05,0.00492083,1.26461e+09,2.88464e+08,0,3.6215e+09,3.6215e+09,1,0
2180,130800,cecum,0.9975,8059,43409,25507,6346,111130,4647,402,78312,104213,1.44934e+06,9.28605e+08,61,7.48065e-05,0.00186082,0.00313918,1.2905e+09,2.9604e+08,0,3.64898e+09,3.64898e+09,1,0
2180,130800,transverse,1,8196,48424,25840,7856,136362,4752,458,100088,130768,1.73812e+06,1.33848e+09,159,1.91564e-05,0.000372297,0.0046277,1.2905e+09,2.9604e+08,0,3.64898e+09,3.64898e+09,1,0
2180,130800,descending,1,9376,51457,33660,8640,154357,6211,518,117233,144366,1.79284e+06,1.38173e+09,199,4.03383e-06,7.39302e-05,0.00492607,1.2905e+09,2.9604e+08,0,3.64898e+09,3.64898e+09,1,0
2190,131400,cecum,0.9975,8092,44236,25869,6429,112974,4730,406,79491,105890,1.45442e+06,9.50521e+08,61,7.26163e-05,0.00178673,0.00321327,1.31638e+09,3.03671e+08,0,3.67521e+09,3.67521e+09,1,0
2190,131400,transverse,1,8731,48080,26232,7948,137128,4815,464,101347,131826,1.84816e+06,1.34319e+09,159,1.81904e-05,0.000352213,0.00464779,1.31638e+09,3.03671e+08,0,3.67521e+09,3.67521e+09,1,0
2190,131400,descending,1,8587,51911,34049,8736,156098,6276,525,118674,145083,1.64532e+06,1.38133e+09,199,3.77441e-06,6.91176e-05,0.00493088,1.31638e+09,3.03671e+08,0,3.67521e+09,3.67521e+09,1,0
2200,132000,cecum,1,8051,44208,26222,6507,114019,4787,407,80698,106675,1.44489e+06,9.71685e+08,61,7.04545e-05,0.00171519,0.00328481,1.34226e+09,3.11355e+08,0,3.70018e+09,3.70018e+09,1,0
2200,132000,transverse,1,9103,48558,26594,8045,138739,4888,467,102647,133614,1.91688e+06,1.3475e+09,159,1.72788e-05,0.000333396,0.0046666,1.34226e+09,3.11355e+08,0,3.70018e+09,3.70018e+09,1,0
2200,132000,descending,1,8431,51685,34442,8813,157258,6343,532,120197,145831,1.61814e+06,1.38082e+09,199,3.53547e-06,6.46924e-05,0.00493531,1.34226e+09,3.11355e+08,0,3.70018e+09,3.70018e+09,1,0
2210,132600,cecum,0.9975,8197,45409,26580,6592,116401,4862,410,82036,109002,1.47356e+06,9.92044e+08,61,6.83299e-05,0.00164636,0.00335364,1.36812e+09,3.19089e+08,0,3.72388e+09,3.72388e+09,1,0
2210,132600,transverse,1,8738,49274,26961,8175,140725,4953,470,104109,135060,1.851e+06,1.35145e+09,159,1.64185e-05,0.000315761,0.00468424,1.36812e+09,3.19089e+08,0,3.72388e+09,3.72388e+09,1,0
2210,132600,descending,1,9240,50906,34872,8890,157858,6425,535,121732,146966,1.76962e+06,1.38021e+09,199,3.31515e-06,6.06185e-05,0.00493938,1.36812e+09,3.19089e+08,0,3.72388e+09,3.72388e+09,1,0
2220,133200,cecum,1,8209,46182,26913,6671,118116,4931,412,83124,110542,1.47645e+06,1.01155e+09,61,6.62513e-05,0.00158041,0.00341959,1.39397e+09,3.26872e+08,0,3.74629e+09,3.74629e+09,1,0
2220,133200,transverse,1,8947,50244,27316,8256,142884,5023,482,105437,137212,1.89717e+06,1.35506e+09,159,1.5607e-05,0.000299233,0.00470077,1.39397e+09,3.26872e+08,0,3.74629e+09,3.74629e+09,1,0
2220,133200,descending,1,9421,51450,35280,8980,159715,6508,548,123205,148756,1.80297e+06,1.37951e+09,199,3.11178e-06,5.68634e-05,0.00494314,1.39397e+09,3.26872e+08,0,3.74629e+09,3.74629e+09,1,0
2230,133800,cecum,1,7955,45608,27246,6747,118869,4979,418,84569,110826,1.42827e+06,1.03018e+09,61,6.42267e-05,0.00151744,0.00348256,1.41981e+09,3.347e+08,0,3.76742e+09,3.76742e+09,1,0
2230,133800,transverse,1,8768,50188,27704,8353,144017,5099,487,106794,137946,1.87219e+06,1.35834e+09,159,1.48418e-05,0.000283742,0.00471626,1.41981e+09,3.347e+08,0,3.76742e+09,3.76742e+09,1,0
2230,133800,descending,1,9059,52366,35682,9076,161781,6584,550,124525,150228,1.73228e+06,1.37872e+09,199,2.92386e-06,5.33982e-05,0.0049466,1.41981e+09,3.347e+08,0,3.76742e+09,3.76742e+09,1,0
2240,134400,cecum,0.9975,8606,46439,27585,6805,120923,5037,419,85907,113307,1.54867e+06,1.0479e+09,61,6.22635e-05,0.00145755,0.00354245,1.44563e+09,3.4257e+08,0,3.78726e+09,3.78726e+09,1,0
2240,134400,transverse,1,8060,49866,28081,8444,144928,5190,495,108201,137946,1.73966e+06,1.36133e+09,160,1.41206e-05,0.000269226,0.00473077,1.44563e+09,3.4257e+08,0,3.78726e+09,3.78726e+09,1,0
2240,134400,descending,1,9982,52611,36105,9168,163294,6678,553,125976,152424,1.90807e+06,1.37786e+09,200,2.75003e-06,5.01968e-05,0.0049498,1.44563e+09,3.4257e+08,0,3.78726e+09,3.78726e+09,1,0
2250,135000,cecum,1,8922,45600,27951,6899,121369,5101,430,87339,113850,1.6055e+06,1.06469e+09,61,6.03682e-05,0.00140079,0.00359921,1.47144e+09,3.5048e+08,0,3.80583e+09,3.80583e+09,1,0
2250,135000,transverse,1,7795,50170,28486,8525,146523,5265,503,109640,139019,1.691e+06,1.36403e+09,160,1.34414e-05,0.000255629,0.00474437,1.47144e+09,3.5048e+08,0,3.80583e+09,3.80583e+09,1,0
2250,135000,descending,1,9858,51604,36559,9277,163682,6767,561,127561,152424,1.88719e+06,1.37693e+09,200,2.5891e-06,4.72361e-05,0.00495276,1.47144e+09,3.5048e+08,0,3.80583e+09,3.80583e+09,1,0
2260,135600,cecum,1,9763,45747,28334,7006,122644,5174,431,88646,115762,1.76065e+06,1.08054e+09,61,5.85465e-05,0.00134719,0.00365281,1.49722e+09,3.58427e+08,0,3.82313e+09,3.82313e+09,1,0
2260,135600,transverse,1,8514,50574,28843,8600,148168,5325,507,111012,141157,1.82043e+06,1.36647e+09,160,1.28023e-05,0.0002429,0.0047571,1.49722e+09,3.58427e+08,0,3.82313e+09,3.82313e+09,1,0
2260,135600,descending,1,9427,51918,37011,9368,165452,6853,568,129187,153481,1.80714e+06,1.37594e+09,200,2.43997e-06,4.44955e-05,0.0049555,1.49722e+09,3.58427e+08,0,3.82313e+09,3.82313e+09,1,0
2270,136200,cecum,1,9040,46227,28762,7103,124232,5243,432,89919,116364,1.62475e+06,1.09547e+09,61,5.6803e-05,0.00129674,0.00370326,1.52299e+09,3.66409e+08,0,3.8392e+09,3.8392e+09,1,0
2270,136200,transverse,1,9011,50909,29213,8694,149735,5396,511,112405,143012,1.91141e+06,1.36866e+09,160,1.22016e-05,0.000230992,0.00476901,1.52299e+09,3.66409e+08,0,3.8392e+09,3.8392e+09,1,0
2270,136200,descending,1,9868,51042,37453,9471,166014,6945,578,130810,154227,1.89214e+06,1.37489e+09,200,2.30167e-06,4.19565e-05,0.00495804,1.52299e+09,3.66409e+08,0,3.8392e+09,3.8392e+09,1,0
2280,136800,cecum,1,8340,46723,29111,7187,126024,5315,443,91360,117252,1.49485e+06,1.10946e+09,61,5.51414e-05,0.00124943,0.00375057,1.54874e+09,3.74423e+08,0,3.85405e+09,3.85405e+09,1,0
2280,136800,transverse,1,8910,51716,29550,8799,151872,5456,516,113895,144871,1.89372e+06,1.37062e+09,160,1.16375e-05,0.000219862,0.00478014,1.54874e+09,3.74423e+08,0,3.85405e+09,3.85405e+09,1,0
2280,136800,descending,1,10032,51199,37912,9552,167591,7039,578,132405,155684,1.92119e+06,1.3738e+09,200,2.17333e-06,3.96025e-05,0.0049604,1.54874e+09,3.74423e+08,0,3.85405e+09,3.85405e+09,1,0
2290,137400,cecum,1,7894,48321,29483,7256,128804,5384,458,92665,119337,1.41361e+06,1.12255e+09,61,5.35642e-05,0.00120519,0.00379481,1.57446e+09,3.82466e+08,0,3.86774e+09,3.86774e+09,1,0
2290,137400,transverse,1,8718,51276,29946,8905,152627,5546,522,115280,145228,1.86571e+06,1.37235e+09,160,1.11086e-05,0.000209469,0.00479053,1.57446e+09,3.82466e+08,0,3.86774e+09,3.86774e+09,1,0
2290,137400,descending,1,10113,51759,38388,9644,169286,7137,579,133729,157173,1.93563e+06,1.37265e+09,200,2.05418e-06,3.74189e-05,0.00496258,1.57446e+09,3.82466e+08,0,3.86774e+09,3.86774e+09,1,0
2300,138000,cecum,1,8089,48303,29851,7337,130055,5456,461,94084,120565,1.44975e+06,1.13475e+09,61,5.2073e-05,0.00116395,0.00383605,1.60016e+09,3.90537e+08,0,3.88028e+09,3.88028e+09,1,0
2300,138000,transverse,1,8954,52544,30365,9007,155209,5615,533,116754,147787,1.90237e+06,1.37388e+09,160,1.06132e-05,0.000199774,0.00480023,1.60016e+09,3.90537e+08,0,3.88028e+09,3.88028e+09,1,0
2300,138000,descending,1,11002,52038,38906,9736,170879,7243,588,135232,159326,2.10041e+06,1.37147e+09,200,1.94352e-06,3.53923e-05,0.00496461,1.60016e+09,3.90537e+08,0,3.88028e+09,3.88028e+09,1,0
2310,138600,cecum,1,8341,47418,30194,7400,130300,5514,465,95331,120836,1.49434e+06,1.14609e+09,61,5.06685e-05,0.00112562,0.00387438,1.62585e+09,3.98632e+08,0,3.89174e+09,3.89174e+09,1,0
2310,138600,transverse,1,8708,53220,30732,9098,157014,5694,541,118045,149141,1.85534e+06,1.37522e+09,160,1.01499e-05,0.000190742,0.00480926,1.62585e+09,3.98632e+08,0,3.89174e+09,3.89174e+09,1,0
2310,138600,descending,0.9975,10275,51984,39368,9840,172240,7341,601,136836,159687,1.9662e+06,1.37025e+09,200,1.8407e-06,3.35108e-05,0.00496649,1.62585e+09,3.98632e+08,0,3.89174e+09,3.89174e+09,1,0
2320,139200,cecum,1,8454,46734,30571,7462,131037,5591,471,96885,121442,1.51476e+06,1.1566e+09,61,4.93504e-05,0.00109009,0.00390991,1.6515e+09,4.0675e+08,0,3.90215e+09,3.90215e+09,1,0
2320,139200,transverse,1,7959,54409,31071,9172,159496,5758,550,119467,150664,1.71163e+06,1.37638e+09,160,9.71737e-06,0.000182338,0.00481766,1.6515e+09,4.0675e+08,0,3.90215e+09,3.90215e+09,1,0
2320,139200,descending,1,9706,52269,39790,9927,173792,7430,611,138269,160414,1.8607e+06,1.36899e+09,200,1.74516e-06,3.17638e-05,0.00496824,1.6515e+09,4.0675e+08,0,3.90215e+09,3.90215e+09,1,0
2330,139800,cecum,1,9189,46160,30949,7550,131748,5653,476,98315,122655,1.64918e+06,1.16632e+09,61,4.81176e-05,0.00105724,0.00394276,1.67714e+09,4.14889e+08,0,3.91157e+09,3.91157e+09,1,0
2330,139800,transverse,1,8967,55790,31443,9277,162372,5819,550,121128,154342,1.88567e+06,1.37736e+09,160,9.31408e-06,0.000174529,0.00482547,1.67714e+09,4.14889e+08,0,3.91157e+09,3.91157e+09,1,0
2330,139800,descending,1,9251,52524,40202,10019,175165,7508,614,139554,161087,1.77828e+06,1.36771e+09,200,1.65638e-06,3.01416e-05,0.00496986,1.67714e+09,4.14889e+08,0,3.91157e+09,3.91157e+09,1,0
2340,140400,cecum,0.9975,8547,46123,31319,7638,132891,5718,480,99644,122935,1.53074e+06,1.17528e+09,61,4.69684e-05,0.00102695,0.00397305,1.70275e+09,4.23046e+08,0,3.92004e+09,3.92004e+09,1,0
2340,140400,transverse,1,7936,55996,31791,9378,163969,5884,553,122682,154723,1.69359e+06,1.37818e+09,160,8.93869e-06,0.000167282,0.00483272,1.70275e+09,4.23046e+08,0,3.92004e+09,3.92004e+09,1,0
2340,140400,descending,1,9575,52601,40643,10105,176563,7588,622,141033,162526,1.83718e+06,1.36639e+09,200,1.57389e-06,2.86352e-05,0.00497136,1.70275e+09,4.23046e+08,0,3.92004e+09,3.92004e+09,1,0
2350,141000,cecum,1,9109,45764,31724,7721,133824,5808,483,101106,124195,1.63206e+06,1.18353e+09,61,4.59004e-05,0.000999076,0.00400092,1.72833e+09,4.3122e+08,0,3.92762e+09,3.92762e+09,1,0
2350,141000,transverse,1,8423,54936,32154,9476,164381,5954,558,124317,155422,1.79035e+06,1.37886e+09,160,8.58981e-06,0.000160566,0.00483943,1.72833e+09,4.3122e+08,0,3.92762e+09,3.92762e+09,1,0
2350,141000,descending,1,9968,52629,41103,10190,177853,7663,626,142451,163905,1.90996e+06,1.36506e+09,200,1.49726e-06,2.72368e-05,0.00497276,1.72833e+09,4.3122e+08,0,3.92762e+09,3.92762e+09,1,0
2360,141600,cecum,1,8665,45628,32144,7798,134831,5898,487,102412,124501,1.54908e+06,1.1911e+09,61,4.49108e-05,0.000973483,0.00402652,1.75389e+09,4.39408e+08,0,3.93437e+09,3.93437e+09,1,0
2360,141600,transverse,1,8358,55057,32533,9572,165743,6033,563,125728,156510,1.78558e+06,1.3794e+09,160,8.2661e-06,0.000154351,0.00484565,1.75389e+09,4.39408e+08,0,3.93437e+09,3.93437e+09,1,0
2360,141600,descending,1,10002,53599,41541,10277,180184,7738,630,143970,165990,1.91396e+06,1.36369e+09,200,1.4261e-06,2.59389e-05,0.00497406,1.75389e+09,4.39408e+08,0,3.93437e+09,3.93437e+09,1,0
2370,142200,cecum,1,10485,45609,32584,7882,136007,5972,492,103760,127210,1.88798e+06,1.19803e+09,61,4.39962e-05,0.00095003,0.00404997,1.77942e+09,4.4761e+08,0,3.94034e+09,3.94034e+09,1,0
2370,142200,transverse,1,8198,54885,32912,9652,166882,6098,567,127180,157251,1.76066e+06,1.37981e+09,160,7.96623e-06,0.000148608,0.00485139,1.77942e+09,4.4761e+08,0,3.94034e+09,3.94034e+09,1,0
2370,142200,descending,1,10370,53795,42007,10379,181803,7825,631,145581,167699,1.98245e+06,1.36231e+09,200,1.36005e-06,2.47348e-05,0.00497527,1.77942e+09,4.4761e+08,0,3.94034e+09,3.94034e+09,1,0
2380,142800,cecum,1,10607,46736,33033,8002,138362,6056,505,105179,129429,1.9101e+06,1.20438e+09,61,4.31531e-05,0.000928579,0.00407142,1.80493e+09,4.55823e+08,0,3.94558e+09,3.94558e+09,1,0
2380,142800,transverse,1,9173,54917,33298,9761,168329,6168,573,128768,159460,1.94744e+06,1.3801e+09,160,7.68887e-06,0.000143308,0.00485669,1.80493e+09,4.55823e+08,0,3.94558e+09,3.94558e+09,1,0
2380,142800,descending,1,9936,53915,42472,10459,183587,7925,638,147418,168757,1.90404e+06,1.36092e+09,200,1.29878e-06,2.36183e-05,0.00497638,1.80493e+09,4.55823e+08,0,3.94558e+09,3.94558e+09,1,0
2390,143400,cecum,1,8500,47849,33469,8113,140707,6149,511,106609,129429,1.5217e+06,1.21017e+09,61,4.23777e-05,0.000908992,0.00409101,1.83041e+09,4.64047e+08,0,3.95014e+09,3.95014e+09,1,0
2390,143400,transverse,1,8492,55298,33681,9865,170326,6233,584,130542,160551,1.82344e+06,1.38028e+09,160,7.43274e-06,0.000138425,0.00486158,1.83041e+09,4.64047e+08,0,3.95014e+09,3.95014e+09,1,0
2390,143400,descending,0.9975,10778,54178,42928,10567,185189,8018,646,148950,170938,2.06124e+06,1.3595e+09,200,1.24196e-06,2.25836e-05,0.00497742,1.83041e+09,4.64047e+08,0,3.95014e+09,3.95014e+09,1,0
2400,144000,cecum,1,10232,48571,33854,8209,142536,6209,527,107856,132745,1.84187e+06,1.21545e+09,61,4.16662e-05,0.000891135,0.00410886,1.85586e+09,4.72279e+08,0,3.95407e+09,3.95407e+09,1,0
2400,144000,transverse,1,8616,54712,34070,9972,171202,6289,592,132159,161317,1.84726e+06,1.38036e+09,160,7.19658e-06,0.000133931,0.00486607,1.85586e+09,4.72279e+08,0,3.95407e+09,3.95407e+09,1,0
2400,144000,descending,1,10779,53772,43434,10688,186172,8099,648,150539,171616,2.06153e+06,1.35807e+09,200,1.18931e-06,2.16253e-05,0.00497837,1.85586e+09,4.72279e+08,0,3.95407e+09,3.95407e+09,1,0
2410,144600,cecum,1,9569,48157,34274,8312,143452,6275,529,109353,132745,1.71773e+06,1.22026e+09,61,4.10146e-05,0.00087488,0.00412512,1.88129e+09,4.80518e+08,0,3.95743e+09,3.95743e+09,1,0
2410,144600,transverse,1,8266,55658,34457,10068,173529,6361,603,133697,163064,1.7728e+06,1.38034e+09,161,6.97915e-06,0.000129801,0.0048702,1.88129e+09,4.80518e+08,0,3.95743e+09,3.95743e+09,1,0
2410,144600,descending,1,10599,54985,43901,10779,188793,8190,658,152119,173762,2.03156e+06,1.35663e+09,201,1.14057e-06,2.07384e-05,0.00497926,1.88129e+09,4.80518e+08,0,3.95743e+09,3.95743e+09,1,0
2420,145200,cecum,1,8862,50149,34672,8399,146724,6347,529,110792,135071,1.59134e+06,1.22463e+09,61,4.0419e-05,0.000860101,0.0041399,1.90669e+09,4.88764e+08,0,3.96025e+09,3.96025e+09,1,0
2420,145200,transverse,1,8480,55358,34790,10138,174577,6423,608,135172,164120,1.81793e+06,1.38024e+09,161,6.77927e-06,0.000126011,0.00487399,1.90669e+09,4.88764e+08,0,3.96025e+09,3.96025e+09,1,0
2420,145200,descending,1,10867,55357,44396,10885,190612,8293,669,153764,175552,2.08012e+06,1.35518e+09,201,1.09547e-06,1.99182e-05,0.00498008,1.90669e+09,4.88764e+08,0,3.96025e+09,3.96025e+09,1,0
2430,145800,cecum,1,7684,50060,35014,8494,148069,6428,530,112401,135071,1.37488e+06,1.22861e+09,61,3.98755e-05,0.000846682,0.00415332,1.93206e+09,4.97016e+08,0,3.96259e+09,3.96259e+09,1,0
2430,145800,transverse,1,8172,55794,35165,10225,176560,6490,618,136863,165564,1.76423e+06,1.38007e+09,161,6.59579e-06,0.000122537,0.00487746,1.93206e+09,4.97016e+08,0,3.96259e+09,3.96259e+09,1,0
2430,145800,descending,1,10143,55270,44858,10992,191963,8378,674,155389,175904,1.94546e+06,1.35373e+09,201,1.05379e-06,1.91604e-05,0.00498084,1.93206e+09,4.97016e+08,0,3.96259e+09,3.96259e+09,1,0
2440,146400,cecum,1,8573,50103,35392,8572,149313,6498,531,113749,136973,1.53871e+06,1.23221e+09,61,3.93803e-05,0.000834511,0.00416549,1.95741e+09,5.05271e+08,0,3.96447e+09,3.96447e+09,1,0
2440,146400,transverse,1,8097,57323,35560,10310,179643,6563,625,138568,168328,1.72871e+06,1.37982e+09,161,6.42759e-06,0.000119357,0.00488064,1.95741e+09,5.05271e+08,0,3.96447e+09,3.96447e+09,1,0
2440,146400,descending,1,9331,56122,45297,11082,194486,8455,681,157220,177336,1.79175e+06,1.35226e+09,201,1.01529e-06,1.84608e-05,0.00498154,1.95741e+09,5.05271e+08,0,3.96447e+09,3.96447e+09,1,0
2450,147000,cecum,1,8470,49884,35780,8646,150630,6572,535,115429,137943,1.5191e+06,1.23547e+09,61,3.89297e-05,0.000823483,0.00417652,1.98273e+09,5.1353e+08,0,3.96596e+09,3.96596e+09,1,0
2450,147000,transverse,1,8044,57039,35930,10389,180995,6631,644,140332,169385,1.72245e+06,1.37951e+09,161,6.2736e-06,0.00011645,0.00488355,1.98273e+09,5.1353e+08,0,3.96596e+09,3.96596e+09,1,0
2450,147000,descending,1,10078,54799,45734,11173,194731,8542,688,158959,178062,1.9327e+06,1.35079e+09,201,9.79766e-07,1.78155e-05,0.00498218,1.98273e+09,5.1353e+08,0,3.96596e+09,3.96596e+09,1,0
2460,147600,cecum,1,8692,49647,36197,8741,151613,6663,542,116828,138910,1.55828e+06,1.23842e+09,61,3.85203e-05,0.0008135,0.0041865,2.00802e+09,5.21792e+08,0,3.96707e+09,3.96707e+09,1,0
2460,147600,transverse,1,8694,56936,36278,10479,182321,6700,658,141906,171158,1.84582e+06,1.37914e+09,161,6.13282e-06,0.000113795,0.00488621,2.00802e+09,5.21792e+08,0,3.96707e+09,3.96707e+09,1,0
2460,147600,descending,1,10224,55938,46232,11259,197271,8657,688,160561,180451,1.95929e+06,1.34931e+09,201,9.47023e-07,1.72208e-05,0.00498278,2.00802e+09,5.21792e+08,0,3.96707e+09,3.96707e+09,1,0
2470,148200,cecum,1,8317,49964,36605,8833,153220,6740,551,118278,139894,1.48888e+06,1.24109e+09,61,3.81488e-05,0.00080447,0.00419553,2.03328e+09,5.30056e+08,0,3.96784e+09,3.96784e+09,1,0
2470,148200,transverse,1,7732,56616,36617,10562,183470,6777,666,143527,171158,1.66957e+06,1.37872e+09,161,6.00426e-06,0.000111373,0.00488863,2.03328e+09,5.30056e+08,0,3.96784e+09,3.96784e+09,1,0
2470,148200,descending,1,10442,57022,46676,11344,199763,8745,688,162142,182890,1.99588e+06,1.34783e+09,201,9.16869e-07,1.66734e-05,0.00498333,2.03328e+09,5.30056e+08,0,3.96784e+09,3.96784e+09,1,0
2480,148800,cecum,1,8944,49563,36977,8919,154107,6824,558,119729,141199,1.60419e+06,1.24351e+09,61,3.7812e-05,0.00079631,0.00420369,2.05851e+09,5.38321e+08,0,3.96831e+09,3.96831e+09,1,0
2480,148800,transverse,1,8839,56434,36984,10660,184733,6847,672,145134,173323,1.88315e+06,1.37825e+09,161,5.88702e-06,0.000109167,0.00489083,2.05851e+09,5.38321e+08,0,3.96831e+09,3.96831e+09,1,0
2480,148800,descending,1,9421,58268,47146,11442,202427,8823,692,163732,184235,1.8038e+06,1.34635e+09,201,8.8913e-07,1.617e-05,0.00498383,2.05851e+09,5.38321e+08,0,3.96831e+09,3.96831e+09,1,0
2490,149400,cecum,1,8507,50297,37366,9010,156102,6923,569,121169,142547,1.52574e+06,1.24569e+09,61,3.75069e-05,0.00078894,0.00421106,2.08372e+09,5.46586e+08,0,3.9685e+09,3.9685e+09,1,0
2490,149400,transverse,1,8408,56281,37368,10756,186080,6920,678,146797,174018,1.81067e+06,1.37775e+09,161,5.78023e-06,0.000107159,0.00489284,2.08372e+09,5.46586e+08,0,3.9685e+09,3.9685e+09,1,0
2490,149400,descending,1,8896,58087,47555,11525,203569,8903,700,165210,184598,1.70653e+06,1.34487e+09,201,8.63638e-07,1.57075e-05,0.00498429,2.08372e+09,5.46586e+08,0,3.9685e+09,3.9685e+09,1,0
2500,150000,cecum,1,8917,52414,37697,9079,159403,7001,575,122494,146068,1.60639e+06,1.24765e+09,61,3.72309e-05,0.000782288,0.00421771,2.1089e+09,5.54852e+08,0,3.96845e+09,3.96845e+09,1,0
2500,150000,transverse,1,9354,57111,37761,10829,188186,6992,681,148215,176819,1.98985e+06,1.3772e+09,161,5.68306e-06,0.000105334,0.00489467,2.1089e+09,5.54852e+08,0,3.96845e+09,3.96845e+09,1,0
2500,150000,descending,1,8846,57372,47985,11595,204598,8965,709,167077,185270,1.69946e+06,1.3434e+09,201,8.40236e-07,1.5283e-05,0.00498472,2.1089e+09,5.54852e+08,0,3.96845e+09,3.96845e+09,1,0
2510,150600,cecum,1,8956,52569,38070,9189,160841,7074,576,123959,147354,1.61268e+06,1.24943e+09,61,3.69814e-05,0.000776288,0.00422371,2.13405e+09,5.63117e+08,0,3.96817e+09,3.96817e+09,1,0
2510,150600,transverse,1,9386,57766,38126,10929,190480,7049,693,149999,178925,1.99516e+06,1.37663e+09,161,5.59476e-06,0.000103677,0.00489632,2.13405e+09,5.63117e+08,0,3.96817e+09,3.96817e+09,1,0
2510,150600,descending,1,9178,58449,48434,11685,207060,9060,726,168630,187783,1.75992e+06,1.34192e+09,201,8.18776e-07,1.48939e-05,0.00498511,2.13405e+09,5.63117e+08,0,3.96817e+09,3.96817e+09,1,0
2520,151200,cecum,1,8037,53437,38426,9289,162921,7154,578,125349,148337,1.44184e+06,1.25103e+09,61,3.6756e-05,0.000770879,0.00422912,2.15917e+09,5.71381e+08,0,3.96769e+09,3.96769e+09,1,0
2520,151200,transverse,1,9426,57499,38532,11029,191734,7126,697,151693,179986,2.00774e+06,1.37603e+09,161,5.5146e-06,0.000102174,0.00489783,2.15917e+09,5.71381e+08,0,3.96769e+09,3.96769e+09,1,0
2520,151200,descending,1,9993,57614,48838,11771,207860,9121,736,170402,189131,1.9123e+06,1.34044e+09,201,7.99119e-07,1.45376e-05,0.00498546,2.15917e+09,5.71381e+08,0,3.96769e+09,3.96769e+09,1,0
2530,151800,cecum,1,7700,53269,38766,9364,164473,7217,578,127207,149350,1.37984e+06,1.25247e+09,61,3.65525e-05,0.000766004,0.004234,2.18427e+09,5.79645e+08,0,3.96704e+09,3.96704e+09,1,0
2530,151800,transverse,0.9975,9398,57342,38967,11129,193128,7198,707,153406,181079,1.99913e+06,1.3754e+09,161,5.44191e-06,0.000100811,0.00489919,2.18427e+09,5.79645e+08,0,3.96704e+09,3.96704e+09,1,0
2530,151800,descending,1,9001,59057,49296,11877,210901,9211,745,172187,190909,1.72591e+06,1.33897e+09,201,7.81133e-07,1.42116e-05,0.00498579,2.18427e+09,5.79645e+08,0,3.96704e+09,3.96704e+09,1,0
2540,152400,cecum,1,7368,53258,39108,9434,165968,7286,584,128846,150304,1.31855e+06,1.25377e+09,61,3.63688e-05,0.000761612,0.00423839,2.20934e+09,5.87906e+08,0,3.96622e+09,3.96622e+09,1,0
2540,152400,transverse,1,10540,56964,39445,11235,194440,7276,709,155278,183237,2.22265e+06,1.37476e+09,161,5.37607e-06,9.9578e-05,0.00490042,2.20934e+09,5.87906e+08,0,3.96622e+09,3.96622e+09,1,0
2540,152400,descending,1,9497,58324,49732,11955,211724,9302,746,173911,191960,1.81751e+06,1.3375e+09,201,7.64695e-07,1.39137e-05,0.00498609,2.20934e+09,5.87906e+08,0,3.96622e+09,3.96622e+09,1,0
2550,153000,cecum,1,7806,54388,39462,9519,168354,7351,596,130240,152912,1.40068e+06,1.25494e+09,61,3.62032e-05,0.000757658,0.00424234,2.23438e+09,5.96166e+08,0,3.96527e+09,3.96527e+09,1,0
2550,153000,transverse,1,9275,57013,39846,11349,195911,7365,717,156895,183237,1.98798e+06,1.3741e+09,161,5.31649e-06,9.84627e-05,0.00490154,2.23438e+09,5.96166e+08,0,3.96527e+09,3.96527e+09,1,0
2550,153000,descending,1,9434,57690,50148,12030,212412,9375,759,175368,192304,1.80844e+06,1.33604e+09,201,7.4969e-07,1.36419e-05,0.00498636,2.23438e+09,5.96166e+08,0,3.96527e+09,3.96527e+09,1,0
2560,153600,cecum,1,7985,54123,39799,9609,169332,7426,598,131646,153895,1.43268e+06,1.25599e+09,61,3.6054e-05,0.000754099,0.0042459,2.25939e+09,6.04424e+08,0,3.96419e+09,3.96419e+09,1,0
2560,153600,transverse,1,8906,56826,40270,11424,197297,7452,724,158623,183985,1.9242e+06,1.37342e+09,161,5.26264e-06,9.74551e-05,0.00490254,2.25939e+09,6.04424e+08,0,3.96419e+09,3.96419e+09,1,0
2560,153600,descending,1,9154,58032,50606,12127,214026,9466,761,176826,193366,1.75747e+06,1.33458e+09,201,7.36009e-07,1.33942e-05,0.00498661,2.25939e+09,6.04424e+08,0,3.96419e+09,3.96419e+09,1,0
2570,154200,cecum,1,8470,54249,40176,9689,170752,7497,599,133090,155573,1.52149e+06,1.25694e+09,61,3.59195e-05,0.000750897,0.0042491,2.28438e+09,6.12679e+08,0,3.963e+09,3.963e+09,1,0
2570,154200,transverse,1,9576,56536,40679,11525,198293,7532,728,160086,185419,2.0488e+06,1.37273e+09,161,5.21402e-06,9.65458e-05,0.00490345,2.28438e+09,6.12679e+08,0,3.963e+09,3.963e+09,1,0
2570,154200,descending,1,9111,57933,51020,12210,215342,9550,769,178400,194384,1.74869e+06,1.33313e+09,201,7.23551e-07,1.31686e-05,0.00498683,2.28438e+09,6.12679e+08,0,3.963e+09,3.963e+09,1,0
2580,154800,cecum,0.9975,8627,53736,40578,9789,171487,7563,630,134473,156198,1.5489e+06,1.25779e+09,61,3.57984e-05,0.000748016,0.00425198,2.30934e+09,6.20932e+08,0,3.96171e+09,3.96171e+09,1,0
2580,154800,transverse,1,8919,56969,41061,11604,200505,7606,734,162012,186739,1.91457e+06,1.37204e+09,161,5.17016e-06,9.57261e-05,0.00490427,2.30934e+09,6.20932e+08,0,3.96171e+09,3.96171e+09,1,0
2580,154800,descending,1,9659,57964,51425,12298,216700,9626,779,179881,196039,1.85112e+06,1.33168e+09,201,7.12222e-07,1.29635e-05,0.00498704,2.30934e+09,6.20932e+08,0,3.96171e+09,3.96171e+09,1,0
2590,155400,cecum,0.9975,9312,54732,40949,9890,173947,7641,630,136116,159151,1.67642e+06,1.25856e+09,61,3.56894e-05,0.000745425,0.00425457,2.33427e+09,6.29182e+08,0,3.96034e+09,3.96034e+09,1,0
2590,155400,transverse,1,8647,56425,41441,11706,201387,7665,737,163596,187127,1.86523e+06,1.37134e+09,161,5.13065e-06,9.49878e-05,0.00490501,2.33427e+09,6.29182e+08,0,3.96034e+09,3.96034e+09,1,0
2590,155400,descending,1,9889,57372,51868,12405,217760,9696,780,181709,197062,1.89493e+06,1.33025e+09,201,7.01932e-07,1.27773e-05,0.00498722,2.33427e+09,6.29182e+08,0,3.96034e+09,3.96034e+09,1,0
2600,156000,cecum,1,9623,55066,41370,9989,175813,7733,639,137830,161089,1.73325e+06,1.25925e+09,61,3.55913e-05,0.000743096,0.0042569,2.35917e+09,6.37429e+08,0,3.95889e+09,3.95889e+09,1,0
2600,156000,transverse,1,9181,56784,41843,11806,203195,7745,737,165225,189247,1.9679e+06,1.37063e+09,161,5.0951e-06,9.43237e-05,0.00490568,2.35917e+09,6.37429e+08,0,3.95889e+09,3.95889e+09,1,0
2600,156000,descending,1,9373,57572,52296,12470,219254,9780,785,183147,197756,1.79882e+06,1.32882e+09,201,6.926e-07,1.26084e-05,0.00498739,2.35917e+09,6.37429e+08,0,3.95889e+09,3.95889e+09,1,0
2610,156600,cecum,1,9084,54936,41815,10081,177278,7808,642,139589,161734,1.63123e+06,1.25987e+09,61,3.5503e-05,0.000741001,0.004259,2.38405e+09,6.45673e+08,0,3.95738e+09,3.95738e+09,1,0
2610,156600,transverse,1,8193,56690,42262,11895,204431,7839,749,166726,189247,1.784e+06,1.36992e+09,161,5.06313e-06,9.37269e-05,0.00490627,2.38405e+09,6.45673e+08,0,3.95738e+09,3.95738e+09,1,0
2610,156600,descending,1,9716,57167,52714,12567,220454,9868,791,184931,199060,1.86186e+06,1.3274e+09,201,6.84147e-07,1.24555e-05,0.00498754,2.38405e+09,6.45673e+08,0,3.95738e+09,3.95738e+09,1,0
2620,157200,cecum,1,8764,55755,42205,10172,179492,7872,646,141135,163389,1.57113e+06,1.26043e+09,61,3.54236e-05,0.000739119,0.00426088,2.4089e+09,6.53913e+08,0,3.95582e+09,3.95582e+09,1,0
2620,157200,transverse,1,8282,56305,42641,11969,205693,7900,762,168495,190341,1.80306e+06,1.36921e+09,161,5.03444e-06,9.31913e-05,0.00490681,2.4089e+09,6.53913e+08,0,3.95582e+09,3.95582e+09,1,0
2620,157200,descending,1,9333,57790,53146,12651,222456,9949,792,186474,200411,1.78933e+06,1.32599e+09,201,6.76504e-07,1.23172e-05,0.00498768,2.4089e+09,6.53913e+08,0,3.95582e+09,3.95582e+09,1,0
2630,157800,cecum,1,9362,56787,42582,10271,182037,7936,656,142801,166308,1.68379e+06,1.26092e+09,61,3.53523e-05,0.000737428,0.00426257,2.43373e+09,6.62151e+08,0,3.95421e+09,3.95421e+09,1,0
2630,157800,transverse,1,8836,56900,42980,12057,207862,7966,765,170220,192876,1.88531e+06,1.3685e+09,161,5.0087e-06,9.27112e-05,0.00490729,2.43373e+09,6.62151e+08,0,3.95421e+09,3.95421e+09,1,0
2630,157800,descending,0.9975,9778,58005,53616,12724,224093,10040,803,188049,202176,1.87373e+06,1.32459e+09,201,6.69604e-07,1.21924e-05,0.00498781,2.43373e+09,6.62151e+08,0,3.95421e+09,3.95421e+09,1,0
2640,158400,cecum,1,8220,57079,42972,10351,183726,8022,664,144356,166623,1.47308e+06,1.26138e+09,61,3.52881e-05,0.000735908,0.00426409,2.45853e+09,6.70385e+08,0,3.95256e+09,3.95256e+09,1,0
2640,158400,transverse,0.9975,8678,57613,43333,12146,210002,8031,768,171798,194656,1.8413e+06,1.36779e+09,161,4.98566e-06,9.22814e-05,0.00490772,2.45853e+09,6.70385e+08,0,3.95256e+09,3.95256e+09,1,0
2640,158400,descending,1,9765,58491,54056,12827,226104,10118,839,189719,203879,1.86975e+06,1.32319e+09,201,6.63385e-07,1.208e-05,0.00498792,2.45853e+09,6.70385e+08,0,3.95256e+09,3.95256e+09,1,0
2650,159000,cecum,1,8076,56584,43327,10431,184728,8086,688,145973,167246,1.4456e+06,1.26178e+09,61,3.52304e-05,0.000734542,0.00426546,2.4833e+09,6.78615e+08,0,3.95088e+09,3.95088e+09,1,0
2650,159000,transverse,0.9975,8114,57645,43719,12251,211473,8095,768,173406,195346,1.74432e+06,1.36708e+09,161,4.96505e-06,9.18971e-05,0.0049081,2.4833e+09,6.78615e+08,0,3.95088e+09,3.95088e+09,1,0
2650,159000,descending,1,10329,57868,54508,12923,226848,10213,842,191274,204923,1.97525e+06,1.32181e+09,201,6.5779e-07,1.19789e-05,0.00498802,2.4833e+09,6.78615e+08,0,3.95088e+09,3.95088e+09,1,0
2660,159600,cecum,1,8636,55851,43677,10495,185653,8164,695,147766,168516,1.54938e+06,1.26214e+09,61,3.51785e-05,0.000733316,0.00426668,2.50805e+09,6.86842e+08,0,3.94917e+09,3.94917e+09,1,0
2660,159600,transverse,0.9975,8348,56774,44063,12336,212166,8141,772,175097,196056,1.79583e+06,1.36638e+09,161,4.94665e-06,9.1554e-05,0.00490845,2.50805e+09,6.86842e+08,0,3.94917e+09,3.94917e+09,1,0
2660,159600,descending,0.9975,9783,59099,54948,12999,229353,10290,846,192697,206591,1.87174e+06,1.32044e+09,201,6.52766e-07,1.18881e-05,0.00498811,2.50805e+09,6.86842e+08,0,3.94917e+09,3.94917e+09,1,0
2670,160200,cecum,1,8703,55233,44034,10588,186416,8234,697,149308,169150,1.56038e+06,1.26247e+09,61,3.51319e-05,0.000732214,0.00426779,2.53277e+09,6.95065e+08,0,3.94744e+09,3.94744e+09,1,0
2670,160200,transverse,1,8511,56815,44391,12416,213635,8197,783,176650,197485,1.82948e+06,1.36568e+09,161,4.93024e-06,9.12482e-05,0.00490875,2.53277e+09,6.95065e+08,0,3.94744e+09,3.94744e+09,1,0
2670,160200,descending,1,9233,59717,55360,13094,231458,10372,848,194359,207909,1.76922e+06,1.31908e+09,201,6.48266e-07,1.18068e-05,0.00498819,2.53277e+09,6.95065e+08,0,3.94744e+09,3.94744e+09,1,0
2680,160800,cecum,1,8039,55372,44414,10659,187942,8306,703,150832,169769,1.43798e+06,1.26276e+09,61,3.50901e-05,0.000731225,0.00426878,2.55747e+09,7.03285e+08,0,3.94569e+09,3.94569e+09,1,0
2680,160800,transverse,1,8520,56723,44762,12503,214966,8280,791,178235,198616,1.83561e+06,1.36499e+09,161,4.91564e-06,9.09762e-05,0.00490902,2.55747e+09,7.03285e+08,0,3.94569e+09,3.94569e+09,1,0
2680,160800,descending,1,9350,60356,55791,13182,233571,10458,855,196000,209875,1.78858e+06,1.31774e+09,201,6.44243e-07,1.17341e-05,0.00498827,2.55747e+09,7.03285e+08,0,3.94569e+09,3.94569e+09,1,0
2690,161400,cecum,1,7957,56245,44821,10721,190264,8386,703,152423,171744,1.42558e+06,1.26303e+09,61,3.50525e-05,0.000730336,0.00426966,2.58214e+09,7.11501e+08,0,3.94393e+09,3.94393e+09,1,0
2690,161400,transverse,1,8272,57175,45137,12599,216856,8342,799,179823,200033,1.79696e+06,1.36431e+09,161,4.90266e-06,9.07346e-05,0.00490927,2.58214e+09,7.11501e+08,0,3.94393e+09,3.94393e+09,1,0
2690,161400,descending,1,9476,59964,56250,13287,234737,10543,907,197696,210846,1.81504e+06,1.3164e+09,201,6.40656e-07,1.16694e-05,0.00498833,2.58214e+09,7.11501e+08,0,3.94393e+09,3.94393e+09,1,0
2700,162000,cecum,1,8897,56620,45166,10817,192174,8449,711,154109,174400,1.59991e+06,1.26326e+09,61,3.50187e-05,0.000729538,0.00427046,2.60679e+09,7.19713e+08,0,3.94217e+09,3.94217e+09,1,0
2700,162000,transverse,1,8998,57842,45542,12670,218866,8414,802,181306,202504,1.93296e+06,1.36363e+09,161,4.89116e-06,9.05204e-05,0.00490948,2.60679e+09,7.19713e+08,0,3.94217e+09,3.94217e+09,1,1
2700,162000,descending,0.9975,9584,59757,56721,13399,235926,10630,913,199285,211865,1.83552e+06,1.31508e+09,201,6.37467e-07,1.16118e-05,0.00498839,2.60679e+09,7.19713e+08,0,3.94217e+09,3.94217e+09,1,1
2710,162600,cecum,0.9975,8467,56988,45541,10899,194135,8506,711,155841,175695,1.52109e+06,1.26347e+09,61,3.49884e-05,0.000728822,0.00427118,2.63141e+09,7.27922e+08,0,3.9404e+09,3.9404e+09,1,0
2710,162600,transverse,1,9306,57949,45940,12755,220574,8490,817,183053,204268,1.99277e+06,1.36296e+09,161,4.88099e-06,9.03311e-05,0.00490967,2.63141e+09,7.27922e+08,0,3.9404e+09,3.9404e+09,1,0
2710,162600,descending,0.9975,10379,60294,57163,13488,237766,10711,919,200752,214222,1.98359e+06,1.31376e+09,201,6.34641e-07,1.15608e-05,0.00498844,2.63141e+09,7.27922e+08,0,3.9404e+09,3.9404e+09,1,0
2720,163200,cecum,1,8681,56900,45938,10999,195785,8593,717,157760,177343,1.56034e+06,1.26366e+09,61,3.49611e-05,0.000728178,0.00427182,2.65601e+09,7.36127e+08,0,3.93862e+09,3.93862e+09,1,0
2720,163200,transverse,1,9569,58730,46348,12864,223033,8565,823,184909,206760,2.03309e+06,1.36229e+09,161,4.87201e-06,9.01641e-05,0.00490984,2.65601e+09,7.36127e+08,0,3.93862e+09,3.93862e+09,1,0
2720,163200,descending,1,9512,60506,57580,13590,239500,10801,924,202461,214859,1.82441e+06,1.31246e+09,201,6.32146e-07,1.15158e-05,0.00498848,2.65601e+09,7.36127e+08,0,3.93862e+09,3.93862e+09,1,0
2730,163800,cecum,1,9210,57145,46313,11095,197456,8660,722,159344,179326,1.65825e+06,1.26383e+09,61,3.49367e-05,0.000727601,0.0042724,2.68058e+09,7.44328e+08,0,3.93685e+09,3.93685e+09,1,0
2730,163800,transverse,1,8982,58276,46719,12947,224201,8634,826,186680,207119,1.93381e+06,1.36164e+09,161,4.86412e-06,9.00172e-05,0.00490998,2.68058e+09,7.44328e+08,0,3.93685e+09,3.93685e+09,1,0
2730,163800,descending,0.995,9536,61079,58012,13666,241440,10874,931,203970,216533,1.82814e+06,1.31117e+09,201,6.29951e-07,1.14762e-05,0.00498852,2.68058e+09,7.44328e+08,0,3.93685e+09,3.93685e+09,1,0
2740,164400,cecum,1,8569,56424,46691,11188,198329,8721,730,161084,179326,1.53921e+06,1.26399e+09,61,3.49147e-05,0.000727083,0.00427292,2.70513e+09,7.52526e+08,0,3.93508e+09,3.93508e+09,1,0
2740,164400,transverse,1,9325,59172,47137,13022,226623,8709,832,188350,209610,1.99198e+06,1.36099e+09,161,4.85719e-06,8.98884e-05,0.00491011,2.70513e+09,7.52526e+08,0,3.93508e+09,3.93508e+09,1,0
2740,164400,descending,1,9732,61153,58438,13756,243224,10946,964,205809,218216,1.86315e+06,1.3099e+09,201,6.2803e-07,1.14416e-05,0.00498856,2.70513e+09,7.52526e+08,0,3.93508e+09,3.93508e+09,1,0
2750,165000,cecum,1,8238,56639,47073,11276,199879,8784,736,162564,180308,1.47712e+06,1.26413e+09,61,3.4895e-05,0.000726617,0.00427338,2.72965e+09,7.6072e+08,0,3.93332e+09,3.93332e+09,1,0
2750,165000,transverse,1,9085,57990,47528,13120,227078,8793,838,190163,209610,1.95281e+06,1.36036e+09,161,4.85114e-06,8.9776e-05,0.00491022,2.72965e+09,7.6072e+08,0,3.93332e+09,3.93332e+09,1,0
2750,165000,descending,1,10427,61606,58893,13850,245321,11037,972,207630,220730,1.99132e+06,1.30863e+09,201,6.26357e-07,1.14115e-05,0.00498859,2.72965e+09,7.6072e+08,0,3.93332e+09,3.93332e+09,1,0
2760,165600,cecum,1,9478,57252,47445,11347,201877,8868,741,164099,183324,1.70763e+06,1.26425e+09,61,3.48773e-05,0.000726199,0.0042738,2.75416e+09,7.6891e+08,0,3.93157e+09,3.93157e+09,1,0
2760,165600,transverse,1,9358,57831,47910,13188,228509,8860,839,191887,211066,1.99957e+06,1.35973e+09,161,4.84587e-06,8.96781e-05,0.00491032,2.75416e+09,7.6891e+08,0,3.93157e+09,3.93157e+09,1,0
2760,165600,descending,1,9041,61521,59310,13942,246958,11113,974,209518,220730,1.73585e+06,1.30738e+09,201,6.2491e-07,1.13855e-05,0.00498861,2.75416e+09,7.6891e+08,0,3.93157e+09,3.93157e+09,1,0
2770,166200,cecum,1,10009,57504,47847,11450,203481,8936,748,165615,185221,1.80538e+06,1.26436e+09,61,3.48614e-05,0.000725824,0.00427418,2.77863e+09,7.77097e+08,0,3.92982e+09,3.92982e+09,1,0
2770,166200,transverse,1,9679,57667,48332,13281,229796,8946,843,193513,212427,2.05672e+06,1.35911e+09,161,4.84131e-06,8.95934e-05,0.00491041,2.77863e+09,7.77097e+08,0,3.92982e+09,3.92982e+09,1,0
2770,166200,descending,1,9229,62165,59764,14014,249163,11205,982,211235,222825,1.7702e+06,1.30615e+09,201,6.23667e-07,1.13631e-05,0.00498864,2.77863e+09,7.77097e+08,0,3.92982e+09,3.92982e+09,1,0
2780,166800,cecum,1,9051,57801,48260,11561,205295,9025,749,167331,185863,1.62782e+06,1.26446e+09,61,3.48471e-05,0.000725488,0.00427451,2.80309e+09,7.8528e+08,0,3.92809e+09,3.92809e+09,1,0
2780,166800,transverse,1,9664,57997,48728,13376,231454,9031,849,195015,213848,2.0597e+06,1.3585e+09,161,4.83738e-06,8.95206e-05,0.00491048,2.80309e+09,7.8528e+08,0,3.92809e+09,3.92809e+09,1,0
2780,166800,descending,1,10121,62154,60167,14077,250922,11277,991,213131,225199,1.93421e+06,1.30492e+09,201,6.2261e-07,1.13441e-05,0.00498866,2.80309e+09,7.8528e+08,0,3.92809e+09,3.92809e+09,1,0
2790,167400,cecum,1,8486,57487,48640,11659,206379,9106,758,168899,186172,1.52171e+06,1.26455e+09,61,3.48343e-05,0.000725186,0.00427481,2.82752e+09,7.93459e+08,0,3.92637e+09,3.92637e+09,1,0
2790,167400,transverse,1,8897,58443,49145,13490,233194,9088,866,196463,214558,1.92382e+06,1.3579e+09,161,4.83402e-06,8.94583e-05,0.00491054,2.82752e+09,7.93459e+08,0,3.92637e+09,3.92637e+09,1,0
2790,167400,descending,1,9958,61454,60620,14181,251715,11367,999,214810,225562,1.90567e+06,1.30371e+09,201,6.2172e-07,1.13282e-05,0.00498867,2.82752e+09,7.93459e+08,0,3.92637e+09,3.92637e+09,1,0
2800,168000,cecum,1,8987,56576,49043,11734,207037,9178,773,170600,187060,1.61202e+06,1.26463e+09,61,3.48228e-05,0.000724914,0.00427509,2.85193e+09,8.01635e+08,0,3.92466e+09,3.92466e+09,1,0
2800,168000,transverse,0.9975,10093,58539,49586,13578,234747,9165,871,198080,217026,2.16047e+06,1.35731e+09,161,4.83117e-06,8.94055e-05,0.00491059,2.85193e+09,8.01635e+08,0,3.92466e+09,3.92466e+09,1,0
2800,168000,descending,0.9975,8821,62909,61088,14261,254502,11457,999,216312,226914,1.69228e+06,1.30251e+09,201,6.20982e-07,1.13149e-05,0.00498869,2.85193e+09,8.01635e+08,0,3.92466e+09,3.92466e+09,1,0
2810,168600,cecum,1,8604,57314,49434,11824,209307,9255,786,172286,188710,1.54194e+06,1.2647e+09,61,3.48125e-05,0.000724671,0.00427533,2.87632e+09,8.09807e+08,0,3.92296e+09,3.92296e+09,1,0
2810,168600,transverse,1,10215,58232,50030,13674,235943,9249,875,199759,218076,2.1922e+06,1.35673e+09,161,4.82878e-06,8.93612e-05,0.00491064,2.87632e+09,8.09807e+08,0,3.92296e+09,3.92296e+09,1,0
2810,168600,descending,0.9975,9437,63143,61532,14344,256158,11546,1020,217885,228893,1.80678e+06,1.30132e+09,201,6.20381e-07,1.13042e-05,0.0049887,2.87632e+09,8.09807e+08,0,3.92296e+09,3.92296e+09,1,0
2820,169200,cecum,1,8676,56867,49823,11894,210196,9327,828,173722,189382,1.55532e+06,1.26477e+09,61,3.48032e-05,0.000724452,0.00427555,2.90068e+09,8.17976e+08,0,3.92129e+09,3.92129e+09,1,0
2820,169200,transverse,0.9975,10487,58035,50441,13764,237287,9325,879,201462,219443,2.2383e+06,1.35616e+09,161,4.82679e-06,8.93245e-05,0.00491068,2.90068e+09,8.17976e+08,0,3.92129e+09,3.92129e+09,1,0
2820,169200,descending,1,10520,62499,61987,14483,256998,11630,1020,219592,230584,2.00843e+06,1.30015e+09,201,6.19904e-07,1.12957e-05,0.0049887,2.90068e+09,8.17976e+08,0,3.92129e+09,3.92129e+09,1,0
2830,169800,cecum,1,9633,56053,50229,11980,210830,9411,837,175331,190728,1.73155e+06,1.26483e+09,61,3.47949e-05,0.000724256,0.00427574,2.92503e+09,8.26141e+08,0,3.91962e+09,3.91962e+09,1,0
2830,169800,transverse,1,10117,57981,50893,13881,238587,9406,883,203010,220115,2.18591e+06,1.3556e+09,161,4.82517e-06,8.92946e-05,0.00491071,2.92503e+09,8.26141e+08,0,3.91962e+09,3.91962e+09,1,0
2830,169800,descending,1,10097,62008,62479,14606,258354,11727,1028,221651,231237,1.93038e+06,1.29899e+09,201,6.19538e-07,1.12892e-05,0.00498871,2.92503e+09,8.26141e+08,0,3.91962e+09,3.91962e+09,1,0
2840,170400,cecum,0.9975,9577,55321,50663,12077,211500,9495,839,176912,191087,1.71876e+06,1.26488e+09,61,3.47874e-05,0.00072408,0.00427592,2.94935e+09,8.34303e+08,0,3.91798e+09,3.91798e+09,1,0
2840,170400,transverse,1,9203,59244,51333,13973,241238,9492,886,204573,221587,1.99612e+06,1.35505e+09,161,4.82388e-06,8.92708e-05,0.00491073,2.94935e+09,8.34303e+08,0,3.91798e+09,3.91798e+09,1,0
2840,170400,descending,1,9104,62130,62904,14688,259953,11806,1036,223281,231571,1.74588e+06,1.29784e+09,201,6.19273e-07,1.12845e-05,0.00498872,2.94935e+09,8.34303e+08,0,3.91798e+09,3.91798e+09,1,0
2850,171000,cecum,1,10362,55360,51113,12182,212903,9565,840,178450,192999,1.86261e+06,1.26493e+09,61,3.47807e-05,0.000723922,0.00427608,2.97365e+09,8.42461e+08,0,3.91635e+09,3.91635e+09,1,0
2850,171000,transverse,1,10041,59096,51780,14059,242902,9583,899,206549,223806,2.15485e+06,1.35451e+09,161,4.82287e-06,8.92523e-05,0.00491075,2.97365e+09,8.42461e+08,0,3.91635e+09,3.91635e+09,1,0
2850,171000,descending,0.9975,9012,62682,63304,14774,262005,11889,1045,224941,233291,1.72807e+06,1.29671e+09,201,6.19098e-07,1.12815e-05,0.00498872,2.97365e+09,8.42461e+08,0,3.91635e+09,3.91635e+09,1,0
2860,171600,cecum,1,9701,55308,51541,12288,214108,9647,847,179888,193296,1.7391e+06,1.26497e+09,61,3.47747e-05,0.00072378,0.00427622,2.99793e+09,8.50617e+08,0,3.91474e+09,3.91474e+09,1,0
2860,171600,transverse,1,9388,59905,52203,14141,245303,9660,907,208292,225282,2.03092e+06,1.35398e+09,161,4.82212e-06,8.92387e-05,0.00491076,2.99793e+09,8.50617e+08,0,3.91474e+09,3.91474e+09,1,0
2860,171600,descending,1,9203,61826,63729,14850,262776,11976,1047,226729,233989,1.76384e+06,1.29559e+09,201,6.19004e-07,1.12799e-05,0.00498872,2.99793e+09,8.50617e+08,0,3.91474e+09,3.91474e+09,1,0
2870,172200,cecum,0.9975,9397,56350,51925,12393,216592,9717,850,181502,195264,1.68627e+06,1.26501e+09,61,3.47693e-05,0.000723653,0.00427635,3.02219e+09,8.58768e+08,0,3.91315e+09,3.91315e+09,1,0
2870,172200,transverse,1,10116,60364,52658,14242,247303,9755,914,210022,227744,2.17211e+06,1.35346e+09,161,4.8216e-06,8.92293e-05,0.00491077,3.02219e+09,8.58768e+08,0,3.91315e+09,3.91315e+09,1,0
2870,172200,descending,1,9022,62507,64146,14946,265200,12056,1049,228646,235989,1.72928e+06,1.29448e+09,201,6.18983e-07,1.12797e-05,0.00498872,3.02219e+09,8.58768e+08,0,3.91315e+09,3.91315e+09,1,0
2880,172800,cecum,0.9975,9556,55726,52326,12474,217354,9806,860,183048,195944,1.71405e+06,1.26504e+09,61,3.47644e-05,0.000723539,0.00427646,3.04643e+09,8.66917e+08,0,3.91157e+09,3.91157e+09,1,0
2880,172800,transverse,1,9030,60533,53106,14341,249007,9839,916,211738,228095,1.96607e+06,1.35295e+09,161,4.82128e-06,8.92237e-05,0.00491078,3.04643e+09,8.66917e+08,0,3.91157e+09,3.91157e+09,1,0
2880,172800,descending,0.9975,8844,62676,64601,15007,267066,12149,1055,230491,237370,1.6937e+06,1.29338e+09,201,6.19028e-07,1.12806e-05,0.00498872,3.04643e+09,8.66917e+08,0,3.91157e+09,3.91157e+09,1,0
2890,173400,cecum,0.9975,9592,55577,52756,12571,218650,9902,862,184684,197037,1.72075e+06,1.26599e+08,61,3.73942e-05,0.000794705,0.00420529,3.05103e+09,8.68464e+08,3.52009e+09,3.91302e+08,3.91302e+08,1,0
2890,173400,transverse,0.9975,8998,59971,53543,14421,250173,9927,924,213626,228952,1.96597e+06,1.35265e+08,161,5.34306e-06,0.000100357,0.00489964,3.05103e+09,8.68464e+08,3.52009e+09,3.91302e+08,3.91302e+08,1,0
2890,173400,descending,0.995,8389,62667,65012,15083,268522,12237,1065,232110,238114,1.6101e+06,1.29233e+08,201,6.86045e-07,1.2667e-05,0.00498733,3.05103e+09,8.68464e+08,3.52009e+09,3.91302e+08,3.91302e+08,1,0
2900,174000,cecum,0.995,9343,55623,53174,12636,220295,9977,865,186420,198152,1.67509e+06,1.26935e+08,61,4.05139e-05,0.000871454,0.00412855,3.05345e+09,8.69279e+08,3.52009e+09,3.91569e+08,3.91569e+08,1,0
2900,174000,transverse,0.9925,8368,60308,53970,14488,252030,10012,935,215287,229893,1.83078e+06,1.35294e+08,161,6.04816e-06,0.000113838,0.00488616,3.05345e+09,8.69279e+08,3.52009e+09,3.91569e+08,3.91569e+08,1,0
2900,174000,descending,0.995,8226,62562,65413,15146,270054,12315,1116,233837,239172,1.5812e+06,1.29137e+08,201,7.80081e-07,1.44077e-05,0.00498559,3.05345e+09,8.69279e+08,3.52009e+09,3.91569e+08,3.91569e+08,1,0
2910,174600,cecum,1,8735,55641,53586,12704,221720,10071,868,187986,198716,1.56321e+06,1.27502e+08,61,4.34593e-05,0.000945812,0.00405419,3.05587e+09,8.70095e+08,3.52009e+09,3.92146e+08,3.92146e+08,1,0
2910,174600,transverse,0.9925,8307,60592,54327,14576,253929,10091,938,217066,231538,1.8079e+06,1.35389e+08,161,6.80664e-06,0.000128401,0.0048716,3.05587e+09,8.70095e+08,3.52009e+09,3.92146e+08,3.92146e+08,1,0
2910,174600,descending,0.9975,8283,61503,65792,15213,270888,12377,1122,235853,239807,1.5913e+06,1.29052e+08,201,8.8634e-07,1.63747e-05,0.00498363,3.05587e+09,8.70095e+08,3.52009e+09,3.92146e+08,3.92146e+08,1,0
2920,175200,cecum,1,8478,54979,53984,12775,222421,10141,882,189476,198889,1.51489e+06,1.28293e+08,61,4.6243e-05,0.00101785,0.00398215,3.05828e+09,8.70912e+08,3.52009e+09,3.93033e+08,3.93033e+08,1,0
2920,175200,transverse,0.9975,7826,60410,54708,14650,255416,10157,947,218866,232294,1.71049e+06,1.3556e+08,161,7.61309e-06,0.00014396,0.00485604,3.05828e+09,8.70912e+08,3.52009e+09,3.93033e+08,3.93033e+08,1,0
2920,175200,descending,0.9975,8257,61073,66181,15274,272165,12426,1125,237667,240776,1.58682e+06,1.28979e+08,201,1.00555e-06,1.85817e-05,0.00498142,3.05828e+09,8.70912e+08,3.52009e+09,3.93033e+08,3.93033e+08,1,0
2930,175800,cecum,0.9875,8134,54835,54374,12855,223991,10214,893,191332,199867,1.45165e+06,1.29297e+08,61,4.88762e-05,0.00108762,0.00391238,3.0607e+09,8.71732e+08,3.52009e+09,3.9423e+08,3.9423e+08,1,0
2930,175800,transverse,0.99,7778,60480,55086,14713,257118,10222,956,220617,233689,1.69699e+06,1.35811e+08,161,8.46237e-06,0.000160433,0.00483957,3.0607e+09,8.71732e+08,3.52009e+09,3.9423e+08,3.9423e+08,1,0
2930,175800,descending,0.99,7620,61592,66561,15339,274293,12489,1133,239396,242007,1.46638e+06,1.28922e+08,201,1.13831e-06,2.104e-05,0.00497896,3.0607e+09,8.71732e+08,3.52009e+09,3.9423e+08,3.9423e+08,1,0
2940,176400,cecum,0.9925,8489,54753,54746,12908,225437,10274,893,192973,201409,1.51777e+06,1.30508e+08,61,5.13689e-05,0.00115518,0.00384482,3.06311e+09,8.72554e+08,3.52009e+09,3.95739e+08,3.95739e+08,1,0
2940,176400,transverse,0.9975,7992,59680,55447,14776,257998,10280,970,222404,234529,1.7429e+06,1.3615e+08,161,9.34957e-06,0.000177742,0.00482226,3.06311e+09,8.72554e+08,3.52009e+09,3.95739e+08,3.95739e+08,1,0
2940,176400,descending,0.9975,7815,61372,66911,15397,275478,12547,1138,240912,243148,1.50224e+06,1.28881e+08,201,1.28509e-06,2.37589e-05,0.00497624,3.06311e+09,8.72554e+08,3.52009e+09,3.95739e+08,3.95739e+08,1,0
2950,177000,cecum,0.995,8348,54476,55146,12987,226696,10352,899,194660,202278,1.49128e+06,1.31922e+08,61,5.373e-05,0.00122057,0.00377943,3.06553e+09,8.7338e+08,3.52009e+09,3.97564e+08,3.97564e+08,1,0
2950,177000,transverse,0.9975,8139,58622,55814,14858,258584,10344,976,224188,235035,1.77577e+06,1.36582e+08,161,1.02701e-05,0.000195812,0.00480419,3.06553e+09,8.7338e+08,3.52009e+09,3.97564e+08,3.97564e+08,1,0
2950,177000,descending,0.995,7697,60840,67265,15472,276803,12613,1203,242845,244077,1.47763e+06,1.28861e+08,201,1.44628e-06,2.6746e-05,0.00497325,3.06553e+09,8.7338e+08,3.52009e+09,3.97564e+08,3.97564e+08,1,0
2960,177600,cecum,0.9925,8326,54564,55537,13047,228434,10419,899,196437,203730,1.48785e+06,1.33535e+08,61,5.59678e-05,0.00128385,0.00371615,3.06794e+09,8.7421e+08,3.52009e+09,3.99708e+08,3.99708e+08,1,0
2960,177600,transverse,0.995,8277,58487,56174,14933,260141,10408,977,226018,236508,1.79168e+06,1.37112e+08,161,1.12194e-05,0.000214571,0.00478543,3.06794e+09,8.7421e+08,3.52009e+09,3.99708e+08,3.99708e+08,1,0
2960,177600,descending,0.9925,7773,60318,67642,15547,277927,12679,1268,244567,244976,1.49157e+06,1.28864e+08,201,1.62213e-06,3.00069e-05,0.00496999,3.06794e+09,8.7421e+08,3.52009e+09,3.99708e+08,3.99708e+08,1,0
2970,178200,cecum,0.995,8597,54117,55901,13128,229613,10496,905,198215,204968,1.53801e+06,1.35344e+08,61,5.80895e-05,0.00134505,0.00365495,3.07035e+09,8.75045e+08,3.52009e+09,4.02177e+08,4.02177e+08,1,0
2970,178200,transverse,0.995,7900,58247,56563,14998,261429,10479,980,227679,237163,1.72e+06,1.37746e+08,161,1.21935e-05,0.000233951,0.00476605,3.07035e+09,8.75045e+08,3.52009e+09,4.02177e+08,4.02177e+08,1,0
2970,178200,descending,0.9925,7823,59346,68036,15619,278788,12751,1274,246538,245631,1.50154e+06,1.28891e+08,201,1.81282e-06,3.35456e-05,0.00496645,3.07035e+09,8.75045e+08,3.52009e+09,4.02177e+08,4.02177e+08,1,0
2980,178800,cecum,0.995,8768,53979,56291,13219,230832,10556,909,199719,206115,1.56976e+06,1.37347e+08,61,6.01017e-05,0.0014042,0.0035958,3.07277e+09,8.75886e+08,3.52009e+09,4.04976e+08,4.04976e+08,1,0
2980,178800,transverse,0.9975,8332,57208,56946,15075,261835,10566,980,229288,237782,1.80445e+06,1.38488e+08,161,1.31884e-05,0.000253885,0.00474611,3.07277e+09,8.75886e+08,3.52009e+09,4.04976e+08,4.04976e+08,1,0
2980,178800,descending,0.9925,7659,59619,68414,15695,280541,12807,1275,248149,246973,1.47068e+06,1.28945e+08,201,2.01843e-06,3.73646e-05,0.00496264,3.07277e+09,8.75886e+08,3.52009e+09,4.04976e+08,4.04976e+08,1,0
2990,179400,cecum,0.9975,8264,53949,56675,13302,232176,10641,914,201256,206734,1.47757e+06,1.39544e+08,61,6.20105e-05,0.00146134,0.00353866,3.07519e+09,8.76732e+08,3.52009e+09,4.0811e+08,4.0811e+08,1,0
2990,179400,transverse,0.995,7952,56961,57303,15154,263305,10633,985,231146,238656,1.73493e+06,1.39342e+08,161,1.42003e-05,0.000274309,0.00472569,3.07519e+09,8.76732e+08,3.52009e+09,4.0811e+08,4.0811e+08,1,0
2990,179400,descending,0.9925,7759,59068,68808,15772,281828,12883,1287,250128,248107,1.48826e+06,1.2903e+08,201,2.23895e-06,4.1465e-05,0.00495853,3.07519e+09,8.76732e+08,3.52009e+09,4.0811e+08,4.0811e+08,1,0
3000,180000,cecum,0.995,7664,54292,57050,13358,234020,10704,922,202868,207714,1.36912e+06,1.41934e+08,61,6.38212e-05,0.0015165,0.0034835,3.0776e+09,8.77586e+08,3.52009e+09,4.11588e+08,4.11588e+08,1,0
3000,180000,transverse,0.995,7938,56544,57668,15227,264339,10698,995,232725,239439,1.73493e+06,1.40314e+08,161,1.52257e-05,0.000295159,0.00470484,3.0776e+09,8.77586e+08,3.52009e+09,4.11588e+08,4.11588e+08,1,0
3000,180000,descending,0.9925,7748,58458,69219,15845,283097,12955,1294,252145,249092,1.48656e+06,1.29148e+08,201,2.47429e-06,4.58464e-05,0.00495415,3.0776e+09,8.77586e+08,3.52009e+09,4.11588e+08,4.11588e+08,1,0
3010,180600,cecum,0.99,7945,54490,57422,13419,235495,10782,924,204282,209235,1.42219e+06,1.44516e+08,61,6.55389e-05,0.0015697,0.0034303,3.08002e+09,8.78447e+08,3.52009e+09,4.15417e+08,4.15417e+08,1,0
3010,180600,transverse,0.9975,8208,56481,58033,15300,265756,10762,1000,234337,240893,1.78515e+06,1.41406e+08,161,1.62612e-05,0.000316377,0.00468362,3.08002e+09,8.78447e+08,3.52009e+09,4.15417e+08,4.15417e+08,1,0
3010,180600,descending,0.9925,7289,58740,69585,15912,284647,13022,1297,253544,249948,1.40056e+06,1.29301e+08,201,2.72431e-06,5.05071e-05,0.00494949,3.08002e+09,8.78447e+08,3.52009e+09,4.15417e+08,4.15417e+08,1,0
3020,181200,cecum,0.995,7803,55091,57777,13491,237491,10843,928,205806,210863,1.39725e+06,1.47293e+08,61,6.71681e-05,0.00162097,0.00337903,3.08245e+09,8.79317e+08,3.52009e+09,4.19604e+08,4.19604e+08,1,0
3020,181200,transverse,0.9975,8226,56197,58404,15378,266893,10841,1017,235898,241817,1.79174e+06,1.42625e+08,161,1.73037e-05,0.000337904,0.0046621,3.08245e+09,8.79317e+08,3.52009e+09,4.19604e+08,4.19604e+08,1,0
3020,181200,descending,0.995,7719,58050,69927,15978,285324,13080,1308,255024,250826,1.4805e+06,1.29493e+08,201,2.98876e-06,5.54444e-05,0.00494456,3.08245e+09,8.79317e+08,3.52009e+09,4.19604e+08,4.19604e+08,1,0
3030,181800,cecum,0.99,7940,54459,58130,13560,238279,10903,931,207352,211561,1.42037e+06,1.50266e+08,61,6.87129e-05,0.00167032,0.00332968,3.08488e+09,8.80195e+08,3.52009e+09,4.24158e+08,4.24158e+08,1,0
3030,181800,transverse,0.9975,8435,55759,58784,15443,267899,10913,1025,237471,242781,1.8304e+06,1.43974e+08,161,1.83502e-05,0.000359683,0.00464032,3.08488e+09,8.80195e+08,3.52009e+09,4.24158e+08,4.24158e+08,1,0
3030,181800,descending,0.995,7932,57456,70289,16076,286281,13141,1311,256731,251790,1.51922e+06,1.29725e+08,201,3.26737e-06,6.06541e-05,0.00493935,3.08488e+09,8.80195e+08,3.52009e+09,4.24158e+08,4.24158e+08,1,0
3040,182400,cecum,0.9925,7810,55269,58490,13651,240286,10979,933,208714,213243,1.39841e+06,1.53437e+08,61,7.0177e-05,0.00171778,0.00328222,3.08731e+09,8.81084e+08,3.52009e+09,4.29089e+08,4.29089e+08,1,0
3040,182400,transverse,0.9975,8272,55249,59171,15528,268916,10969,1034,239130,243380,1.80433e+06,1.45458e+08,161,1.93978e-05,0.000381657,0.00461834,3.08731e+09,8.81084e+08,3.52009e+09,4.29089e+08,4.29089e+08,1,0
3040,182400,descending,0.9875,7578,57754,70694,16136,287959,13219,1316,258244,252842,1.45518e+06,1.30002e+08,201,3.55976e-06,6.61313e-05,0.00493387,3.08731e+09,8.81084e+08,3.52009e+09,4.29089e+08,4.29089e+08,1,0
3050,183000,cecum,0.995,7979,54884,58854,13732,241528,11031,943,210464,214413,1.42937e+06,1.56809e+08,61,7.1564e-05,0.00176336,0.00323664,3.08975e+09,8.81983e+08,3.52009e+09,4.34406e+08,4.34406e+08,1,0
3050,183000,transverse,0.9975,8089,54689,59551,15600,270054,11035,1045,240955,244082,1.77302e+06,1.47081e+08,161,2.04438e-05,0.000403774,0.00459623,3.08975e+09,8.81983e+08,3.52009e+09,4.34406e+08,4.34406e+08,1,0
3050,183000,descending,0.9925,7953,57951,71057,16204,289483,13293,1331,259698,254505,1.52546e+06,1.30325e+08,201,3.86552e-06,7.18697e-05,0.00492813,3.08975e+09,8.81983e+08,3.52009e+09,4.34406e+08,4.34406e+08,1,0
3060,183600,cecum,0.9925,7928,54761,59232,13794,242819,11092,948,211996,215393,1.4184e+06,1.60384e+08,61,7.28769e-05,0.00180708,0.00319292,3.09219e+09,8.82894e+08,3.52009e+09,4.4012e+08,4.4012e+08,1,0
3060,183600,transverse,0.9925,7947,54935,59915,15664,271560,11105,1059,242335,245202,1.74401e+06,1.48846e+08,161,2.14856e-05,0.000425979,0.00457402,3.09219e+09,8.82894e+08,3.52009e+09,4.4012e+08,4.4012e+08,1,0
3060,183600,descending,0.9925,7575,58115,71427,16268,290983,13363,1338,261161,255384,1.45507e+06,1.30699e+08,201,4.18419e-06,7.78622e-05,0.00492214,3.09219e+09,8.82894e+08,3.52009e+09,4.4012e+08,4.4012e+08,1,0
3070,184200,cecum,0.995,8093,54486,59605,13857,243781,11161,951,213362,216276,1.44796e+06,1.64167e+08,61,7.41187e-05,0.00184894,0.00315106,3.09464e+09,8.83817e+08,3.52009e+09,4.46241e+08,4.46241e+08,1,0
3070,184200,transverse,0.995,8458,54412,60325,15737,272638,11176,1063,244076,246521,1.84634e+06,1.50758e+08,161,2.2521e-05,0.000448222,0.00455178,3.09464e+09,8.83817e+08,3.52009e+09,4.46241e+08,4.46241e+08,1,0
3070,184200,descending,0.995,7620,57012,71811,16342,291934,13436,1349,263351,256132,1.46427e+06,1.31126e+08,201,4.51525e-06,8.41007e-05,0.0049159,3.09464e+09,8.83817e+08,3.52009e+09,4.46241e+08,4.46241e+08,1,0
3080,184800,cecum,0.9975,8596,53559,59994,13942,244173,11233,964,214825,216926,1.54017e+06,1.6816e+08,61,7.5292e-05,0.00188897,0.00311103,3.0971e+09,8.84754e+08,3.52009e+09,4.52779e+08,4.52779e+08,1,0
3080,184800,transverse,0.9925,8269,55080,60726,15811,274565,11249,1063,245482,248005,1.80364e+06,1.52822e+08,161,2.35475e-05,0.00047045,0.00452955,3.0971e+09,8.84754e+08,3.52009e+09,4.52779e+08,4.52779e+08,1,0
3080,184800,descending,0.995,7813,56822,72145,16404,293254,13502,1353,264985,257435,1.49835e+06,1.31608e+08,201,4.85813e-06,9.05762e-05,0.00490942,3.0971e+09,8.84754e+08,3.52009e+09,4.52779e+08,4.52779e+08,1,0
3090,185400,cecum,0.995,8524,53707,60390,14014,245653,11319,970,216309,218090,1.52697e+06,1.72367e+08,61,7.63991e-05,0.00192717,0.00307283,3.09958e+09,8.85704e+08,3.52009e+09,4.59748e+08,4.59748e+08,1,0
3090,185400,transverse,0.9975,8842,54166,61130,15876,275040,11317,1070,246997,248775,1.92319e+06,1.55043e+08,161,2.45629e-05,0.000492614,0.00450739,3.09958e+09,8.85704e+08,3.52009e+09,4.59748e+08,4.59748e+08,1,0
3090,185400,descending,0.9975,7648,56796,72524,16472,294601,13568,1359,266486,258366,1.46878e+06,1.32148e+08,201,5.21223e-06,9.72789e-05,0.00490272,3.09958e+09,8.85704e+08,3.52009e+09,4.59748e+08,4.59748e+08,1,0
3100,186000,cecum,1,8197,53614,60807,14099,247128,11394,975,218032,218976,1.46561e+06,1.76794e+08,61,7.74424e-05,0.00196355,0.00303645,3.10206e+09,8.8667e+08,3.52009e+09,4.67158e+08,4.67158e+08,1,0
3100,186000,transverse,0.995,9380,53519,61529,15950,275714,11392,1073,248464,249734,2.02658e+06,1.57424e+08,161,2.55653e-05,0.000514665,0.00448533,3.10206e+09,8.8667e+08,3.52009e+09,4.67158e+08,4.67158e+08,1,0
3100,186000,descending,1,7509,56083,72865,16521,295376,13632,1364,268082,258769,1.44314e+06,1.32751e+08,201,5.57688e-06,0.000104198,0.0048958,3.10206e+09,8.8667e+08,3.52009e+09,4.67158e+08,4.67158e+08,1,0
3110,186600,cecum,0.9925,8479,53555,61170,14174,248452,11462,977,219556,220360,1.5177e+06,1.81444e+08,61,7.84237e-05,0.00199812,0.00300188,3.10455e+09,8.87651e+08,3.52009e+09,4.75022e+08,4.75022e+08,1,0
3110,186600,transverse,0.99,8745,53513,61973,16038,277175,11482,1078,250104,250289,1.90975e+06,1.59972e+08,161,2.65527e-05,0.000536554,0.00446345,3.10455e+09,8.87651e+08,3.52009e+09,4.75022e+08,4.75022e+08,1,0
3110,186600,descending,0.9925,7823,55399,73268,16571,296568,13712,1364,270088,260002,1.50317e+06,1.33418e+08,201,5.95139e-06,0.000111322,0.00488868,3.10455e+09,8.87651e+08,3.52009e+09,4.75022e+08,4.75022e+08,1,0
3120,187200,cecum,0.995,8915,53319,61572,14251,249649,11540,979,221142,221744,1.59799e+06,1.86322e+08,61,7.9345e-05,0.00203087,0.00296913,3.10705e+09,8.8865e+08,3.52009e+09,4.83352e+08,4.83352e+08,1,0
3120,187200,transverse,0.9975,8951,52932,62355,16124,277901,11548,1089,251552,250980,1.95154e+06,1.62691e+08,161,2.75231e-05,0.000558233,0.00444177,3.10705e+09,8.8865e+08,3.52009e+09,4.83352e+08,4.83352e+08,1,0
3120,187200,descending,0.9975,7966,54403,73637,16640,297230,13778,1370,271875,260567,1.53015e+06,1.34153e+08,201,6.33504e-06,0.000118639,0.00488136,3.10705e+09,8.8865e+08,3.52009e+09,4.83352e+08,4.83352e+08,1,0
3130,187800,cecum,0.9925,8740,53599,61993,14327,251280,11626,989,222645,222931,1.5654e+06,1.91433e+08,61,8.0208e-05,0.00206183,0.00293817,3.10958e+09,8.89666e+08,3.52009e+09,4.92163e+08,4.92163e+08,1,0
3130,187800,transverse,0.995,8815,53613,62756,16194,279958,11625,1092,253072,252644,1.92098e+06,1.65584e+08,161,2.84749e-05,0.000579655,0.00442034,3.10958e+09,8.89666e+08,3.52009e+09,4.92163e+08,4.92163e+08,1,0
3130,187800,descending,0.995,8016,54283,74049,16714,298531,13855,1376,273441,261651,1.54017e+06,1.34959e+08,201,6.72707e-06,0.000126135,0.00487387,3.10958e+09,8.89666e+08,3.52009e+09,4.92163e+08,4.92163e+08,1,0
3140,188400,cecum,1,8978,52876,62399,14401,251936,11708,999,224170,223565,1.60754e+06,1.96783e+08,61,8.10141e-05,0.00209098,0.00290902,3.11211e+09,8.90701e+08,3.52009e+09,5.01466e+08,5.01466e+08,1,0
3140,188400,transverse,1,9290,52260,63173,16266,279958,11693,1096,254561,252838,2.02237e+06,1.68659e+08,161,2.94062e-05,0.000600774,0.00439923,3.11211e+09,8.90701e+08,3.52009e+09,5.01466e+08,5.01466e+08,1,0
3140,188400,descending,0.99,7744,54414,74394,16789,299978,13920,1378,274895,262619,1.48863e+06,1.35838e+08,201,7.12668e-06,0.000133797,0.0048662,3.11211e+09,8.90701e+08,3.52009e+09,5.01466e+08,5.01466e+08,1,0
3150,189000,cecum,0.9925,8854,52568,62803,14477,253004,11790,1009,225694,224253,1.58466e+06,2.02377e+08,61,8.17647e-05,0.00211833,0.00288167,3.11466e+09,8.91756e+08,3.52009e+09,5.11276e+08,5.11276e+08,1,0
3150,189000,transverse,0.9975,8966,51801,63590,16343,280970,11778,1105,256185,253262,1.9638e+06,1.7192e+08,161,3.03156e-05,0.000621544,0.00437846,3.11466e+09,8.91756e+08,3.52009e+09,5.11276e+08,5.11276e+08,1,0
3150,189000,descending,0.995,7611,55313,74758,16850,302287,13982,1389,276417,264543,1.46106e+06,1.36793e+08,201,7.53305e-06,0.00014161,0.00485839,3.11466e+09,8.91756e+08,3.52009e+09,5.11276e+08,5.11276e+08,1,0
3160,189600,cecum,0.99,8489,53231,63201,14547,255196,11869,1009,227372,225831,1.51909e+06,2.08219e+08,61,8.24612e-05,0.00214389,0.00285611,3.11724e+09,8.92832e+08,3.52009e+09,5.21606e+08,5.21606e+08,1,0
3160,189600,transverse,1,8669,52503,64009,16427,282872,11856,1200,257452,254515,1.89623e+06,1.75371e+08,161,3.12014e-05,0.00064192,0.00435808,3.11724e+09,8.92832e+08,3.52009e+09,5.21606e+08,5.21606e+08,1,0
3160,189600,descending,0.995,7931,55391,75136,16914,303762,14046,1395,277936,266082,1.52219e+06,1.3783e+08,201,7.94533e-06,0.000149559,0.00485044,3.11724e+09,8.92832e+08,3.52009e+09,5.21606e+08,5.21606e+08,1,0
3170,190200,cecum,1,8386,53024,63592,14627,256232,11939,1015,228759,226517,1.49727e+06,2.14316e+08,61,8.31046e-05,0.00216766,0.00283234,3.11983e+09,8.93931e+08,3.52009e+09,5.32471e+08,5.32471e+08,1,0
3170,190200,transverse,0.9975,9031,51781,64442,16492,283433,11952,1202,258894,255164,1.97184e+06,1.79019e+08,161,3.20621e-05,0.000661857,0.00433814,3.11983e+09,8.93931e+08,3.52009e+09,5.32471e+08,5.32471e+08,1,0
3170,190200,descending,0.9975,7571,55355,75510,16991,305036,14117,1396,279393,266769,1.45574e+06,1.38951e+08,201,8.36265e-06,0.000157629,0.00484237,3.11983e+09,8.93931e+08,3.52009e+09,5.32471e+08,5.32471e+08,1,0
3180,190800,cecum,0.9925,8463,52945,64006,14697,257643,12012,1025,230382,227724,1.51176e+06,2.20673e+08,61,8.3696e-05,0.00218963,0.00281037,3.12244e+09,8.95052e+08,3.52009e+09,5.43885e+08,5.43885e+08,1,0
3180,190800,transverse,0.9975,8976,51511,64880,16557,284507,12049,1204,260398,255905,1.95826e+06,1.8287e+08,161,3.28964e-05,0.000681311,0.00431869,3.12244e+09,8.95052e+08,3.52009e+09,5.43885e+08,5.43885e+08,1,0
3180,190800,descending,0.99,7736,54728,75902,17054,305925,14185,1405,281031,267553,1.4873e+06,1.40158e+08,201,8.78409e-06,0.000165802,0.0048342,3.12244e+09,8.95052e+08,3.52009e+09,5.43885e+08,5.43885e+08,1,0
3190,191400,cecum,0.9975,8715,52170,64392,14755,258530,12086,1031,232170,228603,1.55762e+06,2.27295e+08,61,8.42363e-05,0.00220981,0.00279019,3.12508e+09,8.96198e+08,3.52009e+09,5.55862e+08,5.55862e+08,1,0
3190,191400,transverse,0.9925,9131,51169,65270,16653,285643,12116,1205,262038,256968,1.98258e+06,1.86927e+08,161,3.37029e-05,0.000700239,0.00429976,3.12508e+09,8.96198e+08,3.52009e+09,5.55862e+08,5.55862e+08,1,0
3190,191400,descending,0.9975,7987,54633,76297,17129,307436,14261,1414,282779,269062,1.53408e+06,1.41456e+08,201,9.20875e-06,0.000174062,0.00482594,3.12508e+09,8.96198e+08,3.52009e+09,5.55862e+08,5.55862e+08,1,0
3200,192000,cecum,0.9925,9159,51823,64812,14835,259661,12165,1039,233799,229909,1.63845e+06,2.34188e+08,61,8.47264e-05,0.00222819,0.00277181,3.12774e+09,8.9737e+08,3.52009e+09,5.68417e+08,5.68417e+08,1,0
3200,192000,transverse,0.995,8955,51845,65654,16726,287627,12182,1205,263485,258531,1.94918e+06,1.91197e+08,161,3.44803e-05,0.000718598,0.0042814,3.12774e+09,8.9737e+08,3.52009e+09,5.68417e+08,5.68417e+08,1,0
3200,192000,descending,0.995,7710,54095,76671,17204,308459,14329,1464,284433,269527,1.48272e+06,1.42848e+08,201,9.63569e-06,0.000182392,0.00481761,3.12774e+09,8.9737e+08,3.52009e+09,5.68417e+08,5.68417e+08,1,0
3210,192600,cecum,0.9975,9551,51113,65233,14929,260424,12230,1043,235427,230798,1.7106e+06,2.41357e+08,61,8.5167e-05,0.00224479,0.00275521,3.13043e+09,8.98568e+08,3.52009e+09,5.81564e+08,5.81564e+08,1,0
3210,192600,transverse,0.995,9272,51560,66056,16816,288728,12266,1211,265039,259715,2.01518e+06,1.95687e+08,161,3.52274e-05,0.000736346,0.00426365,3.13043e+09,8.98568e+08,3.52009e+09,5.81564e+08,5.81564e+08,1,0
3210,192600,descending,0.9875,7740,54157,77030,17275,309991,14392,1469,286032,270859,1.48646e+06,1.44336e+08,201,1.00639e-05,0.000190771,0.00480923,3.13043e+09,8.98568e+08,3.52009e+09,5.81564e+08,5.81564e+08,1,0
3220,193200,cecum,1,9644,51242,65649,15011,261834,12306,1045,236864,232041,1.72762e+06,2.48807e+08,61,8.55588e-05,0.00225959,0.00274041,3.13315e+09,8.99794e+08,3.52009e+09,5.95317e+08,5.95317e+08,1,0
3220,193200,transverse,0.9975,9711,50696,66471,16901,289121,12340,1217,266449,260285,2.10461e+06,2.00402e+08,161,3.59428e-05,0.000753442,0.00424656,3.13315e+09,8.99794e+08,3.52009e+09,5.95317e+08,5.95317e+08,1,0
3220,193200,descending,0.9975,7565,54077,77416,17339,311203,14470,1472,287463,271649,1.45137e+06,1.45926e+08,201,1.04925e-05,0.000199183,0.00480082,3.13315e+09,8.99794e+08,3.52009e+09,5.95317e+08,5.95317e+08,1,0
3230,193800,cecum,1,9421,50362,66098,15101,262333,12396,1052,238416,232041,1.68576e+06,2.56544e+08,61,8.59023e-05,0.0022726,0.0027274,3.1359e+09,9.0105e+08,3.52009e+09,6.09691e+08,6.09691e+08,1,0
3230,193800,transverse,1,8324,51083,66886,16963,290841,12412,1221,267912,260333,1.83008e+06,2.05347e+08,161,3.66256e-05,0.000769846,0.00423015,3.1359e+09,9.0105e+08,3.52009e+09,6.09691e+08,6.09691e+08,1,0
3230,193800,descending,0.9925,7799,53779,77787,17405,312480,14540,1477,289169,272920,1.4933e+06,1.47619e+08,201,1.09205e-05,0.000207608,0.00479239,3.1359e+09,9.0105e+08,3.52009e+09,6.09691e+08,6.09691e+08,1,0
3240,194400,cecum,0.9925,8518,51454,66531,15168,264823,12484,1061,239960,233341,1.52232e+06,2.64571e+08,61,8.61983e-05,0.00228382,0.00271618,3.13868e+09,9.02337e+08,3.52009e+09,6.247e+08,6.247e+08,1,0
3240,194400,transverse,0.9925,8694,51240,67290,17047,292406,12503,1231,269485,262029,1.90091e+06,2.10527e+08,161,3.72746e-05,0.000785517,0.00421448,3.13868e+09,9.02337e+08,3.52009e+09,6.247e+08,6.247e+08,1,0
3240,194400,descending,0.99,7707,54018,78105,17465,314233,14600,1477,290803,274383,1.4765e+06,1.4942e+08,201,1.13468e-05,0.000216026,0.00478397,3.13868e+09,9.02337e+08,3.52009e+09,6.247e+08,6.247e+08,1,0
3250,195000,cecum,0.9975,8272,51004,66909,15238,265811,12551,1067,241529,233836,1.47774e+06,2.72894e+08,61,8.6447e-05,0.00229324,0.00270676,3.1415e+09,9.03655e+08,3.52009e+09,6.40357e+08,6.40357e+08,1,0
3250,195000,transverse,0.9975,9085,51078,67693,17125,293447,12576,1237,270833,263203,1.97616e+06,2.15948e+08,161,3.78886e-05,0.000800418,0.00419958,3.1415e+09,9.03655e+08,3.52009e+09,6.40357e+08,6.40357e+08,1,0
3250,195000,descending,0.99,7458,54664,78476,17551,315990,14669,1481,292065,275671,1.43045e+06,1.51333e+08,201,1.17705e-05,0.000224417,0.00477558,3.1415e+09,9.03655e+08,3.52009e+09,6.40357e+08,6.40357e+08,1,0
3260,195600,cecum,0.9975,8129,51705,67330,15313,267940,12635,1076,243107,235551,1.45292e+06,2.81516e+08,61,8.6649e-05,0.00230089,0.00269911,3.14435e+09,9.05007e+08,3.52009e+09,6.56675e+08,6.56675e+08,1,0
3260,195600,transverse,0.9975,8861,51625,68090,17209,295260,12658,1249,272253,264549,1.91955e+06,2.21616e+08,161,3.84668e-05,0.00081451,0.00418549,3.14435e+09,9.05007e+08,3.52009e+09,6.56675e+08,6.56675e+08,1,0
3260,195600,descending,1,7599,54308,78799,17607,317048,14726,1488,293585,276653,1.45741e+06,1.53361e+08,201,1.21906e-05,0.00023276,0.00476724,3.14435e+09,9.05007e+08,3.52009e+09,6.56675e+08,6.56675e+08,1,0
3270,196200,cecum,1,7968,51820,67706,15385,269207,12704,1078,244398,236420,1.4239e+06,2.90441e+08,61,8.68046e-05,0.00230675,0.00269325,3.14724e+09,9.06393e+08,3.52009e+09,6.73668e+08,6.73668e+08,1,0
3270,196200,transverse,0.9975,9020,51552,68510,17292,296464,12744,1256,273692,265654,1.95353e+06,2.27537e+08,161,3.90081e-05,0.000827758,0.00417224,3.14724e+09,9.06393e+08,3.52009e+09,6.73668e+08,6.73668e+08,1,0
3270,196200,descending,0.995,7406,54154,79156,17666,318391,14794,1489,295208,277572,1.42254e+06,1.55509e+08,201,1.26059e-05,0.000241034,0.00475897,3.14724e+09,9.06393e+08,3.52009e+09,6.73668e+08,6.73668e+08,1,0
3280,196800,cecum,0.9975,8280,50617,68103,15464,269437,12781,1080,245985,236719,1.4795e+06,2.99673e+08,61,8.69143e-05,0.00231083,0.00268917,3.15018e+09,9.07816e+08,3.52009e+09,6.91347e+08,6.91347e+08,1,0
3280,196800,transverse,1,8651,51585,68919,17376,297911,12815,1259,275258,266475,1.88995e+06,2.33715e+08,161,3.95116e-05,0.000840127,0.00415987,3.15018e+09,9.07816e+08,3.52009e+09,6.91347e+08,6.91347e+08,1,0
3280,196800,descending,0.9975,7781,53620,79491,17746,319239,14851,1490,296726,278596,1.49334e+06,1.57778e+08,201,1.30156e-05,0.000249218,0.00475078,3.15018e+09,9.07816e+08,3.52009e+09,6.91347e+08,6.91347e+08,1,0
3290,197400,cecum,0.995,8897,49801,68487,15546,269928,12842,1086,247429,237580,1.59282e+06,3.09213e+08,61,8.69782e-05,0.00231313,0.00268687,3.15316e+09,9.09276e+08,3.52009e+09,7.09723e+08,7.09723e+08,1,0
3290,197400,transverse,1,8631,51423,69302,17461,299051,12884,1267,276706,267358,1.88208e+06,2.40155e+08,161,3.99764e-05,0.000851582,0.00414842,3.15316e+09,9.09276e+08,3.52009e+09,7.09723e+08,7.09723e+08,1,0
3290,197400,descending,0.995,8050,53164,79859,17812,320163,14931,1493,298249,279564,1.54332e+06,1.60175e+08,201,1.34186e-05,0.000257291,0.00474271,3.15316e+09,9.09276e+08,3.52009e+09,7.09723e+08,7.09723e+08,1,0
3300,198000,cecum,1,8803,49771,68881,15615,271078,12918,1086,248754,238387,1.57492e+06,3.19065e+08,61,8.69967e-05,0.00231368,0.00268632,3.15618e+09,9.10775e+08,3.52009e+09,7.28808e+08,7.28808e+08,1,0
3300,198000,transverse,1,8462,51575,69698,17527,300425,12955,1271,278061,268300,1.85706e+06,2.46862e+08,161,4.04017e-05,0.000862091,0.00413791,3.15618e+09,9.10775e+08,3.52009e+09,7.28808e+08,7.28808e+08,1,0
3300,198000,descending,0.995,7898,53470,80217,17878,321897,15009,1493,299821,280932,1.51443e+06,1.62701e+08,201,1.38138e-05,0.000265231,0.00473477,3.15618e+09,9.10775e+08,3.52009e+09,7.28808e+08,7.28808e+08,1,0
3310,198600,cecum,1,8661,50343,69278,15679,272896,13001,1087,250146,239812,1.5492e+06,3.29229e+08,61,8.697e-05,0.00231247,0.00268753,3.15925e+09,9.12315e+08,3.52009e+09,7.4861e+08,7.4861e+08,1,0
3310,198600,transverse,0.9975,8742,51617,70090,17600,301706,13031,1287,279433,269602,1.90483e+06,2.53839e+08,161,4.07866e-05,0.000871625,0.00412838,3.15925e+09,9.12315e+08,3.52009e+09,7.4861e+08,7.4861e+08,1,0
3310,198600,descending,0.9975,8110,52597,80609,17955,322447,15077,1496,301386,281444,1.55564e+06,1.65362e+08,201,1.42002e-05,0.000273015,0.00472699,3.15925e+09,9.12315e+08,3.52009e+09,7.4861e+08,7.4861e+08,1,0
3320,199200,cecum,0.9975,9062,50111,69688,15762,274058,13072,1093,251688,241113,1.62241e+06,3.39706e+08,61,8.68985e-05,0.00230951,0.00269049,3.16238e+09,9.13897e+08,3.52009e+09,7.69139e+08,7.69139e+08,1,0
3320,199200,transverse,0.9975,9005,51670,70509,17686,303254,13103,1290,281083,271149,1.95489e+06,2.61092e+08,161,4.11305e-05,0.000880155,0.00411985,3.16238e+09,9.13897e+08,3.52009e+09,7.69139e+08,7.69139e+08,1,0
3320,199200,descending,0.995,7651,53247,80992,18029,324676,15140,1506,303092,282958,1.46819e+06,1.6816e+08,201,1.45769e-05,0.000280622,0.00471938,3.16238e+09,9.13897e+08,3.52009e+09,7.69139e+08,7.69139e+08,1,0
3330,199800,cecum,1,8838,50293,70102,15859,275537,13142,1096,253149,242118,1.58214e+06,3.50497e+08,61,8.67824e-05,0.00230483,0.00269517,3.16555e+09,9.15523e+08,3.52009e+09,7.90401e+08,7.90401e+08,1,0
3330,199800,transverse,0.9975,9029,51877,70899,17768,305001,13176,1295,282773,272680,1.95855e+06,2.68623e+08,161,4.14325e-05,0.000887654,0.00411235,3.16555e+09,9.15523e+08,3.52009e+09,7.90401e+08,7.90401e+08,1,0
3330,199800,descending,0.9975,7488,52909,81342,18094,325684,15214,1512,304571,283586,1.43695e+06,1.711e+08,201,1.49428e-05,0.000288029,0.00471197,3.16555e+09,9.15523e+08,3.52009e+09,7.90401e+08,7.90401e+08,1,0
3340,200400,cecum,1,8988,50184,70497,15942,276993,13211,1098,254864,243479,1.61072e+06,3.616e+08,61,8.66219e-05,0.00229844,0.00270156,3.16879e+09,9.17193e+08,3.52009e+09,8.12401e+08,8.12401e+08,1,0
3340,200400,transverse,0.9975,8887,51841,71324,17861,306193,13253,1301,284165,273469,1.93152e+06,2.76437e+08,161,4.16922e-05,0.000894099,0.0041059,3.16879e+09,9.17193e+08,3.52009e+09,8.12401e+08,8.12401e+08,1,0
3340,200400,descending,1,7791,52053,81731,18162,326217,15287,1513,306100,284173,1.49571e+06,1.74185e+08,201,1.52969e-05,0.000295215,0.00470478,3.16879e+09,9.17193e+08,3.52009e+09,8.12401e+08,8.12401e+08,1,0
3350,201000,cecum,1,8603,49714,70861,16014,277702,13274,1103,256173,243569,1.53899e+06,3.73014e+08,61,8.64174e-05,0.00229035,0.00270965,3.17208e+09,9.18911e+08,3.52009e+09,8.35145e+08,8.35145e+08,1,0
3350,201000,transverse,0.9975,8784,52418,71738,17930,308077,13330,1301,285618,274982,1.90589e+06,2.84533e+08,161,4.19088e-05,0.000899467,0.00410053,3.17208e+09,9.18911e+08,3.52009e+09,8.35145e+08,8.35145e+08,1,0
3350,201000,descending,0.995,7587,52103,82082,18231,327760,15362,1518,307732,285300,1.45728e+06,1.77418e+08,201,1.56382e-05,0.000302158,0.00469784,3.17208e+09,9.18911e+08,3.52009e+09,8.35145e+08,8.35145e+08,1,0
3360,201600,cecum,0.9975,8625,50906,71241,16102,280266,13341,1131,257672,245902,1.54603e+06,3.84734e+08,61,8.61691e-05,0.0022806,0.0027194,3.17543e+09,9.20676e+08,3.52009e+09,8.58634e+08,8.58634e+08,1,0
3360,201600,transverse,0.995,8432,52612,72102,18033,309548,13403,1302,287070,275912,1.84498e+06,2.92916e+08,161,4.20819e-05,0.00090374,0.00409626,3.17543e+09,9.20676e+08,3.52009e+09,8.58634e+08,8.58634e+08,1,0
3360,201600,descending,0.9975,8380,51827,82481,18307,328690,15418,1527,309061,286747,1.60444e+06,1.80803e+08,201,1.59658e-05,0.000308836,0.00469116,3.17543e+09,9.20676e+08,3.52009e+09,8.58634e+08,8.58634e+08,1,0
3370,202200,cecum,1,8788,50525,71602,16176,281229,13414,1136,259158,246809,1.5755e+06,3.96758e+08,61,8.58774e-05,0.00226921,0.00273079,3.17885e+09,9.22492e+08,3.52009e+09,8.82869e+08,8.82869e+08,1,0
3370,202200,transverse,0.9975,8309,52932,72490,18111,311091,13475,1316,288429,277080,1.81841e+06,3.01585e+08,161,4.2211e-05,0.000906903,0.0040931,3.17885e+09,9.22492e+08,3.52009e+09,8.82869e+08,8.82869e+08,1,0
3370,202200,descending,1,8721,50909,82889,18399,328967,15482,1533,310406,287107,1.66996e+06,1.84345e+08,201,1.62788e-05,0.000315227,0.00468477,3.17885e+09,9.22492e+08,3.52009e+09,8.82869e+08,8.82869e+08,1,0
3380,202800,cecum,1,8816,50022,72004,16274,281841,13497,1137,260453,247227,1.57892e+06,4.09081e+08,61,8.55427e-05,0.0022562,0.0027438,3.18234e+09,9.24358e+08,3.52009e+09,9.07849e+08,9.07849e+08,1,0
3380,202800,transverse,0.9975,8943,53055,72879,18173,312682,13549,1323,290026,279045,1.94407e+06,3.10541e+08,161,4.22957e-05,0.000908941,0.00409106,3.18234e+09,9.24358e+08,3.52009e+09,9.07849e+08,9.07849e+08,1,0
3380,202800,descending,0.995,7957,51130,83284,18473,330581,15548,1538,311934,287697,1.52696e+06,1.88046e+08,201,1.65761e-05,0.00032131,0.00467869,3.18234e+09,9.24358e+08,3.52009e+09,9.07849e+08,9.07849e+08,1,0
3390,203400,cecum,1,8916,49698,72420,16336,282872,13579,1149,261940,248074,1.59731e+06,4.21696e+08,61,8.51653e-05,0.00224162,0.00275838,3.1859e+09,9.26278e+08,3.52009e+09,9.33569e+08,9.33569e+08,1,0
3390,203400,transverse,1,8483,52990,73252,18246,313803,13625,1333,291351,279472,1.86518e+06,3.19785e+08,161,4.23358e-05,0.000909845,0.00409016,3.1859e+09,9.26278e+08,3.52009e+09,9.33569e+08,9.33569e+08,1,0
3390,203400,descending,0.995,7841,51202,83690,18540,332069,15629,1543,313493,288806,1.50627e+06,1.91908e+08,201,1.6857e-05,0.000327065,0.00467293,3.1859e+09,9.26278e+08,3.52009e+09,9.33569e+08,9.33569e+08,1,0
3400,204000,cecum,1,9017,49188,72784,16413,283578,13634,1150,263287,248648,1.61497e+06,4.34596e+08,61,8.47457e-05,0.00222549,0.00277451,3.18953e+09,9.28252e+08,3.52009e+09,9.60024e+08,9.60024e+08,1,0
3400,204000,transverse,1,8355,52953,73636,18314,315090,13698,1340,292809,280381,1.83158e+06,3.29315e+08,161,4.2331e-05,0.000909609,0.00409039,3.18953e+09,9.28252e+08,3.52009e+09,9.60024e+08,9.60024e+08,1,0
3400,204000,descending,0.9975,7947,51838,84042,18610,333825,15689,1560,314726,290429,1.52373e+06,1.95935e+08,201,1.71205e-05,0.000332472,0.00466753,3.18953e+09,9.28252e+08,3.52009e+09,9.60024e+08,9.60024e+08,1,0
3410,204600,cecum,1,8477,49036,73172,16493,284464,13698,1156,264463,248744,1.5127e+06,4.47772e+08,61,8.42846e-05,0.00220787,0.00279213,3.19324e+09,9.30281e+08,3.52009e+09,9.87207e+08,9.87207e+08,1,0
3410,204600,transverse,1,9169,52031,73999,18371,315521,13769,1344,294286,281387,1.99233e+06,3.39127e+08,161,4.22812e-05,0.00090823,0.00409177,3.19324e+09,9.30281e+08,3.52009e+09,9.87207e+08,9.87207e+08,1,0
3410,204600,descending,0.995,8093,51091,84381,18703,334392,15753,1565,316192,290955,1.55265e+06,2.0013e+08,201,1.73658e-05,0.000337512,0.00466249,3.19324e+09,9.30281e+08,3.52009e+09,9.87207e+08,9.87207e+08,1,0
3420,205200,cecum,0.9975,9058,48564,73529,16551,285417,13779,1159,266024,250057,1.61927e+06,4.61212e+08,61,8.37824e-05,0.00218879,0.00281121,3.19703e+09,9.32369e+08,3.52009e+09,1.0151e+09,1.0151e+09,1,0
3420,205200,transverse,0.995,9234,52365,74393,18458,317079,13842,1346,295668,282774,2.00783e+06,3.49219e+08,161,4.21864e-05,0.00090571,0.00409429,3.19703e+09,9.32369e+08,3.52009e+09,1.0151e+09,1.0151e+09,1,0
3420,205200,descending,0.9975,7714,51643,84735,18778,336524,15827,1566,317920,292502,1.48095e+06,2.04495e+08,201,1.75921e-05,0.000342165,0.00465784,3.19703e+09,9.32369e+08,3.52009e+09,1.0151e+09,1.0151e+09,1,0
3430,205800,cecum,1,9515,48067,73965,16641,286063,13870,1171,267336,250893,1.70209e+06,4.74906e+08,61,8.324e-05,0.00216832,0.00283168,3.2009e+09,9.34515e+08,3.52009e+09,1.0437e+09,1.0437e+09,1,0
3430,205800,transverse,1,9813,52077,74800,18546,318074,13929,1352,297120,284110,2.11835e+06,3.59586e+08,161,4.20467e-05,0.000902055,0.00409795,3.2009e+09,9.34515e+08,3.52009e+09,1.0437e+09,1.0437e+09,1,0
3430,205800,descending,0.995,7848,51233,85087,18840,337728,15886,1566,319655,293609,1.50665e+06,2.09033e+08,201,1.77987e-05,0.000346414,0.00465359,3.2009e+09,9.34515e+08,3.52009e+09,1.0437e+09,1.0437e+09,1,0
3440,206400,cecum,0.9975,9737,48078,74430,16725,287382,13965,1177,268817,252142,1.74325e+06,4.88842e+08,61,8.26581e-05,0.00214649,0.00285351,3.20486e+09,9.36721e+08,3.52009e+09,1.07299e+09,1.07299e+09,1,0
3440,206400,transverse,0.9975,9236,52093,75182,18634,319140,13996,1353,298324,284371,2.01265e+06,3.70224e+08,161,4.18623e-05,0.000897274,0.00410273,3.20486e+09,9.36721e+08,3.52009e+09,1.07299e+09,1.07299e+09,1,0
3440,206400,descending,0.9975,8269,50334,85455,18926,338357,15955,1570,321334,294442,1.58439e+06,2.13746e+08,201,1.79849e-05,0.000350243,0.00464976,3.20486e+09,9.36721e+08,3.52009e+09,1.07299e+09,1.07299e+09,1,0
3450,207000,cecum,1,9932,47946,74895,16810,288361,14053,1180,270098,253021,1.7796e+06,5.03004e+08,61,8.20377e-05,0.00212338,0.00287662,3.20891e+09,9.38989e+08,3.52009e+09,1.10294e+09,1.10294e+09,1,0
3450,207000,transverse,1,9236,52110,75612,18714,320395,14078,1360,299717,285351,2.01716e+06,3.81126e+08,161,4.16334e-05,0.00089138,0.00410862,3.20891e+09,9.38989e+08,3.52009e+09,1.10294e+09,1.10294e+09,1,0
3450,207000,descending,0.995,8426,50231,85832,19006,339545,16022,1579,322763,295548,1.61357e+06,2.18635e+08,201,1.81499e-05,0.000353637,0.00464636,3.20891e+09,9.38989e+08,3.52009e+09,1.10294e+09,1.10294e+09,1,0
3460,207600,cecum,0.995,9196,48627,75318,16898,290262,14137,1182,271488,253933,1.64502e+06,5.17378e+08,61,8.13796e-05,0.00209904,0.00290096,3.21305e+09,9.41321e+08,3.52009e+09,1.13354e+09,1.13354e+09,1,0
3460,207600,transverse,0.995,8743,53294,75988,18792,322850,14148,1372,301124,287073,1.9084e+06,3.92282e+08,161,4.13607e-05,0.000884394,0.00411561,3.21305e+09,9.41321e+08,3.52009e+09,1.13354e+09,1.13354e+09,1,0
3460,207600,descending,0.9975,7245,51178,86185,19079,341724,16101,1593,324133,296331,1.39312e+06,2.23701e+08,201,1.82932e-05,0.00035658,0.00464342,3.21305e+09,9.41321e+08,3.52009e+09,1.13354e+09,1.13354e+09,1,0
3470,208200,cecum,1,9750,48348,75786,16981,291210,14218,1184,272877,255129,1.74503e+06,5.31945e+08,61,8.06851e-05,0.00207355,0.00292645,3.21729e+09,9.43716e+08,3.52009e+09,1.16475e+09,1.16475e+09,1,0
3470,208200,transverse,0.9975,8908,53335,76389,18877,324273,14223,1374,302664,288418,1.93424e+06,4.03685e+08,161,4.10446e-05,0.000876337,0.00412366,3.21729e+09,9.43716e+08,3.52009e+09,1.16475e+09,1.16475e+09,1,0
3470,208200,descending,0.995,7558,51029,86546,19143,342787,16159,1597,325463,297464,1.44996e+06,2.28945e+08,201,1.84143e-05,0.000359061,0.00464094,3.21729e+09,9.43716e+08,3.52009e+09,1.16475e+09,1.16475e+09,1,0
3480,208800,cecum,0.9975,9684,48311,76208,17056,292553,14305,1190,274413,256140,1.73296e+06,5.46689e+08,61,7.99554e-05,0.00204697,0.00295303,3.22163e+09,9.46178e+08,3.52009e+09,1.19656e+09,1.19656e+09,1,0
3480,208800,transverse,1,9492,52860,76782,18965,325718,14300,1377,304746,290216,2.04828e+06,4.15326e+08,161,4.0686e-05,0.000867238,0.00413276,3.22163e+09,9.46178e+08,3.52009e+09,1.19656e+09,1.19656e+09,1,0
3480,208800,descending,0.995,7770,50672,86907,19217,343970,16217,1598,327134,298629,1.49137e+06,2.34369e+08,201,1.85127e-05,0.000361069,0.00463893,3.22163e+09,9.46178e+08,3.52009e+09,1.19656e+09,1.19656e+09,1,0
3490,209400,cecum,1,9734,48415,76660,17128,294142,14386,1193,276048,257477,1.74061e+06,5.61589e+08,61,7.91919e-05,0.00201938,0.00298062,3.22607e+09,9.48706e+08,3.52009e+09,1.22893e+09,1.22893e+09,1,0
3490,209400,transverse,0.9975,9146,52642,77232,19047,326890,14378,1389,306284,290740,1.98586e+06,4.27192e+08,161,4.02856e-05,0.000857129,0.00414287,3.22607e+09,9.48706e+08,3.52009e+09,1.22893e+09,1.22893e+09,1,0
3490,209400,descending,0.9975,8046,50570,87299,19279,345069,16294,1601,328471,299748,1.54003e+06,2.3997e+08,201,1.85879e-05,0.000362593,0.00463741,3.22607e+09,9.48706e+08,3.52009e+09,1.22893e+09,1.22893e+09,1,0
3500,210000,cecum,1,9880,48071,77128,17209,295056,14481,1197,277478,258241,1.76566e+06,5.76625e+08,61,7.8396e-05,0.00199086,0.00300914,3.23062e+09,9.51302e+08,3.52009e+09,1.26182e+09,1.26182e+09,1,0
3500,210000,transverse,1,9151,52605,77643,19137,328129,14460,1392,307729,291742,1.98281e+06,4.3927e+08,161,3.98446e-05,0.000846047,0.00415395,3.23062e+09,9.51302e+08,3.52009e+09,1.26182e+09,1.26182e+09,1,0
3500,210000,descending,0.9975,7697,51021,87661,19361,346762,16362,1604,329860,300877,1.47536e+06,2.45751e+08,201,1.86397e-05,0.000363627,0.00463637,3.23062e+09,9.51302e+08,3.52009e+09,1.26182e+09,1.26182e+09,1,0
3510,210600,cecum,1,10842,47442,77593,17277,295668,14557,1204,278856,259487,1.94157e+06,5.91774e+08,61,7.75695e-05,0.0019615,0.0030385,3.23528e+09,9.53968e+08,3.52009e+09,1.29521e+09,1.29521e+09,1,0
3510,210600,transverse,0.995,9239,51708,78034,19217,328643,14527,1394,309285,292098,2.01106e+06,4.51548e+08,161,3.93641e-05,0.000834032,0.00416597,3.23528e+09,9.53968e+08,3.52009e+09,1.29521e+09,1.29521e+09,1,0
3510,210600,descending,1,7177,51261,88007,19439,348142,16426,1606,331140,301531,1.37669e+06,2.51709e+08,201,1.86677e-05,0.000364163,0.00463584,3.23528e+09,9.53968e+08,3.52009e+09,1.29521e+09,1.29521e+09,1,0
3520,211200,cecum,1,10364,47080,78102,17375,296469,14653,1212,280205,259487,1.8517e+06,6.07016e+08,61,7.6714e-05,0.00193139,0.00306861,3.24005e+09,9.56703e+08,3.52009e+09,1.32904e+09,1.32904e+09,1,0
3520,211200,transverse,1,9620,51419,78425,19307,329573,14588,1395,310654,293168,2.08856e+06,4.64008e+08,161,3.88455e-05,0.000821132,0.00417887,3.24005e+09,9.56703e+08,3.52009e+09,1.32904e+09,1.32904e+09,1,0
3520,211200,descending,0.995,7520,50981,88341,19517,349305,16488,1616,332713,302833,1.43925e+06,2.57842e+08,201,1.86719e-05,0.000364199,0.0046358,3.24005e+09,9.56703e+08,3.52009e+09,1.32904e+09,1.32904e+09,1,0
3530,211800,cecum,0.9975,11462,47331,78532,17459,297892,14723,1215,281528,261729,2.05493e+06,6.22323e+08,61,7.58315e-05,0.0019006,0.0030994,3.24494e+09,9.59509e+08,3.52009e+09,1.36329e+09,1.36329e+09,1,0
3530,211800,transverse,0.9975,9279,51750,78849,19409,331147,14666,1398,312074,294154,2.02078e+06,4.76637e+08,161,3.82903e-05,0.000807395,0.0041926,3.24494e+09,9.59509e+08,3.52009e+09,1.36329e+09,1.36329e+09,1,0
3530,211800,descending,0.9975,7022,51349,88679,19579,350998,16552,1624,334156,303808,1.34457e+06,2.6415e+08,201,1.8652e-05,0.000363733,0.00463627,3.24494e+09,9.59509e+08,3.52009e+09,1.36329e+09,1.36329e+09,1,0
3540,212400,cecum,1,10185,49101,79009,17540,301010,14815,1221,283043,263260,1.82214e+06,6.37673e+08,61,7.49241e-05,0.00186923,0.00313077,3.24994e+09,9.62387e+08,3.52009e+09,1.3979e+09,1.3979e+09,1,0
3540,212400,transverse,1,9568,51416,79259,19489,332009,14740,1406,313416,295041,2.0771e+06,4.89415e+08,161,3.77003e-05,0.000792876,0.00420712,3.24994e+09,9.62387e+08,3.52009e+09,1.3979e+09,1.3979e+09,1,0
3540,212400,descending,1,7235,50664,89003,19647,351830,16605,1629,335789,304645,1.38454e+06,2.70629e+08,201,1.86081e-05,0.000362764,0.00463724,3.24994e+09,9.62387e+08,3.52009e+09,1.3979e+09,1.3979e+09,1,0
3550,213000,cecum,1,10291,49663,79467,17646,302711,14891,1226,284359,264786,1.84039e+06,6.53042e+08,61,7.39938e-05,0.00183738,0.00316262,3.25507e+09,9.65338e+08,3.52009e+09,1.43282e+09,1.43282e+09,1,0
3550,213000,transverse,1,9088,51907,79670,19586,333871,14802,1408,314944,296169,1.98639e+06,5.02327e+08,161,3.70772e-05,0.000777632,0.00422237,3.25507e+09,9.65338e+08,3.52009e+09,1.43282e+09,1.43282e+09,1,0
3550,213000,descending,0.9975,7713,50705,89330,19708,353282,16686,1639,337332,306380,1.47363e+06,2.77275e+08,201,1.85402e-05,0.000361296,0.0046387,3.25507e+09,9.65338e+08,3.52009e+09,1.43282e+09,1.43282e+09,1,0
3560,213600,cecum,0.9975,10052,49815,79937,17739,304272,14981,1228,285949,265819,1.79673e+06,6.68403e+08,61,7.30431e-05,0.00180515,0.00319485,3.26033e+09,9.68361e+08,3.52009e+09,1.46802e+09,1.46802e+09,1,0
3560,213600,transverse,0.995,9491,52664,80095,19665,335956,14882,1414,316425,298385,2.05913e+06,5.15351e+08,161,3.64231e-05,0.000761723,0.00423828,3.26033e+09,9.68361e+08,3.52009e+09,1.46802e+09,1.46802e+09,1,0
3560,213600,descending,0.9975,7398,50820,89665,19777,354673,16735,1649,338716,307229,1.41801e+06,2.84087e+08,201,1.84486e-05,0.000359332,0.00464067,3.26033e+09,9.68361e+08,3.52009e+09,1.46802e+09,1.46802e+09,1,0
3570,214200,cecum,1,9983,50984,80427,17836,306620,15075,1243,287304,267784,1.78531e+06,6.83731e+08,61,7.20742e-05,0.00177261,0.00322739,3.26572e+09,9.71458e+08,3.52009e+09,1.50344e+09,1.50344e+09,1,0
3570,214200,transverse,1,9461,53476,80534,19779,337874,14964,1414,317727,300030,2.04714e+06,5.28469e+08,161,3.57401e-05,0.000745214,0.00425479,3.26572e+09,9.71458e+08,3.52009e+09,1.50344e+09,1.50344e+09,1,0
3570,214200,descending,0.9975,7358,51123,90042,19845,356348,16798,1655,340213,308612,1.40947e+06,2.91058e+08,201,1.83335e-05,0.00035688,0.00464312,3.26572e+09,9.71458e+08,3.52009e+09,1.50344e+09,1.50344e+09,1,0
3580,214800,cecum,1,10938,51644,80921,17924,308444,15176,1245,288655,270256,1.96319e+06,6.98999e+08,61,7.10896e-05,0.00173988,0.00326012,3.27123e+09,9.7463e+08,3.52009e+09,1.53903e+09,1.53903e+09,1,0
3580,214800,transverse,0.9975,9026,53622,80931,19855,339928,15034,1419,319776,301393,1.96483e+06,5.41662e+08,161,3.50305e-05,0.00072817,0.00427183,3.27123e+09,9.7463e+08,3.52009e+09,1.53903e+09,1.53903e+09,1,0
3580,214800,descending,0.9975,7760,51151,90386,19924,357710,16873,1657,341699,310184,1.48268e+06,2.98183e+08,201,1.81953e-05,0.000353949,0.00464605,3.27123e+09,9.7463e+08,3.52009e+09,1.53903e+09,1.53903e+09,1,0
3590,215400,cecum,1,10030,52278,81426,18013,310239,15263,1253,289984,270806,1.79327e+06,7.14186e+08,61,7.0092e-05,0.00170704,0.00329296,3.27689e+09,9.77875e+08,3.52009e+09,1.57474e+09,1.57474e+09,1,0
3590,215400,transverse,0.9975,9874,53247,81341,19956,341007,15108,1423,321401,303081,2.13041e+06,5.54908e+08,161,3.42968e-05,0.00071066,0.00428934,3.27689e+09,9.77875e+08,3.52009e+09,1.57474e+09,1.57474e+09,1,0
3590,215400,descending,1,7851,50314,90763,20011,358368,16944,1667,343342,310704,1.50179e+06,3.05459e+08,201,1.80344e-05,0.00035055,0.00464945,3.27689e+09,9.77875e+08,3.52009e+09,1.57474e+09,1.57474e+09,1,0
3600,216000,cecum,1,10124,51504,81930,18096,310807,15366,1256,291509,271147,1.80788e+06,7.29263e+08,61,6.90839e-05,0.00167419,0.00332581,3.28268e+09,9.81195e+08,3.52009e+09,1.61051e+09,1.61051e+09,1,0
3600,216000,transverse,1,10045,53211,81781,20059,342241,15183,1427,322845,304220,2.16858e+06,5.68186e+08,161,3.35414e-05,0.000692752,0.00430725,3.28268e+09,9.81195e+08,3.52009e+09,1.61051e+09,1.61051e+09,1,0
3600,216000,descending,1,7671,49466,91129,20084,358924,17019,1669,344892,310860,1.47043e+06,3.12879e+08,201,1.78513e-05,0.000346697,0.0046533,3.28268e+09,9.81195e+08,3.52009e+09,1.61051e+09,1.61051e+09,1,0
3610,216600,cecum,0.9975,10535,51449,82426,18175,312052,15449,1259,292968,272466,1.88317e+06,7.44205e+08,61,6.8068e-05,0.00164143,0.00335857,3.28861e+09,9.84589e+08,3.52009e+09,1.6463e+09,1.6463e+09,1,0
3610,216600,transverse,0.9975,9921,53473,82188,20167,343704,15266,1436,324228,305334,2.13603e+06,5.81475e+08,161,3.2767e-05,0.000674517,0.00432548,3.28861e+09,9.84589e+08,3.52009e+09,1.6463e+09,1.6463e+09,1,0
3610,216600,descending,0.9975,7847,48994,91478,20147,359749,17077,1671,346308,311631,1.50475e+06,3.20435e+08,201,1.76469e-05,0.000342405,0.00465759,3.28861e+09,9.84589e+08,3.52009e+09,1.6463e+09,1.6463e+09,1,0
3620,217200,cecum,1,10239,51861,82891,18263,313820,15542,1264,294500,273649,1.82995e+06,7.58989e+08,61,6.70471e-05,0.00160882,0.00339118,3.29468e+09,9.88058e+08,3.52009e+09,1.68205e+09,1.68205e+09,1,0
3620,217200,transverse,1,8971,53440,82601,20256,345346,15349,1440,326071,305781,1.95643e+06,5.94755e+08,161,3.19762e-05,0.000656025,0.00434397,3.29468e+09,9.88058e+08,3.52009e+09,1.68205e+09,1.68205e+09,1,0
3620,217200,descending,1,7761,49033,91866,20213,361069,17159,1677,347731,312619,1.48845e+06,3.28119e+08,201,1.74217e-05,0.000337693,0.00466231,3.29468e+09,9.88058e+08,3.52009e+09,1.68205e+09,1.68205e+09,1,0
3630,217800,cecum,1,10544,51794,83347,18351,314962,15617,1271,295865,274796,1.88384e+06,7.73592e+08,61,6.60238e-05,0.00157648,0.00342352,3.3009e+09,9.91601e+08,3.52009e+09,1.7177e+09,1.7177e+09,1,0
3630,217800,transverse,1,9179,53227,82983,20322,346800,15420,1443,327872,307195,1.99551e+06,6.08003e+08,161,3.1172e-05,0.000637347,0.00436265,3.3009e+09,9.91601e+08,3.52009e+09,1.7177e+09,1.7177e+09,1,0
3630,217800,descending,1,7853,48428,92212,20287,361692,17229,1679,349101,313130,1.50604e+06,3.35926e+08,201,1.71767e-05,0.000332581,0.00466742,3.3009e+09,9.91601e+08,3.52009e+09,1.7177e+09,1.7177e+09,1,0
3640,218400,cecum,0.9975,10633,50861,83837,18447,315388,15715,1276,297413,275010,1.89888e+06,7.87994e+08,61,6.50009e-05,0.00154446,0.00345554,3.30726e+09,9.95218e+08,3.52009e+09,1.75322e+09,1.75322e+09,1,0
3640,218400,transverse,0.9975,8371,54403,83411,20399,349484,15486,1447,329519,308782,1.81889e+06,6.212e+08,161,3.0357e-05,0.000618554,0.00438145,3.30726e+09,9.95218e+08,3.52009e+09,1.75322e+09,1.75322e+09,1,0
3640,218400,descending,0.9975,8000,47599,92562,20353,362407,17302,1719,350744,313741,1.53394e+06,3.43847e+08,201,1.69127e-05,0.000327089,0.00467291,3.30726e+09,9.95218e+08,3.52009e+09,1.75322e+09,1.75322e+09,1,0
3650,219000,cecum,1,10589,50641,84354,18537,316611,15813,1300,299020,275836,1.89079e+06,8.02171e+08,61,6.39811e-05,0.00151287,0.00348713,3.31378e+09,9.98909e+08,3.52009e+09,1.78855e+09,1.78855e+09,1,0
3650,219000,transverse,1,8760,54577,83824,20486,350945,15563,1448,330969,310382,1.888e+06,6.34324e+08,161,2.95342e-05,0.000599712,0.00440029,3.31378e+09,9.98909e+08,3.52009e+09,1.78855e+09,1.78855e+09,1,0
3650,219000,descending,1,7868,47147,92968,20427,363420,17354,1721,352333,314340,1.51104e+06,3.51872e+08,201,1.66307e-05,0.000321241,0.00467876,3.31378e+09,9.98909e+08,3.52009e+09,1.78855e+09,1.78855e+09,1,0
3660,219600,cecum,1,10865,50223,84835,18622,317493,15895,1306,300481,276674,1.94152e+06,8.16105e+08,61,6.29669e-05,0.00148175,0.00351825,3.32044e+09,1.00267e+09,3.52009e+09,1.82363e+09,1.82363e+09,1,0
3660,219600,transverse,1,8277,55267,84195,20575,352974,15637,1453,332466,311715,1.80543e+06,6.47357e+08,161,2.87063e-05,0.000580888,0.00441911,3.32044e+09,1.00267e+09,3.52009e+09,1.82363e+09,1.82363e+09,1,0
3660,219600,descending,0.995,8145,46913,93343,20500,364331,17416,1724,353610,315285,1.56253e+06,3.59993e+08,201,1.63319e-05,0.000315061,0.00468494,3.32044e+09,1.00267e+09,3.52009e+09,1.82363e+09,1.82363e+09,1,0
3670,220200,cecum,1,10750,50434,85274,18723,318932,15986,1308,301899,277749,1.91942e+06,8.29777e+08,61,6.1961e-05,0.00145119,0.00354881,3.32726e+09,1.00651e+09,3.52009e+09,1.85844e+09,1.85844e+09,1,0
3670,220200,transverse,0.9975,8393,55304,84615,20665,354469,15714,1455,334089,313071,1.82951e+06,6.6028e+08,161,2.78762e-05,0.000562146,0.00443785,3.32726e+09,1.00651e+09,3.52009e+09,1.85844e+09,1.85844e+09,1,0
3670,220200,descending,0.9975,8424,47343,93715,20587,365801,17499,1732,354812,316824,1.61635e+06,3.68199e+08,201,1.60175e-05,0.000308577,0.00469142,3.32726e+09,1.00651e+09,3.52009e+09,1.85844e+09,1.85844e+09,1,0
3680,220800,cecum,0.9975,11502,50499,85764,18822,320295,16077,1312,303383,279560,2.05643e+06,8.43172e+08,61,6.09657e-05,0.00142124,0.00357876,3.33423e+09,1.01042e+09,3.52009e+09,1.89291e+09,1.89291e+09,1,0
3680,220800,transverse,1,8415,55090,85036,20744,355618,15796,1460,335608,313977,1.83295e+06,6.73075e+08,161,2.70466e-05,0.000543547,0.00445645,3.33423e+09,1.01042e+09,3.52009e+09,1.89291e+09,1.89291e+09,1,0
3680,220800,descending,0.9975,8421,47368,94087,20680,367073,17573,1742,356216,317878,1.61686e+06,3.76484e+08,201,1.56885e-05,0.000301815,0.00469819,3.33423e+09,1.01042e+09,3.52009e+09,1.89291e+09,1.89291e+09,1,0
3690,221400,cecum,1,11810,51936,86312,18907,322885,16192,1315,304733,282107,2.11457e+06,8.56275e+08,61,5.99834e-05,0.00139196,0.00360804,3.34136e+09,1.0144e+09,3.52009e+09,1.92702e+09,1.92702e+09,1,0
3690,221400,transverse,1,8821,54574,85416,20821,356338,15864,1466,336983,314862,1.90866e+06,6.85727e+08,161,2.62202e-05,0.000525148,0.00447485,3.34136e+09,1.0144e+09,3.52009e+09,1.92702e+09,1.92702e+09,1,0
3690,221400,descending,0.995,9326,47645,94513,20765,368301,17656,1743,357334,319752,1.78562e+06,3.84834e+08,201,1.53463e-05,0.000294803,0.0047052,3.34136e+09,1.0144e+09,3.52009e+09,1.92702e+09,1.92702e+09,1,0
3700,222000,cecum,0.9975,11198,53041,86815,19010,325437,16291,1365,306332,283696,2.00131e+06,8.69074e+08,61,5.90164e-05,0.0013634,0.0036366,3.34865e+09,1.01845e+09,3.52009e+09,1.96072e+09,1.96072e+09,1,0
3700,222000,transverse,0.9975,9390,54612,85753,20925,357751,15935,1475,338524,316673,2.0166e+06,6.98217e+08,161,2.53996e-05,0.000507004,0.004493,3.34865e+09,1.01845e+09,3.52009e+09,1.96072e+09,1.96072e+09,1,0
3700,222000,descending,0.9975,8865,48698,94922,20841,370534,17728,1748,358657,321258,1.70026e+06,3.93243e+08,201,1.49922e-05,0.00028757,0.00471243,3.34865e+09,1.01845e+09,3.52009e+09,1.96072e+09,1.96072e+09,1,0
3710,222600,cecum,1,11019,53668,87346,19117,327303,16397,1370,307779,285060,1.96998e+06,8.81557e+08,61,5.80666e-05,0.00133561,0.00366439,3.35609e+09,1.02257e+09,3.52009e+09,1.99398e+09,1.99398e+09,1,0
3710,222600,transverse,0.9975,8819,54416,86154,21038,358904,16020,1477,340069,317050,1.91552e+06,7.10535e+08,161,2.45872e-05,0.000489164,0.00451084,3.35609e+09,1.02257e+09,3.52009e+09,1.99398e+09,1.99398e+09,1,0
3710,222600,descending,1,9360,48733,95327,20929,371651,17805,1752,359900,322626,1.79223e+06,4.017e+08,201,1.46275e-05,0.000280146,0.00471985,3.35609e+09,1.02257e+09,3.52009e+09,1.99398e+09,1.99398e+09,1,0
3720,223200,cecum,1,10012,54892,87851,19207,329974,16491,1371,309409,286402,1.78719e+06,8.93717e+08,61,5.71359e-05,0.00130861,0.00369139,3.36369e+09,1.02676e+09,3.52009e+09,2.02676e+09,2.02676e+09,1,0
3720,223200,transverse,1,8705,54319,86581,21113,360189,16092,1488,341587,317930,1.88998e+06,7.22665e+08,161,2.37853e-05,0.000471674,0.00452833,3.36369e+09,1.02676e+09,3.52009e+09,2.02676e+09,2.02676e+09,1,0
3720,223200,descending,1,8837,49163,95723,21025,373369,17893,1759,361365,323602,1.69586e+06,4.10195e+08,201,1.42537e-05,0.000272559,0.00472744,3.36369e+09,1.02676e+09,3.52009e+09,2.02676e+09,2.02676e+09,1,0
3730,223800,cecum,0.9975,11040,54734,88355,19303,331134,16596,1374,310925,288284,1.9763e+06,9.05544e+08,61,5.6226e-05,0.00128245,0.00371755,3.37145e+09,1.03102e+09,3.52009e+09,2.05904e+09,2.05904e+09,1,0
3730,223800,transverse,1,9528,53870,86984,21199,361286,16190,1512,343293,319607,2.04798e+06,7.34596e+08,161,2.29961e-05,0.000454574,0.00454543,3.37145e+09,1.03102e+09,3.52009e+09,2.05904e+09,2.05904e+09,1,0
3730,223800,descending,0.995,9431,48843,96168,21101,374412,17982,1762,362890,324956,1.80656e+06,4.18717e+08,201,1.3872e-05,0.000264841,0.00473516,3.37145e+09,1.03102e+09,3.52009e+09,2.05904e+09,2.05904e+09,1,0
3740,224400,cecum,1,10929,55220,88833,19417,333172,16698,1375,312692,289948,1.95835e+06,9.17033e+08,61,5.53384e-05,0.00125714,0.00374286,3.37938e+09,1.03534e+09,3.52009e+09,2.0908e+09,2.0908e+09,1,0
3740,224400,transverse,1,9154,53375,87388,21287,362100,16266,1520,344758,319799,1.98212e+06,7.46319e+08,161,2.22216e-05,0.000437901,0.0045621,3.37938e+09,1.03534e+09,3.52009e+09,2.0908e+09,2.0908e+09,1,0
3740,224400,descending,1,8965,49300,96614,21193,376141,18055,1776,364313,325924,1.7201e+06,4.27258e+08,201,1.3484e-05,0.000257019,0.00474298,3.37938e+09,1.03534e+09,3.52009e+09,2.0908e+09,2.0908e+09,1,0
3750,225000,cecum,1,10696,55082,89296,19494,334394,16786,1376,314216,290638,1.91405e+06,9.28182e+08,61,5.44746e-05,0.00123271,0.00376729,3.38746e+09,1.03973e+09,3.52009e+09,2.122e+09,2.122e+09,1,0
3750,225000,transverse,1,8772,54740,87782,21357,364708,16329,1522,346132,321762,1.89527e+06,7.57823e+08,161,2.14637e-05,0.000421687,0.00457831,3.38746e+09,1.03973e+09,3.52009e+09,2.122e+09,2.122e+09,1,0
3750,225000,descending,0.9975,8842,49239,97041,21266,377485,18123,1776,365859,326859,1.69817e+06,4.35807e+08,201,1.3091e-05,0.000249123,0.00475088,3.38746e+09,1.03973e+09,3.52009e+09,2.122e+09,2.122e+09,1,0
3760,225600,cecum,1,10427,54458,89796,19591,335232,16879,1385,315859,290888,1.8635e+06,9.38988e+08,61,5.36355e-05,0.00120916,0.00379084,3.3957e+09,1.04418e+09,3.52009e+09,2.15263e+09,2.15263e+09,1,0
3760,225600,transverse,1,8912,54551,88196,21432,365649,16402,1528,347404,322571,1.92901e+06,7.69103e+08,161,2.0724e-05,0.000405959,0.00459404,3.3957e+09,1.04418e+09,3.52009e+09,2.15263e+09,2.15263e+09,1,0
3760,225600,descending,1,8568,49576,97437,21330,379105,18204,1780,367283,327950,1.6462e+06,4.44355e+08,201,1.26943e-05,0.000241181,0.00475882,3.3957e+09,1.04418e+09,3.52009e+09,2.15263e+09,2.15263e+09,1,0
3770,226200,cecum,1,10355,53233,90275,19677,335834,16969,1391,317856,291109,1.84805e+06,9.4945e+08,61,5.28222e-05,0.00118651,0.00381349,3.4041e+09,1.0487e+09,3.52009e+09,2.18268e+09,2.18268e+09,1,0
3770,226200,transverse,1,9008,54761,88616,21519,367287,16465,1554,348956,324009,1.94917e+06,7.80152e+08,161,2.00038e-05,0.000390739,0.00460926,3.4041e+09,1.0487e+09,3.52009e+09,2.18268e+09,2.18268e+09,1,0
3770,226200,descending,1,9386,49760,97856,21388,380333,18301,1784,368478,329728,1.79998e+06,4.52893e+08,201,1.22954e-05,0.00023322,0.00476678,3.4041e+09,1.0487e+09,3.52009e+09,2.18268e+09,2.18268e+09,1,0
3780,226800,cecum,0.9975,11106,52935,90780,19761,337128,17072,1392,319634,292835,1.9873e+06,9.59567e+08,61,5.20354e-05,0.00116476,0.00383524,3.41266e+09,1.05328e+09,3.52009e+09,2.21213e+09,2.21213e+09,1,0
3780,226800,transverse,1,10005,53867,89037,21604,367983,16541,1556,350705,325440,2.14513e+06,7.90967e+08,161,1.93045e-05,0.000376045,0.00462395,3.41266e+09,1.05328e+09,3.52009e+09,2.21213e+09,2.21213e+09,1,0
3780,226800,descending,1,8478,50917,98277,21468,382795,18381,1789,369938,331016,1.62817e+06,4.61412e+08,201,1.18956e-05,0.000225267,0.00477473,3.41266e+09,1.05328e+09,3.52009e+09,2.21213e+09,2.21213e+09,1,0
3790,227400,cecum,0.9975,10752,53528,91257,19845,339214,17167,1395,321303,294266,1.92366e+06,9.69343e+08,61,5.12756e-05,0.00114391,0.00385609,3.42138e+09,1.05792e+09,3.52009e+09,2.24098e+09,2.24098e+09,1,0
3790,227400,transverse,1,9943,53619,89452,21690,369123,16614,1558,352250,326260,2.13716e+06,8.01543e+08,161,1.86271e-05,0.00036189,0.00463811,3.42138e+09,1.05792e+09,3.52009e+09,2.24098e+09,2.24098e+09,1,0
3790,227400,descending,1,8562,50584,98636,21528,383819,18449,1794,371418,331888,1.64324e+06,4.69905e+08,201,1.1496e-05,0.000217348,0.00478265,3.42138e+09,1.05792e+09,3.52009e+09,2.24098e+09,2.24098e+09,1,0
3800,228000,cecum,1,10905,54281,91771,19937,341169,17274,1398,322701,296056,1.95431e+06,9.7878e+08,61,5.05434e-05,0.00112395,0.00387605,3.43026e+09,1.06262e+09,3.52009e+09,2.26921e+09,2.26921e+09,1,0
3800,228000,transverse,1,9180,53395,89853,21766,370134,16692,1559,353638,326260,1.99364e+06,8.11879e+08,161,1.79724e-05,0.000348284,0.00465172,3.43026e+09,1.06262e+09,3.52009e+09,2.26921e+09,2.26921e+09,1,0
3800,228000,descending,0.9975,8284,50439,99023,21599,385048,18520,1798,372930,332590,1.59102e+06,4.78364e+08,201,1.10981e-05,0.000209486,0.00479051,3.43026e+09,1.06262e+09,3.52009e+09,2.26921e+09,2.26921e+09,1,0
3810,228600,cecum,1,10407,53760,92247,20014,341974,17367,1399,324196,296056,1.86049e+06,9.87886e+08,61,4.98388e-05,0.00110487,0.00389513,3.4393e+09,1.06738e+09,3.52009e+09,2.29682e+09,2.29682e+09,1,0
3810,228600,transverse,1,9536,53680,90283,21850,371539,16770,1572,354907,327740,2.06196e+06,8.21972e+08,161,1.73411e-05,0.000335233,0.00466477,3.4393e+09,1.06738e+09,3.52009e+09,2.29682e+09,2.29682e+09,1,0
3810,228600,descending,0.9975,8165,50739,99422,21675,386554,18595,1805,374280,333722,1.57041e+06,4.86781e+08,201,1.07028e-05,0.000201703,0.0047983,3.4393e+09,1.06738e+09,3.52009e+09,2.29682e+09,2.29682e+09,1,0
3820,229200,cecum,1,10672,53622,92744,20098,343062,17466,1403,325601,297091,1.9085e+06,9.96663e+08,61,4.9162e-05,0.00108665,0.00391335,3.44849e+09,1.07219e+09,3.52009e+09,2.32382e+09,2.32382e+09,1,0
3820,229200,transverse,1,9376,54566,90698,21938,373896,16854,1638,356484,329628,2.02263e+06,8.31824e+08,161,1.67337e-05,0.000322737,0.00467726,3.44849e+09,1.07219e+09,3.52009e+09,2.32382e+09,2.32382e+09,1,0
3820,229200,descending,0.9975,9107,50340,99809,21752,387670,18648,1817,375913,335511,1.7439e+06,4.95147e+08,201,1.03114e-05,0.00019402,0.00480598,3.44849e+09,1.07219e+09,3.52009e+09,2.32382e+09,2.32382e+09,1,0
3830,229800,cecum,1,10555,53494,93254,20190,344301,17572,1411,327158,297893,1.88579e+06,1.00512e+09,61,4.85128e-05,0.00106929,0.00393071,3.45784e+09,1.07706e+09,3.52009e+09,2.3502e+09,2.3502e+09,1,0
3830,229800,transverse,1,9082,54684,91159,22037,375129,16943,1642,357783,330290,1.98251e+06,8.41438e+08,161,1.61504e-05,0.000310797,0.0046892,3.45784e+09,1.07706e+09,3.52009e+09,2.3502e+09,2.3502e+09,1,0
3830,229800,descending,1,8856,50636,100208,21853,389183,18722,1819,377303,336547,1.69876e+06,5.0346e+08,201,9.92483e-06,0.000186458,0.00481354,3.45784e+09,1.07706e+09,3.52009e+09,2.3502e+09,2.3502e+09,1,0
3840,230400,cecum,0.9975,10850,53185,93760,20284,345367,17652,1417,328701,298916,1.94009e+06,1.01326e+09,61,4.78912e-05,0.00105275,0.00394725,3.46735e+09,1.08198e+09,3.52009e+09,2.37597e+09,2.37597e+09,1,0
3840,230400,transverse,1,9214,55070,91572,22114,377011,17018,1650,359423,332035,1.99937e+06,8.50813e+08,161,1.55915e-05,0.000299406,0.00470059,3.46735e+09,1.08198e+09,3.52009e+09,2.37597e+09,2.37597e+09,1,0
3840,230400,descending,1,8768,51261,100642,21932,391162,18805,1827,378811,338158,1.68104e+06,5.1171e+08,201,9.54409e-06,0.000179032,0.00482097,3.46735e+09,1.08198e+09,3.52009e+09,2.37597e+09,2.37597e+09,1,0
3850,231000,cecum,0.9975,11165,54010,94264,20368,347517,17747,1430,330192,301043,1.99967e+06,1.0211e+09,61,4.72966e-05,0.00103702,0.00396298,3.477e+09,1.08696e+09,3.52009e+09,2.40113e+09,2.40113e+09,1,0
3850,231000,transverse,1,9696,54670,91992,22195,377949,17085,1654,360905,333179,2.09691e+06,8.59953e+08,161,1.50569e-05,0.000288558,0.00471144,3.477e+09,1.08696e+09,3.52009e+09,2.40113e+09,2.40113e+09,1,0
3850,231000,descending,1,8551,51852,101077,22003,393027,18885,1840,380223,339509,1.64065e+06,5.19894e+08,201,9.17004e-06,0.00017176,0.00482824,3.477e+09,1.08696e+09,3.52009e+09,2.40113e+09,2.40113e+09,1,0
3860,231600,cecum,1,11163,53796,94799,20476,348548,17859,1432,331655,301755,1.99789e+06,1.02864e+09,61,4.67287e-05,0.00102207,0.00397793,3.48682e+09,1.09199e+09,3.52009e+09,2.4257e+09,2.4257e+09,1,0
3860,231600,transverse,1,9376,54365,92412,22287,378974,17170,1657,362409,333638,2.04067e+06,8.68863e+08,161,1.45464e-05,0.000278244,0.00472176,3.48682e+09,1.09199e+09,3.52009e+09,2.4257e+09,2.4257e+09,1,0
3860,231600,descending,0.9975,8641,52495,101467,22069,394839,18952,1846,381519,341148,1.65703e+06,5.28007e+08,201,8.80349e-06,0.000164654,0.00483535,3.48682e+09,1.09199e+09,3.52009e+09,2.4257e+09,2.4257e+09,1,0
3870,232200,cecum,1,10258,53865,95279,20583,349991,17945,1434,333220,302004,1.83215e+06,1.03589e+09,61,4.61869e-05,0.00100789,0.00399211,3.49678e+09,1.09706e+09,3.52009e+09,2.44967e+09,2.44967e+09,1,0
3870,232200,transverse,1,9524,54904,92840,22385,380912,17252,1662,363983,335471,2.06709e+06,8.77545e+08,161,1.40598e-05,0.000268451,0.00473155,3.49678e+09,1.09706e+09,3.52009e+09,2.44967e+09,2.44967e+09,1,0
3870,232200,descending,1,7914,52433,101865,22136,396263,19016,1850,383132,341574,1.52337e+06,5.36046e+08,201,8.44514e-06,0.000157729,0.00484227,3.49678e+09,1.09706e+09,3.52009e+09,2.44967e+09,2.44967e+09,1,0
3880,232800,cecum,1,10620,53549,95723,20672,350924,18019,1437,334629,303015,1.89821e+06,1.04286e+09,61,4.56705e-05,0.000994428,0.00400557,3.50689e+09,1.10219e+09,3.52009e+09,2.47306e+09,2.47306e+09,1,0
3880,232800,transverse,1,9426,55766,93231,22477,383172,17304,1664,365523,337384,2.042e+06,8.86004e+08,161,1.35968e-05,0.000259167,0.00474083,3.50689e+09,1.10219e+09,3.52009e+09,2.47306e+09,2.47306e+09,1,0
3880,232800,descending,0.995,8567,52147,102248,22210,397574,19079,1856,384860,343286,1.64434e+06,5.44004e+08,201,8.09564e-06,0.000150993,0.00484901,3.50689e+09,1.10219e+09,3.52009e+09,2.47306e+09,2.47306e+09,1,0
3890,233400,cecum,1,10532,52935,96212,20760,351611,18102,1437,336101,303296,1.88259e+06,1.04956e+09,61,4.5179e-05,0.000981674,0.00401833,3.51715e+09,1.10737e+09,3.52009e+09,2.49588e+09,2.49588e+09,1,0
3890,233400,transverse,1,9538,55521,93689,22589,384251,17392,1666,367045,338315,2.07035e+06,8.94248e+08,161,1.31567e-05,0.000250375,0.00474962,3.51715e+09,1.10737e+09,3.52009e+09,2.49588e+09,2.49588e+09,1,0
3890,233400,descending,1,9514,51204,102657,22310,397866,19150,1857,386265,344286,1.82174e+06,5.5188e+08,201,7.75552e-06,0.000144457,0.00485554,3.51715e+09,1.10737e+09,3.52009e+09,2.49588e+09,2.49588e+09,1,0
3900,234000,cecum,1,10295,53760,96681,20845,353805,18194,1449,337635,304949,1.84148e+06,1.056e+09,61,4.47115e-05,0.000969594,0.00403041,3.52756e+09,1.11259e+09,3.52009e+09,2.51815e+09,2.51815e+09,1,0
3900,234000,transverse,1,9217,56655,94123,22679,386704,17470,1672,368526,340175,1.999e+06,9.02279e+08,161,1.27391e-05,0.000242061,0.00475794,3.52756e+09,1.11259e+09,3.52009e+09,2.51815e+09,2.51815e+09,1,0
3900,234000,descending,1,9913,51251,103066,22386,399179,19224,1858,387680,345738,1.89747e+06,5.59671e+08,201,7.42526e-06,0.000138128,0.00486187,3.52756e+09,1.11259e+09,3.52009e+09,2.51815e+09,2.51815e+09,1,0
3910,234600,cecum,1,10269,53820,97202,20937,355547,18289,1449,339504,306331,1.83486e+06,1.0622e+09,61,4.42672e-05,0.00095816,0.00404184,3.53811e+09,1.11786e+09,3.52009e+09,2.53987e+09,2.53987e+09,1,0
3910,234600,transverse,0.9975,9412,56723,94557,22753,388476,17539,1675,370370,341848,2.03766e+06,9.10105e+08,161,1.23433e-05,0.000234206,0.00476579,3.53811e+09,1.11786e+09,3.52009e+09,2.53987e+09,2.53987e+09,1,0
3910,234600,descending,1,9398,50682,103502,22468,399972,19309,1867,389200,345738,1.8027e+06,5.67376e+08,201,7.10524e-06,0.000132011,0.00486799,3.53811e+09,1.11786e+09,3.52009e+09,2.53987e+09,2.53987e+09,1,0
3920,235200,cecum,1,10559,53407,97701,21013,356716,18377,1454,341245,307450,1.88792e+06,1.06815e+09,61,4.38453e-05,0.000947344,0.00405266,3.54881e+09,1.12317e+09,3.52009e+09,2.56106e+09,2.56106e+09,1,0
3920,235200,transverse,1,9125,56458,94960,22851,389743,17612,1710,372038,342561,1.98373e+06,9.17733e+08,161,1.19687e-05,0.000226792,0.00477321,3.54881e+09,1.12317e+09,3.52009e+09,2.56106e+09,2.56106e+09,1,0
3920,235200,descending,1,9972,50939,103940,22562,401589,19395,1876,390731,347662,1.90793e+06,5.74991e+08,201,6.79577e-06,0.00012611,0.00487389,3.54881e+09,1.12317e+09,3.52009e+09,2.56106e+09,2.56106e+09,1,0
3930,235800,cecum,1,10090,54164,98178,21109,358820,18470,1458,342777,308793,1.80138e+06,1.07387e+09,61,4.34449e-05,0.000937116,0.00406288,3.55965e+09,1.12853e+09,3.52009e+09,2.58174e+09,2.58174e+09,1,0
3930,235800,transverse,1,9068,55660,95376,22941,390562,17674,1727,373790,343042,1.98308e+06,9.25167e+08,161,1.16144e-05,0.000219803,0.0047802,3.55965e+09,1.12853e+09,3.52009e+09,2.58174e+09,2.58174e+09,1,0
3930,235800,descending,0.9975,9805,50268,104401,22670,402337,19489,1880,392348,347980,1.87898e+06,5.82516e+08,201,6.49709e-06,0.000120429,0.00487957,3.55965e+09,1.12853e+09,3.52009e+09,2.58174e+09,2.58174e+09,1,0
3940,236400,cecum,1,10259,54619,98598,21189,360563,18551,1458,344226,310446,1.83392e+06,1.07937e+09,61,4.30652e-05,0.000927449,0.00407255,3.57062e+09,1.13393e+09,3.52009e+09,2.60192e+09,2.60192e+09,1,0
3940,236400,transverse,1,9711,55045,95829,23008,391433,17761,1734,375423,344250,2.10503e+06,9.32413e+08,161,1.12797e-05,0.000213218,0.00478678,3.57062e+09,1.13393e+09,3.52009e+09,2.60192e+09,2.60192e+09,1,0
3940,236400,descending,0.9975,9708,50306,104844,22752,403732,19569,1884,393863,348993,1.86432e+06,5.89949e+08,201,6.20936e-06,0.00011497,0.00488503,3.57062e+09,1.13393e+09,3.52009e+09,2.60192e+09,2.60192e+09,1,0
3950,237000,cecum,1,10229,55440,99073,21281,362813,18642,1468,345828,312364,1.83026e+06,1.08465e+09,61,4.27052e-05,0.000918313,0.00408169,3.58174e+09,1.13937e+09,3.52009e+09,2.62161e+09,2.62161e+09,1,0
3950,237000,transverse,0.9975,10475,55624,96268,23102,393360,17846,1746,376938,346669,2.24629e+06,9.39478e+08,161,1.09639e-05,0.000207018,0.00479298,3.58174e+09,1.13937e+09,3.52009e+09,2.62161e+09,2.62161e+09,1,0
3950,237000,descending,1,9030,51171,105282,22841,405982,19662,1884,395430,350309,1.73786e+06,5.97291e+08,201,5.93269e-06,0.000109732,0.00489027,3.58174e+09,1.13937e+09,3.52009e+09,2.62161e+09,2.62161e+09,1,0
3960,237600,cecum,1,10791,55502,99563,21376,364484,18722,1470,347610,314280,1.93475e+06,1.08974e+09,61,4.23641e-05,0.000909683,0.00409032,3.59299e+09,1.14485e+09,3.52009e+09,2.64084e+09,2.64084e+09,1,0
3960,237600,transverse,1,9714,56511,96712,23191,395886,17933,1761,378738,348151,2.09555e+06,9.46369e+08,161,1.06661e-05,0.000201186,0.00479881,3.59299e+09,1.14485e+09,3.52009e+09,2.64084e+09,2.64084e+09,1,0
3960,237600,descending,1,8694,50923,105681,22900,406897,19755,1887,396742,350638,1.67582e+06,6.0454e+08,201,5.66711e-06,0.000104715,0.00489529,3.59299e+09,1.14485e+09,3.52009e+09,2.64084e+09,2.64084e+09,1,0
3970,238200,cecum,1,9531,55923,100015,21480,366595,18808,1479,349481,314860,1.70281e+06,1.09463e+09,61,4.2041e-05,0.000901532,0.00409847,3.60438e+09,1.15037e+09,3.52009e+09,2.65961e+09,2.65961e+09,1,0
3970,238200,transverse,1,9312,56099,97168,23276,397082,18028,1762,380525,348668,2.02411e+06,9.53092e+08,161,1.03854e-05,0.000195703,0.0048043,3.60438e+09,1.15037e+09,3.52009e+09,2.65961e+09,2.65961e+09,1,0
3970,238200,descending,0.9975,10001,50274,106119,22982,407592,19838,1898,398240,352356,1.91737e+06,6.11697e+08,201,5.41259e-06,9.99167e-05,0.00490008,3.60438e+09,1.15037e+09,3.52009e+09,2.65961e+09,2.65961e+09,1,0
3980,238800,cecum,1,9995,55326,100466,21577,367495,18899,1482,351163,315958,1.78685e+06,1.09933e+09,61,4.17349e-05,0.000893832,0.00410617,3.6159e+09,1.15593e+09,3.52009e+09,2.67794e+09,2.67794e+09,1,0
3980,238800,transverse,1,9657,55626,97621,23363,398074,18114,1766,382159,349721,2.09282e+06,9.59653e+08,161,1.0121e-05,0.000190549,0.00480945,3.6159e+09,1.15593e+09,3.52009e+09,2.67794e+09,2.67794e+09,1,0
3980,238800,descending,0.9975,9471,51297,106575,23060,409935,19936,1908,399726,353879,1.8179e+06,6.18762e+08,201,5.16908e-06,9.53353e-05,0.00490466,3.6159e+09,1.15593e+09,3.52009e+09,2.67794e+09,2.67794e+09,1,0
3990,239400,cecum,1,10081,56119,100928,21667,369611,19002,1483,352678,317890,1.80612e+06,1.10386e+09,61,4.14452e-05,0.00088656,0.00411344,3.62755e+09,1.16153e+09,3.52009e+09,2.69585e+09,2.69585e+09,1,0
3990,239400,transverse,1,9065,56199,98040,23453,399961,18170,1777,383608,350732,1.97783e+06,9.66058e+08,161,9.87219e-06,0.000185707,0.00481429,3.62755e+09,1.16153e+09,3.52009e+09,2.69585e+09,2.69585e+09,1,0
3990,239400,descending,1,10204,50865,107046,23152,411013,20025,1909,401416,355399,1.95458e+06,6.25736e+08,201,4.93645e-06,9.0967e-05,0.00490903,3.62755e+09,1.16153e+09,3.52009e+09,2.69585e+09,2.69585e+09,1,0
4000,240000,cecum,1,9449,56746,101380,21752,371424,19080,1485,354025,318780,1.69013e+06,1.10822e+09,61,4.11708e-05,0.000879692,0.00412031,3.63934e+09,1.16716e+09,3.52009e+09,2.71335e+09,2.71335e+09,1,0
4000,240000,transverse,1,9258,56019,98428,23540,401258,18240,1781,385238,351987,2.00641e+06,9.72311e+08,161,9.63807e-06,0.000181161,0.00481884,3.63934e+09,1.16716e+09,3.52009e+09,2.71335e+09,2.71335e+09,1,0
4000,240000,descending,0.9975,9789,51053,107519,23254,412556,20124,1914,402967,356250,1.87712e+06,6.3262e+08,201,4.71454e-06,8.68075e-05,0.00491319,3.63934e+09,1.16716e+09,3.52009e+09,2.71335e+09,2.71335e+09,1,0
4010,240600,cecum,1,9170,56746,101803,21829,372859,19163,1487,355618,319671,1.63919e+06,1.11242e+09,61,4.0911e-05,0.000873204,0.0041268,3.65125e+09,1.17283e+09,3.52009e+09,2.73045e+09,2.73045e+09,1,0
4010,240600,transverse,0.9975,9155,55371,98884,23627,401917,18335,1788,386720,352262,1.99303e+06,9.78421e+08,161,9.41786e-06,0.000176891,0.00482311,3.65125e+09,1.17283e+09,3.52009e+09,2.73045e+09,2.73045e+09,1,0
4010,240600,descending,0.9975,10214,50793,107929,23335,413744,20215,1916,404585,357623,1.9564e+06,6.39415e+08,201,4.50315e-06,8.28521e-05,0.00491715,3.65125e+09,1.17283e+09,3.52009e+09,2.73045e+09,2.73045e+09,1,0
4020,241200,cecum,1,9550,56141,102272,21931,373908,19241,1497,357442,320801,1.70863e+06,1.11647e+09,61,4.06651e-05,0.000867073,0.00413293,3.66328e+09,1.17854e+09,3.52009e+09,2.74718e+09,2.74718e+09,1,0
4020,241200,transverse,1,9153,55431,99327,23741,403480,18405,1793,388402,353559,2.00185e+06,9.84391e+08,161,9.2108e-06,0.000172883,0.00482712,3.66328e+09,1.17854e+09,3.52009e+09,2.74718e+09,2.74718e+09,1,0
4020,241200,descending,1,11120,50012,108424,23464,414183,20319,1918,406036,358704,2.12589e+06,6.46121e+08,201,4.30205e-06,7.90955e-05,0.0049209,3.66328e+09,1.17854e+09,3.52009e+09,2.74718e+09,2.74718e+09,1,0
4030,241800,cecum,1,9711,56187,102718,22012,375321,19327,1595,358878,321998,1.73707e+06,1.12037e+09,61,4.04322e-05,0.00086128,0.00413872,3.67544e+09,1.18428e+09,3.52009e+09,2.76353e+09,2.76353e+09,1,0
4030,241800,transverse,1,9493,54817,99733,23809,404477,18474,1803,390140,354617,2.0702e+06,9.90227e+08,161,9.01613e-06,0.000169121,0.00483088,3.67544e+09,1.18428e+09,3.52009e+09,2.76353e+09,2.76353e+09,1,0
4030,241800,descending,1,10496,50657,108895,23554,416250,20403,1921,407629,359847,2.01327e+06,6.52741e+08,201,4.11099e-06,7.55318e-05,0.00492447,3.67544e+09,1.18428e+09,3.52009e+09,2.76353e+09,2.76353e+09,1,0
4040,242400,cecum,0.9975,9137,56895,103111,22082,377579,19409,1599,360576,323437,1.63365e+06,1.12414e+09,61,4.02116e-05,0.000855804,0.0041442,3.68773e+09,1.19005e+09,3.52009e+09,2.77954e+09,2.77954e+09,1,0
4040,242400,transverse,1,9692,55343,100175,23881,406385,18576,1808,391691,356451,2.09611e+06,9.95934e+08,161,8.83312e-06,0.000165589,0.00483441,3.68773e+09,1.19005e+09,3.52009e+09,2.77954e+09,2.77954e+09,1,0
4040,242400,descending,1,10818,50266,109314,23642,417347,20471,1927,409267,360997,2.0746e+06,6.59276e+08,201,3.92967e-06,7.2155e-05,0.00492784,3.68773e+09,1.19005e+09,3.52009e+09,2.77954e+09,2.77954e+09,1,0
4050,243000,cecum,1,9263,56421,103542,22158,378608,19495,1607,362233,324315,1.65622e+06,1.12777e+09,61,4.00026e-05,0.000850626,0.00414937,3.70013e+09,1.19585e+09,3.52009e+09,2.7952e+09,2.7952e+09,1,0
4050,243000,transverse,1,9147,55345,100605,23984,407723,18661,1819,393204,356991,1.99732e+06,1.00152e+09,161,8.66109e-06,0.000162273,0.00483773,3.70013e+09,1.19585e+09,3.52009e+09,2.7952e+09,2.7952e+09,1,0
4050,243000,descending,0.9975,10288,50795,109799,23732,419065,20557,1929,410630,361874,1.97847e+06,6.65727e+08,201,3.7578e-06,6.89587e-05,0.00493104,3.70013e+09,1.19585e+09,3.52009e+09,2.7952e+09,2.7952e+09,1,0
4060,243600,cecum,1,9737,56626,103978,22215,380210,19571,1607,363763,326088,1.74227e+06,1.13127e+09,61,3.98046e-05,0.000845727,0.00415427,3.71266e+09,1.20169e+09,3.52009e+09,2.81054e+09,2.81054e+09,1,0
4060,243600,transverse,1,9136,56408,100992,24078,410040,18733,1825,394618,359070,1.98027e+06,1.00698e+09,161,8.49934e-06,0.00015916,0.00484084,3.71266e+09,1.20169e+09,3.52009e+09,2.81054e+09,2.81054e+09,1,0
4060,243600,descending,0.9975,10429,50350,110303,23824,419933,20662,1931,412138,362574,2.00557e+06,6.72097e+08,201,3.59507e-06,6.59361e-05,0.00493406,3.71266e+09,1.20169e+09,3.52009e+09,2.81054e+09,2.81054e+09,1,0
4070,244200,cecum,1,10373,57395,104444,22318,382335,19651,1614,365295,328559,1.86056e+06,1.13465e+09,61,3.96169e-05,0.000841091,0.00415891,3.7253e+09,1.20756e+09,3.52009e+09,2.82556e+09,2.82556e+09,1,0
4070,244200,transverse,1,9643,55682,101404,24163,411151,18808,1827,396613,360434,2.07941e+06,1.01233e+09,161,8.34726e-06,0.000156235,0.00484376,3.7253e+09,1.20756e+09,3.52009e+09,2.82556e+09,2.82556e+09,1,0
4070,244200,descending,1,9965,51421,110775,23906,422086,20751,1931,413391,363962,1.9189e+06,6.78384e+08,201,3.44112e-06,6.30806e-05,0.00493692,3.7253e+09,1.20756e+09,3.52009e+09,2.82556e+09,2.82556e+09,1,0
4080,244800,cecum,0.9975,9884,57619,104896,22411,383929,19743,1622,366842,329389,1.77057e+06,1.13793e+09,61,3.94389e-05,0.000836701,0.0041633,3.73807e+09,1.21346e+09,3.52009e+09,2.84028e+09,2.84028e+09,1,0
4080,244800,transverse,1,8954,55678,101806,24254,412575,18883,1834,398200,360926,1.94217e+06,1.01757e+09,161,8.20422e-06,0.000153488,0.00484651,3.73807e+09,1.21346e+09,3.52009e+09,2.84028e+09,2.84028e+09,1,0
4080,244800,descending,1,10741,51704,111272,23990,423691,20837,1935,414879,366012,2.06375e+06,6.84593e+08,201,3.29564e-06,6.03852e-05,0.00493961,3.73807e+09,1.21346e+09,3.52009e+09,2.84028e+09,2.84028e+09,1,0
4090,245400,cecum,1,9764,58524,105318,22508,386321,19841,1622,368524,331434,1.74947e+06,1.14109e+09,61,3.92701e-05,0.000832542,0.00416746,3.75094e+09,1.21939e+09,3.52009e+09,2.85471e+09,2.85471e+09,1,0
4090,245400,transverse,1,9529,56366,102219,24338,414681,18961,1839,399775,363351,2.04893e+06,1.0227e+09,161,8.06966e-06,0.000150906,0.00484909,3.75094e+09,1.21939e+09,3.52009e+09,2.85471e+09,2.85471e+09,1,0
4090,245400,descending,0.9975,10977,52618,111785,24070,425959,20935,1941,416405,368175,2.10663e+06,6.90725e+08,201,3.15828e-06,5.7843e-05,0.00494216,3.75094e+09,1.21939e+09,3.52009e+09,2.85471e+09,2.85471e+09,1,0
4100,246000,cecum,0.9975,10018,57908,105733,22601,387248,19915,1633,370223,332356,1.795e+06,1.14414e+09,61,3.91098e-05,0.000828599,0.0041714,3.76393e+09,1.22536e+09,3.52009e+09,2.86885e+09,2.86885e+09,1,0
4100,246000,transverse,0.9975,8729,56394,102711,24417,416315,19063,1840,401561,363873,1.8956e+06,1.02773e+09,161,7.94301e-06,0.000148478,0.00485152,3.76393e+09,1.22536e+09,3.52009e+09,2.86885e+09,2.86885e+09,1,0
4100,246000,descending,1,11707,52895,112335,24183,427565,21043,1951,417945,370172,2.24403e+06,6.96781e+08,201,3.02869e-06,5.54471e-05,0.00494455,3.76393e+09,1.22536e+09,3.52009e+09,2.86885e+09,2.86885e+09,1,0
4110,246600,cecum,0.9975,10971,58485,106177,22705,389244,20010,1649,371825,335044,1.97134e+06,1.1471e+09,61,3.89576e-05,0.00082486,0.00417514,3.77704e+09,1.23135e+09,3.52009e+09,2.88272e+09,2.88272e+09,1,0
4110,246600,transverse,1,9454,57207,103153,24519,418508,19151,1843,403128,366536,2.02311e+06,1.03266e+09,161,7.82377e-06,0.000146194,0.00485381,3.77704e+09,1.23135e+09,3.52009e+09,2.88272e+09,2.88272e+09,1,0
4110,246600,descending,1,10597,53162,112856,24288,429176,21139,1953,419488,370351,2.03829e+06,7.02766e+08,201,2.90651e-06,5.31907e-05,0.00494681,3.77704e+09,1.23135e+09,3.52009e+09,2.88272e+09,2.88272e+09,1,0
4120,247200,cecum,1,9989,58882,106646,22815,391337,20099,1655,373714,335879,1.78761e+06,1.14996e+09,61,3.88129e-05,0.000821311,0.00417869,3.79025e+09,1.23736e+09,3.52009e+09,2.89633e+09,2.89633e+09,1,0
4120,247200,transverse,0.9975,10010,57879,103549,24644,420576,19233,1844,404730,368970,2.12093e+06,1.03749e+09,161,7.71143e-06,0.000144044,0.00485596,3.79025e+09,1.23736e+09,3.52009e+09,2.89633e+09,2.89633e+09,1,0
4120,247200,descending,1,11250,53050,113357,24402,430308,21227,1953,420934,371837,2.16288e+06,7.08678e+08,201,2.79141e-06,5.10669e-05,0.00494893,3.79025e+09,1.23736e+09,3.52009e+09,2.89633e+09,2.89633e+09,1,0
4130,247800,cecum,1,9855,58873,107136,22916,392962,20188,1662,375531,337063,1.76312e+06,1.15274e+09,61,3.86754e-05,0.00081794,0.00418206,3.80358e+09,1.24341e+09,3.52009e+09,2.90969e+09,2.90969e+09,1,0
4130,247800,transverse,1,9362,58065,103977,24753,422252,19338,1849,406429,369779,2.0129e+06,1.04223e+09,161,7.60556e-06,0.000142019,0.00485798,3.80358e+09,1.24341e+09,3.52009e+09,2.90969e+09,2.90969e+09,1,0
4130,247800,descending,1,10584,52686,113872,24480,431320,21321,1956,422479,371837,2.04153e+06,7.14521e+08,201,2.68305e-06,4.9069e-05,0.00495093,3.80358e+09,1.24341e+09,3.52009e+09,2.90969e+09,2.90969e+09,1,0
4140,248400,cecum,0.9975,10224,58827,107566,22999,394677,20270,1742,377377,338802,1.83107e+06,1.15543e+09,61,3.85446e-05,0.000814737,0.00418526,3.81701e+09,1.24949e+09,3.52009e+09,2.9228e+09,2.9228e+09,1,0
4140,248400,transverse,0.9975,9320,58624,104415,24835,424243,19422,1852,408024,371453,1.99929e+06,1.04688e+09,161,7.5057e-06,0.000140111,0.00485989,3.81701e+09,1.24949e+09,3.52009e+09,2.9228e+09,2.9228e+09,1,0
4140,248400,descending,1,11308,51392,114398,24549,431320,21431,1956,423952,372214,2.17906e+06,7.20295e+08,201,2.58107e-06,4.71907e-05,0.00495281,3.81701e+09,1.24949e+09,3.52009e+09,2.9228e+09,2.9228e+09,1,0
4150,249000,cecum,1,10534,59803,107999,23091,397022,20352,1749,378913,341191,1.88969e+06,1.15803e+09,61,3.842e-05,0.00081169,0.00418831,3.83055e+09,1.25559e+09,3.52009e+09,2.93568e+09,2.93568e+09,1,0
4150,249000,transverse,1,9032,58220,104823,24919,425324,19517,1859,409681,372010,1.95227e+06,1.05145e+09,161,7.41146e-06,0.000138311,0.00486169,3.83055e+09,1.25559e+09,3.52009e+09,2.93568e+09,2.93568e+09,1,0
4150,249000,descending,0.9975,11569,51220,114913,24633,432614,21537,1957,425607,373443,2.22806e+06,7.26001e+08,201,2.48517e-06,4.54254e-05,0.00495457,3.83055e+09,1.25559e+09,3.52009e+09,2.93568e+09,2.93568e+09,1,0
4160,249600,cecum,1,10422,58800,108442,23196,397388,20439,1752,380471,341191,1.86607e+06,1.16056e+09,61,3.83013e-05,0.00080879,0.00419121,3.8442e+09,1.26171e+09,3.52009e+09,2.94833e+09,2.94833e+09,1,0
4160,249600,transverse,1,9322,58608,105293,25001,427034,19608,1872,411163,373700,2.01284e+06,1.05593e+09,161,7.32245e-06,0.000136612,0.00486339,3.8442e+09,1.26171e+09,3.52009e+09,2.94833e+09,2.94833e+09,1,0
4160,249600,descending,0.9975,12119,52255,115469,24717,434852,21647,1957,427004,375869,2.32981e+06,7.31641e+08,201,2.39501e-06,4.3767e-05,0.00495623,3.8442e+09,1.26171e+09,3.52009e+09,2.94833e+09,2.94833e+09,1,0
4170,250200,cecum,1,10407,59077,108909,23297,399257,20536,1754,382259,342774,1.86378e+06,1.16301e+09,61,3.81882e-05,0.000806028,0.00419397,3.85795e+09,1.26787e+09,3.52009e+09,2.96076e+09,2.96076e+09,1,0
4170,250200,transverse,1,9109,58764,105765,25081,428427,19719,1904,412559,374567,1.96786e+06,1.06033e+09,161,7.23832e-06,0.000135007,0.00486499,3.85795e+09,1.26787e+09,3.52009e+09,2.96076e+09,2.96076e+09,1,0
4170,250200,descending,1,12056,52870,116075,24820,436876,21756,1963,428619,377430,2.31832e+06,7.37218e+08,201,2.31028e-06,4.22096e-05,0.00495779,3.85795e+09,1.26787e+09,3.52009e+09,2.96076e+09,2.96076e+09,1,0
4180,250800,cecum,0.9975,10409,59625,109375,23380,401122,20623,1759,383741,344340,1.86684e+06,1.16539e+09,61,3.80802e-05,0.000803396,0.0041966,3.87181e+09,1.27405e+09,3.52009e+09,2.97298e+09,2.97298e+09,1,0
4180,250800,transverse,1,9574,58792,106158,25200,430116,19789,1912,414401,376509,2.05207e+06,1.06466e+09,161,7.15873e-06,0.00013349,0.00486651,3.87181e+09,1.27405e+09,3.52009e+09,2.97298e+09,2.97298e+09,1,0
4180,250800,descending,1,11553,53458,116600,24936,438660,21863,1970,430031,378402,2.22339e+06,7.42734e+08,201,2.23068e-06,4.07474e-05,0.00495925,3.87181e+09,1.27405e+09,3.52009e+09,2.97298e+09,2.97298e+09,1,0
4190,251400,cecum,1,10347,60645,109818,23492,403581,20701,1764,385365,346479,1.85745e+06,1.1677e+09,61,3.79772e-05,0.000800884,0.00419912,3.88577e+09,1.28025e+09,3.52009e+09,2.98499e+09,2.98499e+09,1,0
4190,251400,transverse,1,9120,59102,106566,25295,431905,19869,1917,416050,377606,1.97216e+06,1.0689e+09,161,7.08339e-06,0.000132054,0.00486795,3.88577e+09,1.28025e+09,3.52009e+09,2.98499e+09,2.98499e+09,1,0
4190,251400,descending,0.9975,11541,53765,117145,25040,440343,21956,1970,431604,379725,2.21988e+06,7.48188e+08,201,2.15591e-06,3.93748e-05,0.00496063,3.88577e+09,1.28025e+09,3.52009e+09,2.98499e+09,2.98499e+09,1,0
4200,252000,cecum,1,9415,61544,110279,23584,406087,20793,1774,387146,347766,1.68616e+06,1.16994e+09,61,3.78787e-05,0.000798486,0.00420151,3.89983e+09,1.28648e+09,3.52009e+09,2.99681e+09,2.99681e+09,1,0
4200,252000,transverse,1,8167,60294,106958,25375,434740,19944,1920,417845,379248,1.76965e+06,1.07308e+09,161,7.01199e-06,0.000130694,0.00486931,3.89983e+09,1.28648e+09,3.52009e+09,2.99681e+09,2.99681e+09,1,1
4200,252000,descending,1,11802,53064,117719,25131,441015,22075,1974,433183,380290,2.27006e+06,7.53584e+08,201,2.0857e-06,3.80865e-05,0.00496191,3.89983e+09,1.28648e+09,3.52009e+09,2.99681e+09,2.99681e+09,1,1
4210,252600,cecum,1,9966,61262,110693,23664,407265,20872,1790,388749,349224,1.78703e+06,1.17212e+09,61,3.77846e-05,0.000796195,0.0042038,3.91399e+09,1.29274e+09,3.52009e+09,3.00843e+09,3.00843e+09,1,0
4210,252600,transverse,0.9975,8993,59646,107326,25462,435549,20014,1924,419455,380668,1.93273e+06,1.07718e+09,161,6.94427e-06,0.000129405,0.0048706,3.91399e+09,1.29274e+09,3.52009e+09,3.00843e+09,3.00843e+09,1,0
4210,252600,descending,1,12180,52881,118294,25223,442160,22205,1980,434727,381454,2.34139e+06,7.58921e+08,201,2.01977e-06,3.68774e-05,0.00496312,3.91399e+09,1.29274e+09,3.52009e+09,3.00843e+09,3.00843e+09,1,0
4220,253200,cecum,0.9975,9607,60579,111156,23755,408218,20962,1794,390562,349532,1.72014e+06,1.17425e+09,61,3.76945e-05,0.000794004,0.004206,3.92826e+09,1.29901e+09,3.52009e+09,3.01986e+09,3.01986e+09,1,0
4220,253200,transverse,1,9227,59985,107771,25548,437526,20098,1927,421260,382601,1.97669e+06,1.08121e+09,161,6.87998e-06,0.000128181,0.00487182,3.92826e+09,1.29901e+09,3.52009e+09,3.01986e+09,3.01986e+09,1,0
4220,253200,descending,0.9975,11826,53421,118873,25322,444298,22318,1985,436532,382866,2.27673e+06,7.64201e+08,201,1.95787e-06,3.57427e-05,0.00496426,3.92826e+09,1.29901e+09,3.52009e+09,3.01986e+09,3.01986e+09,1,0
4230,253800,cecum,0.9975,9587,60409,111590,23848,409755,21029,1828,392395,350741,1.7167e+06,1.17631e+09,61,3.76082e-05,0.000791908,0.00420809,3.94262e+09,1.30532e+09,3.52009e+09,3.03111e+09,3.03111e+09,1,0
4230,253800,transverse,1,9124,60356,108174,25639,439305,20165,1930,422823,384029,1.95396e+06,1.08517e+09,161,6.8189e-06,0.000127019,0.00487298,3.94262e+09,1.30532e+09,3.52009e+09,3.03111e+09,3.03111e+09,1,0
4230,253800,descending,1,12331,53707,119461,25422,445954,22427,2001,438095,384632,2.37141e+06,7.69424e+08,201,1.89975e-06,3.46778e-05,0.00496532,3.94262e+09,1.30532e+09,3.52009e+09,3.03111e+09,3.03111e+09,1,0
4240,254400,cecum,0.9975,10223,60167,112071,23956,410942,21126,1834,394023,352282,1.83431e+06,1.17832e+09,61,3.75255e-05,0.0007899,0.0042101,3.95707e+09,1.31164e+09,3.52009e+09,3.04218e+09,3.04218e+09,1,0
4240,254400,transverse,1,9836,59968,108585,25736,440538,20233,1938,424601,385720,2.08836e+06,1.08907e+09,161,6.76079e-06,0.000125914,0.00487409,3.95707e+09,1.31164e+09,3.52009e+09,3.04218e+09,3.04218e+09,1,0
4240,254400,descending,1,11623,54189,120021,25521,447789,22537,2005,439653,385404,2.24102e+06,7.74594e+08,201,1.84518e-06,3.36782e-05,0.00496632,3.95707e+09,1.31164e+09,3.52009e+09,3.04218e+09,3.04218e+09,1,0
4250,255000,cecum,1,10213,59467,112525,24074,411878,21211,1837,395859,352954,1.83097e+06,1.18027e+09,61,3.74462e-05,0.000787976,0.00421202,3.97163e+09,1.31799e+09,3.52009e+09,3.05309e+09,3.05309e+09,1,0
4250,255000,transverse,1,9774,60343,109014,25834,442238,20311,1946,426094,387097,2.07904e+06,1.0929e+09,161,6.70547e-06,0.000124862,0.00487514,3.97163e+09,1.31799e+09,3.52009e+09,3.05309e+09,3.05309e+09,1,0
4250,255000,descending,1,11846,53699,120583,25602,449023,22642,2015,441553,386475,2.2808e+06,7.79711e+08,201,1.79392e-06,3.27398e-05,0.00496726,3.97163e+09,1.31799e+09,3.52009e+09,3.05309e+09,3.05309e+09,1,0
4260,255600,cecum,1,9979,59556,113013,24171,413420,21301,1843,397493,353955,1.78695e+06,1.18217e+09,61,3.73701e-05,0.000786129,0.00421387,3.98627e+09,1.32436e+09,3.52009e+09,3.06382e+09,3.06382e+09,1,0
4260,255600,transverse,1,9707,59998,109429,25929,443397,20386,1947,427767,387943,2.07271e+06,1.09667e+09,161,6.65275e-06,0.00012386,0.00487614,3.98627e+09,1.32436e+09,3.52009e+09,3.06382e+09,3.06382e+09,1,0
4260,255600,descending,1,12345,54164,121137,25692,450722,22758,2015,442993,388325,2.37649e+06,7.84774e+08,201,1.74578e-06,3.18586e-05,0.00496814,3.98627e+09,1.32436e+09,3.52009e+09,3.06382e+09,3.06382e+09,1,0
4270,256200,cecum,1,10562,59044,113447,24253,414570,21392,1844,399327,355426,1.89439e+06,1.18402e+09,61,3.7297e-05,0.000784357,0.00421564,4.00102e+09,1.33075e+09,3.52009e+09,3.07439e+09,3.07439e+09,1,0
4270,256200,transverse,1,10360,59416,109803,26025,444619,20461,1948,429741,389614,2.198e+06,1.10038e+09,161,6.60245e-06,0.000122904,0.0048771,4.00102e+09,1.33075e+09,3.52009e+09,3.07439e+09,3.07439e+09,1,0
4270,256200,descending,0.9975,12797,53739,121730,25787,451691,22863,2018,444584,389350,2.46089e+06,7.89787e+08,201,1.70055e-06,3.1031e-05,0.00496897,4.00102e+09,1.33075e+09,3.52009e+09,3.07439e+09,3.07439e+09,1,0
4280,256800,cecum,1,10302,60216,113923,24372,417298,21465,1847,401072,357607,1.84712e+06,1.18582e+09,61,3.72268e-05,0.000782655,0.00421734,4.01585e+09,1.33717e+09,3.52009e+09,3.0848e+09,3.0848e+09,1,0
4280,256800,transverse,1,8874,60263,110256,26123,447279,20540,1960,431719,390500,1.92115e+06,1.10402e+09,161,6.55442e-06,0.000121992,0.00487801,4.01585e+09,1.33717e+09,3.52009e+09,3.0848e+09,3.0848e+09,1,0
4280,256800,descending,1,12371,54517,122300,25884,453939,22958,2023,446241,390789,2.37746e+06,7.94749e+08,201,1.65803e-06,3.02533e-05,0.00496975,4.01585e+09,1.33717e+09,3.52009e+09,3.0848e+09,3.0848e+09,1,0
4290,257400,cecum,1,9095,61308,114323,24457,419731,21534,1857,402557,358577,1.62445e+06,1.18758e+09,61,3.71592e-05,0.000781019,0.00421898,4.03078e+09,1.3436e+09,3.52009e+09,3.09506e+09,3.09506e+09,1,0
4290,257400,transverse,1,8708,60727,110658,26197,449131,20617,1967,433251,391928,1.8884e+06,1.10761e+09,161,6.50851e-06,0.00012112,0.00487888,4.03078e+09,1.3436e+09,3.52009e+09,3.09506e+09,3.09506e+09,1,0
4290,257400,descending,0.9975,12298,55285,122857,25968,456318,23067,2032,448036,392722,2.36175e+06,7.9966e+08,201,1.61806e-06,2.95223e-05,0.00497048,4.03078e+09,1.3436e+09,3.52009e+09,3.09506e+09,3.09506e+09,1,0
4300,258000,cecum,1,10006,61523,114742,24531,421643,21620,1859,404412,361139,1.7943e+06,1.18929e+09,61,3.70942e-05,0.000779444,0.00422056,4.0458e+09,1.35006e+09,3.52009e+09,3.10517e+09,3.10517e+09,1,0
4300,258000,transverse,1,9242,60595,111062,26283,450528,20699,1973,434942,393617,1.98679e+06,1.11114e+09,161,6.46459e-06,0.000120286,0.00487971,4.0458e+09,1.35006e+09,3.52009e+09,3.10517e+09,3.10517e+09,1,0
4300,258000,descending,1,11867,55462,123405,26066,457963,23175,2041,449701,393585,2.28211e+06,8.04524e+08,201,1.58046e-06,2.88349e-05,0.00497117,4.0458e+09,1.35006e+09,3.52009e+09,3.10517e+09,3.10517e+09,1,0
4310,258600,cecum,1,9186,62271,115192,24612,424029,21697,1866,406201,362406,1.64391e+06,1.19096e+09,61,3.70315e-05,0.000777928,0.00422207,4.06091e+09,1.35654e+09,3.52009e+09,3.11513e+09,3.11513e+09,1,0
4310,258600,transverse,1,8929,59435,111452,26379,451062,20774,1975,436805,393617,1.92967e+06,1.11462e+09,161,6.42252e-06,0.000119487,0.00488051,4.06091e+09,1.35654e+09,3.52009e+09,3.11513e+09,3.11513e+09,1,0
4310,258600,descending,0.9975,12080,55456,124002,26170,459144,23293,2046,451105,394599,2.32417e+06,8.0934e+08,201,1.54507e-06,2.81881e-05,0.00497181,4.06091e+09,1.35654e+09,3.52009e+09,3.11513e+09,3.11513e+09,1,0
