name,seed,occ_total,segment_mean_cfu_ml,admissible
arm_0000,777001,0.00515464,51775.5,True
arm_0000,777002,0.007317070000000001,74194.5,True
arm_0000,777003,0.0034188000000000005,33554.9,True
arm_0000,777004,0.010485533927419357,87941.06129032258,False
arm_0000,777005,0.007216490000000001,66437.6,True
arm_0001,777001,0.00515464,51775.5,True
arm_0001,777002,0.007317070000000001,74194.5,True
arm_0001,777003,0.0034188000000000005,33554.9,True
arm_0001,777004,0.010485533927419357,87941.06129032258,False
arm_0001,777005,0.007216490000000001,66437.6,True
arm_0002,777001,0.00515464,51775.5,True
arm_0002,777002,0.007317070000000001,74194.5,True
arm_0002,777003,0.0034188000000000005,33554.9,True
arm_0002,777004,0.010485533927419357,87941.06129032258,False
arm_0002,777005,0.007216490000000001,66437.6,True
arm_0003,777001,0.00515464,51775.5,True
arm_0003,777002,0.007317070000000001,74194.5,True
arm_0003,777003,0.0034188000000000005,33554.9,True
arm_0003,777004,0.010485533927419357,87941.06129032258,False
arm_0003,777005,0.007216490000000001,66437.6,True
arm_0004,777001,0.00515464,51775.5,True
arm_0004,777002,0.007317070000000001,74194.5,True
arm_0004,777003,0.0034188000000000005,33554.9,True
arm_0004,777004,0.010485533927419357,87941.06129032258,False
arm_0004,777005,0.007216490000000001,66437.6,True
arm_0005,777001,0.00515464,51775.5,True
arm_0005,777002,0.007317070000000001,74194.5,True
arm_0005,777003,0.0034188000000000005,33554.9,True
arm_0005,777004,0.010485533927419357,87941.06129032258,False
arm_0005,777005,0.007216490000000001,66437.6,True
arm_0006,777001,0.00515464,51775.5,True
arm_0006,777002,0.007317070000000001,74194.5,True
arm_0006,777003,0.0034188000000000005,33554.9,True
arm_0006,777004,0.010485533927419357,87941.06129032258,False
arm_0006,777005,0.007216490000000001,66437.6,True
arm_0007,777001,0.00515464,51775.5,True
arm_0007,777002,0.007317070000000001,74194.5,True
arm_0007,777003,0.0034188000000000005,33554.9,True
arm_0007,777004,0.010485533927419357,87941.06129032258,False
arm_0007,777005,0.007216490000000001,66437.6,True
arm_0008,777001,0.00515464,51775.5,True
arm_0008,777002,0.007317070000000001,74194.5,True
arm_0008,777003,0.0034188000000000005,33554.9,True
arm_0008,777004,0.010485533927419357,87941.06129032258,False
arm_0008,777005,0.007216490000000001,66437.6,True
arm_0009,777001,0.00515464,50782.7,True
arm_0009,777002,0.007317070000000001,68131.43870967742,True
arm_0009,777003,0.0034188000000000005,34807.895161290326,True
arm_0009,777004,0.010485533927419357,86073.09516129033,False
arm_0009,777005,0.007216490000000001,68487.1064516129,True
arm_0010,777001,0.00515464,50782.7,True
arm_0010,777002,0.007317070000000001,68131.43870967742,True
arm_0010,777003,0.0034188000000000005,34807.895161290326,True
arm_0010,777004,0.010485533927419357,86073.09516129033,False
arm_0010,777005,0.007216490000000001,68487.1064516129,True
arm_0011,777001,0.00515464,50782.7,True
arm_0011,777002,0.007317070000000001,68131.43870967742,True
arm_0011,777003,0.0034188000000000005,34807.895161290326,True
arm_0011,777004,0.010485533927419357,86073.09516129033,False
arm_0011,777005,0.007216490000000001,68487.1064516129,True
arm_0012,777001,0.00515464,50782.7,True
arm_0012,777002,0.007317070000000001,68131.43870967742,True
arm_0012,777003,0.0034188000000000005,34807.895161290326,True
arm_0012,777004,0.010485533927419357,86073.09516129033,False
arm_0012,777005,0.007216490000000001,68487.1064516129,True
arm_0013,777001,0.00515464,50782.7,True
arm_0013,777002,0.007317070000000001,68131.43870967742,True
arm_0013,777003,0.0034188000000000005,34807.895161290326,True
arm_0013,777004,0.010485533927419357,86073.09516129033,False
arm_0013,777005,0.007216490000000001,68487.1064516129,True
arm_0014,777001,0.00515464,50782.7,True
arm_0014,777002,0.007317070000000001,68131.43870967742,True
arm_0014,777003,0.0034188000000000005,34807.895161290326,True
arm_0014,777004,0.010485533927419357,86073.09516129033,False
arm_0014,777005,0.007216490000000001,68487.1064516129,True
arm_0015,777001,0.00515464,50782.7,True
arm_0015,777002,0.007317070000000001,68131.43870967742,True
arm_0015,777003,0.0034188000000000005,34807.895161290326,True
arm_0015,777004,0.010485533927419357,86073.09516129033,False
arm_0015,777005,0.007216490000000001,68487.1064516129,True
arm_0016,777001,0.00515464,50782.7,True
arm_0016,777002,0.007317070000000001,68131.43870967742,True
arm_0016,777003,0.0034188000000000005,34807.895161290326,True
arm_0016,777004,0.010485533927419357,86073.09516129033,False
arm_0016,777005,0.007216490000000001,68487.1064516129,True
arm_0017,777001,0.00515464,50782.7,True
arm_0017,777002,0.007317070000000001,68131.43870967742,True
arm_0017,777003,0.0034188000000000005,34807.895161290326,True
arm_0017,777004,0.010485533927419357,86073.09516129033,False
arm_0017,777005,0.007216490000000001,68487.1064516129,True
arm_0018,777001,0.00515464,33295.15483870968,True
arm_0018,777002,0.007317070000000001,45149.63064516129,True
arm_0018,777003,0.0025641,15888.04193548387,True
arm_0018,777004,0.010485533927419357,74898.62258064515,False
arm_0018,777005,0.0061855700000000005,49431.57258064516,True
arm_0019,777001,0.00515464,33295.15483870968,True
arm_0019,777002,0.007317070000000001,45149.63064516129,True
arm_0019,777003,0.0025641,15888.04193548387,True
arm_0019,777004,0.010485533927419357,74898.62258064515,False
arm_0019,777005,0.0061855700000000005,49431.57258064516,True
arm_0020,777001,0.00515464,33295.15483870968,True
arm_0020,777002,0.007317070000000001,45149.63064516129,True
arm_0020,777003,0.0025641,15888.04193548387,True
arm_0020,777004,0.010485533927419357,74898.62258064515,False
arm_0020,777005,0.0061855700000000005,49431.57258064516,True
arm_0021,777001,0.00515464,33295.15483870968,True
arm_0021,777002,0.007317070000000001,45149.63064516129,True
arm_0021,777003,0.0025641,15888.04193548387,True
arm_0021,777004,0.010485533927419357,74898.62258064515,False
arm_0021,777005,0.0061855700000000005,49431.57258064516,True
arm_0022,777001,0.00515464,33295.15483870968,True
arm_0022,777002,0.007317070000000001,45149.63064516129,True
arm_0022,777003,0.0025641,15888.04193548387,True
arm_0022,777004,0.010485533927419357,74898.62258064515,False
arm_0022,777005,0.0061855700000000005,49431.57258064516,True
arm_0023,777001,0.00515464,33295.15483870968,True
arm_0023,777002,0.007317070000000001,45149.63064516129,True
arm_0023,777003,0.0025641,15888.04193548387,True
arm_0023,777004,0.010485533927419357,74898.62258064515,False
arm_0023,777005,0.0061855700000000005,49431.57258064516,True
arm_0024,777001,0.00515464,33295.15483870968,True
arm_0024,777002,0.007317070000000001,45149.63064516129,True
arm_0024,777003,0.0025641,15888.04193548387,True
arm_0024,777004,0.010485533927419357,74898.62258064515,False
arm_0024,777005,0.0061855700000000005,49431.57258064516,True
arm_0025,777001,0.00515464,33295.15483870968,True
arm_0025,777002,0.007317070000000001,45149.63064516129,True
arm_0025,777003,0.0025641,15888.04193548387,True
arm_0025,777004,0.010485533927419357,74898.62258064515,False
arm_0025,777005,0.0061855700000000005,49431.57258064516,True
arm_0026,777001,0.00515464,33295.15483870968,True
arm_0026,777002,0.007317070000000001,45149.63064516129,True
arm_0026,777003,0.0025641,15888.04193548387,True
arm_0026,777004,0.010485533927419357,74898.62258064515,False
arm_0026,777005,0.0061855700000000005,49431.57258064516,True
arm_0027,777001,0.00515464,39644.53548387097,True
arm_0027,777002,0.00721216677419355,36376.52903225806,True
arm_0027,777003,0.0034188000000000005,18472.56612903226,True
arm_0027,777004,0.008695650000000001,48099.319354838706,True
arm_0027,777005,0.007216490000000001,38382.0435483871,True
arm_0028,777001,0.00515464,39644.53548387097,True
arm_0028,777002,0.00721216677419355,36376.52903225806,True
arm_0028,777003,0.0034188000000000005,18472.56612903226,True
arm_0028,777004,0.008695650000000001,48099.319354838706,True
arm_0028,777005,0.007216490000000001,38382.0435483871,True
arm_0029,777001,0.00515464,39644.53548387097,True
arm_0029,777002,0.00721216677419355,36376.52903225806,True
arm_0029,777003,0.0034188000000000005,18472.56612903226,True
arm_0029,777004,0.008695650000000001,48099.319354838706,True
arm_0029,777005,0.007216490000000001,38382.0435483871,True
arm_0030,777001,0.00515464,39644.53548387097,True
arm_0030,777002,0.00721216677419355,36376.52903225806,True
arm_0030,777003,0.0034188000000000005,18472.56612903226,True
arm_0030,777004,0.008695650000000001,48099.319354838706,True
arm_0030,777005,0.007216490000000001,38382.0435483871,True
arm_0031,777001,0.00515464,39644.53548387097,True
arm_0031,777002,0.00721216677419355,36376.52903225806,True
arm_0031,777003,0.0034188000000000005,18472.56612903226,True
arm_0031,777004,0.008695650000000001,48099.319354838706,True
arm_0031,777005,0.007216490000000001,38382.0435483871,True
arm_0032,777001,0.00515464,39644.53548387097,True
arm_0032,777002,0.00721216677419355,36376.52903225806,True
arm_0032,777003,0.0034188000000000005,18472.56612903226,True
arm_0032,777004,0.008695650000000001,48099.319354838706,True
arm_0032,777005,0.007216490000000001,38382.0435483871,True
arm_0033,777001,0.00515464,39644.53548387097,True
arm_0033,777002,0.00721216677419355,36376.52903225806,True
arm_0033,777003,0.0034188000000000005,18472.56612903226,True
arm_0033,777004,0.008695650000000001,48099.319354838706,True
arm_0033,777005,0.007216490000000001,38382.0435483871,True
arm_0034,777001,0.00515464,39644.53548387097,True
arm_0034,777002,0.00721216677419355,36376.52903225806,True
arm_0034,777003,0.0034188000000000005,18472.56612903226,True
arm_0034,777004,0.008695650000000001,48099.319354838706,True
arm_0034,777005,0.007216490000000001,38382.0435483871,True
arm_0035,777001,0.00515464,39644.53548387097,True
arm_0035,777002,0.00721216677419355,36376.52903225806,True
arm_0035,777003,0.0034188000000000005,18472.56612903226,True
arm_0035,777004,0.008695650000000001,48099.319354838706,True
arm_0035,777005,0.007216490000000001,38382.0435483871,True
arm_0061,777001,0.00206186,14040.075806451612,True
arm_0061,777002,0.00243902,3584.2301612903225,False
arm_0061,777003,0.0008547010000000001,663.7464516129032,False
arm_0061,777004,0.003071531290322581,9260.809838709676,False
arm_0061,777005,0.00103093,864.6493548387095,False
arm_0081,777001,0.00515464,51775.5,True
arm_0081,777002,0.007317070000000001,74194.5,True
arm_0081,777003,0.0034188000000000005,33554.9,True
arm_0081,777004,0.008695650000000001,87793.9,True
arm_0081,777005,0.007216490000000001,66437.6,True
arm_0082,777001,0.00515464,51775.5,True
arm_0082,777002,0.007317070000000001,74194.5,True
arm_0082,777003,0.0034188000000000005,33554.9,True
arm_0082,777004,0.008695650000000001,87793.9,True
arm_0082,777005,0.007216490000000001,66437.6,True
arm_0083,777001,0.00515464,51775.5,True
arm_0083,777002,0.007317070000000001,74194.5,True
arm_0083,777003,0.0034188000000000005,33554.9,True
arm_0083,777004,0.008695650000000001,87793.9,True
arm_0083,777005,0.007216490000000001,66437.6,True
arm_0084,777001,0.00515464,51775.5,True
arm_0084,777002,0.007317070000000001,74194.5,True
arm_0084,777003,0.0034188000000000005,33554.9,True
arm_0084,777004,0.008695650000000001,87793.9,True
arm_0084,777005,0.007216490000000001,66437.6,True
arm_0085,777001,0.00515464,51775.5,True
arm_0085,777002,0.007317070000000001,74194.5,True
arm_0085,777003,0.0034188000000000005,33554.9,True
arm_0085,777004,0.008695650000000001,87793.9,True
arm_0085,777005,0.007216490000000001,66437.6,True
arm_0086,777001,0.00515464,51775.5,True
arm_0086,777002,0.007317070000000001,74194.5,True
arm_0086,777003,0.0034188000000000005,33554.9,True
arm_0086,777004,0.008695650000000001,87793.9,True
arm_0086,777005,0.007216490000000001,66437.6,True
arm_0087,777001,0.00515464,51775.5,True
arm_0087,777002,0.007317070000000001,74194.5,True
arm_0087,777003,0.0034188000000000005,33554.9,True
arm_0087,777004,0.008695650000000001,87793.9,True
arm_0087,777005,0.007216490000000001,66437.6,True
arm_0088,777001,0.00515464,51775.5,True
arm_0088,777002,0.007317070000000001,74194.5,True
arm_0088,777003,0.0034188000000000005,33554.9,True
arm_0088,777004,0.008695650000000001,87793.9,True
arm_0088,777005,0.007216490000000001,66437.6,True
arm_0089,777001,0.00515464,51775.5,True
arm_0089,777002,0.007317070000000001,74194.5,True
arm_0089,777003,0.0034188000000000005,33554.9,True
arm_0089,777004,0.008695650000000001,87793.9,True
arm_0089,777005,0.007216490000000001,66437.6,True
arm_0090,777001,0.00515464,50782.7,True
arm_0090,777002,0.007317070000000001,68131.43870967742,True
arm_0090,777003,0.0034188000000000005,34807.895161290326,True
arm_0090,777004,0.008695650000000001,85925.9,True
arm_0090,777005,0.007216490000000001,68487.1064516129,True
arm_0091,777001,0.00515464,50782.7,True
arm_0091,777002,0.007317070000000001,68131.43870967742,True
arm_0091,777003,0.0034188000000000005,34807.895161290326,True
arm_0091,777004,0.008695650000000001,85925.9,True
arm_0091,777005,0.007216490000000001,68487.1064516129,True
arm_0092,777001,0.00515464,50782.7,True
arm_0092,777002,0.007317070000000001,68131.43870967742,True
arm_0092,777003,0.0034188000000000005,34807.895161290326,True
arm_0092,777004,0.008695650000000001,85925.9,True
arm_0092,777005,0.007216490000000001,68487.1064516129,True
arm_0093,777001,0.00515464,50782.7,True
arm_0093,777002,0.007317070000000001,68131.43870967742,True
arm_0093,777003,0.0034188000000000005,34807.895161290326,True
arm_0093,777004,0.008695650000000001,85925.9,True
arm_0093,777005,0.007216490000000001,68487.1064516129,True
arm_0094,777001,0.00515464,50782.7,True
arm_0094,777002,0.007317070000000001,68131.43870967742,True
arm_0094,777003,0.0034188000000000005,34807.895161290326,True
arm_0094,777004,0.008695650000000001,85925.9,True
arm_0094,777005,0.007216490000000001,68487.1064516129,True
arm_0095,777001,0.00515464,50782.7,True
arm_0095,777002,0.007317070000000001,68131.43870967742,True
arm_0095,777003,0.0034188000000000005,34807.895161290326,True
arm_0095,777004,0.008695650000000001,85925.9,True
arm_0095,777005,0.007216490000000001,68487.1064516129,True
arm_0096,777001,0.00515464,50782.7,True
arm_0096,777002,0.007317070000000001,68131.43870967742,True
arm_0096,777003,0.0034188000000000005,34807.895161290326,True
arm_0096,777004,0.008695650000000001,85925.9,True
arm_0096,777005,0.007216490000000001,68487.1064516129,True
arm_0097,777001,0.00515464,50782.7,True
arm_0097,777002,0.007317070000000001,68131.43870967742,True
arm_0097,777003,0.0034188000000000005,34807.895161290326,True
arm_0097,777004,0.008695650000000001,85925.9,True
arm_0097,777005,0.007216490000000001,68487.1064516129,True
arm_0098,777001,0.00515464,50782.7,True
arm_0098,777002,0.007317070000000001,68131.43870967742,True
arm_0098,777003,0.0034188000000000005,34807.895161290326,True
arm_0098,777004,0.008695650000000001,85925.9,True
arm_0098,777005,0.007216490000000001,68487.1064516129,True
arm_0099,777001,0.00515464,33295.15483870968,True
arm_0099,777002,0.007317070000000001,45149.63064516129,True
arm_0099,777003,0.0025641,15888.04193548387,True
arm_0099,777004,0.008695650000000001,74751.44677419355,True
arm_0099,777005,0.0061855700000000005,49431.57258064516,True
arm_0100,777001,0.00515464,33295.15483870968,True
arm_0100,777002,0.007317070000000001,45149.63064516129,True
arm_0100,777003,0.0025641,15888.04193548387,True
arm_0100,777004,0.008695650000000001,74751.44677419355,True
arm_0100,777005,0.0061855700000000005,49431.57258064516,True
arm_0101,777001,0.00515464,33295.15483870968,True
arm_0101,777002,0.007317070000000001,45149.63064516129,True
arm_0101,777003,0.0025641,15888.04193548387,True
arm_0101,777004,0.008695650000000001,74751.44677419355,True
arm_0101,777005,0.0061855700000000005,49431.57258064516,True
arm_0102,777001,0.00515464,33295.15483870968,True
arm_0102,777002,0.007317070000000001,45149.63064516129,True
arm_0102,777003,0.0025641,15888.04193548387,True
arm_0102,777004,0.008695650000000001,74751.44677419355,True
arm_0102,777005,0.0061855700000000005,49431.57258064516,True
arm_0103,777001,0.00515464,33295.15483870968,True
arm_0103,777002,0.007317070000000001,45149.63064516129,True
arm_0103,777003,0.0025641,15888.04193548387,True
arm_0103,777004,0.008695650000000001,74751.44677419355,True
arm_0103,777005,0.0061855700000000005,49431.57258064516,True
arm_0104,777001,0.00515464,33295.15483870968,True
arm_0104,777002,0.007317070000000001,45149.63064516129,True
arm_0104,777003,0.0025641,15888.04193548387,True
arm_0104,777004,0.008695650000000001,74751.44677419355,True
arm_0104,777005,0.0061855700000000005,49431.57258064516,True
arm_0105,777001,0.00515464,33295.15483870968,True
arm_0105,777002,0.007317070000000001,45149.63064516129,True
arm_0105,777003,0.0025641,15888.04193548387,True
arm_0105,777004,0.008695650000000001,74751.44677419355,True
arm_0105,777005,0.0061855700000000005,49431.57258064516,True
arm_0106,777001,0.00515464,33295.15483870968,True
arm_0106,777002,0.007317070000000001,45149.63064516129,True
arm_0106,777003,0.0025641,15888.04193548387,True
arm_0106,777004,0.008695650000000001,74751.44677419355,True
arm_0106,777005,0.0061855700000000005,49431.57258064516,True
arm_0107,777001,0.00515464,33295.15483870968,True
arm_0107,777002,0.007317070000000001,45149.63064516129,True
arm_0107,777003,0.0025641,15888.04193548387,True
arm_0107,777004,0.008695650000000001,74751.44677419355,True
arm_0107,777005,0.0061855700000000005,49431.57258064516,True
arm_0108,777001,0.00515464,39644.53548387097,True
arm_0108,777002,0.00721216677419355,36376.52903225806,True
arm_0108,777003,0.0034188000000000005,18472.56612903226,True
arm_0108,777004,0.008695650000000001,48099.319354838706,True
arm_0108,777005,0.007216490000000001,38382.0435483871,True
arm_0109,777001,0.00515464,39644.53548387097,True
arm_0109,777002,0.00721216677419355,36376.52903225806,True
arm_0109,777003,0.0034188000000000005,18472.56612903226,True
arm_0109,777004,0.008695650000000001,48099.319354838706,True
arm_0109,777005,0.007216490000000001,38382.0435483871,True
arm_0110,777001,0.00515464,39644.53548387097,True
arm_0110,777002,0.00721216677419355,36376.52903225806,True
arm_0110,777003,0.0034188000000000005,18472.56612903226,True
arm_0110,777004,0.008695650000000001,48099.319354838706,True
arm_0110,777005,0.007216490000000001,38382.0435483871,True
arm_0111,777001,0.00515464,39644.53548387097,True
arm_0111,777002,0.00721216677419355,36376.52903225806,True
arm_0111,777003,0.0034188000000000005,18472.56612903226,True
arm_0111,777004,0.008695650000000001,48099.319354838706,True
arm_0111,777005,0.007216490000000001,38382.0435483871,True
arm_0112,777001,0.00515464,39644.53548387097,True
arm_0112,777002,0.00721216677419355,36376.52903225806,True
arm_0112,777003,0.0034188000000000005,18472.56612903226,True
arm_0112,777004,0.008695650000000001,48099.319354838706,True
arm_0112,777005,0.007216490000000001,38382.0435483871,True
arm_0113,777001,0.00515464,39644.53548387097,True
arm_0113,777002,0.00721216677419355,36376.52903225806,True
arm_0113,777003,0.0034188000000000005,18472.56612903226,True
arm_0113,777004,0.008695650000000001,48099.319354838706,True
arm_0113,777005,0.007216490000000001,38382.0435483871,True
arm_0114,777001,0.00515464,39644.53548387097,True
arm_0114,777002,0.00721216677419355,36376.52903225806,True
arm_0114,777003,0.0034188000000000005,18472.56612903226,True
arm_0114,777004,0.008695650000000001,48099.319354838706,True
arm_0114,777005,0.007216490000000001,38382.0435483871,True
arm_0115,777001,0.00515464,39644.53548387097,True
arm_0115,777002,0.00721216677419355,36376.52903225806,True
arm_0115,777003,0.0034188000000000005,18472.56612903226,True
arm_0115,777004,0.008695650000000001,48099.319354838706,True
arm_0115,777005,0.007216490000000001,38382.0435483871,True
arm_0116,777001,0.00515464,39644.53548387097,True
arm_0116,777002,0.00721216677419355,36376.52903225806,True
arm_0116,777003,0.0034188000000000005,18472.56612903226,True
arm_0116,777004,0.008695650000000001,48099.319354838706,True
arm_0116,777005,0.007216490000000001,38382.0435483871,True
arm_0138,777001,0.00206186,14040.075806451612,True
arm_0138,777002,0.00243902,3584.2301612903225,False
arm_0138,777003,0.0008547010000000001,663.7464516129032,False
arm_0138,777004,0.003071531290322581,9260.809838709676,False
arm_0138,777005,0.00103093,864.6493548387095,False
arm_0162,777001,0.00515464,51775.5,True
arm_0162,777002,0.008130080000000001,94228.33064516129,True
arm_0162,777003,0.0034188000000000005,33554.9,True
arm_0162,777004,0.008695650000000001,87793.9,True
arm_0162,777005,0.007216490000000001,66437.6,True
arm_0163,777001,0.00515464,51775.5,True
arm_0163,777002,0.008130080000000001,94228.33064516129,True
arm_0163,777003,0.0034188000000000005,33554.9,True
arm_0163,777004,0.008695650000000001,87793.9,True
arm_0163,777005,0.007216490000000001,66437.6,True
arm_0164,777001,0.00515464,51775.5,True
arm_0164,777002,0.008130080000000001,94228.33064516129,True
arm_0164,777003,0.0034188000000000005,33554.9,True
arm_0164,777004,0.008695650000000001,87793.9,True
arm_0164,777005,0.007216490000000001,66437.6,True
arm_0165,777001,0.00515464,51775.5,True
arm_0165,777002,0.007317070000000001,74194.5,True
arm_0165,777003,0.0034188000000000005,33554.9,True
arm_0165,777004,0.008695650000000001,87793.9,True
arm_0165,777005,0.007216490000000001,66437.6,True
arm_0166,777001,0.00515464,51775.5,True
arm_0166,777002,0.008130080000000001,94228.33064516129,True
arm_0166,777003,0.0034188000000000005,33554.9,True
arm_0166,777004,0.008695650000000001,87793.9,True
arm_0166,777005,0.007216490000000001,66437.6,True
arm_0167,777001,0.00515464,51775.5,True
arm_0167,777002,0.008130080000000001,94228.33064516129,True
arm_0167,777003,0.0034188000000000005,33554.9,True
arm_0167,777004,0.008695650000000001,87793.9,True
arm_0167,777005,0.007216490000000001,66437.6,True
arm_0168,777001,0.00515464,51775.5,True
arm_0168,777002,0.007317070000000001,74194.5,True
arm_0168,777003,0.0034188000000000005,33554.9,True
arm_0168,777004,0.009172510967741937,87829.21612903227,True
arm_0168,777005,0.007216490000000001,66437.6,True
arm_0169,777001,0.00515464,51775.5,True
arm_0169,777002,0.008130080000000001,94228.33064516129,True
arm_0169,777003,0.0034188000000000005,33554.9,True
arm_0169,777004,0.009172510967741937,87829.21612903227,True
arm_0169,777005,0.007216490000000001,66437.6,True
arm_0170,777001,0.00515464,51775.5,True
arm_0170,777002,0.008130080000000001,94228.33064516129,True
arm_0170,777003,0.0034188000000000005,33554.9,True
arm_0170,777004,0.009172510967741937,87829.21612903227,True
arm_0170,777005,0.007216490000000001,66437.6,True
arm_0171,777001,0.00515464,50782.7,True
arm_0171,777002,0.008130080000000001,78902.59032258064,True
arm_0171,777003,0.0034188000000000005,34807.895161290326,True
arm_0171,777004,0.008695650000000001,85925.9,True
arm_0171,777005,0.007216490000000001,68487.1064516129,True
arm_0172,777001,0.00515464,50782.7,True
arm_0172,777002,0.008130080000000001,78902.59032258064,True
arm_0172,777003,0.0034188000000000005,34807.895161290326,True
arm_0172,777004,0.008695650000000001,85925.9,True
arm_0172,777005,0.007216490000000001,68487.1064516129,True
arm_0173,777001,0.00515464,50782.7,True
arm_0173,777002,0.008130080000000001,78902.59032258064,True
arm_0173,777003,0.0034188000000000005,34807.895161290326,True
arm_0173,777004,0.008695650000000001,85925.9,True
arm_0173,777005,0.007216490000000001,68487.1064516129,True
arm_0174,777001,0.00515464,50782.7,True
arm_0174,777002,0.007317070000000001,68131.43870967742,True
arm_0174,777003,0.0034188000000000005,34807.895161290326,True
arm_0174,777004,0.008695650000000001,85925.9,True
arm_0174,777005,0.007216490000000001,68487.1064516129,True
arm_0175,777001,0.00515464,50782.7,True
arm_0175,777002,0.008130080000000001,78902.59032258064,True
arm_0175,777003,0.0034188000000000005,34807.895161290326,True
arm_0175,777004,0.008695650000000001,85925.9,True
arm_0175,777005,0.007216490000000001,68487.1064516129,True
arm_0176,777001,0.00515464,50782.7,True
arm_0176,777002,0.008130080000000001,78902.59032258064,True
arm_0176,777003,0.0034188000000000005,34807.895161290326,True
arm_0176,777004,0.008695650000000001,85925.9,True
arm_0176,777005,0.007216490000000001,68487.1064516129,True
arm_0177,777001,0.00515464,50782.7,True
arm_0177,777002,0.007317070000000001,68131.43870967742,True
arm_0177,777003,0.0034188000000000005,34807.895161290326,True
arm_0177,777004,0.009172510967741937,85961.21612903227,True
arm_0177,777005,0.007216490000000001,68487.1064516129,True
arm_0178,777001,0.00515464,50782.7,True
arm_0178,777002,0.008130080000000001,78902.59032258064,True
arm_0178,777003,0.0034188000000000005,34807.895161290326,True
arm_0178,777004,0.009116409677419356,85957.06129032258,True
arm_0178,777005,0.007216490000000001,68487.1064516129,True
arm_0179,777001,0.00515464,50782.7,True
arm_0179,777002,0.008130080000000001,78902.59032258064,True
arm_0179,777003,0.0034188000000000005,34807.895161290326,True
arm_0179,777004,0.009116409677419356,85957.06129032258,True
arm_0179,777005,0.007216490000000001,68487.1064516129,True
arm_0181,777001,0.00515464,33295.15483870968,True
arm_0181,777002,0.008130080000000001,46966.02741935483,True
arm_0181,777003,0.0025641,15888.04193548387,True
arm_0181,777004,0.008695650000000001,74751.44677419355,True
arm_0181,777005,0.0061855700000000005,49431.57258064516,True
arm_0182,777001,0.00515464,33295.15483870968,True
arm_0182,777002,0.008130080000000001,46966.02741935483,True
arm_0182,777003,0.0025641,15888.04193548387,True
arm_0182,777004,0.008695650000000001,74751.44677419355,True
arm_0182,777005,0.0061855700000000005,49431.57258064516,True
arm_0183,777001,0.00515464,33295.15483870968,True
arm_0183,777002,0.007317070000000001,45149.63064516129,True
arm_0183,777003,0.0025641,15888.04193548387,True
arm_0183,777004,0.008695650000000001,74751.44677419355,True
arm_0183,777005,0.0061855700000000005,49431.57258064516,True
arm_0184,777001,0.00515464,33295.15483870968,True
arm_0184,777002,0.008130080000000001,46966.02741935483,True
arm_0184,777003,0.0025641,15888.04193548387,True
arm_0184,777004,0.008695650000000001,74751.44677419355,True
arm_0184,777005,0.0061855700000000005,49431.57258064516,True
arm_0185,777001,0.00515464,33295.15483870968,True
arm_0185,777002,0.008130080000000001,46966.02741935483,True
arm_0185,777003,0.0025641,15888.04193548387,True
arm_0185,777004,0.008695650000000001,74751.44677419355,True
arm_0185,777005,0.0061855700000000005,49431.57258064516,True
arm_0186,777001,0.00515464,33295.15483870968,True
arm_0186,777002,0.007317070000000001,45149.63064516129,True
arm_0186,777003,0.0025641,15888.04193548387,True
arm_0186,777004,0.009172510967741937,74786.76935483872,True
arm_0186,777005,0.0061855700000000005,49431.57258064516,True
arm_0187,777001,0.00515464,33295.15483870968,True
arm_0187,777002,0.008130080000000001,46966.02741935483,True
arm_0187,777003,0.0025641,15888.04193548387,True
arm_0187,777004,0.009172510967741937,74786.76935483872,True
arm_0187,777005,0.0061855700000000005,49431.57258064516,True
arm_0188,777001,0.00515464,33295.15483870968,True
arm_0188,777002,0.008130080000000001,46966.02741935483,True
arm_0188,777003,0.0025641,15888.04193548387,True
arm_0188,777004,0.009172510967741937,74786.76935483872,True
arm_0188,777005,0.0061855700000000005,49431.57258064516,True
arm_0189,777001,0.00515464,39644.53548387097,True
arm_0189,777002,0.00721216677419355,36376.52903225806,True
arm_0189,777003,0.0034188000000000005,18472.56612903226,True
arm_0189,777004,0.008695650000000001,48099.319354838706,True
arm_0189,777005,0.007216490000000001,38382.0435483871,True
arm_0191,777001,0.00515464,39644.53548387097,True
arm_0191,777002,0.00721216677419355,36376.52903225806,True
arm_0191,777003,0.0034188000000000005,18472.56612903226,True
arm_0191,777004,0.008695650000000001,48099.319354838706,True
arm_0191,777005,0.007216490000000001,38382.0435483871,True
arm_0193,777001,0.00515464,39644.53548387097,True
arm_0193,777002,0.00721216677419355,36376.52903225806,True
arm_0193,777003,0.0034188000000000005,18472.56612903226,True
arm_0193,777004,0.008695650000000001,48099.319354838706,True
arm_0193,777005,0.007216490000000001,38382.0435483871,True
arm_0194,777001,0.00515464,39644.53548387097,True
arm_0194,777002,0.00721216677419355,36376.52903225806,True
arm_0194,777003,0.0034188000000000005,18472.56612903226,True
arm_0194,777004,0.008695650000000001,48099.319354838706,True
arm_0194,777005,0.007216490000000001,38382.0435483871,True
arm_0195,777001,0.00515464,39644.53548387097,True
arm_0195,777002,0.00721216677419355,36376.52903225806,True
arm_0195,777003,0.0034188000000000005,18472.56612903226,True
arm_0195,777004,0.008695650000000001,48099.319354838706,True
arm_0195,777005,0.007216490000000001,38382.0435483871,True
arm_0196,777001,0.00515464,39644.53548387097,True
arm_0196,777002,0.00721216677419355,36376.52903225806,True
arm_0196,777003,0.0034188000000000005,18472.56612903226,True
arm_0196,777004,0.008695650000000001,48099.319354838706,True
arm_0196,777005,0.007216490000000001,38382.0435483871,True
arm_0197,777001,0.00515464,39644.53548387097,True
arm_0197,777002,0.00721216677419355,36376.52903225806,True
arm_0197,777003,0.0034188000000000005,18472.56612903226,True
arm_0197,777004,0.008695650000000001,48099.319354838706,True
arm_0197,777005,0.007216490000000001,38382.0435483871,True
arm_0216,777001,0.00206186,14040.075806451612,True
arm_0216,777002,0.00243902,3584.2301612903225,False
arm_0216,777003,0.0008547010000000001,663.7464516129032,False
arm_0216,777004,0.003071531290322581,9260.809838709676,False
arm_0216,777005,0.00103093,864.6493548387095,False
arm_0223,777001,0.00206186,14040.075806451612,True
arm_0223,777002,0.00243902,3584.2301612903225,False
arm_0223,777003,0.0008547010000000001,663.7464516129032,False
arm_0223,777004,0.003071531290322581,9260.809838709676,False
arm_0223,777005,0.00103093,864.6493548387095,False
arm_0243,777001,0.00515464,28530.956451612903,True
arm_0243,777002,0.007317070000000001,60448.16935483871,True
arm_0243,777003,0.0025641,16092.266129032258,True
arm_0243,777004,0.008695650000000001,63031.53064516129,True
arm_0243,777005,0.007216490000000001,59509.290322580644,True
arm_0244,777001,0.00515464,28530.956451612903,True
arm_0244,777002,0.007317070000000001,60448.16935483871,True
arm_0244,777003,0.0025641,16092.266129032258,True
arm_0244,777004,0.008695650000000001,63031.53064516129,True
arm_0244,777005,0.007216490000000001,59509.290322580644,True
arm_0245,777001,0.00515464,28530.956451612903,True
arm_0245,777002,0.007317070000000001,60448.16935483871,True
arm_0245,777003,0.0025641,16092.266129032258,True
arm_0245,777004,0.008695650000000001,63031.53064516129,True
arm_0245,777005,0.007216490000000001,59509.290322580644,True
arm_0246,777001,0.00515464,28530.956451612903,True
arm_0246,777002,0.007317070000000001,60448.16935483871,True
arm_0246,777003,0.0025641,16092.266129032258,True
arm_0246,777004,0.008695650000000001,63031.53064516129,True
arm_0246,777005,0.007216490000000001,59509.290322580644,True
arm_0247,777001,0.00515464,28530.956451612903,True
arm_0247,777002,0.007317070000000001,60448.16935483871,True
arm_0247,777003,0.0025641,16092.266129032258,True
arm_0247,777004,0.009565220000000001,63238.26612903226,True
arm_0247,777005,0.007216490000000001,59509.290322580644,True
arm_0248,777001,0.00515464,28530.956451612903,True
arm_0248,777002,0.007317070000000001,60448.16935483871,True
arm_0248,777003,0.0025641,16092.266129032258,True
arm_0248,777004,0.009565220000000001,63238.26612903226,True
arm_0248,777005,0.007216490000000001,59509.290322580644,True
arm_0249,777001,0.00515464,28530.956451612903,True
arm_0249,777002,0.007317070000000001,60448.16935483871,True
arm_0249,777003,0.0025641,16092.266129032258,True
arm_0249,777004,0.008695650000000001,63031.53064516129,True
arm_0249,777005,0.007216490000000001,59509.290322580644,True
arm_0250,777001,0.00515464,28530.956451612903,True
arm_0250,777002,0.007317070000000001,60448.16935483871,True
arm_0250,777003,0.0025641,16092.266129032258,True
arm_0250,777004,0.008695650000000001,63031.53064516129,True
arm_0250,777005,0.007216490000000001,59509.290322580644,True
arm_0251,777001,0.00515464,28530.956451612903,True
arm_0251,777002,0.007317070000000001,60448.16935483871,True
arm_0251,777003,0.0025641,16092.266129032258,True
arm_0251,777004,0.009565220000000001,63238.26612903226,True
arm_0251,777005,0.007216490000000001,59509.290322580644,True
arm_0324,777001,0.00515464,28530.956451612903,True
arm_0324,777002,0.007317070000000001,60448.16935483871,True
arm_0324,777003,0.0025641,16092.266129032258,True
arm_0324,777004,0.008695650000000001,63031.53064516129,True
arm_0324,777005,0.007216490000000001,59509.290322580644,True
arm_0325,777001,0.00515464,28530.956451612903,True
arm_0325,777002,0.007317070000000001,60448.16935483871,True
arm_0325,777003,0.0025641,16092.266129032258,True
arm_0325,777004,0.008695650000000001,63031.53064516129,True
arm_0325,777005,0.007216490000000001,59509.290322580644,True
arm_0326,777001,0.00515464,28530.956451612903,True
arm_0326,777002,0.007317070000000001,60448.16935483871,True
arm_0326,777003,0.0025641,16092.266129032258,True
arm_0326,777004,0.008695650000000001,63031.53064516129,True
arm_0326,777005,0.007216490000000001,59509.290322580644,True
arm_0327,777001,0.00515464,28530.956451612903,True
arm_0327,777002,0.007317070000000001,60448.16935483871,True
arm_0327,777003,0.0025641,16092.266129032258,True
arm_0327,777004,0.008695650000000001,63031.53064516129,True
arm_0327,777005,0.007216490000000001,59509.290322580644,True
arm_0328,777001,0.00515464,28530.956451612903,True
arm_0328,777002,0.007317070000000001,60448.16935483871,True
arm_0328,777003,0.0025641,16092.266129032258,True
arm_0328,777004,0.009565220000000001,63238.26612903226,True
arm_0328,777005,0.007216490000000001,59509.290322580644,True
arm_0330,777001,0.00515464,28530.956451612903,True
arm_0330,777002,0.007317070000000001,60448.16935483871,True
arm_0330,777003,0.0025641,16092.266129032258,True
arm_0330,777004,0.008695650000000001,63031.53064516129,True
arm_0330,777005,0.007216490000000001,59509.290322580644,True
arm_0331,777001,0.00515464,28530.956451612903,True
arm_0331,777002,0.007317070000000001,60448.16935483871,True
arm_0331,777003,0.0025641,16092.266129032258,True
arm_0331,777004,0.008695650000000001,63031.53064516129,True
arm_0331,777005,0.007216490000000001,59509.290322580644,True
arm_0332,777001,0.00515464,28530.956451612903,True
arm_0332,777002,0.007317070000000001,60448.16935483871,True
arm_0332,777003,0.0025641,16092.266129032258,True
arm_0332,777004,0.009565220000000001,63238.26612903226,True
arm_0332,777005,0.007216490000000001,59509.290322580644,True
arm_0405,777001,0.00515464,28530.956451612903,True
arm_0405,777002,0.007317070000000001,60448.16935483871,True
arm_0405,777003,0.0025641,16092.266129032258,True
arm_0405,777004,0.008695650000000001,63031.53064516129,True
arm_0405,777005,0.007216490000000001,59509.290322580644,True
arm_0406,777001,0.00515464,28530.956451612903,True
arm_0406,777002,0.007317070000000001,60448.16935483871,True
arm_0406,777003,0.0025641,16092.266129032258,True
arm_0406,777004,0.008695650000000001,63031.53064516129,True
arm_0406,777005,0.007216490000000001,59509.290322580644,True
arm_0407,777001,0.00515464,28530.956451612903,True
arm_0407,777002,0.007317070000000001,60448.16935483871,True
arm_0407,777003,0.0025641,16092.266129032258,True
arm_0407,777004,0.008695650000000001,63031.53064516129,True
arm_0407,777005,0.007216490000000001,59509.290322580644,True
arm_0408,777001,0.00515464,28530.956451612903,True
arm_0408,777002,0.007317070000000001,60448.16935483871,True
arm_0408,777003,0.0025641,16092.266129032258,True
arm_0408,777004,0.008695650000000001,63031.53064516129,True
arm_0408,777005,0.007216490000000001,59509.290322580644,True
arm_0409,777001,0.00515464,28530.956451612903,True
arm_0409,777002,0.007317070000000001,60448.16935483871,True
arm_0409,777003,0.0025641,16092.266129032258,True
arm_0409,777004,0.009565220000000001,63238.26612903226,True
arm_0409,777005,0.007216490000000001,59509.290322580644,True
arm_0410,777001,0.00515464,28530.956451612903,True
arm_0410,777002,0.007317070000000001,60448.16935483871,True
arm_0410,777003,0.0025641,16092.266129032258,True
arm_0410,777004,0.009565220000000001,63238.26612903226,True
arm_0410,777005,0.007216490000000001,59509.290322580644,True
arm_0411,777001,0.00515464,28530.956451612903,True
arm_0411,777002,0.007317070000000001,60448.16935483871,True
arm_0411,777003,0.0025641,16092.266129032258,True
arm_0411,777004,0.008695650000000001,63031.53064516129,True
arm_0411,777005,0.007216490000000001,59509.290322580644,True
arm_0412,777001,0.00515464,28530.956451612903,True
arm_0412,777002,0.007317070000000001,60448.16935483871,True
arm_0412,777003,0.0025641,16092.266129032258,True
arm_0412,777004,0.008695650000000001,63031.53064516129,True
arm_0412,777005,0.007216490000000001,59509.290322580644,True
arm_0413,777001,0.00515464,28530.956451612903,True
arm_0413,777002,0.007317070000000001,60448.16935483871,True
arm_0413,777003,0.0025641,16092.266129032258,True
arm_0413,777004,0.009565220000000001,63238.26612903226,True
arm_0413,777005,0.007216490000000001,59509.290322580644,True
arm_0492,777001,0.00515464,7089.63064516129,False
arm_0492,777002,0.00569106,6733.300161290323,False
arm_0492,777003,0.0013096214354838711,1034.4221129032258,False
arm_0492,777004,0.004978963387096774,8898.238225806452,False
arm_0492,777005,0.00515464,2809.496129032258,False
arm_0493,777001,0.00515464,7089.63064516129,False
arm_0493,777002,0.00569106,6733.300161290323,False
arm_0493,777003,0.0013096214354838711,1034.4221129032258,False
arm_0493,777004,0.004978963387096774,8898.238225806452,False
arm_0493,777005,0.00515464,2809.496129032258,False
arm_0494,777001,0.00515464,7089.63064516129,False
arm_0494,777002,0.00569106,6733.300161290323,False
arm_0494,777003,0.0013096214354838711,1034.4221129032258,False
arm_0494,777004,0.004978963387096774,8898.238225806452,False
arm_0494,777005,0.00515464,2809.496129032258,False
arm_0568,777001,0.00515464,7089.63064516129,False
arm_0568,777002,0.00569106,6733.300161290323,False
arm_0568,777003,0.0013096214354838711,1034.4221129032258,False
arm_0568,777004,0.004978963387096774,8898.238225806452,False
arm_0568,777005,0.00515464,2809.496129032258,False
arm_0569,777001,0.00515464,7089.63064516129,False
arm_0569,777002,0.00569106,6733.300161290323,False
arm_0569,777003,0.0013096214354838711,1034.4221129032258,False
arm_0569,777004,0.004978963387096774,8898.238225806452,False
arm_0569,777005,0.00515464,2809.496129032258,False
arm_0571,777001,0.00515464,7089.63064516129,False
arm_0571,777002,0.00569106,6733.300161290323,False
arm_0571,777003,0.0013096214354838711,1034.4221129032258,False
arm_0571,777004,0.004978963387096774,8898.238225806452,False
arm_0571,777005,0.00515464,2809.496129032258,False
arm_0574,777001,0.00515464,7089.63064516129,False
arm_0574,777002,0.00569106,6733.300161290323,False
arm_0574,777003,0.0013096214354838711,1034.4221129032258,False
arm_0574,777004,0.004978963387096774,8898.238225806452,False
arm_0574,777005,0.00515464,2809.496129032258,False
arm_0575,777001,0.00515464,7089.63064516129,False
arm_0575,777002,0.00569106,6733.300161290323,False
arm_0575,777003,0.0013096214354838711,1034.4221129032258,False
arm_0575,777004,0.004978963387096774,8898.238225806452,False
arm_0575,777005,0.00515464,2809.496129032258,False
arm_0648,777001,0.00515464,7089.63064516129,False
arm_0648,777002,0.00569106,6733.300161290323,False
arm_0648,777003,0.0013096214354838711,1034.4221129032258,False
arm_0648,777004,0.004978963387096774,8898.238225806452,False
arm_0648,777005,0.00515464,2809.496129032258,False
arm_0651,777001,0.00515464,7089.63064516129,False
arm_0651,777002,0.00569106,6733.300161290323,False
arm_0651,777003,0.0013096214354838711,1034.4221129032258,False
arm_0651,777004,0.004978963387096774,8898.238225806452,False
arm_0651,777005,0.00515464,2809.496129032258,False
arm_0654,777001,0.00515464,7089.63064516129,False
arm_0654,777002,0.00569106,6733.300161290323,False
arm_0654,777003,0.0013096214354838711,1034.4221129032258,False
arm_0654,777004,0.004978963387096774,8898.238225806452,False
arm_0654,777005,0.00515464,2809.496129032258,False
arm_0729,777001,0.0061855700000000005,52066.18709677419,True
arm_0729,777002,0.007317070000000001,74194.5,True
arm_0729,777003,0.0034188000000000005,33554.9,True
arm_0729,777004,0.010485533927419357,87941.06129032258,False
arm_0729,777005,0.007216490000000001,66437.6,True
arm_0730,777001,0.0061855700000000005,52066.18709677419,True
arm_0730,777002,0.007317070000000001,74194.5,True
arm_0730,777003,0.0034188000000000005,33554.9,True
arm_0730,777004,0.010485533927419357,87941.06129032258,False
arm_0730,777005,0.007216490000000001,66437.6,True
arm_0731,777001,0.0061855700000000005,52066.18709677419,True
arm_0731,777002,0.007317070000000001,74194.5,True
arm_0731,777003,0.0034188000000000005,33554.9,True
arm_0731,777004,0.010485533927419357,87941.06129032258,False
arm_0731,777005,0.007216490000000001,66437.6,True
arm_0732,777001,0.00515464,51775.5,True
arm_0732,777002,0.007317070000000001,74194.5,True
arm_0732,777003,0.0034188000000000005,33554.9,True
arm_0732,777004,0.010485533927419357,87941.06129032258,False
arm_0732,777005,0.007216490000000001,66437.6,True
arm_0733,777001,0.0061855700000000005,52066.18709677419,True
arm_0733,777002,0.007317070000000001,74194.5,True
arm_0733,777003,0.0034188000000000005,33554.9,True
arm_0733,777004,0.010485533927419357,87941.06129032258,False
arm_0733,777005,0.007216490000000001,66437.6,True
arm_0734,777001,0.0061855700000000005,52066.18709677419,True
arm_0734,777002,0.007317070000000001,74194.5,True
arm_0734,777003,0.0034188000000000005,33554.9,True
arm_0734,777004,0.010485533927419357,87941.06129032258,False
arm_0734,777005,0.007216490000000001,66437.6,True
arm_0735,777001,0.00515464,51775.5,True
arm_0735,777002,0.007317070000000001,74194.5,True
arm_0735,777003,0.0034188000000000005,33554.9,True
arm_0735,777004,0.010485533927419357,87941.06129032258,False
arm_0735,777005,0.007216490000000001,66437.6,True
arm_0736,777001,0.0061855700000000005,52066.18709677419,True
arm_0736,777002,0.007317070000000001,74194.5,True
arm_0736,777003,0.0034188000000000005,33554.9,True
arm_0736,777004,0.010485533927419357,87941.06129032258,False
arm_0736,777005,0.007216490000000001,66437.6,True
arm_0737,777001,0.0061855700000000005,52066.18709677419,True
arm_0737,777002,0.007317070000000001,74194.5,True
arm_0737,777003,0.0034188000000000005,33554.9,True
arm_0737,777004,0.010485533927419357,87941.06129032258,False
arm_0737,777005,0.007216490000000001,66437.6,True
arm_0738,777001,0.005387430645161291,50799.95161290323,True
arm_0738,777002,0.007317070000000001,68131.43870967742,True
arm_0738,777003,0.0034188000000000005,34807.895161290326,True
arm_0738,777004,0.010485533927419357,86073.09516129033,False
arm_0738,777005,0.007216490000000001,68487.1064516129,True
arm_0739,777001,0.005387430645161291,50799.95161290323,True
arm_0739,777002,0.007317070000000001,68131.43870967742,True
arm_0739,777003,0.0034188000000000005,34807.895161290326,True
arm_0739,777004,0.010485533927419357,86073.09516129033,False
arm_0739,777005,0.007216490000000001,68487.1064516129,True
arm_0740,777001,0.005387430645161291,50799.95161290323,True
arm_0740,777002,0.007317070000000001,68131.43870967742,True
arm_0740,777003,0.0034188000000000005,34807.895161290326,True
arm_0740,777004,0.010485533927419357,86073.09516129033,False
arm_0740,777005,0.007216490000000001,68487.1064516129,True
arm_0741,777001,0.00515464,50782.7,True
arm_0741,777002,0.007317070000000001,68131.43870967742,True
arm_0741,777003,0.0034188000000000005,34807.895161290326,True
arm_0741,777004,0.010485533927419357,86073.09516129033,False
arm_0741,777005,0.007216490000000001,68487.1064516129,True
arm_0742,777001,0.005387430645161291,50799.95161290323,True
arm_0742,777002,0.007317070000000001,68131.43870967742,True
arm_0742,777003,0.0034188000000000005,34807.895161290326,True
arm_0742,777004,0.010485533927419357,86073.09516129033,False
arm_0742,777005,0.007216490000000001,68487.1064516129,True
arm_0743,777001,0.005387430645161291,50799.95161290323,True
arm_0743,777002,0.007317070000000001,68131.43870967742,True
arm_0743,777003,0.0034188000000000005,34807.895161290326,True
arm_0743,777004,0.010485533927419357,86073.09516129033,False
arm_0743,777005,0.007216490000000001,68487.1064516129,True
arm_0744,777001,0.00515464,50782.7,True
arm_0744,777002,0.007317070000000001,68131.43870967742,True
arm_0744,777003,0.0034188000000000005,34807.895161290326,True
arm_0744,777004,0.010485533927419357,86073.09516129033,False
arm_0744,777005,0.007216490000000001,68487.1064516129,True
arm_0745,777001,0.005387430645161291,50799.95161290323,True
arm_0745,777002,0.007317070000000001,68131.43870967742,True
arm_0745,777003,0.0034188000000000005,34807.895161290326,True
arm_0745,777004,0.010485533927419357,86073.09516129033,False
arm_0745,777005,0.007216490000000001,68487.1064516129,True
arm_0746,777001,0.005387430645161291,50799.95161290323,True
arm_0746,777002,0.007317070000000001,68131.43870967742,True
arm_0746,777003,0.0034188000000000005,34807.895161290326,True
arm_0746,777004,0.010485533927419357,86073.09516129033,False
arm_0746,777005,0.007216490000000001,68487.1064516129,True
arm_0747,777001,0.00515464,33295.15483870968,True
arm_0747,777002,0.007317070000000001,45149.63064516129,True
arm_0747,777003,0.0025641,15888.04193548387,True
arm_0747,777004,0.010485533927419357,74898.62258064515,False
arm_0747,777005,0.0061855700000000005,49431.57258064516,True
arm_0748,777001,0.00515464,33295.15483870968,True
arm_0748,777002,0.007317070000000001,45149.63064516129,True
arm_0748,777003,0.0025641,15888.04193548387,True
arm_0748,777004,0.01020637802419355,74874.29032258065,False
arm_0748,777005,0.0061855700000000005,49431.57258064516,True
arm_0749,777001,0.00515464,33295.15483870968,True
arm_0749,777002,0.007317070000000001,45149.63064516129,True
arm_0749,777003,0.0025641,15888.04193548387,True
arm_0749,777004,0.01020637802419355,74874.29032258065,False
arm_0749,777005,0.0061855700000000005,49431.57258064516,True
arm_0750,777001,0.00515464,33295.15483870968,True
arm_0750,777002,0.007317070000000001,45149.63064516129,True
arm_0750,777003,0.0025641,15888.04193548387,True
arm_0750,777004,0.010485533927419357,74898.62258064515,False
arm_0750,777005,0.0061855700000000005,49431.57258064516,True
arm_0751,777001,0.00515464,33295.15483870968,True
arm_0751,777002,0.007317070000000001,45149.63064516129,True
arm_0751,777003,0.0025641,15888.04193548387,True
arm_0751,777004,0.012437516056451613,75259.49838709678,False
arm_0751,777005,0.0061855700000000005,49431.57258064516,True
arm_0753,777001,0.00515464,33295.15483870968,True
arm_0753,777002,0.007317070000000001,45149.63064516129,True
arm_0753,777003,0.003092524983870968,16056.124193548387,True
arm_0753,777004,0.010485533927419357,74898.62258064515,False
arm_0753,777005,0.0061855700000000005,49431.57258064516,True
arm_0754,777001,0.00515464,33295.15483870968,True
arm_0754,777002,0.007317070000000001,45149.63064516129,True
arm_0754,777003,0.0029215639596774194,15998.564516129032,True
arm_0754,777004,0.011503632653225807,75088.37580645162,False
arm_0754,777005,0.0061855700000000005,49431.57258064516,True
arm_0755,777001,0.00515464,33295.15483870968,True
arm_0755,777002,0.007317070000000001,45149.63064516129,True
arm_0755,777003,0.0029215639596774194,15998.564516129032,True
arm_0755,777004,0.012437516056451613,75259.49838709678,False
arm_0755,777005,0.0061855700000000005,49431.57258064516,True
arm_0756,777001,0.00515464,39644.53548387097,True
arm_0756,777002,0.00721216677419355,36376.52903225806,True
arm_0756,777003,0.0034188000000000005,18472.56612903226,True
arm_0756,777004,0.008695650000000001,48099.319354838706,True
arm_0756,777005,0.007216490000000001,38382.0435483871,True
arm_0758,777001,0.005395505040322581,39780.14032258065,True
arm_0758,777002,0.00721216677419355,36376.52903225806,True
arm_0758,777003,0.0034188000000000005,18472.56612903226,True
arm_0758,777004,0.008695650000000001,48099.319354838706,True
arm_0758,777005,0.007216490000000001,38382.0435483871,True
arm_0759,777001,0.00515464,39644.53548387097,True
arm_0759,777002,0.00721216677419355,36376.52903225806,True
arm_0759,777003,0.0034188000000000005,18472.56612903226,True
arm_0759,777004,0.008695650000000001,48099.319354838706,True
arm_0759,777005,0.00824742,38709.67741935484,True
arm_0760,777001,0.00515464,39644.53548387097,True
arm_0760,777002,0.00721216677419355,36376.52903225806,True
arm_0760,777003,0.0034188000000000005,18472.56612903226,True
arm_0760,777004,0.008695650000000001,48099.319354838706,True
arm_0760,777005,0.00824742,38709.67741935484,True
arm_0761,777001,0.005395505040322581,39780.14032258065,True
arm_0761,777002,0.00721216677419355,36376.52903225806,True
arm_0761,777003,0.0034188000000000005,18472.56612903226,True
arm_0761,777004,0.008695650000000001,48099.319354838706,True
arm_0761,777005,0.00824742,38709.67741935484,True
arm_0762,777001,0.00515464,39644.53548387097,True
arm_0762,777002,0.00721216677419355,36376.52903225806,True
arm_0762,777003,0.0034188000000000005,18472.56612903226,True
arm_0762,777004,0.008695650000000001,48099.319354838706,True
arm_0762,777005,0.007216490000000001,38382.0435483871,True
arm_0763,777001,0.0052672926370967744,39652.87903225807,True
arm_0763,777002,0.00721216677419355,36376.52903225806,True
arm_0763,777003,0.00419589556451613,18540.48709677419,True
arm_0763,777004,0.008695650000000001,48099.319354838706,True
arm_0763,777005,0.00824742,38709.67741935484,True
arm_0764,777001,0.0052672926370967744,39652.87903225807,True
arm_0764,777002,0.00721216677419355,36376.52903225806,True
arm_0764,777003,0.00419589556451613,18540.48709677419,True
arm_0764,777004,0.008695650000000001,48099.319354838706,True
arm_0764,777005,0.00824742,38709.67741935484,True
arm_0773,777001,0.002174512637096774,802.7870161290323,False
arm_0773,777002,0.000813008,684.7918064516128,False
arm_0773,777003,0.0016317965645161292,1241.2229516129032,False
arm_0773,777004,0.0030434803225806452,1750.558677419355,False
arm_0773,777005,0.0004822091935483871,50.49943548387096,False
arm_0783,777001,0.00206186,14040.075806451612,True
arm_0783,777002,0.00243902,3584.2301612903225,False
arm_0783,777003,0.0008547010000000001,663.7464516129032,False
arm_0783,777004,0.003071531290322581,9260.809838709676,False
arm_0783,777005,0.00103093,864.6493548387095,False
arm_0784,777001,0.00206186,14040.075806451612,True
arm_0784,777002,0.00243902,3584.2301612903225,False
arm_0784,777003,0.0008547010000000001,663.7464516129032,False
arm_0784,777004,0.003941094677419355,10563.605806451615,True
arm_0784,777005,0.00103093,864.6493548387095,False
arm_0788,777001,0.00206186,14040.075806451612,True
arm_0788,777002,0.00243902,3584.2301612903225,False
arm_0788,777003,0.0008547010000000001,663.7464516129032,False
arm_0788,777004,0.003941094677419355,10563.605806451615,True
arm_0788,777005,0.00103093,864.6493548387095,False
arm_0790,777001,0.00206186,14040.075806451612,True
arm_0790,777002,0.00243902,3584.2301612903225,False
arm_0790,777003,0.0008547010000000001,663.7464516129032,False
arm_0790,777004,0.003071531290322581,9260.809838709676,False
arm_0790,777005,0.00103093,864.6493548387095,False
arm_0810,777001,0.00515464,51775.5,True
arm_0810,777002,0.007317070000000001,74194.5,True
arm_0810,777003,0.0034188000000000005,33554.9,True
arm_0810,777004,0.008695650000000001,87793.9,True
arm_0810,777005,0.007216490000000001,66437.6,True
arm_0811,777001,0.00515464,51775.5,True
arm_0811,777002,0.007317070000000001,74194.5,True
arm_0811,777003,0.0034188000000000005,33554.9,True
arm_0811,777004,0.008695650000000001,87793.9,True
arm_0811,777005,0.007216490000000001,66437.6,True
arm_0812,777001,0.00515464,51775.5,True
arm_0812,777002,0.007317070000000001,74194.5,True
arm_0812,777003,0.0034188000000000005,33554.9,True
arm_0812,777004,0.008695650000000001,87793.9,True
arm_0812,777005,0.007216490000000001,66437.6,True
arm_0813,777001,0.00515464,51775.5,True
arm_0813,777002,0.007317070000000001,74194.5,True
arm_0813,777003,0.0034188000000000005,33554.9,True
arm_0813,777004,0.008695650000000001,87793.9,True
arm_0813,777005,0.007216490000000001,66437.6,True
arm_0814,777001,0.00515464,51775.5,True
arm_0814,777002,0.007317070000000001,74194.5,True
arm_0814,777003,0.0034188000000000005,33554.9,True
arm_0814,777004,0.008695650000000001,87793.9,True
arm_0814,777005,0.007216490000000001,66437.6,True
arm_0815,777001,0.00515464,51775.5,True
arm_0815,777002,0.008130080000000001,78898.69838709677,True
arm_0815,777003,0.0034188000000000005,33554.9,True
arm_0815,777004,0.008695650000000001,87793.9,True
arm_0815,777005,0.007216490000000001,66437.6,True
arm_0816,777001,0.00515464,51775.5,True
arm_0816,777002,0.007350750177419356,74196.99677419354,True
arm_0816,777003,0.0034188000000000005,33554.9,True
arm_0816,777004,0.008695650000000001,87793.9,True
arm_0816,777005,0.007216490000000001,66437.6,True
arm_0817,777001,0.00515464,51775.5,True
arm_0817,777002,0.007350750177419356,74196.99677419354,True
arm_0817,777003,0.0042735,34083.891935483865,True
arm_0817,777004,0.008695650000000001,87793.9,True
arm_0817,777005,0.007216490000000001,66437.6,True
arm_0818,777001,0.00515464,51775.5,True
arm_0818,777002,0.007350750177419356,74196.99677419354,True
arm_0818,777003,0.0042735,34110.44193548387,True
arm_0818,777004,0.008695650000000001,87793.9,True
arm_0818,777005,0.007405830548387097,66451.61290322582,True
arm_0819,777001,0.00515464,50782.7,True
arm_0819,777002,0.007317070000000001,68131.43870967742,True
arm_0819,777003,0.0034188000000000005,34807.895161290326,True
arm_0819,777004,0.008695650000000001,85925.9,True
arm_0819,777005,0.007216490000000001,68487.1064516129,True
arm_0820,777001,0.00515464,50782.7,True
arm_0820,777002,0.007317070000000001,68131.43870967742,True
arm_0820,777003,0.0034188000000000005,34807.895161290326,True
arm_0820,777004,0.008695650000000001,85925.9,True
arm_0820,777005,0.007216490000000001,68487.1064516129,True
arm_0821,777001,0.00515464,50782.7,True
arm_0821,777002,0.007317070000000001,68131.43870967742,True
arm_0821,777003,0.0034188000000000005,34807.895161290326,True
arm_0821,777004,0.008695650000000001,85925.9,True
arm_0821,777005,0.007216490000000001,68487.1064516129,True
arm_0822,777001,0.00515464,50782.7,True
arm_0822,777002,0.007317070000000001,68131.43870967742,True
arm_0822,777003,0.0034188000000000005,34807.895161290326,True
arm_0822,777004,0.008695650000000001,85925.9,True
arm_0822,777005,0.007216490000000001,68487.1064516129,True
arm_0823,777001,0.00515464,50782.7,True
arm_0823,777002,0.007317070000000001,68131.43870967742,True
arm_0823,777003,0.0034188000000000005,34807.895161290326,True
arm_0823,777004,0.008695650000000001,85925.9,True
arm_0823,777005,0.007216490000000001,68487.1064516129,True
arm_0824,777001,0.00515464,50782.7,True
arm_0824,777002,0.008130080000000001,70260.6064516129,True
arm_0824,777003,0.0034188000000000005,34807.895161290326,True
arm_0824,777004,0.008695650000000001,85925.9,True
arm_0824,777005,0.007216490000000001,68487.1064516129,True
arm_0825,777001,0.00515464,50782.7,True
arm_0825,777002,0.007350750177419356,68133.93387096775,True
arm_0825,777003,0.0034188000000000005,34807.895161290326,True
arm_0825,777004,0.008695650000000001,85925.9,True
arm_0825,777005,0.007216490000000001,68487.1064516129,True
arm_0826,777001,0.00515464,50782.7,True
arm_0826,777002,0.007350750177419356,68133.93387096775,True
arm_0826,777003,0.0042735,35449.15967741935,True
arm_0826,777004,0.008695650000000001,85925.9,True
arm_0826,777005,0.007216490000000001,68487.1064516129,True
arm_0827,777001,0.00515464,50782.7,True
arm_0827,777002,0.007350750177419356,68133.93387096775,True
arm_0827,777003,0.0042735,35462.43225806452,True
arm_0827,777004,0.008695650000000001,85925.9,True
arm_0827,777005,0.007405830548387097,68501.13548387097,True
arm_0828,777001,0.00515464,33295.15483870968,True
arm_0828,777002,0.007317070000000001,45149.63064516129,True
arm_0828,777003,0.0025641,15888.04193548387,True
arm_0828,777004,0.008695650000000001,74751.44677419355,True
arm_0828,777005,0.0061855700000000005,49431.57258064516,True
arm_0829,777001,0.00515464,33295.15483870968,True
arm_0829,777002,0.007317070000000001,45149.63064516129,True
arm_0829,777003,0.0025641,15888.04193548387,True
arm_0829,777004,0.008695650000000001,74751.44677419355,True
arm_0829,777005,0.0061855700000000005,49431.57258064516,True
arm_0830,777001,0.00515464,33295.15483870968,True
arm_0830,777002,0.007317070000000001,45149.63064516129,True
arm_0830,777003,0.0025641,15888.04193548387,True
arm_0830,777004,0.008695650000000001,74751.44677419355,True
arm_0830,777005,0.0061855700000000005,49431.57258064516,True
arm_0831,777001,0.00515464,33295.15483870968,True
arm_0831,777002,0.007317070000000001,45149.63064516129,True
arm_0831,777003,0.0025641,15888.04193548387,True
arm_0831,777004,0.008695650000000001,74751.44677419355,True
arm_0831,777005,0.0061855700000000005,49431.57258064516,True
arm_0832,777001,0.00515464,33295.15483870968,True
arm_0832,777002,0.007317070000000001,45149.63064516129,True
arm_0832,777003,0.0025641,15888.04193548387,True
arm_0832,777004,0.009204624967741937,74847.5241935484,True
arm_0832,777005,0.0061855700000000005,49431.57258064516,True
arm_0833,777001,0.00515464,33295.15483870968,True
arm_0833,777002,0.0077498011290322594,45183.62903225807,True
arm_0833,777003,0.0025641,15888.04193548387,True
arm_0833,777004,0.009204624967741937,74847.5241935484,True
arm_0833,777005,0.00626446189516129,49437.41129032258,True
arm_0834,777001,0.00515464,33295.15483870968,True
arm_0834,777002,0.007350750177419356,45152.12580645161,True
arm_0834,777003,0.002797228669354839,15993.95806451613,True
arm_0834,777004,0.008695650000000001,74751.44677419355,True
arm_0834,777005,0.0061855700000000005,49431.57258064516,True
arm_0835,777001,0.00515464,33295.15483870968,True
arm_0835,777002,0.007350750177419356,45152.12580645161,True
arm_0835,777003,0.0028749382258064517,16007.770967741937,True
arm_0835,777004,0.009171857129032259,74845.09838709676,True
arm_0835,777005,0.0061855700000000005,49431.57258064516,True
arm_0836,777001,0.00515464,33295.15483870968,True
arm_0836,777002,0.007350750177419356,45152.12580645161,True
arm_0836,777003,0.0029576511290322583,16020.022580645162,True
arm_0836,777004,0.009204624967741937,74847.5241935484,True
arm_0836,777005,0.006374910548387097,49445.59193548388,True
arm_0837,777001,0.00515464,39644.53548387097,True
arm_0837,777002,0.00721216677419355,36376.52903225806,True
arm_0837,777003,0.0034188000000000005,18472.56612903226,True
arm_0837,777004,0.008695650000000001,48099.319354838706,True
arm_0837,777005,0.007216490000000001,38382.0435483871,True
arm_0838,777001,0.005395505040322581,39750.403225806454,True
arm_0838,777002,0.00721216677419355,36376.52903225806,True
arm_0838,777003,0.0034188000000000005,18472.56612903226,True
arm_0838,777004,0.008695650000000001,48099.319354838706,True
arm_0838,777005,0.007216490000000001,38382.0435483871,True
arm_0839,777001,0.005395505040322581,39750.403225806454,True
arm_0839,777002,0.00721216677419355,36376.52903225806,True
arm_0839,777003,0.0034188000000000005,18472.56612903226,True
arm_0839,777004,0.008695650000000001,48099.319354838706,True
arm_0839,777005,0.007216490000000001,38382.0435483871,True
arm_0840,777001,0.00515464,39644.53548387097,True
arm_0840,777002,0.00721216677419355,36376.52903225806,True
arm_0840,777003,0.0034188000000000005,18472.56612903226,True
arm_0840,777004,0.008695650000000001,48099.319354838706,True
arm_0840,777005,0.007216490000000001,38382.0435483871,True
arm_0841,777001,0.00515464,39644.53548387097,True
arm_0841,777002,0.00721216677419355,36376.52903225806,True
arm_0841,777003,0.0034188000000000005,18472.56612903226,True
arm_0841,777004,0.008695650000000001,48099.319354838706,True
arm_0841,777005,0.007216490000000001,38382.0435483871,True
arm_0842,777001,0.005395505040322581,39750.403225806454,True
arm_0842,777002,0.00721216677419355,36376.52903225806,True
arm_0842,777003,0.0034188000000000005,18472.56612903226,True
arm_0842,777004,0.008695650000000001,48099.319354838706,True
arm_0842,777005,0.007216490000000001,38382.0435483871,True
arm_0843,777001,0.00515464,39644.53548387097,True
arm_0843,777002,0.00721216677419355,36376.52903225806,True
arm_0843,777003,0.0034188000000000005,18472.56612903226,True
arm_0843,777004,0.008695650000000001,48099.319354838706,True
arm_0843,777005,0.007216490000000001,38382.0435483871,True
arm_0844,777001,0.00515464,39644.53548387097,True
arm_0844,777002,0.00721216677419355,36376.52903225806,True
arm_0844,777003,0.004366751467741936,18807.387096774193,True
arm_0844,777004,0.008695650000000001,48099.319354838706,True
arm_0844,777005,0.007216490000000001,38382.0435483871,True
arm_0845,777001,0.00515464,39644.53548387097,True
arm_0845,777002,0.00721216677419355,36376.52903225806,True
arm_0845,777003,0.004366751467741936,18807.387096774193,True
arm_0845,777004,0.008695650000000001,48099.319354838706,True
arm_0845,777005,0.007216490000000001,38382.0435483871,True
arm_0864,777001,0.00206186,14040.075806451612,True
arm_0864,777002,0.00243902,3584.2301612903225,False
arm_0864,777003,0.0008547010000000001,663.7464516129032,False
arm_0864,777004,0.003071531290322581,9260.809838709676,False
arm_0864,777005,0.00103093,864.6493548387095,False
arm_0866,777001,0.00206186,14040.075806451612,True
arm_0866,777002,0.00243902,3584.2301612903225,False
arm_0866,777003,0.0008547010000000001,663.7464516129032,False
arm_0866,777004,0.003941094677419355,10563.605806451615,True
arm_0866,777005,0.00103093,864.6493548387095,False
arm_0867,777001,0.00206186,14040.075806451612,True
arm_0867,777002,0.00243902,3584.2301612903225,False
arm_0867,777003,0.0008547010000000001,663.7464516129032,False
arm_0867,777004,0.003071531290322581,9260.809838709676,False
arm_0867,777005,0.00103093,864.6493548387095,False
arm_0869,777001,0.00206186,14040.075806451612,True
arm_0869,777002,0.00243902,3584.2301612903225,False
arm_0869,777003,0.0008547010000000001,663.7464516129032,False
arm_0869,777004,0.003941094677419355,10563.605806451615,True
arm_0869,777005,0.00103093,864.6493548387095,False
arm_0891,777001,0.00515464,51775.5,True
arm_0891,777002,0.008130080000000001,94228.33064516129,True
arm_0891,777003,0.0042735,44072.74838709677,True
arm_0891,777004,0.008695650000000001,87793.9,True
arm_0891,777005,0.007216490000000001,66437.6,True
arm_0892,777001,0.00515464,51775.5,True
arm_0892,777002,0.008130080000000001,94228.33064516129,True
arm_0892,777003,0.0042735,44072.74838709677,True
arm_0892,777004,0.008695650000000001,87793.9,True
arm_0892,777005,0.007216490000000001,66437.6,True
arm_0893,777001,0.00515464,51775.5,True
arm_0893,777002,0.008130080000000001,94228.33064516129,True
arm_0893,777003,0.0042735,44072.74838709677,True
arm_0893,777004,0.008695650000000001,87793.9,True
arm_0893,777005,0.007216490000000001,66437.6,True
arm_0894,777001,0.00515464,51775.5,True
arm_0894,777002,0.007317070000000001,74194.5,True
arm_0894,777003,0.0042735,44072.74838709677,True
arm_0894,777004,0.008695650000000001,87793.9,True
arm_0894,777005,0.00824742,66765.20322580646,True
arm_0895,777001,0.00515464,51775.5,True
arm_0895,777002,0.008130080000000001,94228.33064516129,True
arm_0895,777003,0.0042735,44072.74838709677,True
arm_0895,777004,0.008695650000000001,87793.9,True
arm_0895,777005,0.008531430822580646,66788.57580645161,True
arm_0896,777001,0.00515464,51775.5,True
arm_0896,777002,0.008130080000000001,94228.33064516129,True
arm_0896,777003,0.0042735,44072.74838709677,True
arm_0896,777004,0.008695650000000001,87793.9,True
arm_0896,777005,0.008531430822580646,66788.57580645161,True
arm_0897,777001,0.00515464,51775.5,True
arm_0897,777002,0.007317070000000001,74194.5,True
arm_0897,777003,0.0034188000000000005,33554.9,True
arm_0897,777004,0.009172510967741937,87829.21612903227,True
arm_0897,777005,0.007216490000000001,66437.6,True
arm_0898,777001,0.00515464,51775.5,True
arm_0898,777002,0.008130080000000001,94228.33064516129,True
arm_0898,777003,0.005128210000000001,44601.7,True
arm_0898,777004,0.009172510967741937,87829.21612903227,True
arm_0898,777005,0.008531430822580646,66788.57580645161,True
arm_0900,777001,0.00515464,50782.7,True
arm_0900,777002,0.008130080000000001,78902.59032258064,True
arm_0900,777003,0.0042735,42305.1370967742,True
arm_0900,777004,0.008695650000000001,85925.9,True
arm_0900,777005,0.007216490000000001,68487.1064516129,True
arm_0901,777001,0.00515464,50782.7,True
arm_0901,777002,0.008130080000000001,78902.59032258064,True
arm_0901,777003,0.0042735,42305.1370967742,True
arm_0901,777004,0.008695650000000001,85925.9,True
arm_0901,777005,0.007216490000000001,68487.1064516129,True
arm_0902,777001,0.00515464,50782.7,True
arm_0902,777002,0.008130080000000001,78902.59032258064,True
arm_0902,777003,0.0042735,42305.1370967742,True
arm_0902,777004,0.008695650000000001,85925.9,True
arm_0902,777005,0.007216490000000001,68487.1064516129,True
arm_0903,777001,0.00515464,50782.7,True
arm_0903,777002,0.007317070000000001,68131.43870967742,True
arm_0903,777003,0.0042735,42305.1370967742,True
arm_0903,777004,0.008695650000000001,85925.9,True
arm_0903,777005,0.0074160248387096775,68551.1564516129,True
arm_0904,777001,0.00515464,50782.7,True
arm_0904,777002,0.008130080000000001,78902.59032258064,True
arm_0904,777003,0.0042735,42305.1370967742,True
arm_0904,777004,0.008695650000000001,85925.9,True
arm_0904,777005,0.007700035661290323,68574.53225806452,True
arm_0905,777001,0.00515464,50782.7,True
arm_0905,777002,0.008130080000000001,78902.59032258064,True
arm_0905,777003,0.0042735,42305.1370967742,True
arm_0905,777004,0.008695650000000001,85925.9,True
arm_0905,777005,0.007700035661290323,68574.53225806452,True
arm_0906,777001,0.00515464,50782.7,True
arm_0906,777002,0.007317070000000001,68131.43870967742,True
arm_0906,777003,0.0034188000000000005,34807.895161290326,True
arm_0906,777004,0.009172510967741937,85961.21612903227,True
arm_0906,777005,0.007216490000000001,68487.1064516129,True
arm_0907,777001,0.00515464,50782.7,True
arm_0907,777002,0.008130080000000001,78902.59032258064,True
arm_0907,777003,0.005128210000000001,42946.41935483871,True
arm_0907,777004,0.009116409677419356,85957.06129032258,True
arm_0907,777005,0.007700035661290323,68574.53225806452,True
arm_0908,777001,0.00515464,50782.7,True
arm_0908,777002,0.008130080000000001,78902.59032258064,True
arm_0908,777003,0.005128210000000001,42946.41935483871,True
arm_0908,777004,0.009116409677419356,85957.06129032258,True
arm_0908,777005,0.007700035661290323,68574.53225806452,True
arm_0909,777001,0.00515464,33295.15483870968,True
arm_0909,777002,0.008130080000000001,46966.02741935483,True
arm_0909,777003,0.0034188000000000005,19351.774193548386,True
arm_0909,777004,0.008695650000000001,74751.44677419355,True
arm_0909,777005,0.0061855700000000005,49431.57258064516,True
arm_0910,777001,0.00515464,33295.15483870968,True
arm_0910,777002,0.008943089999999999,48458.96935483871,True
arm_0910,777003,0.0034188000000000005,19351.774193548386,True
arm_0910,777004,0.008695650000000001,74751.44677419355,True
arm_0910,777005,0.0061855700000000005,49431.57258064516,True
arm_0911,777001,0.00515464,33295.15483870968,True
arm_0911,777002,0.008943089999999999,48458.96935483871,True
arm_0911,777003,0.003729638225806452,19400.132258064514,True
arm_0911,777004,0.008695650000000001,74751.44677419355,True
arm_0911,777005,0.0061855700000000005,49431.57258064516,True
arm_0912,777001,0.00515464,33295.15483870968,True
arm_0912,777002,0.007317070000000001,45149.63064516129,True
arm_0912,777003,0.0034188000000000005,19351.774193548386,True
arm_0912,777004,0.008695650000000001,74751.44677419355,True
arm_0912,777005,0.006518124838709677,49489.46290322581,True
arm_0913,777001,0.00515464,33295.15483870968,True
arm_0913,777002,0.008130080000000001,46966.02741935483,True
arm_0913,777003,0.0034188000000000005,19351.774193548386,True
arm_0913,777004,0.008892405096774195,74768.45000000001,True
arm_0913,777005,0.006802135661290323,49512.83870967742,True
arm_0914,777001,0.00515464,33295.15483870968,True
arm_0914,777002,0.008943089999999999,48458.96935483871,True
arm_0914,777003,0.0034188000000000005,19351.774193548386,True
arm_0914,777004,0.008892405096774195,74768.45000000001,True
arm_0914,777005,0.007165038669354838,49539.72258064516,True
arm_0915,777001,0.00515464,33295.15483870968,True
arm_0915,777002,0.007317070000000001,45149.63064516129,True
arm_0915,777003,0.002859396314516129,15997.412903225806,True
arm_0915,777004,0.009172510967741937,74786.76935483872,True
arm_0915,777005,0.0061855700000000005,49431.57258064516,True
arm_0916,777001,0.00515464,33295.15483870968,True
arm_0916,777002,0.008130080000000001,46966.02741935483,True
arm_0916,777003,0.0036674705806451617,19450.78064516129,True
arm_0916,777004,0.009238194709677421,74794.06774193549,True
arm_0916,777005,0.006802135661290323,49512.83870967742,True
arm_0917,777001,0.00515464,33295.15483870968,True
arm_0917,777002,0.008130080000000001,46966.02741935483,True
arm_0917,777003,0.0036674705806451617,19450.78064516129,True
arm_0917,777004,0.009369266064516131,74803.77258064516,True
arm_0917,777005,0.006802135661290323,49512.83870967742,True
arm_0918,777001,0.00515464,39644.53548387097,True
arm_0918,777002,0.00721216677419355,36376.52903225806,True
arm_0918,777003,0.0034188000000000005,18472.56612903226,True
arm_0918,777004,0.008695650000000001,48099.319354838706,True
arm_0918,777005,0.007216490000000001,38382.0435483871,True
arm_0919,777001,0.00528310135483871,39719.47580645161,True
arm_0919,777002,0.00721216677419355,36376.52903225806,True
arm_0919,777003,0.0034188000000000005,18472.56612903226,True
arm_0919,777004,0.008695650000000001,48099.319354838706,True
arm_0919,777005,0.007216490000000001,38382.0435483871,True
arm_0920,777001,0.00528310135483871,39719.47580645161,True
arm_0920,777002,0.00721216677419355,36376.52903225806,True
arm_0920,777003,0.0034188000000000005,18472.56612903226,True
arm_0920,777004,0.008695650000000001,48099.319354838706,True
arm_0920,777005,0.007216490000000001,38382.0435483871,True
arm_0921,777001,0.00515464,39644.53548387097,True
arm_0921,777002,0.00721216677419355,36376.52903225806,True
arm_0921,777003,0.0034188000000000005,18472.56612903226,True
arm_0921,777004,0.008695650000000001,48099.319354838706,True
arm_0921,777005,0.007216490000000001,38382.0435483871,True
arm_0923,777001,0.00528310135483871,39719.47580645161,True
arm_0923,777002,0.00721216677419355,36376.52903225806,True
arm_0923,777003,0.0034188000000000005,18472.56612903226,True
arm_0923,777004,0.008695650000000001,48099.319354838706,True
arm_0923,777005,0.007216490000000001,38382.0435483871,True
arm_0924,777001,0.00515464,39644.53548387097,True
arm_0924,777002,0.00721216677419355,36376.52903225806,True
arm_0924,777003,0.0034188000000000005,18472.56612903226,True
arm_0924,777004,0.008695650000000001,48099.319354838706,True
arm_0924,777005,0.007216490000000001,38382.0435483871,True
arm_0925,777001,0.00515464,39644.53548387097,True
arm_0925,777002,0.00721216677419355,36376.52903225806,True
arm_0925,777003,0.004289041911290323,18800.479032258063,True
arm_0925,777004,0.008695650000000001,48099.319354838706,True
arm_0925,777005,0.007216490000000001,38382.0435483871,True
arm_0926,777001,0.00515464,39644.53548387097,True
arm_0926,777002,0.00721216677419355,36376.52903225806,True
arm_0926,777003,0.004289041911290323,18800.479032258063,True
arm_0926,777004,0.008695650000000001,48099.319354838706,True
arm_0926,777005,0.007232268379032259,38383.21290322581,True
arm_0951,777001,0.00206186,14040.075806451612,True
arm_0951,777002,0.00243902,3584.2301612903225,False
arm_0951,777003,0.0008547010000000001,663.7464516129032,False
arm_0951,777004,0.003071531290322581,9260.809838709676,False
arm_0951,777005,0.00103093,864.6493548387095,False
arm_0972,777001,0.00515464,28530.956451612903,True
arm_0972,777002,0.007317070000000001,60448.16935483871,True
arm_0972,777003,0.0025641,16092.266129032258,True
arm_0972,777004,0.008695650000000001,63031.53064516129,True
arm_0972,777005,0.007216490000000001,59509.290322580644,True
arm_0973,777001,0.00515464,28530.956451612903,True
arm_0973,777002,0.007603351508064517,60491.829032258065,True
arm_0973,777003,0.0025641,16092.266129032258,True
arm_0973,777004,0.009745443112903226,64214.86612903226,True
arm_0973,777005,0.007216490000000001,59509.290322580644,True
arm_0974,777001,0.00515464,28530.956451612903,True
arm_0974,777002,0.007603351508064517,60491.829032258065,True
arm_0974,777003,0.0025641,16092.266129032258,True
arm_0974,777004,0.009745443112903226,64214.86612903226,True
arm_0974,777005,0.007216490000000001,59509.290322580644,True
arm_0975,777001,0.00515464,28530.956451612903,True
arm_0975,777002,0.007317070000000001,60448.16935483871,True
arm_0975,777003,0.0025641,16092.266129032258,True
arm_0975,777004,0.008695650000000001,63031.53064516129,True
arm_0975,777005,0.007216490000000001,59509.290322580644,True
arm_0976,777001,0.00515464,28530.956451612903,True
arm_0976,777002,0.007317070000000001,60448.16935483871,True
arm_0976,777003,0.0025641,16092.266129032258,True
arm_0976,777004,0.011484523112903225,64810.16129032258,False
arm_0976,777005,0.007737176508064517,59575.90483870968,True
arm_0977,777001,0.00515464,28530.956451612903,True
arm_0977,777002,0.007603351508064517,60491.829032258065,True
arm_0977,777003,0.0025641,16092.266129032258,True
arm_0977,777004,0.012354123112903227,65260.01451612903,False
arm_0977,777005,0.007737176508064517,59575.90483870968,True
arm_0978,777001,0.00515464,28530.956451612903,True
arm_0978,777002,0.007317070000000001,60448.16935483871,True
arm_0978,777003,0.0025641,16092.266129032258,True
arm_0978,777004,0.008695650000000001,63031.53064516129,True
arm_0978,777005,0.007216490000000001,59509.290322580644,True
arm_0980,777001,0.00515464,28530.956451612903,True
arm_0980,777002,0.007317070000000001,60448.16935483871,True
arm_0980,777003,0.0034188000000000005,18081.467741935485,True
arm_0980,777004,0.011484523112903225,64810.16129032258,False
arm_0980,777005,0.007737176508064517,59575.90483870968,True
arm_1053,777001,0.00515464,28530.956451612903,True
arm_1053,777002,0.007317070000000001,60448.16935483871,True
arm_1053,777003,0.0025641,16092.266129032258,True
arm_1053,777004,0.008695650000000001,63031.53064516129,True
arm_1053,777005,0.007216490000000001,59509.290322580644,True
arm_1054,777001,0.00515464,28530.956451612903,True
arm_1054,777002,0.007333910088709678,60449.41612903225,True
arm_1054,777003,0.0025641,16092.266129032258,True
arm_1054,777004,0.008728417838709679,63033.959677419356,True
arm_1054,777005,0.007216490000000001,59509.290322580644,True
arm_1055,777001,0.00515464,28530.956451612903,True
arm_1055,777002,0.007333910088709678,60449.41612903225,True
arm_1055,777003,0.0025641,16092.266129032258,True
arm_1055,777004,0.009597987838709679,65978.22741935484,True
arm_1055,777005,0.007216490000000001,59509.290322580644,True
arm_1056,777001,0.00515464,28530.956451612903,True
arm_1056,777002,0.007317070000000001,60448.16935483871,True
arm_1056,777003,0.0025641,16092.266129032258,True
arm_1056,777004,0.008695650000000001,63031.53064516129,True
arm_1056,777005,0.007216490000000001,59509.290322580644,True
arm_1057,777001,0.00515464,28530.956451612903,True
arm_1057,777002,0.007317070000000001,60448.16935483871,True
arm_1057,777003,0.0025815472983870967,16093.558064516128,True
arm_1057,777004,0.009597987838709679,63240.6935483871,True
arm_1057,777005,0.007232268379032259,59510.459677419356,True
arm_1058,777001,0.00515464,28530.956451612903,True
arm_1058,777002,0.007333910088709678,60449.41612903225,True
arm_1058,777003,0.0026780456854838715,16100.70806451613,True
arm_1058,777004,0.010467567838709679,63690.55,False
arm_1058,777005,0.007232268379032259,59510.459677419356,True
arm_1059,777001,0.00515464,28530.956451612903,True
arm_1059,777002,0.007317070000000001,60448.16935483871,True
arm_1059,777003,0.0025641,16092.266129032258,True
arm_1059,777004,0.008695650000000001,63031.53064516129,True
arm_1059,777005,0.007216490000000001,59509.290322580644,True
arm_1060,777001,0.00515464,28530.956451612903,True
arm_1060,777002,0.007317070000000001,60448.16935483871,True
arm_1060,777003,0.0026418095564516133,16098.024193548386,True
arm_1060,777004,0.008695650000000001,63031.53064516129,True
arm_1060,777005,0.007232268379032259,59510.459677419356,True
arm_1061,777001,0.00515464,28530.956451612903,True
arm_1061,777002,0.00733334366935484,60449.37580645161,True
arm_1061,777003,0.00265925685483871,16099.316129032257,True
arm_1061,777004,0.009597987838709679,63240.6935483871,True
arm_1061,777005,0.007664593862903225,59617.61129032258,True
arm_1134,777001,0.00515464,28530.956451612903,True
arm_1134,777002,0.007317070000000001,60448.16935483871,True
arm_1134,777003,0.0025641,16092.266129032258,True
arm_1134,777004,0.008695650000000001,63031.53064516129,True
arm_1134,777005,0.007216490000000001,59509.290322580644,True
arm_1136,777001,0.00515464,28530.956451612903,True
arm_1136,777002,0.008130080000000001,60519.07580645162,True
arm_1136,777003,0.0025641,16092.266129032258,True
arm_1136,777004,0.008695650000000001,63031.53064516129,True
arm_1136,777005,0.007216490000000001,59509.290322580644,True
arm_1137,777001,0.00515464,28530.956451612903,True
arm_1137,777002,0.007317070000000001,60448.16935483871,True
arm_1137,777003,0.0025641,16092.266129032258,True
arm_1137,777004,0.008695650000000001,63031.53064516129,True
arm_1137,777005,0.007216490000000001,59509.290322580644,True
arm_1138,777001,0.00515464,28530.956451612903,True
arm_1138,777002,0.007317070000000001,60448.16935483871,True
arm_1138,777003,0.0025641,16092.266129032258,True
arm_1138,777004,0.009565220000000001,63238.26612903226,True
arm_1138,777005,0.007232268379032259,59510.459677419356,True
arm_1139,777001,0.00515464,28530.956451612903,True
arm_1139,777002,0.008130080000000001,60519.07580645162,True
arm_1139,777003,0.0025641,16092.266129032258,True
arm_1139,777004,0.010434800000000001,63688.12258064516,False
arm_1139,777005,0.007232268379032259,59510.459677419356,True
arm_1140,777001,0.00515464,28530.956451612903,True
arm_1140,777002,0.007317070000000001,60448.16935483871,True
arm_1140,777003,0.0025641,16092.266129032258,True
arm_1140,777004,0.008695650000000001,63031.53064516129,True
arm_1140,777005,0.007216490000000001,59509.290322580644,True
arm_1141,777001,0.00515464,28530.956451612903,True
arm_1141,777002,0.007317070000000001,60448.16935483871,True
arm_1141,777003,0.0034188000000000005,18081.467741935485,True
arm_1141,777004,0.008695650000000001,63031.53064516129,True
arm_1141,777005,0.007232268379032259,59510.459677419356,True
arm_1142,777001,0.00515464,28530.956451612903,True
arm_1142,777002,0.007317070000000001,60448.16935483871,True
arm_1142,777003,0.0034188000000000005,18081.467741935485,True
arm_1142,777004,0.009565220000000001,63238.26612903226,True
arm_1142,777005,0.007232268379032259,59510.459677419356,True
arm_1215,777001,0.00515464,7089.63064516129,False
arm_1215,777002,0.00569106,6733.300161290323,False
arm_1215,777003,0.0013096214354838711,1034.4221129032258,False
arm_1215,777004,0.004978963387096774,8898.238225806452,False
arm_1215,777005,0.00515464,2809.496129032258,False
arm_1217,777001,0.005795964137096774,7147.925322580645,False
arm_1217,777002,0.00569106,6748.841451612903,False
arm_1217,777003,0.0013096214354838711,1034.4221129032258,False
arm_1217,777004,0.005011731225806452,8900.665483870967,False
arm_1217,777005,0.00515464,2809.496129032258,False
arm_1219,777001,0.00515464,7089.63064516129,False
arm_1219,777002,0.00569106,6733.300161290323,False
arm_1219,777003,0.0013096214354838711,1034.4221129032258,False
arm_1219,777004,0.004978963387096774,8898.238225806452,False
arm_1219,777005,0.00515464,2809.496129032258,False
arm_1222,777001,0.00515464,7089.63064516129,False
arm_1222,777002,0.00569106,6733.300161290323,False
arm_1222,777003,0.0013251633467741936,1035.5734032258065,False
arm_1222,777004,0.0050444990645161294,8903.092580645161,False
arm_1222,777005,0.0055970058225806455,2842.2635483870968,False
arm_1304,777001,0.00515464,7089.63064516129,False
arm_1304,777002,0.00569106,6733.300161290323,False
arm_1304,777003,0.0013096214354838711,1034.4221129032258,False
arm_1304,777004,0.0050444990645161294,8903.092580645161,False
arm_1304,777005,0.0052675108145161294,2825.1385483870968,False
arm_1377,777001,0.00515464,7089.63064516129,False
arm_1377,777002,0.00569106,6733.300161290323,False
arm_1377,777003,0.0013096214354838711,1034.4221129032258,False
arm_1377,777004,0.004978963387096774,8898.238225806452,False
arm_1377,777005,0.00515464,2809.496129032258,False
arm_1458,777001,0.0061855700000000005,52066.18709677419,True
arm_1458,777002,0.007317070000000001,74194.5,True
arm_1458,777003,0.0034188000000000005,33554.9,True
arm_1458,777004,0.010485533927419357,87941.06129032258,False
arm_1458,777005,0.007216490000000001,66437.6,True
arm_1459,777001,0.0061855700000000005,52066.18709677419,True
arm_1459,777002,0.008943089999999999,77615.56129032258,True
arm_1459,777003,0.0042735,40800.9935483871,True
arm_1459,777004,0.010616605282258067,87950.76774193547,False
arm_1459,777005,0.00824742,148360.0483870968,False
arm_1460,777001,0.0061855700000000005,52066.18709677419,True
arm_1460,777002,0.009545215766129031,77660.16612903225,True
arm_1460,777003,0.005128210000000001,41950.80806451613,True
arm_1460,777004,0.010616605282258067,87950.76774193547,False
arm_1460,777005,0.00824742,148360.0483870968,False
arm_1461,777001,0.00515464,51775.5,True
arm_1461,777002,0.007317070000000001,74194.5,True
arm_1461,777003,0.0034188000000000005,33554.9,True
arm_1461,777004,0.010485533927419357,87941.06129032258,False
arm_1461,777005,0.007216490000000001,66437.6,True
arm_1462,777001,0.0061855700000000005,52066.18709677419,True
arm_1462,777002,0.008130080000000001,76539.31774193549,True
arm_1462,777003,0.004395631088709678,40810.041935483874,True
arm_1462,777004,0.010485533927419357,87941.06129032258,False
arm_1462,777005,0.007216490000000001,66437.6,True
arm_1463,777001,0.0061855700000000005,52066.18709677419,True
arm_1463,777002,0.0097561,79170.6806451613,True
arm_1463,777003,0.0052348942983870975,40942.430645161294,True
arm_1463,777004,0.010616605282258067,87950.76774193547,False
arm_1463,777005,0.00862986177419355,148569.40322580645,False
arm_1464,777001,0.00515464,51775.5,True
arm_1464,777002,0.007468630798387098,74205.73548387096,True
arm_1464,777003,0.0034188000000000005,33554.9,True
arm_1464,777004,0.010485533927419357,87941.06129032258,False
arm_1464,777005,0.007216490000000001,66437.6,True
arm_1465,777001,0.0061855700000000005,52066.18709677419,True
arm_1465,777002,0.008281640798387098,75365.52096774193,True
arm_1465,777003,0.0045875508629032264,40824.254838709676,True
arm_1465,777004,0.010485533927419357,87941.06129032258,False
arm_1465,777005,0.007216490000000001,66437.6,True
arm_1466,777001,0.0061855700000000005,52066.18709677419,True
arm_1466,777002,0.009279891774193548,77724.04193548387,True
arm_1466,777003,0.005552959629032259,47051.75967741936,True
arm_1466,777004,0.010485533927419357,87941.06129032258,False
arm_1466,777005,0.007598931774193549,66473.29838709677,True
arm_1468,777001,0.005387430645161291,50799.95161290323,True
arm_1468,777002,0.007889633016129034,68185.0822580645,True
arm_1468,777003,0.0042735,46809.41612903225,True
arm_1468,777004,0.010616605282258067,86082.80483870968,False
arm_1468,777005,0.00824742,76502.97903225807,True
arm_1469,777001,0.005387430645161291,50799.95161290323,True
arm_1469,777002,0.008589400798387098,68236.9129032258,True
arm_1469,777003,0.005983127620967743,47158.679032258064,True
arm_1469,777004,0.010616605282258067,86082.80483870968,False
arm_1469,777005,0.00824742,76502.97903225807,True
arm_1470,777001,0.00515464,50782.7,True
arm_1470,777002,0.007653871774193549,68198.79677419356,True
arm_1470,777003,0.0042735,46809.41612903225,True
arm_1470,777004,0.010485533927419357,86073.09516129033,False
arm_1470,777005,0.007216490000000001,68487.1064516129,True
arm_1471,777001,0.005387430645161291,50799.95161290323,True
arm_1471,777002,0.007653871774193549,68198.79677419356,True
arm_1471,777003,0.004395631088709678,46818.46290322581,True
arm_1471,777004,0.010485533927419357,86073.09516129033,False
arm_1471,777005,0.007216490000000001,68487.1064516129,True
arm_1472,777001,0.005387430645161291,50799.95161290323,True
arm_1472,777002,0.008226434790322581,68252.44032258065,True
arm_1472,777003,0.006529989943548388,47058.0,True
arm_1472,777004,0.010616605282258067,86082.80483870968,False
arm_1472,777005,0.00862986177419355,76703.7435483871,True
arm_1473,777001,0.00515464,50782.7,True
arm_1473,777002,0.0078054319193548395,68210.0241935484,True
arm_1473,777003,0.0042735,46809.41612903225,True
arm_1473,777004,0.010747676637096776,86120.41451612904,False
arm_1473,777005,0.007216490000000001,68487.1064516129,True
arm_1476,777001,0.00515464,33295.15483870968,True
arm_1476,777002,0.007317070000000001,45149.63064516129,True
arm_1476,777003,0.0034188000000000005,19653.01451612903,True
arm_1476,777004,0.010485533927419357,74898.62258064515,False
arm_1476,777005,0.0061855700000000005,49431.57258064516,True
arm_1477,777001,0.0061855700000000005,34412.3,True
arm_1477,777002,0.00751915106451613,45291.837096774194,True
arm_1477,777003,0.0034188000000000005,19653.01451612903,True
arm_1477,777004,0.011024690185483875,75355.67258064516,False
arm_1477,777005,0.007216490000000001,55508.74838709677,True
arm_1478,777001,0.006314315870967742,34425.41129032258,True
arm_1478,777002,0.00834019798387097,45795.81129032258,True
arm_1478,777003,0.00463053720967742,19768.106451612904,True
arm_1478,777004,0.011024690185483875,75355.67258064516,False
arm_1478,777005,0.007445864870967742,55525.7435483871,True
arm_1479,777001,0.00515464,33295.15483870968,True
arm_1479,777002,0.008361155500000002,45276.87258064516,True
arm_1479,777003,0.0034188000000000005,19653.01451612903,True
arm_1479,777004,0.010485533927419357,74898.62258064515,False
arm_1479,777005,0.0061855700000000005,49431.57258064516,True
arm_1480,777001,0.005315216693548387,33307.04838709677,True
arm_1480,777002,0.009028375943548389,45335.93870967742,True
arm_1480,777003,0.003540931088709678,19662.064516129034,True
arm_1480,777004,0.013143617153225809,75389.63870967741,False
arm_1480,777005,0.0061855700000000005,49431.57258064516,True
arm_1481,777001,0.0063461466935483875,34424.19193548387,True
arm_1481,777002,0.009887216766129034,45529.282258064515,True
arm_1481,777003,0.004380194298387097,19794.461290322582,True
arm_1481,777004,0.013961928733870971,76004.81612903225,False
arm_1481,777005,0.008944869653225808,55960.73870967742,True
arm_1482,777001,0.00515464,33295.15483870968,True
arm_1482,777002,0.008512715645161291,45288.098387096776,True
arm_1482,777003,0.003947224983870968,19821.09677419355,True
arm_1482,777004,0.010600221362903228,74907.12258064515,False
arm_1482,777005,0.0061855700000000005,49431.57258064516,True
arm_1483,777001,0.00515464,33295.15483870968,True
arm_1483,777002,0.00999294608870968,45515.20322580645,True
arm_1483,777003,0.004090314822580646,19786.798387096773,True
arm_1483,777004,0.012308037266129035,75225.80322580645,False
arm_1483,777005,0.0061855700000000005,49431.57258064516,True
arm_1484,777001,0.005315216693548387,33307.04838709677,True
arm_1484,777002,0.010178186266129034,45528.922580645165,False
arm_1484,777003,0.004201013588709678,19799.60322580645,True
arm_1484,777004,0.01324192023387097,75396.92096774193,False
arm_1484,777005,0.006568008064516129,49470.98064516129,True
arm_1485,777001,0.00515464,39644.53548387097,True
arm_1485,777002,0.00721216677419355,36376.52903225806,True
arm_1485,777003,0.0034188000000000005,18472.56612903226,True
arm_1485,777004,0.008695650000000001,48099.319354838706,True
arm_1485,777005,0.007216490000000001,38382.0435483871,True
arm_1486,777001,0.005395505040322581,39780.14032258065,True
arm_1486,777002,0.00747254548387097,36395.81612903226,True
arm_1486,777003,0.0034188000000000005,18472.56612903226,True
arm_1486,777004,0.00902406870967742,48145.5435483871,True
arm_1486,777005,0.00824742,39081.641935483865,True
arm_1487,777001,0.005395505040322581,39780.14032258065,True
arm_1487,777002,0.007830566209677422,36533.237096774195,True
arm_1487,777003,0.0035742191129032263,18492.135483870967,True
arm_1487,777004,0.00902406870967742,48145.5435483871,True
arm_1487,777005,0.008771705419354838,39122.91129032258,True
arm_1488,777001,0.0061855700000000005,39956.153225806454,True
arm_1488,777002,0.00721216677419355,36376.52903225806,True
arm_1488,777003,0.0034188000000000005,18472.56612903226,True
arm_1488,777004,0.008695650000000001,48099.319354838706,True
arm_1488,777005,0.00824742,38709.67741935484,True
arm_1489,777001,0.0061855700000000005,39956.153225806454,True
arm_1489,777002,0.00747254548387097,36395.81612903226,True
arm_1489,777003,0.0034188000000000005,18472.56612903226,True
arm_1489,777004,0.009056910580645162,48149.19193548387,True
arm_1489,777005,0.00824742,38709.67741935484,True
arm_1490,777001,0.0064264350403225815,40091.75322580645,True
arm_1490,777002,0.00747254548387097,36395.81612903226,True
arm_1490,777003,0.0036674705806451617,18495.58870967742,True
arm_1490,777004,0.009385329290322581,48195.41612903225,True
arm_1490,777005,0.009376653516129034,39484.52741935484,True
arm_1491,777001,0.0061855700000000005,39956.153225806454,True
arm_1491,777002,0.00721216677419355,36376.52903225806,True
arm_1491,777003,0.0034188000000000005,18472.56612903226,True
arm_1491,777004,0.008695650000000001,48099.319354838706,True
arm_1491,777005,0.007216490000000001,38382.0435483871,True
arm_1492,777001,0.006298222637096775,39964.5,True
arm_1492,777002,0.00802517548387097,36717.46935483871,True
arm_1492,777003,0.00419589556451613,18540.48709677419,True
arm_1492,777004,0.009565220000000001,48933.55806451613,True
arm_1492,777005,0.00824742,38709.67741935484,True
arm_1493,777001,0.006298222637096775,39964.5,True
arm_1493,777002,0.00828555419354839,36736.7564516129,True
arm_1493,777003,0.00419589556451613,18540.48709677419,True
arm_1493,777004,0.009926480580645162,48983.43548387097,True
arm_1493,777005,0.00824742,38709.67741935484,True
arm_1516,777001,0.00309278,14398.501612903225,True
arm_1516,777002,0.00243902,3584.2301612903225,False
arm_1516,777003,0.0008547010000000001,663.7464516129032,False
arm_1516,777004,0.003941094677419355,10563.605806451615,True
arm_1516,777005,0.00103093,864.6493548387095,False
arm_1518,777001,0.00309278,14398.501612903225,True
arm_1518,777002,0.00243902,3584.2301612903225,False
arm_1518,777003,0.0008547010000000001,663.7464516129032,False
arm_1518,777004,0.003071531290322581,9260.809838709676,False
arm_1518,777005,0.00103093,864.6493548387095,False
arm_1539,777001,0.00515464,51775.5,True
arm_1539,777002,0.007317070000000001,74194.5,True
arm_1539,777003,0.0034188000000000005,33554.9,True
arm_1539,777004,0.008695650000000001,87793.9,True
arm_1539,777005,0.007216490000000001,66437.6,True
arm_1540,777001,0.00515464,51775.5,True
arm_1540,777002,0.008130080000000001,76539.31774193549,True
arm_1540,777003,0.0042735,40800.9935483871,True
arm_1540,777004,0.008695650000000001,87793.9,True
arm_1540,777005,0.00824742,148360.0483870968,False
arm_1541,777001,0.00515464,51775.5,True
arm_1541,777002,0.008943089999999999,88353.67903225806,True
arm_1541,777003,0.005128210000000001,69292.04677419356,True
arm_1541,777004,0.008695650000000001,87793.9,True
arm_1541,777005,0.00824742,148360.0483870968,False
arm_1542,777001,0.00515464,51775.5,True
arm_1542,777002,0.008130080000000001,81384.34838709676,True
arm_1542,777003,0.0034188000000000005,33554.9,True
arm_1542,777004,0.008695650000000001,87793.9,True
arm_1542,777005,0.007216490000000001,66437.6,True
arm_1543,777001,0.00515464,51775.5,True
arm_1543,777002,0.009975021153225806,84618.03548387098,True
arm_1543,777003,0.0042735,40800.9935483871,True
arm_1543,777004,0.008761185677419356,87798.75161290322,True
arm_1543,777005,0.007216490000000001,66437.6,True
arm_1544,777001,0.006518681524193548,51895.85967741935,True
arm_1544,777002,0.010788021153225805,89322.23064516128,False
arm_1544,777003,0.004910718362903226,40876.96935483871,True
arm_1544,777004,0.008761185677419356,87798.75161290322,True
arm_1544,777005,0.00824742,148360.0483870968,False
arm_1545,777001,0.00515464,51775.5,True
arm_1545,777002,0.008163760177419356,81386.84193548387,True
arm_1545,777003,0.0034188000000000005,33554.9,True
arm_1545,777004,0.009565220000000001,89409.38548387097,True
arm_1545,777005,0.007216490000000001,66437.6,True
arm_1546,777001,0.005315572338709678,51787.41935483871,True
arm_1546,777002,0.008976770177419354,82546.6129032258,True
arm_1546,777003,0.005128210000000001,41329.94193548387,True
arm_1546,777004,0.009565220000000001,89409.38548387097,True
arm_1546,777005,0.007216490000000001,66437.6,True
arm_1547,777001,0.005315572338709678,51787.41935483871,True
arm_1547,777002,0.01092274164516129,85787.79516129031,False
arm_1547,777003,0.0054597086693548395,41381.04516129032,True
arm_1547,777004,0.009630755677419356,88314.04516129031,True
arm_1547,777005,0.007405830548387097,66451.61290322582,True
arm_1548,777001,0.00515464,50782.7,True
arm_1548,777002,0.007317070000000001,68131.43870967742,True
arm_1548,777003,0.0042735,46809.41612903225,True
arm_1548,777004,0.008695650000000001,85925.9,True
arm_1548,777005,0.007216490000000001,68487.1064516129,True
arm_1549,777001,0.00515464,50782.7,True
arm_1549,777002,0.007317070000000001,68131.43870967742,True
arm_1549,777003,0.0042735,46809.41612903225,True
arm_1549,777004,0.008695650000000001,85925.9,True
arm_1549,777005,0.00824742,76502.97903225807,True
arm_1550,777001,0.00515464,50782.7,True
arm_1550,777002,0.008130080000000001,71991.5306451613,True
arm_1550,777003,0.005400044040322582,52217.13387096774,True
arm_1550,777004,0.008695650000000001,85925.9,True
arm_1550,777005,0.008312955677419355,76507.8322580645,True
arm_1551,777001,0.00515464,50782.7,True
arm_1551,777002,0.00846688177419355,70821.42258064516,True
arm_1551,777003,0.0042735,46809.41612903225,True
arm_1551,777004,0.008695650000000001,85925.9,True
arm_1551,777005,0.007216490000000001,68487.1064516129,True
arm_1552,777001,0.00515464,50782.7,True
arm_1552,777002,0.010429703548387096,71517.01129032258,False
arm_1552,777003,0.0042735,46809.41612903225,True
arm_1552,777004,0.008761185677419356,85930.75806451614,True
arm_1552,777005,0.007216490000000001,68487.1064516129,True
arm_1553,777001,0.006518681524193548,50895.70161290323,True
arm_1553,777002,0.011242703548387096,73646.18387096775,False
arm_1553,777003,0.004910718362903226,46885.40967741935,True
arm_1553,777004,0.008761185677419356,85930.75806451614,True
arm_1553,777005,0.00824742,76502.97903225807,True
arm_1554,777001,0.00515464,50782.7,True
arm_1554,777002,0.008500561806451614,70823.9177419355,True
arm_1554,777003,0.0042735,46809.41612903225,True
arm_1554,777004,0.009860130548387098,87127.68548387097,True
arm_1554,777005,0.007216490000000001,68487.1064516129,True
arm_1555,777001,0.005315572338709678,50794.63548387097,True
arm_1555,777002,0.010463383580645162,71461.2258064516,False
arm_1555,777003,0.005252545290322582,47459.91129032258,True
arm_1555,777004,0.009892898387096775,87102.20483870969,True
arm_1555,777005,0.007216490000000001,68487.1064516129,True
arm_1556,777001,0.005315572338709678,50794.63548387097,True
arm_1556,777002,0.011377424112903226,71622.17903225806,False
arm_1556,777003,0.00558404395967742,47497.745161290324,True
arm_1556,777004,0.00995843406451613,86206.32258064517,True
arm_1556,777005,0.007405830548387097,68501.13548387097,True
arm_1557,777001,0.00515464,33295.15483870968,True
arm_1557,777002,0.007317070000000001,45149.63064516129,True
arm_1557,777003,0.0034188000000000005,19653.01451612903,True
arm_1557,777004,0.008695650000000001,74751.44677419355,True
arm_1557,777005,0.0061855700000000005,49431.57258064516,True
arm_1558,777001,0.0061855700000000005,34412.3,True
arm_1558,777002,0.00751915106451613,45291.837096774194,True
arm_1558,777003,0.0034188000000000005,19653.01451612903,True
arm_1558,777004,0.009382890806451615,75223.10806451613,True
arm_1558,777005,0.007216490000000001,55508.74838709677,True
arm_1560,777001,0.00515464,33295.15483870968,True
arm_1560,777002,0.008130080000000001,46768.850000000006,True
arm_1560,777003,0.0034188000000000005,19653.01451612903,True
arm_1560,777004,0.008695650000000001,74751.44677419355,True
arm_1560,777005,0.0061855700000000005,49431.57258064516,True
arm_1561,777001,0.005315216693548387,33307.04838709677,True
arm_1561,777002,0.009773120306451614,46923.87419354839,True
arm_1561,777003,0.0034188000000000005,19653.01451612903,True
arm_1561,777004,0.009565738790322582,74903.47096774195,True
arm_1561,777005,0.0061855700000000005,49431.57258064516,True
arm_1562,777001,0.007710179508064517,34537.149999999994,True
arm_1562,777002,0.010441612677419356,47102.57580645162,False
arm_1562,777003,0.004056018362903226,19729.0,True
arm_1562,777004,0.010121611532258068,75354.46290322581,False
arm_1562,777005,0.007852435153225807,55583.77096774193,True
arm_1563,777001,0.00515464,33295.15483870968,True
arm_1563,777002,0.008163760177419356,46771.34516129032,True
arm_1563,777003,0.0036519286693548394,19758.927419354837,True
arm_1563,777004,0.009413426306451613,74879.41129032258,True
arm_1563,777005,0.0061855700000000005,49431.57258064516,True
arm_1564,777001,0.005315572338709678,33307.07419354839,True
arm_1564,777002,0.009888095661290322,47033.41129032258,True
arm_1564,777003,0.003729638225806452,19772.743548387098,True
arm_1564,777004,0.010430970370967742,75043.57580645161,False
arm_1564,777005,0.0061855700000000005,49431.57258064516,True
arm_1566,777001,0.00515464,39644.53548387097,True
arm_1566,777002,0.00721216677419355,36376.52903225806,True
arm_1566,777003,0.0034188000000000005,18472.56612903226,True
arm_1566,777004,0.008695650000000001,48099.319354838706,True
arm_1566,777005,0.007216490000000001,38382.0435483871,True
arm_1567,777001,0.005395505040322581,39750.403225806454,True
arm_1567,777002,0.0076190085080645184,36406.66774193548,True
arm_1567,777003,0.0034188000000000005,18472.56612903226,True
arm_1567,777004,0.009122594322580646,48146.75967741936,True
arm_1567,777005,0.00824742,39081.641935483865,True
arm_1568,777001,0.005395505040322581,39750.403225806454,True
arm_1568,777002,0.00879003794354839,38313.727419354844,True
arm_1568,777003,0.0035742191129032263,18492.135483870967,True
arm_1568,777004,0.009122594322580646,48146.75967741936,True
arm_1568,777005,0.00849317879032258,39102.27419354839,True
arm_1569,777001,0.0061855700000000005,39956.153225806454,True
arm_1569,777002,0.00721216677419355,36376.52903225806,True
arm_1569,777003,0.0034188000000000005,18472.56612903226,True
arm_1569,777004,0.008695650000000001,48099.319354838706,True
arm_1569,777005,0.007216490000000001,38382.0435483871,True
arm_1570,777001,0.0061855700000000005,39956.153225806454,True
arm_1570,777002,0.0076190085080645184,36406.66774193548,True
arm_1570,777003,0.0034188000000000005,18472.56612903226,True
arm_1570,777004,0.008695650000000001,48099.319354838706,True
arm_1570,777005,0.007216490000000001,38382.0435483871,True
arm_1571,777001,0.0064264350403225815,40062.01612903226,True
arm_1571,777002,0.007635848596774196,36407.914516129036,True
arm_1571,777003,0.003589761024193549,18485.225806451614,True
arm_1571,777004,0.009122594322580646,48146.75967741936,True
arm_1571,777005,0.008345723516129033,39120.48064516129,True
arm_1572,777001,0.0061855700000000005,39956.153225806454,True
arm_1572,777002,0.00721216677419355,36376.52903225806,True
arm_1572,777003,0.0034188000000000005,18472.56612903226,True
arm_1572,777004,0.008695650000000001,48099.319354838706,True
arm_1572,777005,0.007216490000000001,38382.0435483871,True
arm_1573,777001,0.0061855700000000005,39956.153225806454,True
arm_1573,777002,0.00802517548387097,36717.46935483871,True
arm_1573,777003,0.004366751467741936,18807.387096774193,True
arm_1573,777004,0.009565220000000001,48933.55806451613,True
arm_1573,777005,0.007216490000000001,38382.0435483871,True
arm_1574,777001,0.0061855700000000005,39956.153225806454,True
arm_1574,777002,0.008432017217741937,36747.606451612904,True
arm_1574,777003,0.004366751467741936,18807.387096774193,True
arm_1574,777004,0.009565220000000001,48933.55806451613,True
arm_1574,777005,0.007216490000000001,38382.0435483871,True
arm_1577,777001,0.00309278,1301.9016129032257,False
arm_1577,777002,0.000813008,684.7918064516128,False
arm_1577,777003,0.0008547010000000001,1173.2985322580646,False
arm_1577,777004,0.0032897946451612902,1822.324370967742,False
arm_1577,777005,0.0004822091935483871,50.49943548387096,False
arm_1595,777001,0.00206186,14040.075806451612,True
arm_1595,777002,0.0032520300000000004,6122.331451612903,False
arm_1595,777003,0.0008547010000000001,663.7464516129032,False
arm_1595,777004,0.00433414964516129,10690.735483870967,True
arm_1595,777005,0.00103093,864.6493548387095,False
arm_1597,777001,0.00309278,14398.501612903225,True
arm_1597,777002,0.00243902,3584.2301612903225,False
arm_1597,777003,0.0008547010000000001,663.7464516129032,False
arm_1597,777004,0.003941094677419355,10563.605806451615,True
arm_1597,777005,0.0011413786532258065,872.8307096774193,False
arm_1600,777001,0.00309278,14398.501612903225,True
arm_1600,777002,0.00243902,3584.2301612903225,False
arm_1600,777003,0.0010339120806451615,683.148064516129,False
arm_1600,777004,0.003071531290322581,9260.809838709676,False
arm_1600,777005,0.0011413786532258065,877.5057096774193,False
arm_1601,777001,0.00309278,14398.501612903225,True
arm_1601,777002,0.002607420887096774,3630.3843548387094,False
arm_1601,777003,0.0010339120806451615,683.148064516129,False
arm_1601,777004,0.00481066129032258,10875.276290322581,True
arm_1601,777005,0.0011413786532258065,872.8307096774193,False
arm_1620,777001,0.00515464,51775.5,True
arm_1620,777002,0.008130080000000001,94228.33064516129,True
arm_1620,777003,0.004465420282258065,44090.84516129032,True
arm_1620,777004,0.008695650000000001,88631.2,True
arm_1620,777005,0.007216490000000001,66437.6,True
arm_1621,777001,0.00515464,51775.5,True
arm_1621,777002,0.008943089999999999,96573.1370967742,True
arm_1621,777003,0.005320130282258065,51336.903225806454,True
arm_1621,777004,0.008695650000000001,88631.2,True
arm_1621,777005,0.00824742,148360.0483870968,False
arm_1622,777001,0.00515464,51775.5,True
arm_1622,777002,0.008943089999999999,96573.1370967742,True
arm_1622,777003,0.006174830282258065,79827.9758064516,True
arm_1622,777004,0.008695650000000001,88631.2,True
arm_1622,777005,0.00824742,148360.0483870968,False
arm_1623,777001,0.00515464,51775.5,True
arm_1623,777002,0.007317070000000001,74194.5,True
arm_1623,777003,0.0042735,44072.74838709677,True
arm_1623,777004,0.008695650000000001,88631.2,True
arm_1623,777005,0.00824742,66765.20322580646,True
arm_1624,777001,0.00515464,51775.5,True
arm_1624,777002,0.009941340975806451,97462.00161290322,True
arm_1624,777003,0.005320130282258065,51336.903225806454,True
arm_1624,777004,0.008695650000000001,88631.2,True
arm_1624,777005,0.008799663919354838,66810.77741935484,True
arm_1625,777001,0.00515464,51775.5,True
arm_1625,777002,0.01075434097580645,99017.13225806452,False
arm_1625,777003,0.006221456016129033,57775.63548387097,True
arm_1625,777004,0.008859489193548387,88643.34516129032,True
arm_1625,777005,0.009830593919354839,148733.20967741936,False
arm_1626,777001,0.00515464,51775.5,True
arm_1626,777002,0.007317070000000001,74194.5,True
arm_1626,777003,0.0034188000000000005,33554.9,True
arm_1626,777004,0.009172510967741937,88666.57096774192,True
arm_1626,777005,0.007216490000000001,66437.6,True
arm_1627,777001,0.00529947910483871,51786.227419354844,True
arm_1627,777002,0.008943089999999999,95388.09032258064,True
arm_1627,777003,0.006174830282258065,51865.858064516135,True
arm_1627,777004,0.009172510967741937,88666.57096774192,True
arm_1627,777005,0.008531430822580646,66788.57580645161,True
arm_1628,777001,0.00529947910483871,51786.227419354844,True
arm_1628,777002,0.01075434097580645,98621.80483870968,False
arm_1628,777003,0.006174830282258065,51865.858064516135,True
arm_1628,777004,0.009468087806451614,88688.46129032258,True
arm_1628,777005,0.010861543919354838,76089.13225806452,False
arm_1629,777001,0.00515464,50782.7,True
arm_1629,777002,0.008130080000000001,78902.59032258064,True
arm_1629,777003,0.0042735,42305.1370967742,True
arm_1629,777004,0.008695650000000001,85925.9,True
arm_1629,777005,0.007216490000000001,68487.1064516129,True
arm_1630,777001,0.00515464,50782.7,True
arm_1630,777002,0.008247960620967743,79132.11451612903,True
arm_1630,777003,0.0042735,42305.1370967742,True
arm_1630,777004,0.008695650000000001,85925.9,True
arm_1630,777005,0.00824742,76502.97903225807,True
arm_1631,777001,0.00515464,50782.7,True
arm_1631,777002,0.008247960620967743,79132.11451612903,True
arm_1631,777003,0.005128210000000001,47692.717741935485,True
arm_1631,777004,0.008695650000000001,85925.9,True
arm_1631,777005,0.00837849135483871,76515.1129032258,True
arm_1632,777001,0.00515464,50782.7,True
arm_1632,777002,0.007653871774193549,68183.82580645161,True
arm_1632,777003,0.0042735,42305.1370967742,True
arm_1632,777004,0.008695650000000001,85925.9,True
arm_1632,777005,0.0074160248387096775,68551.1564516129,True
arm_1633,777001,0.00515464,50782.7,True
arm_1633,777002,0.009448292153225806,79341.70967741935,True
arm_1633,777003,0.0042735,42305.1370967742,True
arm_1633,777004,0.008695650000000001,85925.9,True
arm_1633,777005,0.007968268758064516,68596.74032258065,True
arm_1634,777001,0.00515464,50782.7,True
arm_1634,777002,0.009448292153225806,79341.70967741935,True
arm_1634,777003,0.005174835733870969,43025.43709677419,True
arm_1634,777004,0.008859489193548387,85938.04516129031,True
arm_1634,777005,0.008999198758064516,76612.60483870968,True
arm_1635,777001,0.00515464,50782.7,True
arm_1635,777002,0.007653871774193549,68183.82580645161,True
arm_1635,777003,0.0034188000000000005,34807.895161290326,True
arm_1635,777004,0.009500189354838711,85991.57258064517,True
arm_1635,777005,0.007216490000000001,68487.1064516129,True
arm_1636,777001,0.00529947910483871,50793.44193548387,True
arm_1636,777002,0.00933041204032258,79053.9064516129,True
arm_1636,777003,0.005190377645161291,42951.02419354839,True
arm_1636,777004,0.00944408806451613,85987.4177419355,True
arm_1636,777005,0.007700035661290323,68574.53225806452,True
arm_1638,777001,0.00515464,33295.15483870968,True
arm_1638,777002,0.008130080000000001,46966.02741935483,True
arm_1638,777003,0.0034188000000000005,19351.774193548386,True
arm_1638,777004,0.008695650000000001,74751.44677419355,True
arm_1638,777005,0.0061855700000000005,49431.57258064516,True
arm_1639,777001,0.0061855700000000005,34412.3,True
arm_1639,777002,0.009145171064516127,48606.16935483871,True
arm_1639,777003,0.0034188000000000005,19351.774193548386,True
arm_1639,777004,0.009382890806451615,75223.10806451613,True
arm_1639,777005,0.007216490000000001,55508.74838709677,True
arm_1640,777001,0.0066200873145161295,34445.679032258064,True
arm_1640,777002,0.009414612483870967,49000.672580645165,True
arm_1640,777003,0.004584338225806452,19826.961290322582,True
arm_1640,777004,0.009382890806451615,75223.10806451613,True
arm_1640,777005,0.007216490000000001,55508.74838709677,True
arm_1641,777001,0.00515464,33295.15483870968,True
arm_1641,777002,0.0076707118629032265,45175.83387096775,True
arm_1641,777003,0.0034188000000000005,19351.774193548386,True
arm_1641,777004,0.008695650000000001,74751.44677419355,True
arm_1641,777005,0.006518124838709677,49489.46290322581,True
arm_1643,777001,0.006201627669354839,34413.48870967742,True
arm_1643,777002,0.00993235143548387,48692.97419354838,True
arm_1643,777003,0.003465425733870968,19355.22741935484,True
arm_1643,777004,0.010564532161290325,75378.75483870968,False
arm_1643,777005,0.008611650556451614,55654.88548387097,True
arm_1644,777001,0.00515464,33295.15483870968,True
arm_1644,777002,0.0076707118629032265,45175.83387096775,True
arm_1644,777003,0.002859396314516129,15997.412903225806,True
arm_1644,777004,0.00927081448387097,74794.04838709677,True
arm_1644,777005,0.0061855700000000005,49431.57258064516,True
arm_1645,777001,0.00529947910483871,33305.882258064514,True
arm_1645,777002,0.009638478919354838,47207.282258064515,True
arm_1645,777003,0.0036674705806451617,19450.78064516129,True
arm_1645,777004,0.009714180032258067,74859.72741935484,True
arm_1645,777005,0.006802135661290323,49512.83870967742,True
arm_1646,777001,0.005315536774193549,33307.070967741936,True
arm_1646,777002,0.009730270370967742,47220.88064516129,True
arm_1646,777003,0.0036674705806451617,19450.78064516129,True
arm_1646,777004,0.010140828225806453,74891.3322580645,False
arm_1646,777005,0.009279677258064516,50404.32258064516,True
arm_1647,777001,0.00515464,39644.53548387097,True
arm_1647,777002,0.00721216677419355,36376.52903225806,True
arm_1647,777003,0.0034188000000000005,18472.56612903226,True
arm_1647,777004,0.008695650000000001,48099.319354838706,True
arm_1647,777005,0.007216490000000001,38382.0435483871,True
arm_1648,777001,0.00528310135483871,39719.47580645161,True
arm_1648,777002,0.0072609877822580665,36380.145161290326,True
arm_1648,777003,0.0034188000000000005,18472.56612903226,True
arm_1648,777004,0.008744912806451614,48109.05,True
arm_1648,777005,0.00824742,39081.641935483865,True
arm_1649,777001,0.00528310135483871,39719.47580645161,True
arm_1649,777002,0.008337773717741937,38245.27419354839,True
arm_1649,777003,0.0035275933790322586,18488.68387096774,True
arm_1649,777004,0.008744912806451614,48109.05,True
arm_1649,777005,0.00839487527419355,39094.99193548387,True
arm_1650,777001,0.00515464,39644.53548387097,True
arm_1650,777002,0.00721216677419355,36376.52903225806,True
arm_1650,777003,0.0034188000000000005,18472.56612903226,True
arm_1650,777004,0.008695650000000001,48099.319354838706,True
arm_1650,777005,0.007216490000000001,38382.0435483871,True
arm_1652,777001,0.00528310135483871,39719.47580645161,True
arm_1652,777002,0.007277827870967744,36381.391935483865,True
arm_1652,777003,0.003589761024193549,18485.225806451614,True
arm_1652,777004,0.008744912806451614,48109.05,True
arm_1652,777005,0.008393058653225807,39131.26935483871,True
arm_1653,777001,0.00515464,39644.53548387097,True
arm_1653,777002,0.00721216677419355,36376.52903225806,True
arm_1653,777003,0.0034188000000000005,18472.56612903226,True
arm_1653,777004,0.008695650000000001,48099.319354838706,True
arm_1653,777005,0.007216490000000001,38382.0435483871,True
arm_1654,777001,0.00515464,39644.53548387097,True
arm_1654,777002,0.00802517548387097,36717.46935483871,True
arm_1654,777003,0.004289041911290323,18800.479032258063,True
arm_1654,777004,0.009565220000000001,48933.55806451613,True
arm_1654,777005,0.007216490000000001,38382.0435483871,True
arm_1655,777001,0.00515464,39644.53548387097,True
arm_1655,777002,0.008073996491935485,36721.085483870964,True
arm_1655,777003,0.004289041911290323,18800.479032258063,True
arm_1655,777004,0.009565220000000001,49168.354838709674,True
arm_1655,777005,0.007279603516129033,38386.71935483871,True
arm_1674,777001,0.00206186,14040.075806451612,True
arm_1674,777002,0.00243902,3584.2301612903225,False
arm_1674,777003,0.0008547010000000001,663.7464516129032,False
arm_1674,777004,0.003071531290322581,9260.809838709676,False
arm_1674,777005,0.00103093,864.6493548387095,False
arm_1675,777001,0.00206186,14040.075806451612,True
arm_1675,777002,0.00243902,3584.2301612903225,False
arm_1675,777003,0.0008547010000000001,663.7464516129032,False
arm_1675,777004,0.003941094677419355,10563.605806451615,True
arm_1675,777005,0.00103093,864.6493548387095,False
arm_1682,777001,0.00206186,14040.075806451612,True
arm_1682,777002,0.00250638035483871,3611.6732258064517,False
arm_1682,777003,0.0010339120806451615,683.148064516129,False
arm_1682,777004,0.003957478596774194,10564.81935483871,True
arm_1682,777005,0.00103093,864.6493548387095,False
arm_1701,777001,0.00515464,28530.956451612903,True
arm_1701,777002,0.007317070000000001,60448.16935483871,True
arm_1701,777003,0.0025641,16092.266129032258,True
arm_1701,777004,0.008695650000000001,63031.53064516129,True
arm_1701,777005,0.007216490000000001,59509.290322580644,True
arm_1702,777001,0.00515464,28530.956451612903,True
arm_1702,777002,0.007782361870967743,60525.58064516129,True
arm_1702,777003,0.0025641,16092.266129032258,True
arm_1702,777004,0.011136614411290323,64474.6370967742,False
arm_1702,777005,0.008280187838709678,62242.38387096774,True
arm_1703,777001,0.00515464,28530.956451612903,True
arm_1703,777002,0.008270571951612904,60591.87903225807,True
arm_1703,777003,0.0025641,16092.266129032258,True
arm_1703,777004,0.011136614411290323,64474.6370967742,False
arm_1703,777005,0.009033847983870968,62381.95483870968,True
arm_1704,777001,0.00515464,28530.956451612903,True
arm_1704,777002,0.007414712016129033,60455.403225806454,True
arm_1704,777003,0.0025641,16092.266129032258,True
arm_1704,777004,0.008695650000000001,63031.53064516129,True
arm_1704,777005,0.007216490000000001,59509.290322580644,True
arm_1705,777001,0.00515464,28530.956451612903,True
arm_1705,777002,0.007414712016129033,60455.403225806454,True
arm_1705,777003,0.002610725733870968,16095.71935483871,True
arm_1705,777004,0.012517671798387097,64951.03709677419,False
arm_1705,777005,0.007737176508064517,59575.90483870968,True
arm_1706,777001,0.006297973685483871,29194.543548387097,True
arm_1706,777002,0.007880003887096775,60532.81129032258,True
arm_1706,777003,0.002610725733870968,16095.71935483871,True
arm_1706,777004,0.014597446830645162,65660.57096774194,False
arm_1706,777005,0.008899177862903227,62323.570967741936,True
arm_1707,777001,0.00515464,28530.956451612903,True
arm_1707,777002,0.007552831241935485,60535.48387096774,True
arm_1707,777003,0.0025641,16092.266129032258,True
arm_1707,777004,0.008695650000000001,63031.53064516129,True
arm_1707,777005,0.007216490000000001,59509.290322580644,True
arm_1708,777001,0.005186755338709678,28533.335483870967,True
arm_1708,777002,0.007650473258064517,60542.717741935485,True
arm_1708,777003,0.003465425733870968,18084.91935483871,True
arm_1708,777004,0.010023969741935484,63511.108064516135,False
arm_1708,777005,0.007737176508064517,59575.90483870968,True
arm_1709,777001,0.005202813008064517,28534.525806451613,True
arm_1709,777002,0.007650473258064517,60542.717741935485,True
arm_1709,777003,0.003465425733870968,18084.91935483871,True
arm_1709,777004,0.012698302379032259,64991.17741935484,False
arm_1709,777005,0.008768106508064517,60664.72903225807,True
arm_1782,777001,0.00515464,28530.956451612903,True
arm_1782,777002,0.007317070000000001,60448.16935483871,True
arm_1782,777003,0.0025641,16092.266129032258,True
arm_1782,777004,0.008695650000000001,63031.53064516129,True
arm_1782,777005,0.007216490000000001,59509.290322580644,True
arm_1783,777001,0.00515464,28530.956451612903,True
arm_1783,777002,0.0077407518225806465,60500.04677419355,True
arm_1783,777003,0.0025641,16092.266129032258,True
arm_1783,777004,0.010204896161290325,64978.71129032258,False
arm_1783,777005,0.007249257838709678,59511.717741935485,True
arm_1784,777001,0.00515464,28530.956451612903,True
arm_1784,777002,0.007675657145161292,60515.716129032255,True
arm_1784,777003,0.0034188000000000005,17440.18387096774,True
arm_1784,777004,0.011943976161290323,68352.0435483871,False
arm_1784,777005,0.007657644596774194,59590.51774193549,True
arm_1785,777001,0.00515464,28530.956451612903,True
arm_1785,777002,0.007317070000000001,60448.16935483871,True
arm_1785,777003,0.0025641,16092.266129032258,True
arm_1785,777004,0.008695650000000001,63031.53064516129,True
arm_1785,777005,0.007216490000000001,59509.290322580644,True
arm_1786,777001,0.0064264350403225815,28674.43064516129,True
arm_1786,777002,0.007317070000000001,60448.16935483871,True
arm_1786,777003,0.00265925685483871,16099.314516129032,True
arm_1786,777004,0.01099255656451613,65156.33064516129,False
arm_1786,777005,0.007232268379032259,59510.459677419356,True
arm_1788,777001,0.00515464,28530.956451612903,True
arm_1788,777002,0.007552831241935485,60509.29516129032,True
arm_1788,777003,0.0025641,16092.266129032258,True
arm_1788,777004,0.008695650000000001,63031.53064516129,True
arm_1788,777005,0.007216490000000001,59509.290322580644,True
arm_1789,777001,0.00515464,28530.956451612903,True
arm_1789,777002,0.007650473258064517,60516.52580645162,True
arm_1789,777003,0.002719519112903226,16103.78064516129,True
arm_1789,777004,0.008761185677419356,63049.737096774195,True
arm_1789,777005,0.007232268379032259,59510.459677419356,True
arm_1790,777001,0.0064264350403225815,28674.43064516129,True
arm_1790,777002,0.007666746927419356,60517.73225806451,True
arm_1790,777003,0.003591666411290323,16594.20322580645,True
arm_1790,777004,0.011287874072580646,65192.78548387097,False
arm_1790,777005,0.007664593862903225,59617.61129032258,True
arm_1863,777001,0.00515464,28530.956451612903,True
arm_1863,777002,0.007317070000000001,60448.16935483871,True
arm_1863,777003,0.0025641,16092.266129032258,True
arm_1863,777004,0.008695650000000001,63031.53064516129,True
arm_1863,777005,0.007216490000000001,59509.290322580644,True
arm_1864,777001,0.00515464,28530.956451612903,True
arm_1864,777002,0.008341637701612904,60558.854838709674,True
arm_1864,777003,0.0025641,16092.266129032258,True
arm_1864,777004,0.01007091998387097,64939.63387096774,False
arm_1864,777005,0.007249257838709678,59511.717741935485,True
arm_1865,777001,0.00515464,28530.956451612903,True
arm_1865,777002,0.010049026048387097,68153.39193548387,False
arm_1865,777003,0.0025641,16092.266129032258,True
arm_1865,777004,0.01007091998387097,64939.63387096774,False
arm_1865,777005,0.00747863270967742,59565.11774193548,True
arm_1866,777001,0.00515464,28530.956451612903,True
arm_1866,777002,0.007317070000000001,60448.16935483871,True
arm_1866,777003,0.0025641,16092.266129032258,True
arm_1866,777004,0.008695650000000001,63031.53064516129,True
arm_1866,777005,0.007216490000000001,59509.290322580644,True
arm_1867,777001,0.00515464,28530.956451612903,True
arm_1867,777002,0.007317070000000001,60448.16935483871,True
arm_1867,777003,0.002595183822580645,16094.567741935483,True
arm_1867,777004,0.010680965967741938,65107.73709677419,False
arm_1867,777005,0.0073111602741935495,59516.301612903226,True
arm_1868,777001,0.005186755338709678,28533.335483870967,True
arm_1868,777002,0.00842583814516129,60565.09193548388,True
arm_1868,777003,0.0026262676451612905,16096.869354838711,True
arm_1868,777004,0.011924692258064518,65618.07419354838,False
arm_1868,777005,0.007377301491935484,59522.41612903225,True
arm_1869,777001,0.00515464,28530.956451612903,True
arm_1869,777002,0.007552831241935485,60514.283870967745,True
arm_1869,777003,0.0025815472983870967,16093.559677419355,True
arm_1869,777004,0.008695650000000001,63031.53064516129,True
arm_1869,777005,0.007216490000000001,59509.290322580644,True
arm_1870,777001,0.00515464,28530.956451612903,True
arm_1870,777002,0.007552831241935485,60514.283870967745,True
arm_1870,777003,0.003467331120967742,18085.06129032258,True
arm_1870,777004,0.008761185677419356,63049.737096774195,True
arm_1870,777005,0.007263825137096775,59512.79516129032,True
arm_1871,777001,0.00515464,28530.956451612903,True
arm_1871,777002,0.007637031685483872,60520.522580645156,True
arm_1871,777003,0.003467331120967742,18085.06129032258,True
arm_1871,777004,0.010746649709677421,65121.116129032256,False
arm_1871,777005,0.0073111602741935495,59516.301612903226,True
arm_1944,777001,0.00515464,7089.63064516129,False
arm_1944,777002,0.00569106,6733.300161290323,False
arm_1944,777003,0.0013096214354838711,1034.4221129032258,False
arm_1944,777004,0.004978963387096774,8898.238225806452,False
arm_1944,777005,0.00515464,2809.496129032258,False
arm_1945,777001,0.005779835338709677,7138.40435483871,False
arm_1945,777002,0.00569106,6733.300161290323,False
arm_1945,777003,0.0013096214354838711,1034.4221129032258,False
arm_1945,777004,0.004978963387096774,8898.238225806452,False
arm_1945,777005,0.00515464,2809.496129032258,False
arm_1947,777001,0.0061855700000000005,7477.614032258065,False
arm_1947,777002,0.00569106,6733.300161290323,False
arm_1947,777003,0.0013096214354838711,1034.4221129032258,False
arm_1947,777004,0.004978963387096774,8898.238225806452,False
arm_1947,777005,0.00515464,2809.496129032258,False
arm_1952,777001,0.006217685338709678,7479.992903225806,False
arm_1952,777002,0.006468457830645162,6796.712903225806,False
arm_1952,777003,0.0013251633467741936,1035.5734032258065,False
arm_1952,777004,0.006521787540322581,10178.12612903226,True
arm_1952,777005,0.005809995830645161,2858.0408064516128,False
arm_2025,777001,0.00515464,7089.63064516129,False
arm_2025,777002,0.00569106,6733.300161290323,False
arm_2025,777003,0.0013096214354838711,1034.4221129032258,False
arm_2025,777004,0.004978963387096774,8898.238225806452,False
arm_2025,777005,0.00515464,2809.496129032258,False
arm_2028,777001,0.00515464,7089.63064516129,False
arm_2028,777002,0.00569106,6733.300161290323,False
arm_2028,777003,0.0013096214354838711,1034.4221129032258,False
arm_2028,777004,0.004978963387096774,8898.238225806452,False
arm_2028,777005,0.00515464,2809.496129032258,False
arm_2109,777001,0.00515464,7089.63064516129,False
arm_2109,777002,0.00569106,6733.300161290323,False
arm_2109,777003,0.0013096214354838711,1034.4221129032258,False
arm_2109,777004,0.004978963387096774,8898.238225806452,False
arm_2109,777005,0.00515464,2809.496129032258,False
arm_2187,777001,0.0061855700000000005,52066.18709677419,True
arm_2187,777002,0.007317070000000001,74194.5,True
arm_2187,777003,0.0034188000000000005,33554.9,True
arm_2187,777004,0.010485533927419357,87941.06129032258,False
arm_2187,777005,0.007216490000000001,66437.6,True
arm_2188,777001,0.007280720677419356,59551.00161290323,True
arm_2188,777002,0.009415160322580645,77964.2741935484,True
arm_2188,777003,0.0052370985000000005,41855.92580645161,True
arm_2188,777004,0.012355755282258067,90536.61129032259,False
arm_2188,777005,0.00824742,148360.0483870968,False
arm_2190,777001,0.00515464,51775.5,True
arm_2190,777002,0.007317070000000001,74194.5,True
arm_2190,777003,0.0034188000000000005,33554.9,True
arm_2190,777004,0.010485533927419357,87941.06129032258,False
arm_2190,777005,0.007216490000000001,66437.6,True
arm_2191,777001,0.006249800677419356,52070.94193548387,True
arm_2191,777002,0.008315320975806452,76553.04032258065,True
arm_2191,777003,0.004995451330645161,40928.709677419356,True
arm_2191,777004,0.013981815548387098,89154.03709677419,False
arm_2191,777005,0.007560552306451614,66463.07096774194,True
arm_2193,777001,0.00515464,51775.5,True
arm_2193,777002,0.007468630798387098,74205.73548387096,True
arm_2193,777003,0.0034188000000000005,33554.9,True
arm_2193,777004,0.010616605282258067,87950.76774193547,False
arm_2193,777005,0.007363945274193549,66448.51612903227,True
arm_2195,777001,0.007793934669354839,52185.309677419355,True
arm_2195,777002,0.011193276241935482,77873.26774193547,False
arm_2195,777003,0.009084386475806451,70676.69193548388,True
arm_2195,777004,0.01584556316935484,89609.53870967742,False
arm_2195,777005,0.010139474903225807,71231.31290322581,False
arm_2196,777001,0.005387430645161291,50799.95161290323,True
arm_2196,777002,0.007704392040322582,68211.27258064516,True
arm_2196,777003,0.0043837851612903225,46845.15806451612,True
arm_2196,777004,0.011355103927419357,91989.68225806451,False
arm_2196,777005,0.007216490000000001,68487.1064516129,True
arm_2197,777001,0.006643663661290323,53832.783870967745,True
arm_2197,777002,0.00976356606451613,68900.52741935484,True
arm_2197,777003,0.005739294879032258,48962.67419354838,True
arm_2197,777004,0.013371557701612906,87897.55161290323,False
arm_2197,777005,0.009987131645161292,79026.27903225805,True
arm_2198,777001,0.007897656596774194,55319.30322580645,True
arm_2198,777002,0.013904646951612904,72714.28548387098,False
arm_2198,777003,0.010316779846774192,58173.966129032255,False
arm_2198,777004,0.014782346588709678,86907.05806451612,False
arm_2198,777005,0.011083617322580645,93967.88870967741,False
arm_2199,777001,0.00515464,50782.7,True
arm_2199,777002,0.00846688177419355,68958.38870967741,True
arm_2199,777003,0.0042735,46809.41612903225,True
arm_2199,777004,0.010485533927419357,86073.09516129033,False
arm_2199,777005,0.007216490000000001,68487.1064516129,True
arm_2202,777001,0.00515464,50782.7,True
arm_2202,777002,0.0078054319193548395,68210.0241935484,True
arm_2202,777003,0.0042735,46809.41612903225,True
arm_2202,777004,0.010878747991935486,86130.12419354838,False
arm_2202,777005,0.008314211943548387,68633.95967741935,True
arm_2203,777001,0.00644876631451613,50878.645161290326,True
arm_2203,777002,0.00981877316129032,69144.63870967741,True
arm_2203,777003,0.0047600036693548385,46875.329032258065,True
arm_2203,777004,0.012120411016129033,92115.97741935484,False
arm_2203,777005,0.009608538016129034,68751.67903225806,True
arm_2205,777001,0.00515464,33295.15483870968,True
arm_2205,777002,0.007872792927419357,45192.0435483871,True
arm_2205,777003,0.0034188000000000005,19653.01451612903,True
arm_2205,777004,0.011355103927419357,76736.45161290323,False
arm_2205,777005,0.0061855700000000005,49431.57258064516,True
arm_2207,777001,0.009308187548387097,42785.10161290322,True
arm_2207,777002,0.014658641161290321,48332.837096774194,False
arm_2207,777003,0.009315282806451613,30454.282258064515,True
arm_2207,777004,0.01896164473387097,87290.12419354838,False
arm_2207,777005,0.010098870677419356,59128.52419354839,False
arm_2208,777001,0.00515464,33295.15483870968,True
arm_2208,777002,0.008916876032258065,45319.28548387097,True
arm_2208,777003,0.0034188000000000005,19653.01451612903,True
arm_2208,777004,0.010485533927419357,74898.62258064515,False
arm_2208,777005,0.0061855700000000005,49431.57258064516,True
arm_2209,777001,0.007005009370967742,34073.559677419355,True
arm_2209,777002,0.010857116451612903,45697.58870967742,False
arm_2209,777003,0.0037677454596774197,19678.862903225807,True
arm_2209,777004,0.016817662258064515,77846.83387096775,False
arm_2209,777005,0.00720137270967742,49514.096774193546,True
arm_2211,777001,0.00515464,33295.15483870968,True
arm_2211,777002,0.008512715645161291,45288.098387096776,True
arm_2211,777003,0.003947224983870968,19821.09677419355,True
arm_2211,777004,0.011157274620967744,74975.0822580645,False
arm_2211,777005,0.006333025274193549,49442.495161290324,True
arm_2212,777001,0.006215975669354839,33373.77419354839,True
arm_2212,777002,0.011099415330645164,45800.45,False
arm_2212,777003,0.005220278685483872,19895.01935483871,True
arm_2212,777004,0.014352030766129032,77250.2564516129,False
arm_2212,777005,0.007627353016129033,49560.217741935485,True
arm_2214,777001,0.00515464,39644.53548387097,True
arm_2214,777002,0.00721216677419355,36376.52903225806,True
arm_2214,777003,0.0034188000000000005,18472.56612903226,True
arm_2214,777004,0.008695650000000001,48099.319354838706,True
arm_2214,777005,0.007216490000000001,38382.0435483871,True
arm_2215,777001,0.005395505040322581,39780.14032258065,True
arm_2215,777002,0.00747254548387097,36395.81612903226,True
arm_2215,777003,0.0034188000000000005,18472.56612903226,True
arm_2215,777004,0.009253961806451614,48183.25161290323,True
arm_2215,777005,0.009473790991935484,39493.7435483871,True
arm_2216,777001,0.00892280235483871,41922.04677419355,True
arm_2216,777002,0.008824130137096776,36917.44193548387,True
arm_2216,777003,0.004739757338709678,18779.92096774194,True
arm_2216,777004,0.009253961806451614,48183.25161290323,True
arm_2216,777005,0.012375522250000002,54668.35322580645,False
arm_2217,777001,0.0061855700000000005,39956.153225806454,True
arm_2217,777002,0.00721216677419355,36376.52903225806,True
arm_2217,777003,0.0034188000000000005,18472.56612903226,True
arm_2217,777004,0.008695650000000001,48099.319354838706,True
arm_2217,777005,0.008294755137096774,38713.18548387097,True
arm_2218,777001,0.0061855700000000005,39956.153225806454,True
arm_2218,777002,0.00747254548387097,36395.81612903226,True
arm_2218,777003,0.0035742191129032263,18585.387096774193,True
arm_2218,777004,0.009860796838709678,49221.36935483871,True
arm_2218,777005,0.009521126129032258,39125.27419354839,True
arm_2219,777001,0.007794566096774194,40521.74677419355,True
arm_2219,777002,0.007544431532258066,36401.13870967742,True
arm_2219,777003,0.004841525290322581,26191.348387096776,True
arm_2219,777004,0.009253961806451614,48183.25161290323,True
arm_2219,777005,0.01184151523387097,43914.96129032258,False
arm_2220,777001,0.0061855700000000005,39956.153225806454,True
arm_2220,777002,0.00721216677419355,36376.52903225806,True
arm_2220,777003,0.0034188000000000005,18472.56612903226,True
arm_2220,777004,0.008695650000000001,48099.319354838706,True
arm_2220,777005,0.007216490000000001,38382.0435483871,True
arm_2221,777001,0.007714526701612904,40944.33870967742,True
arm_2221,777002,0.008711087258064519,37063.7064516129,True
arm_2221,777003,0.00419589556451613,18540.48709677419,True
arm_2221,777004,0.011085381887096773,42406.53709677419,False
arm_2221,777005,0.008752899338709676,43147.43870967742,True
arm_2222,777001,0.009494282580645162,41189.487096774195,True
arm_2222,777002,0.009004013306451616,37085.40483870968,True
arm_2222,777003,0.004809651145161291,18852.998387096774,True
arm_2222,777004,0.01267693335483871,43573.52580645162,False
arm_2222,777005,0.010143108362903224,43377.48225806451,False
arm_2242,777001,0.00206186,14040.075806451612,True
arm_2242,777002,0.002914354927419355,3806.7051612903224,False
arm_2242,777003,0.0008547010000000001,663.7464516129032,False
arm_2242,777004,0.003941094677419355,10563.605806451615,True
arm_2242,777005,0.00103093,864.6493548387095,False
arm_2243,777001,0.00309278,24425.714516129032,True
arm_2243,777002,0.003845245548387097,6531.918709677419,False
arm_2243,777003,0.0008547010000000001,663.7464516129032,False
arm_2243,777004,0.004975144967741936,10681.088064516129,True
arm_2243,777005,0.00206186,1051.8675806451613,False
arm_2245,777001,0.00309278,14398.501612903225,True
arm_2245,777002,0.0025400605322580647,3604.188548387097,False
arm_2245,777003,0.0009945782016129033,699.4352096774194,False
arm_2245,777004,0.004170987774193549,10677.946774193548,True
arm_2245,777005,0.00103093,864.6493548387095,False
arm_2246,777001,0.00309278,14398.501612903225,True
arm_2246,777002,0.002914354927419355,3806.7051612903224,False
arm_2246,777003,0.0014737900322580647,746.685306451613,False
arm_2246,777004,0.004462513080645162,10610.885483870969,True
arm_2246,777005,0.0022591985,1168.6254032258064,False
arm_2268,777001,0.00515464,51775.5,True
arm_2268,777002,0.007317070000000001,74194.5,True
arm_2268,777003,0.0034188000000000005,33554.9,True
arm_2268,777004,0.008695650000000001,87793.9,True
arm_2268,777005,0.007216490000000001,66437.6,True
arm_2269,777001,0.00515464,51775.5,True
arm_2269,777002,0.008602150322580646,76888.02903225805,True
arm_2269,777003,0.004739757338709678,42928.95483870968,True
arm_2269,777004,0.008695650000000001,87987.1,True
arm_2269,777005,0.00824742,148360.0483870968,False
arm_2270,777001,0.009580917048387096,64416.40483870968,True
arm_2270,777002,0.009415160322580645,80874.39677419355,True
arm_2270,777003,0.008438425556451613,75509.30806451612,True
arm_2270,777004,0.009565220000000001,111873.65483870967,False
arm_2270,777005,0.011684262306451615,212730.11290322582,False
arm_2271,777001,0.00515464,51775.5,True
arm_2271,777002,0.008943089999999999,86294.44838709677,True
arm_2271,777003,0.0034188000000000005,33554.9,True
arm_2271,777004,0.009565220000000001,94959.2370967742,True
arm_2271,777005,0.007216490000000001,66437.6,True
arm_2272,777001,0.0061855700000000005,67328.08225806452,True
arm_2272,777002,0.011141663016129032,89554.3322580645,False
arm_2272,777003,0.0035586772016129036,33569.87096774193,True
arm_2272,777004,0.010124737516129032,95280.14032258064,False
arm_2272,777005,0.007216490000000001,66437.6,True
arm_2274,777001,0.00515464,51775.5,True
arm_2274,777002,0.008976770177419354,86296.94516129032,True
arm_2274,777003,0.0034188000000000005,33554.9,True
arm_2274,777004,0.011155692451612905,96646.32741935484,False
arm_2274,777005,0.007216490000000001,66437.6,True
arm_2275,777001,0.006362560008064517,57413.73387096774,True
arm_2275,777002,0.010273611395161291,87498.59838709676,False
arm_2275,777003,0.005889763653225808,35453.995161290324,True
arm_2275,777004,0.011625681064516127,96754.40161290324,False
arm_2275,777005,0.007216490000000001,66437.6,True
arm_2277,777001,0.00515464,50782.7,True
arm_2277,777002,0.007653871774193549,68186.32419354838,True
arm_2277,777003,0.0043837851612903225,46845.15806451612,True
arm_2277,777004,0.009565220000000001,91842.50483870968,True
arm_2277,777005,0.007216490000000001,68487.1064516129,True
arm_2278,777001,0.00515464,50782.7,True
arm_2278,777002,0.008584762395161292,68780.7741935484,True
arm_2278,777003,0.006180430362903226,52314.08225806452,True
arm_2278,777004,0.00987721777419355,91528.40483870967,True
arm_2278,777005,0.009982858532258066,79007.35161290322,True
arm_2280,777001,0.00515464,50782.7,True
arm_2280,777002,0.01009290177419355,74592.15967741936,False
arm_2280,777003,0.0042735,46809.41612903225,True
arm_2280,777004,0.009565220000000001,88730.97096774195,True
arm_2280,777005,0.007216490000000001,68487.1064516129,True
arm_2281,777001,0.0061855700000000005,52741.13548387097,True
arm_2281,777002,0.012392504088709679,75342.61935483871,False
arm_2281,777003,0.004523662362903226,46860.12096774193,True
arm_2281,777004,0.012617383669354838,100431.21612903227,False
arm_2281,777005,0.007216490000000001,68487.1064516129,True
arm_2283,777001,0.00515464,50782.7,True
arm_2283,777002,0.009313571806451612,73835.06612903225,True
arm_2283,777003,0.0042735,46809.41612903225,True
arm_2283,777004,0.010729710548387098,89932.7370967742,False
arm_2283,777005,0.007953766370967744,68606.04999999999,True
arm_2284,777001,0.006362560008064517,51887.13548387097,True
arm_2284,777002,0.012556373620967743,75302.5064516129,False
arm_2284,777003,0.006124382814516129,47556.67419354838,True
arm_2284,777004,0.011807178870967742,95889.42580645162,False
arm_2284,777005,0.007953766370967744,68606.04999999999,True
arm_2285,777001,0.007559759040322581,53857.84354838709,True
arm_2285,777002,0.013470414153225807,75463.45967741935,False
arm_2285,777003,0.006611300596774193,47610.62258064516,True
arm_2285,777004,0.015578847048387098,100868.25967741935,False
arm_2285,777005,0.008880381258064517,68678.3322580645,True
arm_2286,777001,0.00515464,33295.15483870968,True
arm_2286,777002,0.00751915106451613,45164.60322580645,True
arm_2286,777003,0.0034188000000000005,19653.01451612903,True
arm_2286,777004,0.009565220000000001,76589.2629032258,True
arm_2286,777005,0.0061855700000000005,49431.57258064516,True
arm_2288,777001,0.013397338774193548,51901.93870967742,False
arm_2288,777002,0.014012361879032258,52481.04677419355,False
arm_2288,777003,0.008893895645161291,21940.612903225807,True
arm_2288,777004,0.013465362879032258,86387.6064516129,False
arm_2288,777005,0.009454378790322581,59047.29516129032,True
arm_2289,777001,0.00515464,33295.15483870968,True
arm_2289,777002,0.00833216106451613,46783.819354838706,True
arm_2289,777003,0.0034188000000000005,19653.01451612903,True
arm_2289,777004,0.009565220000000001,81805.61935483871,True
arm_2289,777005,0.0061855700000000005,49431.57258064516,True
arm_2290,777001,0.008566660661290323,34822.37903225807,True
arm_2290,777002,0.01052594920967742,47181.679032258064,False
arm_2290,777003,0.0035586772016129036,19667.98064516129,True
arm_2290,777004,0.013235060951612905,84541.74516129032,False
arm_2290,777005,0.007041200798387097,49498.46129032258,True
arm_2291,777001,0.012864996354838709,36394.58064516129,False
arm_2291,777002,0.013744586451612903,48739.58225806452,False
arm_2291,777003,0.00980191870967742,30507.788709677418,True
arm_2291,777004,0.016396404782258067,94069.59516129033,False
arm_2291,777005,0.010089147266129033,57769.85967741935,False
arm_2292,777001,0.00515464,33295.15483870968,True
arm_2292,777002,0.008163760177419356,46771.34516129032,True
arm_2292,777003,0.0036519286693548394,19758.927419354837,True
arm_2292,777004,0.011495411096774193,82056.16129032258,False
arm_2292,777005,0.0061855700000000005,49431.57258064516,True
arm_2293,777001,0.005396002943548387,33313.03064516129,True
arm_2293,777002,0.011282518016129034,47400.141935483865,False
arm_2293,777003,0.004351314677419355,19726.695161290325,True
arm_2293,777004,0.014377252225806453,84222.98225806453,False
arm_2293,777005,0.00651691595967742,49459.62258064516,True
arm_2295,777001,0.00515464,39644.53548387097,True
arm_2295,777002,0.00721216677419355,36376.52903225806,True
arm_2295,777003,0.0034188000000000005,18472.56612903226,True
arm_2295,777004,0.008695650000000001,48099.319354838706,True
arm_2295,777005,0.00824742,42173.20322580645,True
arm_2296,777001,0.006476318266129033,40352.690322580645,True
arm_2296,777002,0.008432017217741937,38094.84516129032,True
arm_2296,777003,0.0034188000000000005,18472.56612903226,True
arm_2296,777004,0.00935248741935484,48178.38387096774,True
arm_2296,777005,0.009587222306451613,42955.99838709677,True
arm_2297,777001,0.007780396951612903,35532.2564516129,True
arm_2297,777002,0.010663973024193548,40286.32580645162,False
arm_2297,777003,0.004475544846774194,18763.798387096773,True
arm_2297,777004,0.00935248741935484,48178.38387096774,True
arm_2297,777005,0.013335968370967743,60748.10161290322,False
arm_2298,777001,0.0061855700000000005,39956.153225806454,True
arm_2298,777002,0.00721216677419355,36376.52903225806,True
arm_2298,777003,0.0042735,18821.803225806452,True
arm_2298,777004,0.009565220000000001,52922.967741935485,True
arm_2298,777005,0.008263198379032258,42174.37258064516,True
arm_2299,777001,0.006201627669354839,39957.34193548388,True
arm_2299,777002,0.008432017217741937,38094.84516129032,True
arm_2299,777003,0.004366751467741936,18882.820967741933,True
arm_2299,777004,0.009565220000000001,52922.967741935485,True
arm_2299,777005,0.00857207068548387,42257.57258064516,True
arm_2300,777001,0.007683873112903226,40717.83387096775,True
arm_2300,777002,0.008488196500000001,38099.00806451613,True
arm_2300,777003,0.0064576835403225815,27139.48548387097,True
arm_2300,777004,0.01048420012903226,53023.87580645161,False
arm_2300,777005,0.011289306879032257,47140.977419354844,False
arm_2301,777001,0.0061855700000000005,39956.153225806454,True
arm_2301,777002,0.00721216677419355,36376.52903225806,True
arm_2301,777003,0.0034188000000000005,18472.56612903226,True
arm_2301,777004,0.009565220000000001,52922.967741935485,True
arm_2301,777005,0.00824742,42173.20322580645,True
arm_2303,777001,0.007547907596774194,40193.783870967745,True
arm_2303,777002,0.009447108282258063,38600.44516129032,True
arm_2303,777003,0.005314712935483872,19217.635483870967,True
arm_2303,777004,0.012824197129032256,55115.98064516129,False
arm_2303,777005,0.008965284314516129,42357.087096774194,True
arm_2324,777001,0.00309278,24425.714516129032,True
arm_2324,777002,0.0038480776451612904,6460.095322580645,False
arm_2324,777003,0.0008547010000000001,663.7464516129032,False
arm_2324,777004,0.004843777483870968,10673.792903225807,True
arm_2324,777005,0.00103093,864.6493548387095,False
arm_2326,777001,0.00309278,14398.501612903225,True
arm_2326,777002,0.0025400605322580647,3604.188548387097,False
arm_2326,777003,0.0009945782016129033,702.888935483871,False
arm_2326,777004,0.00481066129032258,11124.616935483871,True
arm_2326,777005,0.00103093,864.6493548387095,False
arm_2349,777001,0.00515464,51775.5,True
arm_2349,777002,0.008130080000000001,94228.33064516129,True
arm_2349,777003,0.004465420282258065,44090.84516129032,True
arm_2349,777004,0.008695650000000001,88631.2,True
arm_2349,777005,0.007216490000000001,66437.6,True
arm_2350,777001,0.007216490000000001,102318.05967741935,False
arm_2350,777002,0.009415160322580645,96921.81451612903,True
arm_2350,777003,0.005786387620967743,54591.903225806454,True
arm_2350,777004,0.008695650000000001,88631.2,True
arm_2350,777005,0.009278350000000001,161802.66129032258,False
arm_2352,777001,0.00515464,51775.5,True
arm_2352,777002,0.00751915106451613,74209.48064516128,True
arm_2352,777003,0.0042735,44072.74838709677,True
arm_2352,777004,0.009565220000000001,90835.79999999999,True
arm_2352,777005,0.00824742,66765.20322580646,True
arm_2353,777001,0.0061855700000000005,97627.78225806452,True
arm_2353,777002,0.011769422040322582,110293.7564516129,False
arm_2353,777003,0.006314707483870969,74207.20967741935,True
arm_2353,777004,0.009960676225806452,90951.32258064517,True
arm_2353,777005,0.009830593919354839,80253.48387096774,True
arm_2354,777001,0.007216490000000001,102318.05967741935,False
arm_2354,777002,0.012610116758064515,93581.68870967742,False
arm_2354,777003,0.00929282545967742,114889.06129032258,False
arm_2354,777004,0.012438261741935486,93290.81774193549,False
arm_2354,777005,0.012305229548387097,166060.53225806452,False
arm_2355,777001,0.00515464,51775.5,True
arm_2355,777002,0.00751915106451613,74209.48064516128,True
arm_2355,777003,0.0034188000000000005,33554.9,True
arm_2355,777004,0.01023869348387097,90903.89193548387,False
arm_2355,777005,0.007216490000000001,66437.6,True
arm_2356,777001,0.007117306104838711,57469.653225806454,True
arm_2356,777002,0.009958181064516129,97022.31290322581,True
arm_2356,777003,0.0062059141048387105,45931.21129032258,True
arm_2356,777004,0.011413393419354836,92615.09516129033,False
arm_2356,777005,0.01013038391935484,80310.7564516129,False
arm_2357,777001,0.008228727838709678,103327.89032258064,False
arm_2357,777002,0.013859580637096774,115749.17258064516,False
arm_2357,777003,0.008559256774193549,76097.84838709676,True
arm_2357,777004,0.013761187225806453,94852.10967741936,False
arm_2357,777005,0.013134518250000001,104319.23064516128,False
arm_2358,777001,0.00515464,50782.7,True
arm_2358,777002,0.008247960620967743,78920.05161290323,True
arm_2358,777003,0.0043837851612903225,42340.87580645161,True
arm_2358,777004,0.009565220000000001,91842.50483870968,True
arm_2358,777005,0.007216490000000001,68487.1064516129,True
arm_2361,777001,0.0061855700000000005,51519.303225806456,True
arm_2361,777002,0.008668961967741936,68958.3870967742,True
arm_2361,777003,0.0042735,42305.1370967742,True
arm_2361,777004,0.009565220000000001,89052.00161290322,True
arm_2361,777005,0.0074160248387096775,68551.1564516129,True
arm_2362,777001,0.007216490000000001,63615.76129032258,True
arm_2362,777002,0.011394263185483871,86812.64193548387,False
arm_2362,777003,0.006233071072580646,45189.52580645162,True
arm_2362,777004,0.010549746548387098,94977.1,False
arm_2362,777005,0.008999198758064516,68808.5870967742,True
arm_2363,777001,0.007505848129032259,63645.53709677419,True
arm_2363,777002,0.012019190911290323,82522.38064516129,False
arm_2363,777003,0.009618600991935483,54740.92580645161,True
arm_2363,777004,0.009729059193548387,89064.13225806452,True
arm_2363,777005,0.01243036981451613,79475.48548387096,False
arm_2364,777001,0.00515464,50782.7,True
arm_2364,777002,0.007855951967741937,68198.79838709677,True
arm_2364,777003,0.0034188000000000005,34807.895161290326,True
arm_2364,777004,0.010566371870967744,89150.43225806451,False
arm_2364,777005,0.007298409596774194,68525.94193548388,True
arm_2365,777001,0.00814822610483871,52679.59032258065,True
arm_2365,777002,0.011276382564516128,80433.59193548387,False
arm_2365,777003,0.005331745338709677,42989.06290322581,True
arm_2365,777004,0.012282941806451612,101316.97258064516,False
arm_2365,777005,0.009065339903225807,68846.25483870968,True
arm_2366,777001,0.009259657838709677,64782.02580645162,True
arm_2366,777002,0.013809895169354838,90579.91451612904,False
arm_2366,777003,0.007597852314516128,45880.22580645161,True
arm_2366,777004,0.014514184177419353,102730.00322580646,False
arm_2366,777005,0.011698229185483872,91561.65806451613,False
arm_2367,777001,0.00515464,33295.15483870968,True
arm_2367,777002,0.008163760177419356,46968.52096774193,True
arm_2367,777003,0.0034188000000000005,19351.774193548386,True
arm_2367,777004,0.009565220000000001,76589.2629032258,True
arm_2367,777005,0.0061855700000000005,49431.57258064516,True
arm_2368,777001,0.008889619177419355,35519.393548387096,True
arm_2368,777002,0.011268568290322582,49957.4564516129,False
arm_2368,777003,0.004677589693548387,21841.154838709677,True
arm_2368,777004,0.012221427306451614,86053.09516129033,False
arm_2368,777005,0.00834330135483871,56012.22258064516,True
arm_2369,777001,0.012205971830645163,52284.59516129032,False
arm_2369,777002,0.012998647508064518,51136.04677419355,False
arm_2369,777003,0.00626387710483871,22424.048387096773,True
arm_2369,777004,0.015355111693548387,87967.19838709677,False
arm_2369,777005,0.009989554096774194,63285.38870967742,True
arm_2370,777001,0.00515464,33295.15483870968,True
arm_2370,777002,0.00790647295967742,45193.29677419355,True
arm_2370,777003,0.0034188000000000005,19351.774193548386,True
arm_2370,777004,0.008695650000000001,74751.44677419355,True
arm_2370,777005,0.006518124838709677,49489.46290322581,True
arm_2371,777001,0.007601598935483872,34360.579032258065,True
arm_2371,777002,0.010516780177419355,48238.82258064516,False
arm_2371,777003,0.004413377201612904,21821.585483870967,True
arm_2371,777004,0.011009236903225809,76953.47903225807,False
arm_2371,777005,0.008134059822580647,50033.84354838709,True
arm_2372,777001,0.009451780153225807,35610.9935483871,True
arm_2372,777002,0.01346518062903226,57238.97903225807,False
arm_2372,777003,0.007695431475806452,31311.651612903224,True
arm_2372,777004,0.014698641588709678,86570.38225806452,False
arm_2372,777005,0.01191234798387097,58342.12580645161,False
arm_2373,777001,0.00515464,33295.15483870968,True
arm_2373,777002,0.007872792927419357,45190.801612903226,True
arm_2373,777003,0.002859396314516129,15997.412903225806,True
arm_2373,777004,0.009909786467741937,74863.2258064516,True
arm_2373,777005,0.0061855700000000005,49431.57258064516,True
arm_2376,777001,0.00515464,39644.53548387097,True
arm_2376,777002,0.00721216677419355,36376.52903225806,True
arm_2376,777003,0.0034188000000000005,18472.56612903226,True
arm_2376,777004,0.008695650000000001,48099.319354838706,True
arm_2376,777005,0.007216490000000001,38382.0435483871,True
arm_2378,777001,0.007443008072580646,48451.63225806452,True
arm_2378,777002,0.008758775717741937,38323.8629032258,True
arm_2378,777003,0.005330254846774195,24602.18870967742,True
arm_2378,777004,0.008974805903225807,48132.15967741935,True
arm_2378,777005,0.010828135048387097,48499.49838709677,False
arm_2380,777001,0.00515464,39644.53548387097,True
arm_2380,777002,0.008073996491935485,36625.88870967742,True
arm_2380,777003,0.004366751467741936,22600.81612903226,True
arm_2380,777004,0.008695650000000001,48099.319354838706,True
arm_2380,777005,0.007556313741935485,38454.18870967742,True
arm_2381,777001,0.00544538875,39770.74677419355,True
arm_2381,777002,0.008180696040322582,36633.791935483874,True
arm_2381,777003,0.005454590137096775,30180.712903225805,True
arm_2381,777004,0.008974805903225807,48132.15967741935,True
arm_2381,777005,0.010067840451612905,39346.56129032258,False
arm_2382,777001,0.00515464,39644.53548387097,True
arm_2382,777002,0.00721216677419355,36376.52903225806,True
arm_2382,777003,0.0034188000000000005,18472.56612903226,True
arm_2382,777004,0.008695650000000001,48099.319354838706,True
arm_2382,777005,0.007216490000000001,38382.0435483871,True
arm_2383,777001,0.00515464,39644.53548387097,True
arm_2383,777002,0.008244096637096776,36834.72580645161,True
arm_2383,777003,0.004289041911290323,18800.479032258063,True
arm_2383,777004,0.009985984516129032,41652.90645161291,True
arm_2383,777005,0.0073311774354838715,42308.11129032258,True
arm_2384,777001,0.006249800677419356,39835.022580645156,True
arm_2384,777002,0.009206967959677419,37091.577419354835,True
arm_2384,777003,0.005594467338709679,22956.364516129033,True
arm_2384,777004,0.01088829364516129,50772.76774193549,False
arm_2384,777005,0.008067269241935484,42408.414516129036,True
arm_2403,777001,0.00206186,14040.075806451612,True
arm_2403,777002,0.00243902,3584.2301612903225,False
arm_2403,777003,0.0008547010000000001,663.7464516129032,False
arm_2403,777004,0.003071531290322581,9260.809838709676,False
arm_2403,777005,0.00103093,864.6493548387095,False
arm_2409,777001,0.00206186,14040.075806451612,True
arm_2409,777002,0.0032520300000000004,4705.150806451613,False
arm_2409,777003,0.0008547010000000001,663.7464516129032,False
arm_2409,777004,0.003071531290322581,9260.809838709676,False
arm_2409,777005,0.00103093,864.6493548387095,False
arm_2431,777001,0.009162007830645162,30084.609677419354,True
arm_2431,777002,0.010911526233870967,62022.04838709677,False
arm_2431,777003,0.005337785056451614,21247.854838709678,True
arm_2431,777004,0.014024054758064518,65226.42580645161,False
arm_2431,777005,0.009712220580645161,62386.49032258064,True
arm_2432,777001,0.011400830540322583,37689.44677419355,False
arm_2432,777002,0.01583115879032258,63649.49838709677,False
arm_2432,777003,0.005681612419354839,21282.53064516129,True
arm_2432,777004,0.014730156435483872,65296.97903225807,False
arm_2432,777005,0.01254411795967742,67747.18870967742,False
arm_2433,777001,0.005347758806451613,28560.75806451613,True
arm_2433,777002,0.007953594854838712,60555.198387096774,True
arm_2433,777003,0.0025641,16092.266129032258,True
arm_2433,777004,0.009451013032258065,63134.91935483871,True
arm_2433,777005,0.007216490000000001,59509.290322580644,True
arm_2434,777001,0.007892299927419355,29997.43870967742,True
arm_2434,777002,0.009930530580645164,61331.61774193548,True
arm_2434,777003,0.002610725733870968,16095.71935483871,True
arm_2434,777004,0.013994447177419355,65215.88225806452,False
arm_2434,777005,0.008304558717741935,59655.96290322581,True
arm_2436,777001,0.00515464,28530.956451612903,True
arm_2436,777002,0.007552831241935485,60535.48387096774,True
arm_2436,777003,0.0038228896935483874,20537.58064516129,True
arm_2436,777004,0.01002445020967742,63215.01935483871,False
arm_2436,777005,0.007216490000000001,59509.290322580644,True
arm_2437,777001,0.00868158166935484,32356.18064516129,True
arm_2437,777002,0.009604491862903228,62768.15967741935,True
arm_2437,777003,0.004894877637096774,22544.024193548386,True
arm_2437,777004,0.012068702096774193,63788.49032258064,False
arm_2437,777005,0.008203833620967743,59610.47903225807,True
arm_2438,777001,0.010275491137096774,32613.86935483871,False
arm_2438,777002,0.012248842435483872,63634.83225806452,False
arm_2438,777003,0.005150870951612904,22562.983870967742,True
arm_2438,777004,0.016907752177419355,67404.90161290322,False
arm_2438,777005,0.010412017475806452,60866.06290322581,False
arm_2511,777001,0.00515464,28530.956451612903,True
arm_2511,777002,0.007687551951612904,60486.84193548387,True
arm_2511,777003,0.0025641,16092.266129032258,True
arm_2511,777004,0.008810596548387098,63049.77419354839,True
arm_2511,777005,0.00824742,65331.5064516129,True
arm_2512,777001,0.012479227532258066,40949.282258064515,False
arm_2512,777002,0.010603874153225805,61841.03064516129,False
arm_2512,777003,0.004430525685483871,28476.67258064516,True
arm_2512,777004,0.012386749088709676,71999.77741935484,False
arm_2512,777005,0.00834330135483871,65346.791935483874,True
arm_2514,777001,0.005331665572580645,28550.02741935484,True
arm_2514,777002,0.007687551951612904,60486.84193548387,True
arm_2514,777003,0.0025641,16092.266129032258,True
arm_2514,777004,0.008810596548387098,63049.77419354839,True
arm_2514,777005,0.007216490000000001,59509.290322580644,True
arm_2515,777001,0.007988219096774194,28896.364516129033,True
arm_2515,777002,0.009321041725806454,61135.19677419355,True
arm_2515,777003,0.005409869790322581,27973.9,True
arm_2515,777004,0.011849586798387098,65287.82419354839,False
arm_2515,777005,0.00832631189516129,65345.532258064515,True
arm_2516,777001,0.013025758266129034,40996.914516129036,False
arm_2516,777002,0.013306364282258065,63438.70322580645,False
arm_2516,777003,0.007485415701612903,29033.051612903226,True
arm_2516,777004,0.016463149685483874,73179.79838709677,False
arm_2516,777005,0.008779006306451613,65434.89677419355,True
arm_2517,777001,0.00515464,28530.956451612903,True
arm_2517,777002,0.007552831241935485,60509.29516129032,True
arm_2517,777003,0.0035742191129032263,20504.1935483871,True
arm_2517,777004,0.008810596548387098,63049.77419354839,True
arm_2517,777005,0.007216490000000001,59509.290322580644,True
arm_2518,777001,0.005331665572580645,28550.02741935484,True
arm_2518,777002,0.009045522911290323,62596.458064516126,True
arm_2518,777003,0.003813063943548387,20523.035483870968,True
arm_2518,777004,0.009526266338709679,63175.208064516126,True
arm_2518,777005,0.00929412837903226,65561.7741935484,True
arm_2519,777001,0.008213133161290322,28915.406451612904,True
arm_2519,777002,0.01115057591935484,63345.86935483871,False
arm_2519,777003,0.007714980951612904,32933.26451612903,True
arm_2519,777004,0.01323793360483871,65477.67419354838,False
arm_2519,777005,0.010255021145161292,65723.28064516129,False
arm_2592,777001,0.00515464,28530.956451612903,True
arm_2592,777002,0.007451790709677421,60484.34193548387,True
arm_2592,777003,0.0025641,16092.266129032258,True
arm_2592,777004,0.008892701225806453,63068.02096774193,True
arm_2592,777005,0.007216490000000001,59509.290322580644,True
arm_2594,777001,0.016125679629032257,53839.458064516126,False
arm_2594,777002,0.015928200612903228,71266.30645161291,False
arm_2594,777003,0.003610720282258065,27523.464516129032,True
arm_2594,777004,0.012613853395161292,65602.95483870969,False
arm_2594,777005,0.009254420258064517,65983.95161290323,True
arm_2595,777001,0.005428224975806452,28576.256451612902,True
arm_2595,777002,0.007451790709677421,60484.34193548387,True
arm_2595,777003,0.0025641,16092.266129032258,True
arm_2595,777004,0.008892701225806453,63068.02096774193,True
arm_2595,777005,0.007216490000000001,59509.290322580644,True
arm_2596,777001,0.007747460967741936,30240.853225806455,True
arm_2596,777002,0.00900900998387097,61092.12903225807,True
arm_2596,777003,0.0035431352903225813,27517.02258064516,True
arm_2596,777004,0.011304184612903228,65234.05322580645,False
arm_2596,777005,0.007295381895161291,59524.48225806451,True
arm_2597,777001,0.012688547354838712,42748.7435483871,False
arm_2597,777002,0.01315849916935484,63230.63064516129,False
arm_2597,777003,0.004445075846774194,27614.51451612903,True
arm_2597,777004,0.014549450282258063,66201.57580645161,False
arm_2597,777005,0.008891877193548387,59824.38225806452,True
arm_2598,777001,0.00515464,28530.956451612903,True
arm_2598,777002,0.007552831241935485,60514.283870967745,True
arm_2598,777003,0.0035294987661290324,20499.73064516129,True
arm_2598,777004,0.008892701225806453,63068.02096774193,True
arm_2598,777005,0.007216490000000001,59509.290322580644,True
arm_2599,777001,0.005428224975806452,28576.256451612902,True
arm_2599,777002,0.007834014975806452,60593.85322580645,True
arm_2599,777003,0.004514250217741936,22498.562903225804,True
arm_2599,777004,0.009477300096774194,63172.82419354839,True
arm_2599,777005,0.007263825137096775,59512.79516129032,True
arm_2600,777001,0.007747460967741936,30240.853225806455,True
arm_2600,777002,0.009773499556451612,61318.99193548387,True
arm_2600,777003,0.006630963056451614,35497.487096774195,True
arm_2600,777004,0.012216982588709676,65368.03709677419,False
arm_2600,777005,0.00742524231451613,59535.272580645156,True
arm_2673,777001,0.00515464,7089.63064516129,False
arm_2673,777002,0.006225977903225807,6804.8949999999995,False
arm_2673,777003,0.0013096214354838711,1034.4221129032258,False
arm_2673,777004,0.005306789838709677,8926.162741935483,False
arm_2673,777005,0.005280867032258065,2821.1832258064514,False
arm_2680,777001,0.007115583403225808,7609.320967741935,False
arm_2680,777002,0.007000404903225808,6889.747096774194,False
arm_2680,777003,0.0013251633467741936,1035.5734032258065,False
arm_2680,777004,0.005520113935483871,8941.964516129034,False
arm_2680,777005,0.006299126088709677,2898.9464516129033,False
arm_2838,777001,0.00515464,7089.63064516129,False
arm_2838,777002,0.00627355689516129,6791.427258064516,False
arm_2838,777003,0.0013096214354838711,1034.4221129032258,False
arm_2838,777004,0.004978963387096774,8898.238225806452,False
arm_2838,777005,0.00523353189516129,2815.3396774193548,False
arm_2839,777001,0.00609811756451613,7174.258548387097,False
arm_2839,777002,0.006406011927419355,6812.129838709678,False
arm_2839,777003,0.0013562471693548388,1037.8760161290322,False
arm_2839,777004,0.005520521475806452,8956.593548387098,False
arm_2839,777005,0.006345170411290324,2901.2506451612903,False
arm_2916,777001,0.0061855700000000005,52066.18709677419,True
arm_2916,777002,0.007317070000000001,74194.5,True
arm_2916,777003,0.0034188000000000005,33554.9,True
arm_2916,777004,0.010485533927419357,87941.06129032258,False
arm_2916,777005,0.007216490000000001,66437.6,True
arm_2919,777001,0.00515464,51775.5,True
arm_2919,777002,0.007317070000000001,74194.5,True
arm_2919,777003,0.0034188000000000005,33554.9,True
arm_2919,777004,0.010485533927419357,87941.06129032258,False
arm_2919,777005,0.007216490000000001,66437.6,True
arm_2920,777001,0.006249800677419356,52070.94193548387,True
arm_2920,777002,0.008315320975806452,76553.04032258065,True
arm_2920,777003,0.004995451330645161,40928.709677419356,True
arm_2920,777004,0.013981815548387098,89154.03709677419,False
arm_2920,777005,0.007560552306451614,66463.07096774194,True
arm_2921,777001,0.007280720677419356,59551.00161290323,True
arm_2921,777002,0.011226405491935484,80914.34193548387,False
arm_2921,777003,0.009524150572580646,83966.22741935484,True
arm_2921,777004,0.017461033854838715,91927.76451612904,False
arm_2921,777005,0.01023245458870968,152447.0483870968,False
arm_2922,777001,0.00515464,51775.5,True
arm_2922,777002,0.007468630798387098,74205.73548387096,True
arm_2922,777003,0.0034188000000000005,33554.9,True
arm_2922,777004,0.010616605282258067,87950.76774193547,False
arm_2922,777005,0.007363945274193549,66448.51612903227,True
arm_2924,777001,0.007793934669354839,52185.309677419355,True
arm_2924,777002,0.011193276241935482,77873.26774193547,False
arm_2924,777003,0.009084386475806451,70676.69193548388,True
arm_2924,777004,0.01584556316935484,89609.53870967742,False
arm_2924,777005,0.010139474903225807,71231.31290322581,False
arm_2925,777001,0.005387430645161291,50799.95161290323,True
arm_2925,777002,0.007704392040322582,68211.27258064516,True
arm_2925,777003,0.0043837851612903225,46845.15806451612,True
arm_2925,777004,0.011355103927419357,91989.68225806451,False
arm_2925,777005,0.007216490000000001,68487.1064516129,True
arm_2926,777001,0.006643663661290323,53832.783870967745,True
arm_2926,777002,0.00976356606451613,68900.52741935484,True
arm_2926,777003,0.005739294879032258,48962.67419354838,True
arm_2926,777004,0.013371557701612906,87897.55161290323,False
arm_2926,777005,0.009987131645161292,79026.27903225805,True
arm_2928,777001,0.00515464,50782.7,True
arm_2928,777002,0.00846688177419355,68958.38870967741,True
arm_2928,777003,0.0042735,46809.41612903225,True
arm_2928,777004,0.010485533927419357,86073.09516129033,False
arm_2928,777005,0.007216490000000001,68487.1064516129,True
arm_2929,777001,0.005387430645161291,50799.95161290323,True
arm_2929,777002,0.00903944333870968,69051.94032258065,True
arm_2929,777003,0.006784278274193548,54082.56612903226,True
arm_2929,777004,0.013536395967741937,93404.60806451613,False
arm_2929,777005,0.007462248790322581,68505.30967741935,True
arm_2931,777001,0.00515464,50782.7,True
arm_2931,777002,0.0078054319193548395,68210.0241935484,True
arm_2931,777003,0.0042735,46809.41612903225,True
arm_2931,777004,0.010878747991935486,86130.12419354838,False
arm_2931,777005,0.008314211943548387,68633.95967741935,True
arm_2932,777001,0.00644876631451613,50878.645161290326,True
arm_2932,777002,0.00981877316129032,69144.63870967741,True
arm_2932,777003,0.0047600036693548385,46875.329032258065,True
arm_2932,777004,0.012120411016129033,92115.97741935484,False
arm_2932,777005,0.009608538016129034,68751.67903225806,True
arm_2933,777001,0.007172429677419355,50932.23387096774,True
arm_2933,777002,0.011917398387096772,69307.57741935484,False
arm_2933,777003,0.011056707419354836,70160.95967741935,False
arm_2933,777004,0.019683901645161293,94353.14516129032,False
arm_2933,777005,0.011042520572580646,68909.54999999999,False
arm_2934,777001,0.00515464,33295.15483870968,True
arm_2934,777002,0.007872792927419357,45192.0435483871,True
arm_2934,777003,0.0034188000000000005,19653.01451612903,True
arm_2934,777004,0.011355103927419357,76736.45161290323,False
arm_2934,777005,0.0061855700000000005,49431.57258064516,True
arm_2937,777001,0.00515464,33295.15483870968,True
arm_2937,777002,0.008916876032258065,45319.28548387097,True
arm_2937,777003,0.0034188000000000005,19653.01451612903,True
arm_2937,777004,0.010485533927419357,74898.62258064515,False
arm_2937,777005,0.0061855700000000005,49431.57258064516,True
arm_2938,777001,0.007005009370967742,34073.559677419355,True
arm_2938,777002,0.010857116451612903,45697.58870967742,False
arm_2938,777003,0.0037677454596774197,19678.862903225807,True
arm_2938,777004,0.016817662258064515,77846.83387096775,False
arm_2938,777005,0.00720137270967742,49514.096774193546,True
arm_2940,777001,0.00515464,33295.15483870968,True
arm_2940,777002,0.008512715645161291,45288.098387096776,True
arm_2940,777003,0.003947224983870968,19821.09677419355,True
arm_2940,777004,0.011157274620967744,74975.0822580645,False
arm_2940,777005,0.006333025274193549,49442.495161290324,True
arm_2941,777001,0.006215975669354839,33373.77419354839,True
arm_2941,777002,0.011099415330645164,45800.45,False
arm_2941,777003,0.005220278685483872,19895.01935483871,True
arm_2941,777004,0.014352030766129032,77250.2564516129,False
arm_2941,777005,0.007627353016129033,49560.217741935485,True
arm_2942,777001,0.008645704217741936,34216.551612903226,True
arm_2942,777002,0.014356770846774194,46238.22419354838,False
arm_2942,777003,0.007261793903225807,20102.890322580646,True
arm_2942,777004,0.018532766733870967,78098.98387096774,False
arm_2942,777005,0.008995122572580646,49685.40483870968,True
arm_2943,777001,0.00515464,39644.53548387097,True
arm_2943,777002,0.00721216677419355,36376.52903225806,True
arm_2943,777003,0.0034188000000000005,18472.56612903226,True
arm_2943,777004,0.008695650000000001,48099.319354838706,True
arm_2943,777005,0.007216490000000001,38382.0435483871,True
arm_2944,777001,0.005395505040322581,39780.14032258065,True
arm_2944,777002,0.00747254548387097,36395.81612903226,True
arm_2944,777003,0.0034188000000000005,18472.56612903226,True
arm_2944,777004,0.009253961806451614,48183.25161290323,True
arm_2944,777005,0.009473790991935484,39493.7435483871,True
arm_2945,777001,0.00892280235483871,41922.04677419355,True
arm_2945,777002,0.008824130137096776,36917.44193548387,True
arm_2945,777003,0.004739757338709678,18779.92096774194,True
arm_2945,777004,0.009253961806451614,48183.25161290323,True
arm_2945,777005,0.012375522250000002,54668.35322580645,False
arm_2947,777001,0.0061855700000000005,39956.153225806454,True
arm_2947,777002,0.00747254548387097,36395.81612903226,True
arm_2947,777003,0.0035742191129032263,18585.387096774193,True
arm_2947,777004,0.009860796838709678,49221.36935483871,True
arm_2947,777005,0.009521126129032258,39125.27419354839,True
arm_2948,777001,0.007794566096774194,40521.74677419355,True
arm_2948,777002,0.007544431532258066,36401.13870967742,True
arm_2948,777003,0.004841525290322581,26191.348387096776,True
arm_2948,777004,0.009253961806451614,48183.25161290323,True
arm_2948,777005,0.01184151523387097,43914.96129032258,False
arm_2949,777001,0.0061855700000000005,39956.153225806454,True
arm_2949,777002,0.00721216677419355,36376.52903225806,True
arm_2949,777003,0.0034188000000000005,18472.56612903226,True
arm_2949,777004,0.008695650000000001,48099.319354838706,True
arm_2949,777005,0.007216490000000001,38382.0435483871,True
arm_2950,777001,0.007714526701612904,40944.33870967742,True
arm_2950,777002,0.008711087258064519,37063.7064516129,True
arm_2950,777003,0.00419589556451613,18540.48709677419,True
arm_2950,777004,0.011085381887096773,42406.53709677419,False
arm_2950,777005,0.008752899338709676,43147.43870967742,True
arm_2951,777001,0.009494282580645162,41189.487096774195,True
arm_2951,777002,0.009004013306451616,37085.40483870968,True
arm_2951,777003,0.004809651145161291,18852.998387096774,True
arm_2951,777004,0.01267693335483871,43573.52580645162,False
arm_2951,777005,0.010143108362903224,43377.48225806451,False
arm_2973,777001,0.00309278,14398.501612903225,True
arm_2973,777002,0.0025400605322580647,3604.188548387097,False
arm_2973,777003,0.0008547010000000001,663.7464516129032,False
arm_2973,777004,0.003071531290322581,9260.809838709676,False
arm_2973,777005,0.00103093,864.6493548387095,False
arm_2978,777001,0.0033981602338709676,14425.879032258064,True
arm_2978,777002,0.003807752927419355,4869.80935483871,False
arm_2978,777003,0.002243094314516129,1127.8514838709677,False
arm_2978,777004,0.0045917474516129035,10954.29193548387,True
arm_2978,777005,0.001662788064516129,942.246370967742,False
arm_2997,777001,0.00515464,51775.5,True
arm_2997,777002,0.007317070000000001,74194.5,True
arm_2997,777003,0.0034188000000000005,33554.9,True
arm_2997,777004,0.008695650000000001,87793.9,True
arm_2997,777005,0.007216490000000001,66437.6,True
arm_2999,777001,0.009580917048387096,64416.40483870968,True
arm_2999,777002,0.009415160322580645,80874.39677419355,True
arm_2999,777003,0.008438425556451613,75509.30806451612,True
arm_2999,777004,0.009565220000000001,111873.65483870967,False
arm_2999,777005,0.011684262306451615,212730.11290322582,False
arm_3000,777001,0.00515464,51775.5,True
arm_3000,777002,0.008943089999999999,86294.44838709677,True
arm_3000,777003,0.0034188000000000005,33554.9,True
arm_3000,777004,0.009565220000000001,94959.2370967742,True
arm_3000,777005,0.007216490000000001,66437.6,True
arm_3001,777001,0.0061855700000000005,67328.08225806452,True
arm_3001,777002,0.011141663016129032,89554.3322580645,False
arm_3001,777003,0.0035586772016129036,33569.87096774193,True
arm_3001,777004,0.010124737516129032,95280.14032258064,False
arm_3001,777005,0.007216490000000001,66437.6,True
arm_3003,777001,0.00515464,51775.5,True
arm_3003,777002,0.008976770177419354,86296.94516129032,True
arm_3003,777003,0.0034188000000000005,33554.9,True
arm_3003,777004,0.011155692451612905,96646.32741935484,False
arm_3003,777005,0.007216490000000001,66437.6,True
arm_3004,777001,0.006362560008064517,57413.73387096774,True
arm_3004,777002,0.010273611395161291,87498.59838709676,False
arm_3004,777003,0.005889763653225808,35453.995161290324,True
arm_3004,777004,0.011625681064516127,96754.40161290324,False
arm_3004,777005,0.007216490000000001,66437.6,True
arm_3006,777001,0.00515464,50782.7,True
arm_3006,777002,0.007653871774193549,68186.32419354838,True
arm_3006,777003,0.0043837851612903225,46845.15806451612,True
arm_3006,777004,0.009565220000000001,91842.50483870968,True
arm_3006,777005,0.007216490000000001,68487.1064516129,True
arm_3007,777001,0.00515464,50782.7,True
arm_3007,777002,0.008584762395161292,68780.7741935484,True
arm_3007,777003,0.006180430362903226,52314.08225806452,True
arm_3007,777004,0.00987721777419355,91528.40483870967,True
arm_3007,777005,0.009982858532258066,79007.35161290322,True
arm_3008,777001,0.010179073193548388,59604.809677419355,False
arm_3008,777002,0.011886286870967742,73375.42258064516,False
arm_3008,777003,0.008051380532258066,57946.448387096774,True
arm_3008,777004,0.01074679777419355,92119.53709677419,False
arm_3008,777005,0.012425811500000002,97982.44354838709,False
arm_3009,777001,0.00515464,50782.7,True
arm_3009,777002,0.01009290177419355,74592.15967741936,False
arm_3009,777003,0.0042735,46809.41612903225,True
arm_3009,777004,0.009565220000000001,88730.97096774195,True
arm_3009,777005,0.007216490000000001,68487.1064516129,True
arm_3012,777001,0.00515464,50782.7,True
arm_3012,777002,0.009313571806451612,73835.06612903225,True
arm_3012,777003,0.0042735,46809.41612903225,True
arm_3012,777004,0.010729710548387098,89932.7370967742,False
arm_3012,777005,0.007953766370967744,68606.04999999999,True
arm_3013,777001,0.006362560008064517,51887.13548387097,True
arm_3013,777002,0.012556373620967743,75302.5064516129,False
arm_3013,777003,0.006124382814516129,47556.67419354838,True
arm_3013,777004,0.011807178870967742,95889.42580645162,False
arm_3013,777005,0.007953766370967744,68606.04999999999,True
arm_3015,777001,0.00515464,33295.15483870968,True
arm_3015,777002,0.00751915106451613,45164.60322580645,True
arm_3015,777003,0.0034188000000000005,19653.01451612903,True
arm_3015,777004,0.009565220000000001,76589.2629032258,True
arm_3015,777005,0.0061855700000000005,49431.57258064516,True
arm_3016,777001,0.008743865096774195,34909.350000000006,True
arm_3016,777002,0.009195950000000001,46462.58064516129,True
arm_3016,777003,0.004429024233870968,19769.296774193546,True
arm_3016,777004,0.01130185281451613,85948.49677419354,False
arm_3016,777005,0.007740774838709678,55547.587096774194,True
arm_3018,777001,0.00515464,33295.15483870968,True
arm_3018,777002,0.00833216106451613,46783.819354838706,True
arm_3018,777003,0.0034188000000000005,19653.01451612903,True
arm_3018,777004,0.009565220000000001,81805.61935483871,True
arm_3018,777005,0.0061855700000000005,49431.57258064516,True
arm_3020,777001,0.012864996354838709,36394.58064516129,False
arm_3020,777002,0.013744586451612903,48739.58225806452,False
arm_3020,777003,0.00980191870967742,30507.788709677418,True
arm_3020,777004,0.016396404782258067,94069.59516129033,False
arm_3020,777005,0.010089147266129033,57769.85967741935,False
arm_3021,777001,0.00515464,33295.15483870968,True
arm_3021,777002,0.008163760177419356,46771.34516129032,True
arm_3021,777003,0.0036519286693548394,19758.927419354837,True
arm_3021,777004,0.011495411096774193,82056.16129032258,False
arm_3021,777005,0.0061855700000000005,49431.57258064516,True
arm_3022,777001,0.005396002943548387,33313.03064516129,True
arm_3022,777002,0.011282518016129034,47400.141935483865,False
arm_3022,777003,0.004351314677419355,19726.695161290325,True
arm_3022,777004,0.014377252225806453,84222.98225806453,False
arm_3022,777005,0.00651691595967742,49459.62258064516,True
arm_3024,777001,0.00515464,39644.53548387097,True
arm_3024,777002,0.00721216677419355,36376.52903225806,True
arm_3024,777003,0.0034188000000000005,18472.56612903226,True
arm_3024,777004,0.008695650000000001,48099.319354838706,True
arm_3024,777005,0.00824742,42173.20322580645,True
arm_3025,777001,0.006476318266129033,40352.690322580645,True
arm_3025,777002,0.008432017217741937,38094.84516129032,True
arm_3025,777003,0.0034188000000000005,18472.56612903226,True
arm_3025,777004,0.00935248741935484,48178.38387096774,True
arm_3025,777005,0.009587222306451613,42955.99838709677,True
arm_3026,777001,0.007780396951612903,35532.2564516129,True
arm_3026,777002,0.010663973024193548,40286.32580645162,False
arm_3026,777003,0.004475544846774194,18763.798387096773,True
arm_3026,777004,0.00935248741935484,48178.38387096774,True
arm_3026,777005,0.013335968370967743,60748.10161290322,False
arm_3027,777001,0.0061855700000000005,39956.153225806454,True
arm_3027,777002,0.00721216677419355,36376.52903225806,True
arm_3027,777003,0.0042735,18821.803225806452,True
arm_3027,777004,0.009565220000000001,52922.967741935485,True
arm_3027,777005,0.008263198379032258,42174.37258064516,True
arm_3029,777001,0.007683873112903226,40717.83387096775,True
arm_3029,777002,0.008488196500000001,38099.00806451613,True
arm_3029,777003,0.0064576835403225815,27139.48548387097,True
arm_3029,777004,0.01048420012903226,53023.87580645161,False
arm_3029,777005,0.011289306879032257,47140.977419354844,False
arm_3030,777001,0.0061855700000000005,39956.153225806454,True
arm_3030,777002,0.00721216677419355,36376.52903225806,True
arm_3030,777003,0.0034188000000000005,18472.56612903226,True
arm_3030,777004,0.009565220000000001,52922.967741935485,True
arm_3030,777005,0.00824742,42173.20322580645,True
arm_3031,777001,0.006500927024193549,40013.99838709677,True
arm_3031,777002,0.008227256548387098,36882.12903225807,True
arm_3031,777003,0.0052214614677419365,19156.61935483871,True
arm_3031,777004,0.011725074193548388,47205.85967741935,False
arm_3031,777005,0.00837788581451613,42213.209677419356,True
arm_3057,777001,0.00309278,14398.501612903225,True
arm_3057,777002,0.0032520300000000004,4705.150806451613,False
arm_3057,777003,0.0008547010000000001,663.7464516129032,False
arm_3057,777004,0.003071531290322581,9260.809838709676,False
arm_3057,777005,0.00103093,864.6493548387095,False
arm_3058,777001,0.00309278,14398.501612903225,True
arm_3058,777002,0.003353070532258065,4725.109516129032,False
arm_3058,777003,0.0010339120806451615,683.148064516129,False
arm_3058,777004,0.0035908117419354837,9544.463387096774,False
arm_3058,777005,0.0011413786532258065,877.5057096774193,False
arm_3078,777001,0.00515464,51775.5,True
arm_3078,777002,0.008130080000000001,94228.33064516129,True
arm_3078,777003,0.004465420282258065,44090.84516129032,True
arm_3078,777004,0.008695650000000001,88631.2,True
arm_3078,777005,0.007216490000000001,66437.6,True
arm_3079,777001,0.007216490000000001,102318.05967741935,False
arm_3079,777002,0.009415160322580645,96921.81451612903,True
arm_3079,777003,0.005786387620967743,54591.903225806454,True
arm_3079,777004,0.008695650000000001,88631.2,True
arm_3079,777005,0.009278350000000001,161802.66129032258,False
arm_3080,777001,0.010153269540322581,113174.75,False
arm_3080,777002,0.009415160322580645,96921.81451612903,True
arm_3080,777003,0.006641087620967743,83082.9870967742,True
arm_3080,777004,0.012122341080645162,126157.3870967742,False
arm_3080,777005,0.012093859854838712,215836.24193548388,False
arm_3081,777001,0.00515464,51775.5,True
arm_3081,777002,0.00751915106451613,74209.48064516128,True
arm_3081,777003,0.0042735,44072.74838709677,True
arm_3081,777004,0.009565220000000001,90835.79999999999,True
arm_3081,777005,0.00824742,66765.20322580646,True
arm_3082,777001,0.0061855700000000005,97627.78225806452,True
arm_3082,777002,0.011769422040322582,110293.7564516129,False
arm_3082,777003,0.006314707483870969,74207.20967741935,True
arm_3082,777004,0.009960676225806452,90951.32258064517,True
arm_3082,777005,0.009830593919354839,80253.48387096774,True
arm_3084,777001,0.00515464,51775.5,True
arm_3084,777002,0.00751915106451613,74209.48064516128,True
arm_3084,777003,0.0034188000000000005,33554.9,True
arm_3084,777004,0.01023869348387097,90903.89193548387,False
arm_3084,777005,0.007216490000000001,66437.6,True
arm_3085,777001,0.007117306104838711,57469.653225806454,True
arm_3085,777002,0.009958181064516129,97022.31290322581,True
arm_3085,777003,0.0062059141048387105,45931.21129032258,True
arm_3085,777004,0.011413393419354836,92615.09516129033,False
arm_3085,777005,0.01013038391935484,80310.7564516129,False
arm_3086,777001,0.008228727838709678,103327.89032258064,False
arm_3086,777002,0.013859580637096774,115749.17258064516,False
arm_3086,777003,0.008559256774193549,76097.84838709676,True
arm_3086,777004,0.013761187225806453,94852.10967741936,False
arm_3086,777005,0.013134518250000001,104319.23064516128,False
arm_3087,777001,0.00515464,50782.7,True
arm_3087,777002,0.008247960620967743,78920.05161290323,True
arm_3087,777003,0.0043837851612903225,42340.87580645161,True
arm_3087,777004,0.009565220000000001,91842.50483870968,True
arm_3087,777005,0.007216490000000001,68487.1064516129,True
arm_3090,777001,0.0061855700000000005,51519.303225806456,True
arm_3090,777002,0.008668961967741936,68958.3870967742,True
arm_3090,777003,0.0042735,42305.1370967742,True
arm_3090,777004,0.009565220000000001,89052.00161290322,True
arm_3090,777005,0.0074160248387096775,68551.1564516129,True
arm_3091,777001,0.007216490000000001,63615.76129032258,True
arm_3091,777002,0.011394263185483871,86812.64193548387,False
arm_3091,777003,0.006233071072580646,45189.52580645162,True
arm_3091,777004,0.010549746548387098,94977.1,False
arm_3091,777005,0.008999198758064516,68808.5870967742,True
arm_3092,777001,0.007505848129032259,63645.53709677419,True
arm_3092,777002,0.012019190911290323,82522.38064516129,False
arm_3092,777003,0.009618600991935483,54740.92580645161,True
arm_3092,777004,0.009729059193548387,89064.13225806452,True
arm_3092,777005,0.01243036981451613,79475.48548387096,False
arm_3093,777001,0.00515464,50782.7,True
arm_3093,777002,0.007855951967741937,68198.79838709677,True
arm_3093,777003,0.0034188000000000005,34807.895161290326,True
arm_3093,777004,0.010566371870967744,89150.43225806451,False
arm_3093,777005,0.007298409596774194,68525.94193548388,True
arm_3094,777001,0.00814822610483871,52679.59032258065,True
arm_3094,777002,0.011276382564516128,80433.59193548387,False
arm_3094,777003,0.005331745338709677,42989.06290322581,True
arm_3094,777004,0.012282941806451612,101316.97258064516,False
arm_3094,777005,0.009065339903225807,68846.25483870968,True
arm_3095,777001,0.009259657838709677,64782.02580645162,True
arm_3095,777002,0.013809895169354838,90579.91451612904,False
arm_3095,777003,0.007597852314516128,45880.22580645161,True
arm_3095,777004,0.014514184177419353,102730.00322580646,False
arm_3095,777005,0.011698229185483872,91561.65806451613,False
arm_3096,777001,0.00515464,33295.15483870968,True
arm_3096,777002,0.008163760177419356,46968.52096774193,True
arm_3096,777003,0.0034188000000000005,19351.774193548386,True
arm_3096,777004,0.009565220000000001,76589.2629032258,True
arm_3096,777005,0.0061855700000000005,49431.57258064516,True
arm_3097,777001,0.008889619177419355,35519.393548387096,True
arm_3097,777002,0.011268568290322582,49957.4564516129,False
arm_3097,777003,0.004677589693548387,21841.154838709677,True
arm_3097,777004,0.012221427306451614,86053.09516129033,False
arm_3097,777005,0.00834330135483871,56012.22258064516,True
arm_3099,777001,0.00515464,33295.15483870968,True
arm_3099,777002,0.00790647295967742,45193.29677419355,True
arm_3099,777003,0.0034188000000000005,19351.774193548386,True
arm_3099,777004,0.008695650000000001,74751.44677419355,True
arm_3099,777005,0.006518124838709677,49489.46290322581,True
arm_3101,777001,0.009451780153225807,35610.9935483871,True
arm_3101,777002,0.01346518062903226,57238.97903225807,False
arm_3101,777003,0.007695431475806452,31311.651612903224,True
arm_3101,777004,0.014698641588709678,86570.38225806452,False
arm_3101,777005,0.01191234798387097,58342.12580645161,False
arm_3102,777001,0.00515464,33295.15483870968,True
arm_3102,777002,0.007872792927419357,45190.801612903226,True
arm_3102,777003,0.002859396314516129,15997.412903225806,True
arm_3102,777004,0.009909786467741937,74863.2258064516,True
arm_3102,777005,0.0061855700000000005,49431.57258064516,True
arm_3103,777001,0.00608637610483871,33364.170967741935,True
arm_3103,777002,0.010424988725806451,47467.58225806452,False
arm_3103,777003,0.0036053029354838713,19365.590322580647,True
arm_3103,777004,0.013249391096774192,78029.77903225805,False
arm_3103,777005,0.008085513532258067,50030.25,True
arm_3105,777001,0.00515464,39644.53548387097,True
arm_3105,777002,0.00721216677419355,36376.52903225806,True
arm_3105,777003,0.0034188000000000005,18472.56612903226,True
arm_3105,777004,0.008695650000000001,48099.319354838706,True
arm_3105,777005,0.007216490000000001,38382.0435483871,True
arm_3106,777001,0.005332985064516129,39723.172580645165,True
arm_3106,777002,0.0073115080483870986,36383.8870967742,True
arm_3106,777003,0.0042735,22539.803225806452,True
arm_3106,777004,0.008974805903225807,48132.15967741935,True
arm_3106,777005,0.008539908387096774,39150.283870967745,True
arm_3107,777001,0.007443008072580646,48451.63225806452,True
arm_3107,777002,0.008758775717741937,38323.8629032258,True
arm_3107,777003,0.005330254846774195,24602.18870967742,True
arm_3107,777004,0.008974805903225807,48132.15967741935,True
arm_3107,777005,0.010828135048387097,48499.49838709677,False
arm_3109,777001,0.00515464,39644.53548387097,True
arm_3109,777002,0.008073996491935485,36625.88870967742,True
arm_3109,777003,0.004366751467741936,22600.81612903226,True
arm_3109,777004,0.008695650000000001,48099.319354838706,True
arm_3109,777005,0.007556313741935485,38454.18870967742,True
arm_3111,777001,0.00515464,39644.53548387097,True
arm_3111,777002,0.00721216677419355,36376.52903225806,True
arm_3111,777003,0.0034188000000000005,18472.56612903226,True
arm_3111,777004,0.008695650000000001,48099.319354838706,True
arm_3111,777005,0.007216490000000001,38382.0435483871,True
arm_3112,777001,0.00515464,39644.53548387097,True
arm_3112,777002,0.008244096637096776,36834.72580645161,True
arm_3112,777003,0.004289041911290323,18800.479032258063,True
arm_3112,777004,0.009985984516129032,41652.90645161291,True
arm_3112,777005,0.0073311774354838715,42308.11129032258,True
arm_3113,777001,0.006249800677419356,39835.022580645156,True
arm_3113,777002,0.009206967959677419,37091.577419354835,True
arm_3113,777003,0.005594467338709679,22956.364516129033,True
arm_3113,777004,0.01088829364516129,50772.76774193549,False
arm_3113,777005,0.008067269241935484,42408.414516129036,True
arm_3134,777001,0.00206186,14040.075806451612,True
arm_3134,777002,0.002621995298387097,3750.1661290322577,False
arm_3134,777003,0.0008547010000000001,663.7464516129032,False
arm_3134,777004,0.004778093741935484,10654.355806451615,True
arm_3134,777005,0.00103093,864.6493548387095,False
arm_3135,777001,0.00206186,14040.075806451612,True
arm_3135,777002,0.00243902,3584.2301612903225,False
arm_3135,777003,0.0008547010000000001,663.7464516129032,False
arm_3135,777004,0.003071531290322581,9260.809838709676,False
arm_3135,777005,0.00103093,864.6493548387095,False
arm_3136,777001,0.00206186,14040.075806451612,True
arm_3136,777002,0.00243902,3584.2301612903225,False
arm_3136,777003,0.0009945782016129033,695.981435483871,False
arm_3136,777004,0.00481066129032258,11124.616935483871,True
arm_3136,777005,0.00103093,864.6493548387095,False
arm_3137,777001,0.00206186,14040.075806451612,True
arm_3137,777002,0.0024878410080645163,3615.5719354838707,False
arm_3137,777003,0.0013116439596774197,736.8271129032258,False
arm_3137,777004,0.004859813048387097,11130.686290322581,True
arm_3137,777005,0.00103093,864.6493548387095,False
arm_3140,777001,0.002303009556451613,14059.12741935484,True
arm_3140,777002,0.0033193903548387103,4732.5940322580645,False
arm_3140,777003,0.0013133675241935486,725.7221451612903,False
arm_3140,777004,0.004509531725806452,10860.614516129031,True
arm_3140,777005,0.002011974193548387,1340.0845967741934,False
arm_3159,777001,0.00515464,28530.956451612903,True
arm_3159,777002,0.00785595283870968,60547.96451612903,True
arm_3159,777003,0.0025641,16092.266129032258,True
arm_3159,777004,0.009451013032258065,63134.91935483871,True
arm_3159,777005,0.007216490000000001,59509.290322580644,True
arm_3160,777001,0.009162007830645162,30084.609677419354,True
arm_3160,777002,0.010911526233870967,62022.04838709677,False
arm_3160,777003,0.005337785056451614,21247.854838709678,True
arm_3160,777004,0.014024054758064518,65226.42580645161,False
arm_3160,777005,0.009712220580645161,62386.49032258064,True
arm_3163,777001,0.007892299927419355,29997.43870967742,True
arm_3163,777002,0.009930530580645164,61331.61774193548,True
arm_3163,777003,0.002610725733870968,16095.71935483871,True
arm_3163,777004,0.013994447177419355,65215.88225806452,False
arm_3163,777005,0.008304558717741935,59655.96290322581,True
arm_3164,777001,0.011867001580645162,31990.314516129034,False
arm_3164,777002,0.012431924249999999,62388.80483870968,False
arm_3164,777003,0.008082698717741936,18461.711290322582,True
arm_3164,777004,0.01976530272580645,66882.12096774194,False
arm_3164,777005,0.010871879072580646,62575.679032258064,False
arm_3165,777001,0.00515464,28530.956451612903,True
arm_3165,777002,0.007552831241935485,60535.48387096774,True
arm_3165,777003,0.0038228896935483874,20537.58064516129,True
arm_3165,777004,0.01002445020967742,63215.01935483871,False
arm_3165,777005,0.007216490000000001,59509.290322580644,True
arm_3166,777001,0.00868158166935484,32356.18064516129,True
arm_3166,777002,0.009604491862903228,62768.15967741935,True
arm_3166,777003,0.004894877637096774,22544.024193548386,True
arm_3166,777004,0.012068702096774193,63788.49032258064,False
arm_3166,777005,0.008203833620967743,59610.47903225807,True
arm_3167,777001,0.010275491137096774,32613.86935483871,False
arm_3167,777002,0.012248842435483872,63634.83225806452,False
arm_3167,777003,0.005150870951612904,22562.983870967742,True
arm_3167,777004,0.016907752177419355,67404.90161290322,False
arm_3167,777005,0.010412017475806452,60866.06290322581,False
arm_3240,777001,0.00515464,28530.956451612903,True
arm_3240,777002,0.007687551951612904,60486.84193548387,True
arm_3240,777003,0.0025641,16092.266129032258,True
arm_3240,777004,0.008810596548387098,63049.77419354839,True
arm_3240,777005,0.00824742,65331.5064516129,True
arm_3241,777001,0.012479227532258066,40949.282258064515,False
arm_3241,777002,0.010603874153225805,61841.03064516129,False
arm_3241,777003,0.004430525685483871,28476.67258064516,True
arm_3241,777004,0.012386749088709676,71999.77741935484,False
arm_3241,777005,0.00834330135483871,65346.791935483874,True
arm_3242,777001,0.014396395048387097,47778.86935483871,False
arm_3242,777002,0.013392964532258064,63210.459677419356,False
arm_3242,777003,0.005545338588709679,29863.243548387098,True
arm_3242,777004,0.015176741911290322,75497.15322580645,False
arm_3242,777005,0.011970695145161293,70083.03548387098,False
arm_3243,777001,0.005331665572580645,28550.02741935484,True
arm_3243,777002,0.007687551951612904,60486.84193548387,True
arm_3243,777003,0.0025641,16092.266129032258,True
arm_3243,777004,0.008810596548387098,63049.77419354839,True
arm_3243,777005,0.007216490000000001,59509.290322580644,True
arm_3244,777001,0.007988219096774194,28896.364516129033,True
arm_3244,777002,0.009321041725806454,61135.19677419355,True
arm_3244,777003,0.005409869790322581,27973.9,True
arm_3244,777004,0.011849586798387098,65287.82419354839,False
arm_3244,777005,0.00832631189516129,65345.532258064515,True
arm_3245,777001,0.013025758266129034,40996.914516129036,False
arm_3245,777002,0.013306364282258065,63438.70322580645,False
arm_3245,777003,0.007485415701612903,29033.051612903226,True
arm_3245,777004,0.016463149685483874,73179.79838709677,False
arm_3245,777005,0.008779006306451613,65434.89677419355,True
arm_3246,777001,0.00515464,28530.956451612903,True
arm_3246,777002,0.007552831241935485,60509.29516129032,True
arm_3246,777003,0.0035742191129032263,20504.1935483871,True
arm_3246,777004,0.008810596548387098,63049.77419354839,True
arm_3246,777005,0.007216490000000001,59509.290322580644,True
arm_3247,777001,0.005331665572580645,28550.02741935484,True
arm_3247,777002,0.009045522911290323,62596.458064516126,True
arm_3247,777003,0.003813063943548387,20523.035483870968,True
arm_3247,777004,0.009526266338709679,63175.208064516126,True
arm_3247,777005,0.00929412837903226,65561.7741935484,True
arm_3248,777001,0.008213133161290322,28915.406451612904,True
arm_3248,777002,0.01115057591935484,63345.86935483871,False
arm_3248,777003,0.007714980951612904,32933.26451612903,True
arm_3248,777004,0.01323793360483871,65477.67419354838,False
arm_3248,777005,0.010255021145161292,65723.28064516129,False
arm_3321,777001,0.00515464,28530.956451612903,True
arm_3321,777002,0.007451790709677421,60484.34193548387,True
arm_3321,777003,0.0025641,16092.266129032258,True
arm_3321,777004,0.008892701225806453,63068.02096774193,True
arm_3321,777005,0.007216490000000001,59509.290322580644,True
arm_3322,777001,0.012270299935483873,42691.53870967742,False
arm_3322,777002,0.011565910314516129,62329.01129032258,False
arm_3322,777003,0.0034885891935483877,27514.41935483871,True
arm_3322,777004,0.011416243782258065,65130.29516129032,False
arm_3322,777005,0.00731237135483871,59525.74032258064,True
arm_3323,777001,0.016125679629032257,53839.458064516126,False
arm_3323,777002,0.015928200612903228,71266.30645161291,False
arm_3323,777003,0.003610720282258065,27523.464516129032,True
arm_3323,777004,0.012613853395161292,65602.95483870969,False
arm_3323,777005,0.009254420258064517,65983.95161290323,True
arm_3324,777001,0.005428224975806452,28576.256451612902,True
arm_3324,777002,0.007451790709677421,60484.34193548387,True
arm_3324,777003,0.0025641,16092.266129032258,True
arm_3324,777004,0.008892701225806453,63068.02096774193,True
arm_3324,777005,0.007216490000000001,59509.290322580644,True
arm_3325,777001,0.007747460967741936,30240.853225806455,True
arm_3325,777002,0.00900900998387097,61092.12903225807,True
arm_3325,777003,0.0035431352903225813,27517.02258064516,True
arm_3325,777004,0.011304184612903228,65234.05322580645,False
arm_3325,777005,0.007295381895161291,59524.48225806451,True
arm_3326,777001,0.012688547354838712,42748.7435483871,False
arm_3326,777002,0.01315849916935484,63230.63064516129,False
arm_3326,777003,0.004445075846774194,27614.51451612903,True
arm_3326,777004,0.014549450282258063,66201.57580645161,False
arm_3326,777005,0.008891877193548387,59824.38225806452,True
arm_3328,777001,0.005428224975806452,28576.256451612902,True
arm_3328,777002,0.007834014975806452,60593.85322580645,True
arm_3328,777003,0.004514250217741936,22498.562903225804,True
arm_3328,777004,0.009477300096774194,63172.82419354839,True
arm_3328,777005,0.007263825137096775,59512.79516129032,True
arm_3329,777001,0.007747460967741936,30240.853225806455,True
arm_3329,777002,0.009773499556451612,61318.99193548387,True
arm_3329,777003,0.006630963056451614,35497.487096774195,True
arm_3329,777004,0.012216982588709676,65368.03709677419,False
arm_3329,777005,0.00742524231451613,59535.272580645156,True
arm_3403,777001,0.006439622798387097,7192.037903225806,False
arm_3403,777002,0.006408952693548388,6818.448870967743,False
arm_3403,777003,0.0014184148145161292,1042.4812096774194,False
arm_3403,777004,0.005749489096774194,8966.244838709677,False
arm_3403,777005,0.006343353790322581,2903.4538709677418,False
arm_3404,777001,0.008909349814516129,8207.785,False
arm_3404,777002,0.009221959701612905,8105.082741935484,False
arm_3404,777003,0.0014707567096774196,1050.2357258064517,False
arm_3404,777004,0.007702095443548388,9272.24758064516,False
arm_3404,777005,0.00948917839516129,3483.977580645161,False
arm_3406,777001,0.006651918137096775,7507.064838709678,False
arm_3406,777002,0.007810300000000002,6944.055322580645,False
arm_3406,777003,0.0021974273145161293,1126.7361451612903,False
arm_3406,777004,0.00622591839516129,9023.430322580645,False
arm_3406,777005,0.006824577693548388,2939.0996774193545,False
arm_3407,777001,0.008209521983870968,7649.033064516128,False
arm_3407,777002,0.007701481580645163,6928.761612903226,False
arm_3407,777003,0.003254172,1292.8325322580645,False
arm_3407,777004,0.008459511088709678,9356.324032258064,False
arm_3407,777005,0.008402753717741936,3510.497580645161,False
arm_3410,777001,0.007646162217741936,7643.530161290322,False
arm_3410,777002,0.00948544137903226,7339.566129032258,False
arm_3410,777003,0.0023646093870967745,1150.3525,False
arm_3410,777004,0.00798109887903226,7359.727903225807,False
arm_3410,777005,0.007822791911290324,3016.7359677419354,False
arm_3565,777001,0.006762730395161291,7948.9566129032255,False
arm_3565,777002,0.005990216443548388,6772.588225806451,False
arm_3565,777003,0.001387330991935484,1040.1785967741935,False
arm_3565,777004,0.005192287556451613,8921.332580645161,False
arm_3565,777005,0.00626446189516129,2895.2725806451613,False
arm_3567,777001,0.00515464,7089.63064516129,False
arm_3567,777002,0.00627355689516129,6791.427258064516,False
arm_3567,777003,0.0013096214354838711,1034.4221129032258,False
arm_3567,777004,0.004978963387096774,8898.238225806452,False
arm_3567,777005,0.00523353189516129,2815.3396774193548,False
arm_3571,777001,0.005170697669354839,7090.820161290322,False
arm_3571,777002,0.007438870967741936,6927.2229032258065,False
arm_3571,777003,0.0013251633467741936,1035.5734032258065,False
arm_3571,777004,0.005175866548387097,8912.823387096774,False
arm_3571,777005,0.005345797169354839,2825.9933870967743,False
arm_3645,777001,0.0061855700000000005,52066.18709677419,True
arm_3645,777002,0.007317070000000001,74194.5,True
arm_3645,777003,0.0034188000000000005,33554.9,True
arm_3645,777004,0.010485533927419357,87941.06129032258,False
arm_3645,777005,0.007216490000000001,66437.6,True
arm_3647,777001,0.007457355040322582,58113.14838709678,True
arm_3647,777002,0.011307860056451612,78156.8629032258,False
arm_3647,777003,0.011068629395161289,91178.05967741935,False
arm_3647,777004,0.013175019822580649,90410.1370967742,False
arm_3647,777005,0.011570860556451613,198516.5806451613,False
arm_3648,777001,0.00515464,51775.5,True
arm_3648,777002,0.007317070000000001,74194.5,True
arm_3648,777003,0.0034188000000000005,33554.9,True
arm_3648,777004,0.010485533927419357,87941.06129032258,False
arm_3648,777005,0.007216490000000001,66437.6,True
arm_3651,777001,0.00515464,51775.5,True
arm_3651,777002,0.007468630798387098,74205.73548387096,True
arm_3651,777003,0.0034188000000000005,33554.9,True
arm_3651,777004,0.010616605282258067,87950.76774193547,False
arm_3651,777005,0.007363945274193549,66448.51612903227,True
arm_3653,777001,0.007793934669354839,52185.309677419355,True
arm_3653,777002,0.011193276241935482,77873.26774193547,False
arm_3653,777003,0.009084386475806451,70676.69193548388,True
arm_3653,777004,0.01584556316935484,89609.53870967742,False
arm_3653,777005,0.010139474903225807,71231.31290322581,False
arm_3656,777001,0.007897656596774194,55319.30322580645,True
arm_3656,777002,0.013904646951612904,72714.28548387098,False
arm_3656,777003,0.010316779846774192,58173.966129032255,False
arm_3656,777004,0.014782346588709678,86907.05806451612,False
arm_3656,777005,0.011083617322580645,93967.88870967741,False
arm_3657,777001,0.00515464,50782.7,True
arm_3657,777002,0.00846688177419355,68958.38870967741,True
arm_3657,777003,0.0042735,46809.41612903225,True
arm_3657,777004,0.010485533927419357,86073.09516129033,False
arm_3657,777005,0.007216490000000001,68487.1064516129,True
arm_3658,777001,0.005387430645161291,50799.95161290323,True
arm_3658,777002,0.00903944333870968,69051.94032258065,True
arm_3658,777003,0.006784278274193548,54082.56612903226,True
arm_3658,777004,0.013536395967741937,93404.60806451613,False
arm_3658,777005,0.007462248790322581,68505.30967741935,True
arm_3660,777001,0.00515464,50782.7,True
arm_3660,777002,0.0078054319193548395,68210.0241935484,True
arm_3660,777003,0.0042735,46809.41612903225,True
arm_3660,777004,0.010878747991935486,86130.12419354838,False
arm_3660,777005,0.008314211943548387,68633.95967741935,True
arm_3661,777001,0.00644876631451613,50878.645161290326,True
arm_3661,777002,0.00981877316129032,69144.63870967741,True
arm_3661,777003,0.0047600036693548385,46875.329032258065,True
arm_3661,777004,0.012120411016129033,92115.97741935484,False
arm_3661,777005,0.009608538016129034,68751.67903225806,True
arm_3662,777001,0.007172429677419355,50932.23387096774,True
arm_3662,777002,0.011917398387096772,69307.57741935484,False
arm_3662,777003,0.011056707419354836,70160.95967741935,False
arm_3662,777004,0.019683901645161293,94353.14516129032,False
arm_3662,777005,0.011042520572580646,68909.54999999999,False
arm_3663,777001,0.00515464,33295.15483870968,True
arm_3663,777002,0.007872792927419357,45192.0435483871,True
arm_3663,777003,0.0034188000000000005,19653.01451612903,True
arm_3663,777004,0.011355103927419357,76736.45161290323,False
arm_3663,777005,0.0061855700000000005,49431.57258064516,True
arm_3666,777001,0.00515464,33295.15483870968,True
arm_3666,777002,0.008916876032258065,45319.28548387097,True
arm_3666,777003,0.0034188000000000005,19653.01451612903,True
arm_3666,777004,0.010485533927419357,74898.62258064515,False
arm_3666,777005,0.0061855700000000005,49431.57258064516,True
arm_3667,777001,0.007005009370967742,34073.559677419355,True
arm_3667,777002,0.010857116451612903,45697.58870967742,False
arm_3667,777003,0.0037677454596774197,19678.862903225807,True
arm_3667,777004,0.016817662258064515,77846.83387096775,False
arm_3667,777005,0.00720137270967742,49514.096774193546,True
arm_3669,777001,0.00515464,33295.15483870968,True
arm_3669,777002,0.008512715645161291,45288.098387096776,True
arm_3669,777003,0.003947224983870968,19821.09677419355,True
arm_3669,777004,0.011157274620967744,74975.0822580645,False
arm_3669,777005,0.006333025274193549,49442.495161290324,True
arm_3672,777001,0.00515464,39644.53548387097,True
arm_3672,777002,0.00721216677419355,36376.52903225806,True
arm_3672,777003,0.0034188000000000005,18472.56612903226,True
arm_3672,777004,0.008695650000000001,48099.319354838706,True
arm_3672,777005,0.007216490000000001,38382.0435483871,True
arm_3673,777001,0.005395505040322581,39780.14032258065,True
arm_3673,777002,0.00747254548387097,36395.81612903226,True
arm_3673,777003,0.0034188000000000005,18472.56612903226,True
arm_3673,777004,0.009253961806451614,48183.25161290323,True
arm_3673,777005,0.009473790991935484,39493.7435483871,True
arm_3677,777001,0.007794566096774194,40521.74677419355,True
arm_3677,777002,0.007544431532258066,36401.13870967742,True
arm_3677,777003,0.004841525290322581,26191.348387096776,True
arm_3677,777004,0.009253961806451614,48183.25161290323,True
arm_3677,777005,0.01184151523387097,43914.96129032258,False
arm_3678,777001,0.0061855700000000005,39956.153225806454,True
arm_3678,777002,0.00721216677419355,36376.52903225806,True
arm_3678,777003,0.0034188000000000005,18472.56612903226,True
arm_3678,777004,0.008695650000000001,48099.319354838706,True
arm_3678,777005,0.007216490000000001,38382.0435483871,True
arm_3679,777001,0.007714526701612904,40944.33870967742,True
arm_3679,777002,0.008711087258064519,37063.7064516129,True
arm_3679,777003,0.00419589556451613,18540.48709677419,True
arm_3679,777004,0.011085381887096773,42406.53709677419,False
arm_3679,777005,0.008752899338709676,43147.43870967742,True
arm_3680,777001,0.009494282580645162,41189.487096774195,True
arm_3680,777002,0.009004013306451616,37085.40483870968,True
arm_3680,777003,0.004809651145161291,18852.998387096774,True
arm_3680,777004,0.01267693335483871,43573.52580645162,False
arm_3680,777005,0.010143108362903224,43377.48225806451,False
arm_3682,777001,0.00206186,794.4423387096773,False
arm_3682,777002,0.000813008,684.7918064516128,False
arm_3682,777003,0.0009649847419354839,1181.467741935484,False
arm_3682,777004,0.003502637241935484,1871.9510161290323,False
arm_3682,777005,0.0004822091935483871,50.49943548387096,False
arm_3686,777001,0.0035750791129032255,983.9323870967742,False
arm_3686,777002,0.0009291893629032259,693.3978064516128,False
arm_3686,777003,0.0012998810806451612,1224.8052580645162,False
arm_3686,777004,0.003699614435483871,1886.5420483870969,False
arm_3686,777005,0.0008863573145161291,80.43631935483872,False
arm_3704,777001,0.00309278,14398.501612903225,True
arm_3704,777002,0.002914354927419355,3806.7051612903224,False
arm_3704,777003,0.0014737900322580647,746.685306451613,False
arm_3704,777004,0.004462513080645162,10610.885483870969,True
arm_3704,777005,0.0022591985,1168.6254032258064,False
arm_3707,777001,0.0033981602338709676,14425.879032258064,True
arm_3707,777002,0.003807752927419355,4869.80935483871,False
arm_3707,777003,0.002243094314516129,1127.8514838709677,False
arm_3707,777004,0.0045917474516129035,10954.29193548387,True
arm_3707,777005,0.001662788064516129,942.246370967742,False
arm_3726,777001,0.00515464,51775.5,True
arm_3726,777002,0.007317070000000001,74194.5,True
arm_3726,777003,0.0034188000000000005,33554.9,True
arm_3726,777004,0.008695650000000001,87793.9,True
arm_3726,777005,0.007216490000000001,66437.6,True
arm_3728,777001,0.009580917048387096,64416.40483870968,True
arm_3728,777002,0.009415160322580645,80874.39677419355,True
arm_3728,777003,0.008438425556451613,75509.30806451612,True
arm_3728,777004,0.009565220000000001,111873.65483870967,False
arm_3728,777005,0.011684262306451615,212730.11290322582,False
arm_3729,777001,0.00515464,51775.5,True
arm_3729,777002,0.008943089999999999,86294.44838709677,True
arm_3729,777003,0.0034188000000000005,33554.9,True
arm_3729,777004,0.009565220000000001,94959.2370967742,True
arm_3729,777005,0.007216490000000001,66437.6,True
arm_3730,777001,0.0061855700000000005,67328.08225806452,True
arm_3730,777002,0.011141663016129032,89554.3322580645,False
arm_3730,777003,0.0035586772016129036,33569.87096774193,True
arm_3730,777004,0.010124737516129032,95280.14032258064,False
arm_3730,777005,0.007216490000000001,66437.6,True
arm_3731,777001,0.007597882516129033,67452.01774193549,True
arm_3731,777002,0.01283810004032258,90389.05161290323,False
arm_3731,777003,0.007767014137096774,83939.45967741935,True
arm_3731,777004,0.011488604870967742,96166.78387096773,False
arm_3731,777005,0.00929412837903226,152193.0,False
arm_3732,777001,0.00515464,51775.5,True
arm_3732,777002,0.008976770177419354,86296.94516129032,True
arm_3732,777003,0.0034188000000000005,33554.9,True
arm_3732,777004,0.011155692451612905,96646.32741935484,False
arm_3732,777005,0.007216490000000001,66437.6,True
arm_3734,777001,0.007393480008064517,72966.33870967742,True
arm_3734,777002,0.012219572862903226,90739.79516129031,False
arm_3734,777003,0.0063766814354838715,35521.227419354844,True
arm_3734,777004,0.012396966387096775,95548.37419354838,False
arm_3734,777005,0.00866613541935484,71083.74193548386,True
arm_3735,777001,0.00515464,50782.7,True
arm_3735,777002,0.007653871774193549,68186.32419354838,True
arm_3735,777003,0.0043837851612903225,46845.15806451612,True
arm_3735,777004,0.009565220000000001,91842.50483870968,True
arm_3735,777005,0.007216490000000001,68487.1064516129,True
arm_3736,777001,0.00515464,50782.7,True
arm_3736,777002,0.008584762395161292,68780.7741935484,True
arm_3736,777003,0.006180430362903226,52314.08225806452,True
arm_3736,777004,0.00987721777419355,91528.40483870967,True
arm_3736,777005,0.009982858532258066,79007.35161290322,True
arm_3737,777001,0.010179073193548388,59604.809677419355,False
arm_3737,777002,0.011886286870967742,73375.42258064516,False
arm_3737,777003,0.008051380532258066,57946.448387096774,True
arm_3737,777004,0.01074679777419355,92119.53709677419,False
arm_3737,777005,0.012425811500000002,97982.44354838709,False
arm_3738,777001,0.00515464,50782.7,True
arm_3738,777002,0.01009290177419355,74592.15967741936,False
arm_3738,777003,0.0042735,46809.41612903225,True
arm_3738,777004,0.009565220000000001,88730.97096774195,True
arm_3738,777005,0.007216490000000001,68487.1064516129,True
arm_3739,777001,0.0061855700000000005,52741.13548387097,True
arm_3739,777002,0.012392504088709679,75342.61935483871,False
arm_3739,777003,0.004523662362903226,46860.12096774193,True
arm_3739,777004,0.012617383669354838,100431.21612903227,False
arm_3739,777005,0.007216490000000001,68487.1064516129,True
arm_3740,777001,0.008464996661290324,52936.18225806452,True
arm_3740,777002,0.014401763887096776,77665.09193548387,False
arm_3740,777003,0.009726171354838711,63471.04677419355,True
arm_3740,777004,0.012594017717741938,94598.07419354838,False
arm_3740,777005,0.010646121080645164,79120.7629032258,False
arm_3741,777001,0.00515464,50782.7,True
arm_3741,777002,0.009313571806451612,73835.06612903225,True
arm_3741,777003,0.0042735,46809.41612903225,True
arm_3741,777004,0.010729710548387098,89932.7370967742,False
arm_3741,777005,0.007953766370967744,68606.04999999999,True
arm_3742,777001,0.006362560008064517,51887.13548387097,True
arm_3742,777002,0.012556373620967743,75302.5064516129,False
arm_3742,777003,0.006124382814516129,47556.67419354838,True
arm_3742,777004,0.011807178870967742,95889.42580645162,False
arm_3742,777005,0.007953766370967744,68606.04999999999,True
arm_3745,777001,0.008743865096774195,34909.350000000006,True
arm_3745,777002,0.009195950000000001,46462.58064516129,True
arm_3745,777003,0.004429024233870968,19769.296774193546,True
arm_3745,777004,0.01130185281451613,85948.49677419354,False
arm_3745,777005,0.007740774838709678,55547.587096774194,True
arm_3747,777001,0.00515464,33295.15483870968,True
arm_3747,777002,0.00833216106451613,46783.819354838706,True
arm_3747,777003,0.0034188000000000005,19653.01451612903,True
arm_3747,777004,0.009565220000000001,81805.61935483871,True
arm_3747,777005,0.0061855700000000005,49431.57258064516,True
arm_3748,777001,0.008566660661290323,34822.37903225807,True
arm_3748,777002,0.01052594920967742,47181.679032258064,False
arm_3748,777003,0.0035586772016129036,19667.98064516129,True
arm_3748,777004,0.013235060951612905,84541.74516129032,False
arm_3748,777005,0.007041200798387097,49498.46129032258,True
arm_3750,777001,0.00515464,33295.15483870968,True
arm_3750,777002,0.008163760177419356,46771.34516129032,True
arm_3750,777003,0.0036519286693548394,19758.927419354837,True
arm_3750,777004,0.011495411096774193,82056.16129032258,False
arm_3750,777005,0.0061855700000000005,49431.57258064516,True
arm_3751,777001,0.005396002943548387,33313.03064516129,True
arm_3751,777002,0.011282518016129034,47400.141935483865,False
arm_3751,777003,0.004351314677419355,19726.695161290325,True
arm_3751,777004,0.014377252225806453,84222.98225806453,False
arm_3751,777005,0.00651691595967742,49459.62258064516,True
arm_3752,777001,0.009129890096774194,34887.93709677419,True
arm_3752,777002,0.01298956627419355,47704.467741935485,False
arm_3752,777003,0.0054725330806451615,19842.351612903225,True
arm_3752,777004,0.016670583943548388,84929.8435483871,False
arm_3752,777005,0.008157158701612904,49584.75967741936,True
arm_3753,777001,0.00515464,39644.53548387097,True
arm_3753,777002,0.00721216677419355,36376.52903225806,True
arm_3753,777003,0.0034188000000000005,18472.56612903226,True
arm_3753,777004,0.008695650000000001,48099.319354838706,True
arm_3753,777005,0.00824742,42173.20322580645,True
arm_3754,777001,0.006476318266129033,40352.690322580645,True
arm_3754,777002,0.008432017217741937,38094.84516129032,True
arm_3754,777003,0.0034188000000000005,18472.56612903226,True
arm_3754,777004,0.00935248741935484,48178.38387096774,True
arm_3754,777005,0.009587222306451613,42955.99838709677,True
arm_3755,777001,0.007780396951612903,35532.2564516129,True
arm_3755,777002,0.010663973024193548,40286.32580645162,False
arm_3755,777003,0.004475544846774194,18763.798387096773,True
arm_3755,777004,0.00935248741935484,48178.38387096774,True
arm_3755,777005,0.013335968370967743,60748.10161290322,False
arm_3756,777001,0.0061855700000000005,39956.153225806454,True
arm_3756,777002,0.00721216677419355,36376.52903225806,True
arm_3756,777003,0.0042735,18821.803225806452,True
arm_3756,777004,0.009565220000000001,52922.967741935485,True
arm_3756,777005,0.008263198379032258,42174.37258064516,True
arm_3757,777001,0.006201627669354839,39957.34193548388,True
arm_3757,777002,0.008432017217741937,38094.84516129032,True
arm_3757,777003,0.004366751467741936,18882.820967741933,True
arm_3757,777004,0.009565220000000001,52922.967741935485,True
arm_3757,777005,0.00857207068548387,42257.57258064516,True
arm_3758,777001,0.007683873112903226,40717.83387096775,True
arm_3758,777002,0.008488196500000001,38099.00806451613,True
arm_3758,777003,0.0064576835403225815,27139.48548387097,True
arm_3758,777004,0.01048420012903226,53023.87580645161,False
arm_3758,777005,0.011289306879032257,47140.977419354844,False
arm_3760,777001,0.006500927024193549,40013.99838709677,True
arm_3760,777002,0.008227256548387098,36882.12903225807,True
arm_3760,777003,0.0052214614677419365,19156.61935483871,True
arm_3760,777004,0.011725074193548388,47205.85967741935,False
arm_3760,777005,0.00837788581451613,42213.209677419356,True
arm_3761,777001,0.007547907596774194,40193.783870967745,True
arm_3761,777002,0.009447108282258063,38600.44516129032,True
arm_3761,777003,0.005314712935483872,19217.635483870967,True
arm_3761,777004,0.012824197129032256,55115.98064516129,False
arm_3761,777005,0.008965284314516129,42357.087096774194,True
arm_3784,777001,0.00309278,14398.501612903225,True
arm_3784,777002,0.0025400605322580647,3604.188548387097,False
arm_3784,777003,0.0009945782016129033,702.888935483871,False
arm_3784,777004,0.00481066129032258,11124.616935483871,True
arm_3784,777005,0.00103093,864.6493548387095,False
arm_3788,777001,0.003317871887096774,14415.172580645161,True
arm_3788,777002,0.00457858645967742,5403.175322580645,False
arm_3788,777003,0.001295920298387097,733.922064516129,False
arm_3788,777004,0.004460379967741936,10847.254193548388,True
arm_3788,777005,0.0010782651370967742,872.8307096774193,False
arm_3807,777001,0.00515464,51775.5,True
arm_3807,777002,0.008130080000000001,94228.33064516129,True
arm_3807,777003,0.004465420282258065,44090.84516129032,True
arm_3807,777004,0.008695650000000001,88631.2,True
arm_3807,777005,0.007216490000000001,66437.6,True
arm_3808,777001,0.007216490000000001,102318.05967741935,False
arm_3808,777002,0.009415160322580645,96921.81451612903,True
arm_3808,777003,0.005786387620967743,54591.903225806454,True
arm_3808,777004,0.008695650000000001,88631.2,True
arm_3808,777005,0.009278350000000001,161802.66129032258,False
arm_3809,777001,0.010153269540322581,113174.75,False
arm_3809,777002,0.009415160322580645,96921.81451612903,True
arm_3809,777003,0.006641087620967743,83082.9870967742,True
arm_3809,777004,0.012122341080645162,126157.3870967742,False
arm_3809,777005,0.012093859854838712,215836.24193548388,False
arm_3810,777001,0.00515464,51775.5,True
arm_3810,777002,0.00751915106451613,74209.48064516128,True
arm_3810,777003,0.0042735,44072.74838709677,True
arm_3810,777004,0.009565220000000001,90835.79999999999,True
arm_3810,777005,0.00824742,66765.20322580646,True
arm_3811,777001,0.0061855700000000005,97627.78225806452,True
arm_3811,777002,0.011769422040322582,110293.7564516129,False
arm_3811,777003,0.006314707483870969,74207.20967741935,True
arm_3811,777004,0.009960676225806452,90951.32258064517,True
arm_3811,777005,0.009830593919354839,80253.48387096774,True
arm_3812,777001,0.007216490000000001,102318.05967741935,False
arm_3812,777002,0.012610116758064515,93581.68870967742,False
arm_3812,777003,0.00929282545967742,114889.06129032258,False
arm_3812,777004,0.012438261741935486,93290.81774193549,False
arm_3812,777005,0.012305229548387097,166060.53225806452,False
arm_3813,777001,0.00515464,51775.5,True
arm_3813,777002,0.00751915106451613,74209.48064516128,True
arm_3813,777003,0.0034188000000000005,33554.9,True
arm_3813,777004,0.01023869348387097,90903.89193548387,False
arm_3813,777005,0.007216490000000001,66437.6,True
arm_3814,777001,0.007117306104838711,57469.653225806454,True
arm_3814,777002,0.009958181064516129,97022.31290322581,True
arm_3814,777003,0.0062059141048387105,45931.21129032258,True
arm_3814,777004,0.011413393419354836,92615.09516129033,False
arm_3814,777005,0.01013038391935484,80310.7564516129,False
arm_3816,777001,0.00515464,50782.7,True
arm_3816,777002,0.008247960620967743,78920.05161290323,True
arm_3816,777003,0.0043837851612903225,42340.87580645161,True
arm_3816,777004,0.009565220000000001,91842.50483870968,True
arm_3816,777005,0.007216490000000001,68487.1064516129,True
arm_3817,777001,0.0061855700000000005,62879.21129032258,True
arm_3817,777002,0.009178851241935484,79735.29193548387,True
arm_3817,777003,0.005238493870967742,44487.33870967742,True
arm_3817,777004,0.008695650000000001,85925.9,True
arm_3817,777005,0.0103093,79159.74193548386,False
arm_3818,777001,0.008424445572580645,71084.57258064517,True
arm_3818,777002,0.011553450032258066,83312.75967741935,False
arm_3818,777003,0.007225858967741936,50689.577419354835,True
arm_3818,777004,0.011155692451612905,93047.01129032258,False
arm_3818,777005,0.011928844346774195,85053.34677419355,False
arm_3819,777001,0.0061855700000000005,51519.303225806456,True
arm_3819,777002,0.008668961967741936,68958.3870967742,True
arm_3819,777003,0.0042735,42305.1370967742,True
arm_3819,777004,0.009565220000000001,89052.00161290322,True
arm_3819,777005,0.0074160248387096775,68551.1564516129,True
arm_3820,777001,0.007216490000000001,63615.76129032258,True
arm_3820,777002,0.011394263185483871,86812.64193548387,False
arm_3820,777003,0.006233071072580646,45189.52580645162,True
arm_3820,777004,0.010549746548387098,94977.1,False
arm_3820,777005,0.008999198758064516,68808.5870967742,True
arm_3822,777001,0.00515464,50782.7,True
arm_3822,777002,0.007855951967741937,68198.79838709677,True
arm_3822,777003,0.0034188000000000005,34807.895161290326,True
arm_3822,777004,0.010566371870967744,89150.43225806451,False
arm_3822,777005,0.007298409596774194,68525.94193548388,True
arm_3823,777001,0.00814822610483871,52679.59032258065,True
arm_3823,777002,0.011276382564516128,80433.59193548387,False
arm_3823,777003,0.005331745338709677,42989.06290322581,True
arm_3823,777004,0.012282941806451612,101316.97258064516,False
arm_3823,777005,0.009065339903225807,68846.25483870968,True
arm_3824,777001,0.009259657838709677,64782.02580645162,True
arm_3824,777002,0.013809895169354838,90579.91451612904,False
arm_3824,777003,0.007597852314516128,45880.22580645161,True
arm_3824,777004,0.014514184177419353,102730.00322580646,False
arm_3824,777005,0.011698229185483872,91561.65806451613,False
arm_3825,777001,0.00515464,33295.15483870968,True
arm_3825,777002,0.008163760177419356,46968.52096774193,True
arm_3825,777003,0.0034188000000000005,19351.774193548386,True
arm_3825,777004,0.009565220000000001,76589.2629032258,True
arm_3825,777005,0.0061855700000000005,49431.57258064516,True
arm_3826,777001,0.008889619177419355,35519.393548387096,True
arm_3826,777002,0.011268568290322582,49957.4564516129,False
arm_3826,777003,0.004677589693548387,21841.154838709677,True
arm_3826,777004,0.012221427306451614,86053.09516129033,False
arm_3826,777005,0.00834330135483871,56012.22258064516,True
arm_3827,777001,0.012205971830645163,52284.59516129032,False
arm_3827,777002,0.012998647508064518,51136.04677419355,False
arm_3827,777003,0.00626387710483871,22424.048387096773,True
arm_3827,777004,0.015355111693548387,87967.19838709677,False
arm_3827,777005,0.009989554096774194,63285.38870967742,True
arm_3828,777001,0.00515464,33295.15483870968,True
arm_3828,777002,0.00790647295967742,45193.29677419355,True
arm_3828,777003,0.0034188000000000005,19351.774193548386,True
arm_3828,777004,0.008695650000000001,74751.44677419355,True
arm_3828,777005,0.006518124838709677,49489.46290322581,True
arm_3829,777001,0.007601598935483872,34360.579032258065,True
arm_3829,777002,0.010516780177419355,48238.82258064516,False
arm_3829,777003,0.004413377201612904,21821.585483870967,True
arm_3829,777004,0.011009236903225809,76953.47903225807,False
arm_3829,777005,0.008134059822580647,50033.84354838709,True
arm_3831,777001,0.00515464,33295.15483870968,True
arm_3831,777002,0.007872792927419357,45190.801612903226,True
arm_3831,777003,0.002859396314516129,15997.412903225806,True
arm_3831,777004,0.009909786467741937,74863.2258064516,True
arm_3831,777005,0.0061855700000000005,49431.57258064516,True
arm_3832,777001,0.00608637610483871,33364.170967741935,True
arm_3832,777002,0.010424988725806451,47467.58225806452,False
arm_3832,777003,0.0036053029354838713,19365.590322580647,True
arm_3832,777004,0.013249391096774192,78029.77903225805,False
arm_3832,777005,0.008085513532258067,50030.25,True
arm_3834,777001,0.00515464,39644.53548387097,True
arm_3834,777002,0.00721216677419355,36376.52903225806,True
arm_3834,777003,0.0034188000000000005,18472.56612903226,True
arm_3834,777004,0.008695650000000001,48099.319354838706,True
arm_3834,777005,0.007216490000000001,38382.0435483871,True
arm_3835,777001,0.005332985064516129,39723.172580645165,True
arm_3835,777002,0.0073115080483870986,36383.8870967742,True
arm_3835,777003,0.0042735,22539.803225806452,True
arm_3835,777004,0.008974805903225807,48132.15967741935,True
arm_3835,777005,0.008539908387096774,39150.283870967745,True
arm_3836,777001,0.007443008072580646,48451.63225806452,True
arm_3836,777002,0.008758775717741937,38323.8629032258,True
arm_3836,777003,0.005330254846774195,24602.18870967742,True
arm_3836,777004,0.008974805903225807,48132.15967741935,True
arm_3836,777005,0.010828135048387097,48499.49838709677,False
arm_3837,777001,0.00515464,39644.53548387097,True
arm_3837,777002,0.00721216677419355,36376.52903225806,True
arm_3837,777003,0.0034188000000000005,18472.56612903226,True
arm_3837,777004,0.008695650000000001,48099.319354838706,True
arm_3837,777005,0.007216490000000001,38382.0435483871,True
arm_3838,777001,0.00515464,39644.53548387097,True
arm_3838,777002,0.008073996491935485,36625.88870967742,True
arm_3838,777003,0.004366751467741936,22600.81612903226,True
arm_3838,777004,0.008695650000000001,48099.319354838706,True
arm_3838,777005,0.007556313741935485,38454.18870967742,True
arm_3839,777001,0.00544538875,39770.74677419355,True
arm_3839,777002,0.008180696040322582,36633.791935483874,True
arm_3839,777003,0.005454590137096775,30180.712903225805,True
arm_3839,777004,0.008974805903225807,48132.15967741935,True
arm_3839,777005,0.010067840451612905,39346.56129032258,False
arm_3840,777001,0.00515464,39644.53548387097,True
arm_3840,777002,0.00721216677419355,36376.52903225806,True
arm_3840,777003,0.0034188000000000005,18472.56612903226,True
arm_3840,777004,0.008695650000000001,48099.319354838706,True
arm_3840,777005,0.007216490000000001,38382.0435483871,True
arm_3841,777001,0.00515464,39644.53548387097,True
arm_3841,777002,0.008244096637096776,36834.72580645161,True
arm_3841,777003,0.004289041911290323,18800.479032258063,True
arm_3841,777004,0.009985984516129032,41652.90645161291,True
arm_3841,777005,0.0073311774354838715,42308.11129032258,True
arm_3842,777001,0.006249800677419356,39835.022580645156,True
arm_3842,777002,0.009206967959677419,37091.577419354835,True
arm_3842,777003,0.005594467338709679,22956.364516129033,True
arm_3842,777004,0.01088829364516129,50772.76774193549,False
arm_3842,777005,0.008067269241935484,42408.414516129036,True
arm_3866,777001,0.00206186,14040.075806451612,True
arm_3866,777002,0.0024878410080645163,3615.5719354838707,False
arm_3866,777003,0.0013116439596774197,736.8271129032258,False
arm_3866,777004,0.004859813048387097,11130.686290322581,True
arm_3866,777005,0.00103093,864.6493548387095,False
arm_3867,777001,0.00206186,14040.075806451612,True
arm_3867,777002,0.0032520300000000004,4705.150806451613,False
arm_3867,777003,0.0008547010000000001,663.7464516129032,False
arm_3867,777004,0.003071531290322581,9260.809838709676,False
arm_3867,777005,0.00103093,864.6493548387095,False
arm_3868,777001,0.00206186,14040.075806451612,True
arm_3868,777002,0.0032520300000000004,4705.150806451613,False
arm_3868,777003,0.0010339120806451615,683.148064516129,False
arm_3868,777004,0.0036235795806451613,9556.611451612904,False
arm_3868,777005,0.00103093,864.6493548387095,False
arm_3888,777001,0.00515464,28530.956451612903,True
arm_3888,777002,0.00785595283870968,60547.96451612903,True
arm_3888,777003,0.0025641,16092.266129032258,True
arm_3888,777004,0.009451013032258065,63134.91935483871,True
arm_3888,777005,0.007216490000000001,59509.290322580644,True
arm_3890,777001,0.011400830540322583,37689.44677419355,False
arm_3890,777002,0.01583115879032258,63649.49838709677,False
arm_3890,777003,0.005681612419354839,21282.53064516129,True
arm_3890,777004,0.014730156435483872,65296.97903225807,False
arm_3890,777005,0.01254411795967742,67747.18870967742,False
arm_3891,777001,0.005347758806451613,28560.75806451613,True
arm_3891,777002,0.007953594854838712,60555.198387096774,True
arm_3891,777003,0.0025641,16092.266129032258,True
arm_3891,777004,0.009451013032258065,63134.91935483871,True
arm_3891,777005,0.007216490000000001,59509.290322580644,True
arm_3892,777001,0.007892299927419355,29997.43870967742,True
arm_3892,777002,0.009930530580645164,61331.61774193548,True
arm_3892,777003,0.002610725733870968,16095.71935483871,True
arm_3892,777004,0.013994447177419355,65215.88225806452,False
arm_3892,777005,0.008304558717741935,59655.96290322581,True
arm_3894,777001,0.00515464,28530.956451612903,True
arm_3894,777002,0.007552831241935485,60535.48387096774,True
arm_3894,777003,0.0038228896935483874,20537.58064516129,True
arm_3894,777004,0.01002445020967742,63215.01935483871,False
arm_3894,777005,0.007216490000000001,59509.290322580644,True
arm_3895,777001,0.00868158166935484,32356.18064516129,True
arm_3895,777002,0.009604491862903228,62768.15967741935,True
arm_3895,777003,0.004894877637096774,22544.024193548386,True
arm_3895,777004,0.012068702096774193,63788.49032258064,False
arm_3895,777005,0.008203833620967743,59610.47903225807,True
arm_3896,777001,0.010275491137096774,32613.86935483871,False
arm_3896,777002,0.012248842435483872,63634.83225806452,False
arm_3896,777003,0.005150870951612904,22562.983870967742,True
arm_3896,777004,0.016907752177419355,67404.90161290322,False
arm_3896,777005,0.010412017475806452,60866.06290322581,False
arm_3969,777001,0.00515464,28530.956451612903,True
arm_3969,777002,0.007687551951612904,60486.84193548387,True
arm_3969,777003,0.0025641,16092.266129032258,True
arm_3969,777004,0.008810596548387098,63049.77419354839,True
arm_3969,777005,0.00824742,65331.5064516129,True
arm_3970,777001,0.012479227532258066,40949.282258064515,False
arm_3970,777002,0.010603874153225805,61841.03064516129,False
arm_3970,777003,0.004430525685483871,28476.67258064516,True
arm_3970,777004,0.012386749088709676,71999.77741935484,False
arm_3970,777005,0.00834330135483871,65346.791935483874,True
arm_3971,777001,0.014396395048387097,47778.86935483871,False
arm_3971,777002,0.013392964532258064,63210.459677419356,False
arm_3971,777003,0.005545338588709679,29863.243548387098,True
arm_3971,777004,0.015176741911290322,75497.15322580645,False
arm_3971,777005,0.011970695145161293,70083.03548387098,False
arm_3972,777001,0.005331665572580645,28550.02741935484,True
arm_3972,777002,0.007687551951612904,60486.84193548387,True
arm_3972,777003,0.0025641,16092.266129032258,True
arm_3972,777004,0.008810596548387098,63049.77419354839,True
arm_3972,777005,0.007216490000000001,59509.290322580644,True
arm_3973,777001,0.007988219096774194,28896.364516129033,True
arm_3973,777002,0.009321041725806454,61135.19677419355,True
arm_3973,777003,0.005409869790322581,27973.9,True
arm_3973,777004,0.011849586798387098,65287.82419354839,False
arm_3973,777005,0.00832631189516129,65345.532258064515,True
arm_3975,777001,0.00515464,28530.956451612903,True
arm_3975,777002,0.007552831241935485,60509.29516129032,True
arm_3975,777003,0.0035742191129032263,20504.1935483871,True
arm_3975,777004,0.008810596548387098,63049.77419354839,True
arm_3975,777005,0.007216490000000001,59509.290322580644,True
arm_3976,777001,0.005331665572580645,28550.02741935484,True
arm_3976,777002,0.009045522911290323,62596.458064516126,True
arm_3976,777003,0.003813063943548387,20523.035483870968,True
arm_3976,777004,0.009526266338709679,63175.208064516126,True
arm_3976,777005,0.00929412837903226,65561.7741935484,True
arm_4050,777001,0.00515464,28530.956451612903,True
arm_4050,777002,0.007451790709677421,60484.34193548387,True
arm_4050,777003,0.0025641,16092.266129032258,True
arm_4050,777004,0.008892701225806453,63068.02096774193,True
arm_4050,777005,0.007216490000000001,59509.290322580644,True
arm_4051,777001,0.012270299935483873,42691.53870967742,False
arm_4051,777002,0.011565910314516129,62329.01129032258,False
arm_4051,777003,0.0034885891935483877,27514.41935483871,True
arm_4051,777004,0.011416243782258065,65130.29516129032,False
arm_4051,777005,0.00731237135483871,59525.74032258064,True
arm_4054,777001,0.007747460967741936,30240.853225806455,True
arm_4054,777002,0.00900900998387097,61092.12903225807,True
arm_4054,777003,0.0035431352903225813,27517.02258064516,True
arm_4054,777004,0.011304184612903228,65234.05322580645,False
arm_4054,777005,0.007295381895161291,59524.48225806451,True
arm_4055,777001,0.012688547354838712,42748.7435483871,False
arm_4055,777002,0.01315849916935484,63230.63064516129,False
arm_4055,777003,0.004445075846774194,27614.51451612903,True
arm_4055,777004,0.014549450282258063,66201.57580645161,False
arm_4055,777005,0.008891877193548387,59824.38225806452,True
arm_4056,777001,0.00515464,28530.956451612903,True
arm_4056,777002,0.007552831241935485,60514.283870967745,True
arm_4056,777003,0.0035294987661290324,20499.73064516129,True
arm_4056,777004,0.008892701225806453,63068.02096774193,True
arm_4056,777005,0.007216490000000001,59509.290322580644,True
arm_4057,777001,0.005428224975806452,28576.256451612902,True
arm_4057,777002,0.007834014975806452,60593.85322580645,True
arm_4057,777003,0.004514250217741936,22498.562903225804,True
arm_4057,777004,0.009477300096774194,63172.82419354839,True
arm_4057,777005,0.007263825137096775,59512.79516129032,True
arm_4134,777001,0.0061855700000000005,7477.614032258065,False
arm_4134,777002,0.006458797870967742,6810.138225806451,False
arm_4134,777003,0.0013096214354838711,1034.4221129032258,False
arm_4134,777004,0.004978963387096774,8898.238225806452,False
arm_4134,777005,0.005549099838709677,2841.051774193548,False
arm_4212,777001,0.00515464,7089.63064516129,False
arm_4212,777002,0.006158617548387097,6796.0795161290325,False
arm_4212,777003,0.0013096214354838711,1034.4221129032258,False
arm_4212,777004,0.005306641774193549,8924.938064516129,False
arm_4212,777005,0.005170418379032258,2810.6648387096775,False
arm_4215,777001,0.00515464,7089.63064516129,False
arm_4215,777002,0.006992700362903227,6965.27629032258,False
arm_4215,777003,0.0013096214354838711,1034.4221129032258,False
arm_4215,777004,0.004978963387096774,8898.238225806452,False
arm_4215,777005,0.005186196758064516,2811.8335483870965,False
arm_4220,777001,0.006426719556451613,7241.7080645161295,False
arm_4220,777002,0.008085637048387098,7209.804032258065,False
arm_4220,777003,0.0015389711370967743,1062.6437419354838,False
arm_4220,777004,0.006979869322580646,6155.223548387096,False
arm_4220,777005,0.0059220533467741945,2670.248870967742,False
