name,seed,wall_s,exit_code,occ_total,occ_crypt,occ_proximal,occ_distal,n_occupied,segment_mean_cfu_ml,segment_cfu_cm2,density_crypt,density_proximal,density_distal,pool_cells,patch_cells,admissible,error,agent_loss_fraction,contraction_rate_per_min,crypt_disruption_prob,establish_ratio,exposed_disruption_prob,reattach_prob_per_transit,transit_half_life_h
arm_0000,20260929,0.23,0,0.005224640250000001,0.0520833,3.6245e-05,0.0,5.016129032258065,51621.608064516135,1032.4341935483872,9911110.0,1194.7435483870968,0.0,5.854838709677419,669.016129032258,True,,0.1,0.2,0.05,1.0,0.3,0.01,2.0
arm_0001,20260930,0.23,0,0.003179155637096774,0.0265487,0.000627445322580645,0.000537633870967742,3.5161290322580645,26456.420967741935,529.1277258064516,9950620.0,20310.64032258065,17921.15322580645,3.064516129032258,403.51612903225805,True,,0.1,0.2,0.05,1.0,0.3,0.05,2.0
arm_0002,20260931,0.22,0,0.0038461500000000004,0.0384615,0.0,0.0,4.0,38817.7,776.353,10092600.0,0.0,0.0,5.17741935483871,545.0,True,,0.1,0.2,0.05,1.0,0.3,0.1,2.0
arm_0003,20260932,0.28,0,0.00485437,0.0485437,0.0,0.0,5.0,48471.8,969.435,9985190.0,0.0,0.0,38.25806451612903,674.0,True,,0.1,0.2,0.05,1.0,0.3,0.01,4.0
arm_0004,20260933,0.27,0,0.00392157,0.0392157,0.0,0.0,4.0,37545.4,750.908,9574070.0,0.0,0.0,39.564516129032256,517.0,True,,0.1,0.2,0.05,1.0,0.3,0.05,4.0
arm_0005,20260934,0.25,0,0.00806452,0.0806452,0.0,0.0,10.0,79092.0,1581.84,9807410.0,0.0,0.0,74.03225806451613,1324.0,True,,0.1,0.2,0.05,1.0,0.3,0.1,4.0
arm_0006,20260935,0.28,0,0.00810811,0.0810811,0.0,0.0,9.0,81281.3,1625.63,10024700.0,0.0,0.0,222.5,1218.0,True,,0.1,0.2,0.05,1.0,0.3,0.01,8.0
arm_0007,20260936,0.3,0,0.005153718112903226,0.0470588,0.0009951958064516129,0.0,4.467741935483871,48137.762903225805,962.7552580645162,10222200.0,27479.101612903225,0.0,170.03225806451613,552.4677419354839,True,,0.1,0.2,0.05,1.0,0.3,0.05,8.0
arm_0008,20260937,0.28,0,0.004,0.04,0.0,0.0,4.0,40000.0,800.0,10000000.0,0.0,0.0,166.59677419354838,540.0,True,,0.1,0.2,0.05,1.0,0.3,0.1,8.0
arm_0009,20260938,0.23,0,0.0067064432983870974,0.0655738,3.665693548387097e-05,0.0002945948387096774,8.14516129032258,62123.94193548387,1242.4806451612903,9472220.0,1194.7435483870968,9557.948387096774,71.93548387096774,1023.1451612903226,True,,0.1,0.2,0.1,1.0,0.3,0.01,2.0
arm_0010,20260939,0.21,0,0.005659708911290323,0.0531915,3.513951612903226e-05,0.000721658064516129,5.338709677419355,50143.43548387097,1002.8672580645162,9422220.0,1194.7435483870968,23894.870967741936,48.62903225806452,636.3387096774194,True,,0.1,0.2,0.1,1.0,0.3,0.05,2.0
arm_0011,20260940,0.23,0,0.005803557177419355,0.0555556,0.0005511048387096774,0.0,6.241935483870968,53034.679032258064,1060.6954838709676,9541620.806451613,25089.595161290326,0.0,33.306451612903224,773.2096774193549,True,,0.1,0.2,0.1,1.0,0.3,0.1,2.0
arm_0012,20260941,0.27,0,0.007796119000000001,0.0679612,0.0,0.00222222,8.0,63588.348387096776,1271.7687096774193,9343920.0,0.0,86021.50967741937,123.98387096774194,884.1612903225806,True,,0.1,0.2,0.1,1.0,0.3,0.01,4.0
arm_0013,20260942,0.25,0,0.00288462,0.0288462,0.0,0.0,3.0,28490.0,569.801,9876540.0,0.0,0.0,49.435483870967744,400.0,True,,0.1,0.2,0.1,1.0,0.3,0.05,4.0
arm_0014,20260943,0.25,0,0.006054097661290323,0.0582524,0.0005085725806451613,0.0,6.225806451612903,58211.99193548387,1164.2390322580643,9987650.0,31063.295161290323,0.0,89.03225806451613,809.4193548387096,True,,0.1,0.2,0.1,1.0,0.3,0.1,4.0
arm_0015,20260944,0.36,0,0.004989583612903226,0.0471698,0.0006057858064516128,0.0,5.258064516129032,37345.772580645156,746.9154193548387,7913022.258064516,19115.89677419355,0.0,388.1290322580645,534.3870967741935,True,,0.1,0.2,0.1,1.0,0.3,0.01,8.0
arm_0016,20260945,0.35,0,0.007308053919354839,0.0729167,3.640870967741936e-05,0.0,7.016129032258065,70371.6129032258,1407.4341935483872,9650790.0,1194.7435483870968,0.0,318.1290322580645,912.016129032258,True,,0.1,0.2,0.1,1.0,0.3,0.05,8.0
arm_0017,20260946,0.31,0,0.00306122,0.0306122,0.0,0.0,3.0,29478.5,589.569,9629630.0,0.0,0.0,211.88709677419354,390.0,True,,0.1,0.2,0.1,1.0,0.3,0.1,8.0
arm_0018,20260947,0.22,0,0.00444444,0.0444444,0.0,0.0,4.0,39182.26774193549,783.6453387096774,8816009.193548387,0.0,0.0,95.30645161290323,476.06451612903226,True,,0.1,0.2,0.15,1.0,0.3,0.01,2.0
arm_0019,20260948,0.22,0,0.0047619,0.047619,0.0,0.0,5.0,25168.11129032258,503.3624032258065,5285303.548387097,0.0,0.0,51.596774193548384,356.758064516129,True,,0.1,0.2,0.15,1.0,0.3,0.05,2.0
arm_0020,20260949,0.23,0,0.006329110000000001,0.0632911,0.0,0.0,5.0,47974.23064516129,959.4841612903225,7579929.193548387,0.0,0.0,124.62903225806451,511.64516129032256,True,,0.1,0.2,0.15,1.0,0.3,0.1,2.0
arm_0021,20260950,0.25,0,0.002,0.02,0.0,0.0,2.0,12031.066129032257,240.62129032258065,6015531.612903226,0.0,0.0,70.08064516129032,162.41935483870967,True,,0.1,0.2,0.15,1.0,0.3,0.01,4.0
arm_0022,20260951,0.28,0,0.00885773702419355,0.0689655,0.0043581933870967746,0.0,9.887096774193548,61965.36451612903,1239.3062903225807,8893518.870967742,313022.5483870968,0.0,257.2903225806452,968.6935483870968,True,,0.1,0.2,0.15,1.0,0.3,0.05,4.0
arm_0023,20260952,0.29,0,0.00549451,0.0549451,0.0,0.0,5.0,47959.08387096775,959.183064516129,8728554.838709677,0.0,0.0,279.64516129032256,589.1774193548387,True,,0.1,0.2,0.15,1.0,0.3,0.1,4.0
arm_0024,20260953,0.31,0,0.00515464,0.0515464,0.0,0.0,5.0,24865.445161290325,497.3086935483871,4823894.516129033,0.0,0.0,403.88709677419354,325.61290322580646,True,,0.1,0.2,0.15,1.0,0.3,0.01,8.0
arm_0025,20260954,0.36,0,0.00576923,0.0576923,0.0,0.0,6.0,40962.458064516126,819.2490645161291,7100159.0322580645,0.0,0.0,633.9677419354839,575.1129032258065,True,,0.1,0.2,0.15,1.0,0.3,0.05,8.0
arm_0026,20260955,0.4,0,0.00576923,0.0576923,0.0,0.0,6.0,51188.99677419355,1023.7787580645162,8872759.193548387,0.0,0.0,623.6129032258065,718.6935483870968,True,,0.1,0.2,0.15,1.0,0.3,0.1,8.0
arm_0027,20260956,0.28,0,0.00571429,0.0571429,0.0,0.0,6.0,32568.695161290325,651.3739516129032,5699521.774193549,0.0,0.0,178.16129032258064,461.66129032258067,True,,0.3,0.2,0.05,1.0,0.3,0.01,2.0
arm_0028,20260957,0.22,0,0.00396825,0.0396825,0.0,0.0,5.0,21893.1935483871,437.8638870967742,5517085.161290322,0.0,0.0,83.53225806451613,372.4032258064516,True,,0.3,0.2,0.05,1.0,0.3,0.05,2.0
arm_0029,20260958,0.22,0,0.0039604,0.039604,0.0,0.0,4.0,14718.996774193549,294.38004838709674,3716546.935483871,0.0,0.0,62.58064516129032,200.69354838709677,True,,0.3,0.2,0.05,1.0,0.3,0.1,2.0
arm_0030,20260959,0.21,0,0.0026666700000000003,0.0266667,0.0,0.0,2.0,12946.239677419355,258.9247419354839,4854838.387096774,0.0,0.0,75.64516129032258,131.08064516129033,True,,0.3,0.2,0.05,1.0,0.3,0.01,4.0
arm_0031,20260960,0.23,0,0.00654206,0.0654206,0.0,0.0,7.0,50304.26612903226,1006.0856451612902,7689366.935483871,0.0,0.0,136.17741935483872,726.6451612903226,True,,0.3,0.2,0.05,1.0,0.3,0.05,4.0
arm_0032,20260961,0.24,0,0.005825240000000001,0.0582524,0.0,0.0,6.0,32332.300000000003,646.6461451612903,5550377.903225807,0.0,0.0,156.9516129032258,449.5806451612903,True,,0.3,0.2,0.05,1.0,0.3,0.1,4.0
arm_0033,20260962,0.28,0,0.00792079,0.0792079,0.0,0.0,8.0,56249.929032258064,1124.9986612903226,7101553.225806451,0.0,0.0,729.0645161290323,766.9677419354839,True,,0.3,0.2,0.05,1.0,0.3,0.01,8.0
arm_0034,20260963,0.26,0,0.00485437,0.0485437,0.0,0.0,5.0,31767.4,635.3482741935484,6544085.806451613,0.0,0.0,324.1290322580645,441.7258064516129,True,,0.3,0.2,0.05,1.0,0.3,0.05,8.0
arm_0035,20260964,0.26,0,0.0020833299999999996,0.020833299999999996,0.0,0.0,2.0,11528.03064516129,230.560564516129,5533452.580645162,0.0,0.0,185.58064516129033,149.40322580645162,True,,0.3,0.2,0.05,1.0,0.3,0.1,8.0
arm_0036,20260965,0.18,0,0.00102041,0.0102041,0.0,0.0,1.0,594.9334677419355,11.898662096774194,583034.7096774194,0.0,0.0,12.903225806451612,7.870967741935484,False,,0.3,0.2,0.1,1.0,0.3,0.01,2.0
arm_0037,20260966,0.16,0,0.0,0.0,0.0,0.0,0.0,0.0,0.0,0.0,0.0,0.0,0.8333333333333334,0.0,False,,0.3,0.2,0.1,1.0,0.3,0.05,2.0
arm_0038,20260967,0.19,0,0.0,0.0,0.0,0.0,0.0,0.0,0.0,0.0,0.0,0.0,5.209677419354839,0.0,False,,0.3,0.2,0.1,1.0,0.3,0.1,2.0
arm_0039,20260968,0.23,0,0.0014927937096774193,0.014927937096774193,0.0,0.0,1.403225806451613,427.05719354838715,8.541143870967742,285543.32258064515,0.0,0.0,75.12903225806451,5.419354838709677,False,,0.3,0.2,0.1,1.0,0.3,0.01,4.0
arm_0040,20260969,0.2,0,0.0,0.0,0.0,0.0,0.0,0.0,0.0,0.0,0.0,0.0,14.064516129032258,0.0,False,,0.3,0.2,0.1,1.0,0.3,0.05,4.0
arm_0041,20260970,0.21,0,0.00106383,0.0106383,0.0,0.0,1.0,873.1793064516129,17.463582258064516,820788.9516129033,0.0,0.0,32.61290322580645,11.080645161290322,False,,0.3,0.2,0.1,1.0,0.3,0.1,4.0
arm_0042,20260971,0.26,0,0.00309278,0.0309278,0.0,0.0,3.0,1698.5079032258066,33.970108064516126,549183.6774193548,0.0,0.0,250.17741935483872,22.241935483870968,False,,0.3,0.2,0.1,1.0,0.3,0.01,8.0
arm_0043,20260972,0.23,0,0.0024096400000000002,0.0240964,0.0,0.0,2.0,5199.292096774193,103.98583709677419,2157706.290322581,0.0,0.0,194.32258064516128,58.25806451612903,False,,0.3,0.2,0.1,1.0,0.3,0.05,8.0
arm_0044,20260973,0.24,0,0.0013824912903225807,0.013824912903225807,0.0,0.0,1.1612903225806452,334.24362258064514,6.684874032258064,227598.3935483871,0.0,0.0,143.82258064516128,3.7903225806451615,False,,0.3,0.2,0.1,1.0,0.3,0.1,8.0
arm_0045,20260974,0.16,0,0.0,0.0,0.0,0.0,0.0,0.0,0.0,0.0,0.0,0.0,0.9166666666666666,0.0,False,,0.3,0.2,0.15,1.0,0.3,0.01,2.0
arm_0046,20260975,0.16,0,0.0,0.0,0.0,0.0,0.0,0.0,0.0,0.0,0.0,0.0,0.92,0.0,False,,0.3,0.2,0.15,1.0,0.3,0.05,2.0
arm_0047,20260976,0.17,0,0.0,0.0,0.0,0.0,0.0,0.0,0.0,0.0,0.0,0.0,1.28,0.0,False,,0.3,0.2,0.15,1.0,0.3,0.1,2.0
arm_0048,20260977,0.21,0,0.0,0.0,0.0,0.0,0.0,0.0,0.0,0.0,0.0,0.0,22.677419354838708,0.0,False,,0.3,0.2,0.15,1.0,0.3,0.01,4.0
arm_0049,20260978,0.21,0,0.0,0.0,0.0,0.0,0.0,0.0,0.0,0.0,0.0,0.0,16.403225806451612,0.0,False,,0.3,0.2,0.15,1.0,0.3,0.05,4.0
arm_0050,20260979,0.21,0,0.0,0.0,0.0,0.0,0.0,0.0,0.0,0.0,0.0,0.0,19.032258064516128,0.0,False,,0.3,0.2,0.15,1.0,0.3,0.1,4.0
arm_0051,20260980,0.23,0,3.468612903225807e-05,0.00034686129032258066,0.0,0.0,0.03225806451612903,5.138677419354839,0.10277354838709676,4778.967741935484,0.0,0.0,111.2258064516129,0.06451612903225806,False,,0.3,0.2,0.15,1.0,0.3,0.01,8.0
arm_0052,20260981,0.25,0,0.0003953193548387097,0.003953193548387097,0.0,0.0,0.4032258064516129,32.79684193548387,0.6559366129032258,33452.809677419355,0.0,0.0,111.0,0.45161290322580644,False,,0.3,0.2,0.15,1.0,0.3,0.05,8.0
arm_0053,20260982,0.25,0,0.0,0.0,0.0,0.0,0.0,0.0,0.0,0.0,0.0,0.0,151.56451612903226,0.0,False,,0.3,0.2,0.15,1.0,0.3,0.1,8.0
arm_0054,20260983,0.19,0,0.000892857,0.00892857,0.0,0.0,1.0,475.7638709677419,9.515277419354838,532855.4193548387,0.0,0.0,12.887096774193548,7.193548387096774,False,,0.5,0.2,0.05,1.0,0.3,0.01,2.0
arm_0055,20260984,0.2,0,0.0037037000000000003,0.037037,0.0,0.0,4.0,2779.9901612903227,55.59981129032258,750597.5645161291,0.0,0.0,32.17741935483871,40.53225806451613,False,,0.5,0.2,0.05,1.0,0.3,0.05,2.0
arm_0056,20260985,0.2,0,0.00121951,0.0121951,0.0,0.0,1.0,945.5951774193549,18.911920967741935,775388.6451612903,0.0,0.0,11.951612903225806,10.46774193548387,False,,0.5,0.2,0.05,1.0,0.3,0.1,2.0
arm_0057,20260986,0.23,0,0.003828763225806452,0.038287632258064516,0.0,0.0,4.096774193548387,4503.177096774193,90.0635306451613,1172281.935483871,0.0,0.0,205.56451612903226,65.04838709677419,False,,0.5,0.2,0.05,1.0,0.3,0.01,4.0
arm_0058,20260987,0.17,0,0.000900901,0.00900901,0.0,0.0,1.0,9275.94,185.519,10296300.0,0.0,0.0,11.709677419354838,139.0,False,,0.5,0.2,0.05,1.0,0.3,0.05,4.0
arm_0059,20260988,0.18,0,0.0015947829032258065,0.015947829032258064,0.0,0.0,1.4193548387096775,1145.0738709677419,22.90147161290323,691756.6129032258,0.0,0.0,52.58064516129032,13.758064516129032,False,,0.5,0.2,0.05,1.0,0.3,0.1,4.0
arm_0060,20260989,0.21,0,0.0015552963225806454,0.015552963225806453,0.0,0.0,1.7419354838709677,9340.328225806452,186.80649999999997,6549578.225806451,0.0,0.0,114.56451612903226,141.2258064516129,False,,0.5,0.2,0.05,1.0,0.3,0.01,8.0
arm_0061,20260990,0.23,0,0.0020483870967741937,0.020483870967741936,0.0,0.0,2.0483870967741935,10347.667741935484,206.95312903225806,5089407.258064516,0.0,0.0,147.43548387096774,139.69354838709677,True,,0.5,0.2,0.05,1.0,0.3,0.05,8.0
arm_0062,20260991,0.21,0,0.000970874,0.00970874,0.0,0.0,1.0,10853.599999999999,217.072,11179225.806451613,0.0,0.0,127.43548387096774,150.91935483870967,False,,0.5,0.2,0.05,1.0,0.3,0.1,8.0
arm_0063,20260992,0.19,0,,,,,,,,,,,,,,no tail rows,0.5,0.2,0.1,1.0,0.3,0.01,2.0
arm_0064,20260993,0.23,0,0.0,0.0,0.0,0.0,0.0,0.0,0.0,0.0,0.0,0.0,4.870967741935484,0.0,False,,0.5,0.2,0.1,1.0,0.3,0.05,2.0
arm_0065,20260994,0.22,0,0.0,0.0,0.0,0.0,0.0,0.0,0.0,0.0,0.0,0.0,2.272727272727273,0.0,False,,0.5,0.2,0.1,1.0,0.3,0.1,2.0
arm_0066,20260995,0.21,0,0.0,0.0,0.0,0.0,0.0,0.0,0.0,0.0,0.0,0.0,24.532258064516128,0.0,False,,0.5,0.2,0.1,1.0,0.3,0.01,4.0
arm_0067,20260996,0.2,0,0.00042896370967741935,0.0042896370967741935,0.0,0.0,0.4032258064516129,31.775080645161292,0.6355000000000001,29868.588709677424,0.0,0.0,30.887096774193548,0.4032258064516129,False,,0.5,0.2,0.1,1.0,0.3,0.05,4.0
arm_0068,20260997,0.21,0,0.0,0.0,0.0,0.0,0.0,0.0,0.0,0.0,0.0,0.0,37.403225806451616,0.0,False,,0.5,0.2,0.1,1.0,0.3,0.1,4.0
arm_0069,20260998,0.22,0,0.0,0.0,0.0,0.0,0.0,0.0,0.0,0.0,0.0,0.0,62.91935483870968,0.0,False,,0.5,0.2,0.1,1.0,0.3,0.01,8.0
arm_0070,20260999,0.24,0,0.0,0.0,0.0,0.0,0.0,0.0,0.0,0.0,0.0,0.0,137.53225806451613,0.0,False,,0.5,0.2,0.1,1.0,0.3,0.05,8.0
arm_0071,20261000,0.25,0,0.0,0.0,0.0,0.0,0.0,0.0,0.0,0.0,0.0,0.0,85.7741935483871,0.0,False,,0.5,0.2,0.1,1.0,0.3,0.1,8.0
arm_0072,20261001,0.17,0,0.0,0.0,0.0,0.0,0.0,0.0,0.0,0.0,0.0,0.0,0.9,0.0,False,,0.5,0.2,0.15,1.0,0.3,0.01,2.0
arm_0073,20261002,0.14,0,,,,,,,,,,,,,,no tail rows,0.5,0.2,0.15,1.0,0.3,0.05,2.0
arm_0074,20261003,0.16,0,,,,,,,,,,,,,,no tail rows,0.5,0.2,0.15,1.0,0.3,0.1,2.0
arm_0075,20261004,0.22,0,0.0,0.0,0.0,0.0,0.0,0.0,0.0,0.0,0.0,0.0,10.951612903225806,0.0,False,,0.5,0.2,0.15,1.0,0.3,0.01,4.0
arm_0076,20261005,0.23,0,0.0,0.0,0.0,0.0,0.0,0.0,0.0,0.0,0.0,0.0,21.0,0.0,False,,0.5,0.2,0.15,1.0,0.3,0.05,4.0
arm_0077,20261006,0.24,0,0.0,0.0,0.0,0.0,0.0,0.0,0.0,0.0,0.0,0.0,23.467741935483872,0.0,False,,0.5,0.2,0.15,1.0,0.3,0.1,4.0
arm_0078,20261007,0.24,0,0.0,0.0,0.0,0.0,0.0,0.0,0.0,0.0,0.0,0.0,100.74193548387096,0.0,False,,0.5,0.2,0.15,1.0,0.3,0.01,8.0
arm_0079,20261008,0.23,0,0.0,0.0,0.0,0.0,0.0,0.0,0.0,0.0,0.0,0.0,59.403225806451616,0.0,False,,0.5,0.2,0.15,1.0,0.3,0.05,8.0
arm_0080,20261009,0.23,0,0.0,0.0,0.0,0.0,0.0,0.0,0.0,0.0,0.0,0.0,99.41935483870968,0.0,False,,0.5,0.2,0.15,1.0,0.3,0.1,8.0
arm_0081,20261010,0.24,0,0.0010752700000000001,0.0107527,0.0,0.0,1.0,10354.4,207.089,9629630.0,0.0,0.0,0.1935483870967742,130.0,True,,0.1,0.2,0.05,1.0,0.5,0.01,2.0
arm_0082,20261011,0.25,0,0.00315789,0.0315789,0.0,0.0,3.0,31656.9,633.138,10024700.0,0.0,0.0,1.5,406.0,True,,0.1,0.2,0.05,1.0,0.5,0.05,2.0
arm_0083,20261012,0.25,0,0.00555556,0.0555556,0.0,0.0,5.0,57530.9,1150.62,10355600.0,0.0,0.0,1.903225806451613,699.0,True,,0.1,0.2,0.05,1.0,0.5,0.1,2.0
arm_0084,20261013,0.27,0,0.004704456758064516,0.046729,7.012612903225806e-05,0.0,5.032258064516129,46039.03870967742,920.7807419354839,9851850.0,2389.4870967741936,0.0,34.516129032258064,665.0322580645161,True,,0.1,0.2,0.05,1.0,0.5,0.01,4.0
arm_0085,20261014,0.27,0,0.0027272700000000004,0.0272727,0.0,0.0,3.0,27609.4,552.189,10123500.0,0.0,0.0,39.596774193548384,410.0,True,,0.1,0.2,0.05,1.0,0.5,0.05,4.0
arm_0086,20261015,0.27,0,0.0036036,0.036036,0.0,0.0,4.0,36169.5,723.39,10037000.0,0.0,0.0,27.5,542.0,True,,0.1,0.2,0.05,1.0,0.5,0.1,4.0
arm_0087,20261016,0.38,0,0.00681818,0.0681818,0.0,0.0,6.0,69444.4,1388.89,10185200.0,0.0,0.0,252.30645161290323,825.0,True,,0.1,0.2,0.05,1.0,0.5,0.01,8.0
arm_0088,20261017,0.34,0,0.0036363600000000004,0.0363636,0.0,0.0,4.0,38047.1,760.943,10463000.0,0.0,0.0,202.67741935483872,565.0,True,,0.1,0.2,0.05,1.0,0.5,0.05,8.0
arm_0089,20261018,0.31,0,0.005825240000000001,0.0582524,0.0,0.0,6.0,61057.2,1221.14,10481500.0,0.0,0.0,159.0,849.0,True,,0.1,0.2,0.05,1.0,0.5,0.1,8.0
arm_0090,20261019,0.25,0,0.00625,0.0625,0.0,0.0,6.0,59722.2,1194.44,9555560.0,0.0,0.0,25.919354838709676,774.0,True,,0.1,0.2,0.1,1.0,0.5,0.01,2.0
arm_0091,20261020,0.24,0,0.0039604,0.039604,0.0,0.0,4.0,38424.587096774194,768.4917096774193,9702209.677419355,0.0,0.0,55.32258064516129,523.9193548387096,True,,0.1,0.2,0.1,1.0,0.5,0.05,2.0
arm_0092,20261021,0.25,0,0.00425532,0.0425532,0.0,0.0,4.0,40926.29838709677,818.5259516129033,9617700.64516129,0.0,0.0,71.08064516129032,519.3548387096774,True,,0.1,0.2,0.1,1.0,0.5,0.1,2.0
arm_0093,20261022,0.25,0,0.00679612,0.0679612,0.0,0.0,7.0,67457.7,1349.15,9925930.0,0.0,0.0,91.6774193548387,938.0,True,,0.1,0.2,0.1,1.0,0.5,0.01,4.0
arm_0094,20261023,0.24,0,0.00416667,0.0416667,0.0,0.0,4.0,42901.2,858.025,10296300.0,0.0,0.0,89.01612903225806,556.0,True,,0.1,0.2,0.1,1.0,0.5,0.05,4.0
arm_0095,20261024,0.24,0,0.005319150000000001,0.0531915,0.0,0.0,5.0,53979.5,1079.59,10148100.0,0.0,0.0,91.1774193548387,685.0,True,,0.1,0.2,0.1,1.0,0.5,0.1,4.0
arm_0096,20261025,0.32,0,0.00918367,0.0918367,0.0,0.0,9.0,89387.51451612903,1787.7475806451614,9733305.322580645,0.0,0.0,429.19354838709677,1182.5967741935483,True,,0.1,0.2,0.1,1.0,0.5,0.01,8.0
arm_0097,20261026,0.3,0,0.005882350000000001,0.0588235,0.0,0.0,5.0,55950.52741935483,1119.0082258064515,9511587.58064516,0.0,0.0,254.0,642.0322580645161,True,,0.1,0.2,0.1,1.0,0.5,0.05,8.0
arm_0098,20261027,0.27,0,0.0030303,0.030303,0.0,0.0,3.0,27609.4,552.189,9111110.0,0.0,0.0,177.1290322580645,369.0,True,,0.1,0.2,0.1,1.0,0.5,0.1,8.0
arm_0099,20261028,0.25,0,0.00970874,0.0970874,0.0,0.0,10.0,85492.57419354838,1709.850806451613,8805734.516129032,0.0,0.0,116.48387096774194,1188.774193548387,True,,0.1,0.2,0.15,1.0,0.5,0.01,2.0
arm_0100,20261029,0.2,0,0.0036036,0.036036,0.0,0.0,4.0,29685.604838709678,593.7120483870967,8237753.387096774,0.0,0.0,133.5483870967742,444.83870967741933,True,,0.1,0.2,0.15,1.0,0.5,0.05,2.0
arm_0101,20261030,0.21,0,0.005064333064516129,0.0490196,0.0,0.0003608290322580645,5.161290322580645,36101.46290322581,722.0293870967741,7362245.483870967,0.0,11947.435483870968,116.64516129032258,497.11290322580646,True,,0.1,0.2,0.15,1.0,0.5,0.1,2.0
arm_0102,20261031,0.27,0,0.0068128729758064515,0.0594059,0.0019384066129032257,0.0,6.854838709677419,45758.21935483871,915.1646935483872,7644762.096774193,336917.6322580645,0.0,302.43548387096774,623.7741935483871,True,,0.1,0.2,0.15,1.0,0.5,0.01,4.0
arm_0103,20261032,0.27,0,0.00421053,0.0421053,0.0,0.0,4.0,36624.53548387097,732.4907258064517,8698327.58064516,0.0,0.0,224.20967741935485,469.7096774193548,True,,0.1,0.2,0.15,1.0,0.5,0.05,4.0
arm_0104,20261033,0.27,0,0.00576923,0.0576923,0.0,0.0,6.0,44985.52096774193,899.7103225806452,7797491.29032258,0.0,0.0,263.43548387096774,631.5967741935484,True,,0.1,0.2,0.15,1.0,0.5,0.1,4.0
arm_0105,20261034,0.3,0,0.006603770000000001,0.0660377,0.0,0.0,7.0,51568.94516129032,1031.3789193548387,7809011.612903226,0.0,0.0,303.53225806451616,737.9516129032259,True,,0.1,0.2,0.15,1.0,0.5,0.01,8.0
arm_0106,20261035,0.33,0,0.00689655,0.0689655,0.0,0.0,8.0,58900.84032258065,1178.0170967741935,8540621.129032258,0.0,0.0,615.516129032258,922.3870967741935,True,,0.1,0.2,0.15,1.0,0.5,0.05,8.0
arm_0107,20261036,0.29,0,0.00595238,0.0595238,0.0,0.0,5.0,54497.36612903226,1089.9462741935483,9155557.258064516,0.0,0.0,479.85483870967744,618.0,True,,0.1,0.2,0.15,1.0,0.5,0.1,8.0
arm_0108,20261037,0.2,0,0.00652174,0.0652174,0.0,0.0,6.0,14929.09677419355,298.5818548387097,2289127.419354839,0.0,0.0,146.43548387096774,185.41935483870967,True,,0.3,0.2,0.05,1.0,0.5,0.01,2.0
arm_0109,20261038,0.2,0,0.00485437,0.0485437,0.0,0.0,5.0,24655.791935483874,493.11566129032263,5079091.29032258,0.0,0.0,50.03225806451613,342.83870967741933,True,,0.3,0.2,0.05,1.0,0.5,0.05,2.0
arm_0110,20261039,0.2,0,0.00505051,0.0505051,0.0,0.0,5.0,38430.903225806454,768.6180967741935,7609319.0322580645,0.0,0.0,121.64516129032258,513.6290322580645,True,,0.3,0.2,0.05,1.0,0.5,0.1,2.0
arm_0111,20261040,0.22,0,0.0043010800000000005,0.0430108,0.0,0.0,4.0,32491.867741935486,649.8375161290322,7554361.451612903,0.0,0.0,197.08064516129033,407.93548387096774,True,,0.3,0.2,0.05,1.0,0.5,0.01,4.0
arm_0112,20261041,0.24,0,0.0068512597177419355,0.0654206,0.0,0.0006871104838709678,7.306451612903226,29796.979032258063,595.9397096774194,4536439.193548387,0.0,118279.6,326.61290322580646,430.2903225806452,True,,0.3,0.2,0.05,1.0,0.5,0.05,4.0
arm_0113,20261042,0.22,0,0.005837731338709678,0.0555556,0.0006270474193548388,0.0,5.290322580645161,42057.92419354838,841.1584354838709,7557467.096774193,74074.03870967742,0.0,154.96774193548387,511.1290322580645,True,,0.3,0.2,0.05,1.0,0.5,0.1,4.0
arm_0114,20261043,0.22,0,0.00212766,0.0212766,0.0,0.0,2.0,21437.98709677419,428.7603387096774,10075855.483870968,0.0,0.0,212.82258064516128,272.0483870967742,True,,0.3,0.2,0.05,1.0,0.5,0.01,8.0
arm_0115,20261044,0.26,0,0.0038461500000000004,0.0384615,0.0,0.0,4.0,22515.148387096775,450.30311290322584,5853943.064516129,0.0,0.0,232.8709677419355,316.11290322580646,True,,0.3,0.2,0.05,1.0,0.5,0.05,8.0
arm_0116,20261045,0.24,0,0.0037735800000000003,0.0377358,0.0,0.0,4.0,34673.48225806451,693.4694677419354,9188470.806451613,0.0,0.0,264.93548387096774,496.1774193548387,True,,0.3,0.2,0.05,1.0,0.5,0.1,8.0
arm_0117,20261046,0.18,0,0.0032967000000000005,0.032967,0.0,0.0,3.0,1411.3712741935483,28.227419354838712,428116.3064516129,0.0,0.0,4.064516129032258,17.338709677419356,False,,0.3,0.2,0.1,1.0,0.5,0.01,2.0
arm_0118,20261047,0.2,0,0.0018018,0.018018,0.0,0.0,2.0,3731.688548387097,74.63377741935484,2071087.3709677418,0.0,0.0,87.95161290322581,55.91935483870968,False,,0.3,0.2,0.1,1.0,0.5,0.05,2.0
arm_0119,20261048,0.2,0,0.0021953401612903227,0.021953401612903226,0.0,0.0,2.370967741935484,2198.106387096774,43.96212096774193,1020509.6290322581,0.0,0.0,60.403225806451616,32.04838709677419,False,,0.3,0.2,0.1,1.0,0.5,0.1,2.0
arm_0120,20261049,0.23,0,0.001467474129032258,0.01467474129032258,0.0,0.0,1.7903225806451613,549.3860322580646,10.987725322580646,350657.03225806454,0.0,0.0,89.19354838709677,9.048387096774194,False,,0.3,0.2,0.1,1.0,0.5,0.01,4.0
arm_0121,20261050,0.2,0,0.0,0.0,0.0,0.0,0.0,0.0,0.0,0.0,0.0,0.0,8.85483870967742,0.0,False,,0.3,0.2,0.1,1.0,0.5,0.05,4.0
arm_0122,20261051,0.21,0,0.00111111,0.0111111,0.0,0.0,1.0,1109.783612903226,22.195675806451614,998805.5806451613,0.0,0.0,70.11290322580645,13.483870967741936,False,,0.3,0.2,0.1,1.0,0.5,0.1,4.0
arm_0123,20261052,0.25,0,0.00326087,0.0326087,0.0,0.0,3.0,2821.9317741935483,56.438616129032255,865392.5161290322,0.0,0.0,307.03225806451616,35.04838709677419,False,,0.3,0.2,0.1,1.0,0.5,0.01,8.0
arm_0124,20261053,0.22,0,0.0003456227419354839,0.0034562274193548387,0.0,0.0,0.3387096774193548,25.601641935483872,0.5120341935483871,25089.614516129033,0.0,0.0,83.04838709677419,0.3387096774193548,False,,0.3,0.2,0.1,1.0,0.5,0.05,8.0
arm_0125,20261054,0.23,0,0.0,0.0,0.0,0.0,0.0,0.0,0.0,0.0,0.0,0.0,119.06451612903226,0.0,False,,0.3,0.2,0.1,1.0,0.5,0.1,8.0
arm_0126,20261055,0.18,0,0.0,0.0,0.0,0.0,0.0,0.0,0.0,0.0,0.0,0.0,4.327272727272727,0.0,False,,0.3,0.2,0.15,1.0,0.5,0.01,2.0
arm_0127,20261056,0.19,0,0.0003342052096774194,0.0033420520967741936,0.0,0.0,0.3709677419354839,74.26778387096775,1.4853572580645162,82437.20806451613,0.0,0.0,7.080645161290323,1.1129032258064515,False,,0.3,0.2,0.15,1.0,0.5,0.05,2.0
arm_0128,20261057,0.18,0,0.0006289333962264152,0.006289333962264151,0.0,0.0,0.5471698113207547,56.22622264150943,1.1245235849056603,48916.83584905661,0.0,0.0,4.69811320754717,0.660377358490566,False,,0.3,0.2,0.15,1.0,0.5,0.1,2.0
arm_0129,20261058,0.21,0,0.0,0.0,0.0,0.0,0.0,0.0,0.0,0.0,0.0,0.0,24.29032258064516,0.0,False,,0.3,0.2,0.15,1.0,0.5,0.01,4.0
arm_0130,20261059,0.2,0,0.0,0.0,0.0,0.0,0.0,0.0,0.0,0.0,0.0,0.0,27.870967741935484,0.0,False,,0.3,0.2,0.15,1.0,0.5,0.05,4.0
arm_0131,20261060,0.2,0,0.0,0.0,0.0,0.0,0.0,0.0,0.0,0.0,0.0,0.0,19.70967741935484,0.0,False,,0.3,0.2,0.15,1.0,0.5,0.1,4.0
arm_0132,20261061,0.24,0,0.00056818,0.0056818,0.0,0.0,0.5,54.30648709677419,1.0861290322580646,47789.71290322581,0.0,0.0,151.75806451612902,0.6451612903225806,False,,0.3,0.2,0.15,1.0,0.5,0.01,8.0
arm_0133,20261062,0.27,0,0.000900901,0.00900901,0.0,0.0,1.0,386.40807419354843,7.7281570967741935,428912.69193548383,0.0,0.0,217.20967741935485,5.790322580645161,False,,0.3,0.2,0.15,1.0,0.5,0.05,8.0
arm_0134,20261063,0.24,0,0.0,0.0,0.0,0.0,0.0,0.0,0.0,0.0,0.0,0.0,113.87096774193549,0.0,False,,0.3,0.2,0.15,1.0,0.5,0.1,8.0
arm_0135,20261064,0.19,0,0.0006890075161290323,0.006890075161290322,0.0,0.0,0.7096774193548387,158.91251612903227,3.178246451612903,154719.14516129033,0.0,0.0,10.290322580645162,2.2096774193548385,False,,0.5,0.2,0.05,1.0,0.5,0.01,2.0
arm_0136,20261065,0.19,0,0.00212766,0.0212766,0.0,0.0,2.0,583.3904032258065,11.667816129032257,274193.27419354836,0.0,0.0,5.241935483870968,7.403225806451613,False,,0.5,0.2,0.05,1.0,0.5,0.05,2.0
arm_0137,20261066,0.13,0,,,,,,,,,,,,,,no tail rows,0.5,0.2,0.05,1.0,0.5,0.1,2.0
arm_0138,20261067,0.2,0,0.0038095200000000003,0.0380952,0.0,0.0,4.0,10496.677419354839,209.9333064516129,2755375.9677419355,0.0,0.0,98.12903225806451,148.79032258064515,True,,0.5,0.2,0.05,1.0,0.5,0.01,4.0
arm_0139,20261068,0.19,0,0.0,0.0,0.0,0.0,0.0,0.0,0.0,0.0,0.0,0.0,14.435483870967742,0.0,False,,0.5,0.2,0.05,1.0,0.5,0.05,4.0
arm_0140,20261069,0.21,0,0.002956986290322581,0.02956986290322581,0.0,0.0,2.661290322580645,4299.747258064516,85.99496290322581,1608522.7741935484,0.0,0.0,73.59677419354838,52.24193548387097,False,,0.5,0.2,0.05,1.0,0.5,0.1,4.0
arm_0141,20261070,0.22,0,0.0016715527419354844,0.016715527419354843,0.0,0.0,1.8387096774193548,2608.881935483871,52.1776935483871,1728793.1451612904,0.0,0.0,239.19354838709677,38.74193548387097,False,,0.5,0.2,0.05,1.0,0.5,0.01,8.0
arm_0142,20261071,0.21,0,0.0021958816129032262,0.02195881612903226,0.0,0.0,1.8225806451612903,6663.2122580645155,133.2642258064516,3338112.9032258065,0.0,0.0,151.1451612903226,74.66129032258064,False,,0.5,0.2,0.05,1.0,0.5,0.05,8.0
arm_0143,20261072,0.22,0,0.0002496167741935484,0.0024961677419354836,0.0,0.0,0.20967741935483872,32.71322903225806,0.6542646774193549,27479.06935483871,0.0,0.0,170.70967741935485,0.3709677419354839,False,,0.5,0.2,0.05,1.0,0.5,0.1,8.0
arm_0144,20261073,0.17,0,0.0,0.0,0.0,0.0,0.0,0.0,0.0,0.0,0.0,0.0,1.0,0.0,False,,0.5,0.2,0.1,1.0,0.5,0.01,2.0
arm_0145,20261074,0.15,0,0.0,0.0,0.0,0.0,0.0,0.0,0.0,0.0,0.0,0.0,2.769230769230769,0.0,False,,0.5,0.2,0.1,1.0,0.5,0.05,2.0
arm_0146,20261075,0.18,0,0.0,0.0,0.0,0.0,0.0,0.0,0.0,0.0,0.0,0.0,1.525,0.0,False,,0.5,0.2,0.1,1.0,0.5,0.1,2.0
arm_0147,20261076,0.19,0,0.0,0.0,0.0,0.0,0.0,0.0,0.0,0.0,0.0,0.0,13.790322580645162,0.0,False,,0.5,0.2,0.1,1.0,0.5,0.01,4.0
arm_0148,20261077,0.19,0,0.0,0.0,0.0,0.0,0.0,0.0,0.0,0.0,0.0,0.0,14.919354838709678,0.0,False,,0.5,0.2,0.1,1.0,0.5,0.05,4.0
arm_0149,20261078,0.18,0,0.0,0.0,0.0,0.0,0.0,0.0,0.0,0.0,0.0,0.0,13.774193548387096,0.0,False,,0.5,0.2,0.1,1.0,0.5,0.1,4.0
arm_0150,20261079,0.2,0,0.0,0.0,0.0,0.0,0.0,0.0,0.0,0.0,0.0,0.0,103.40322580645162,0.0,False,,0.5,0.2,0.1,1.0,0.5,0.01,8.0
arm_0151,20261080,0.2,0,0.0,0.0,0.0,0.0,0.0,0.0,0.0,0.0,0.0,0.0,111.24193548387096,0.0,False,,0.5,0.2,0.1,1.0,0.5,0.05,8.0
arm_0152,20261081,0.21,0,0.0,0.0,0.0,0.0,0.0,0.0,0.0,0.0,0.0,0.0,94.2258064516129,0.0,False,,0.5,0.2,0.1,1.0,0.5,0.1,8.0
arm_0153,20261082,0.16,0,0.0,0.0,0.0,0.0,0.0,0.0,0.0,0.0,0.0,0.0,2.769230769230769,0.0,False,,0.5,0.2,0.15,1.0,0.5,0.01,2.0
arm_0154,20261083,0.13,0,,,,,,,,,,,,,,no tail rows,0.5,0.2,0.15,1.0,0.5,0.05,2.0
arm_0155,20261084,0.14,0,,,,,,,,,,,,,,no tail rows,0.5,0.2,0.15,1.0,0.5,0.1,2.0
arm_0156,20261085,0.19,0,0.0,0.0,0.0,0.0,0.0,0.0,0.0,0.0,0.0,0.0,19.467741935483872,0.0,False,,0.5,0.2,0.15,1.0,0.5,0.01,4.0
arm_0157,20261086,0.21,0,0.0,0.0,0.0,0.0,0.0,0.0,0.0,0.0,0.0,0.0,27.580645161290324,0.0,False,,0.5,0.2,0.15,1.0,0.5,0.05,4.0
arm_0158,20261087,0.19,0,0.0,0.0,0.0,0.0,0.0,0.0,0.0,0.0,0.0,0.0,12.241935483870968,0.0,False,,0.5,0.2,0.15,1.0,0.5,0.1,4.0
arm_0159,20261088,0.21,0,0.0,0.0,0.0,0.0,0.0,0.0,0.0,0.0,0.0,0.0,111.69354838709677,0.0,False,,0.5,0.2,0.15,1.0,0.5,0.01,8.0
arm_0160,20261089,0.21,0,0.0,0.0,0.0,0.0,0.0,0.0,0.0,0.0,0.0,0.0,113.41935483870968,0.0,False,,0.5,0.2,0.15,1.0,0.5,0.05,8.0
arm_0161,20261090,0.2,0,0.0,0.0,0.0,0.0,0.0,0.0,0.0,0.0,0.0,0.0,79.40322580645162,0.0,False,,0.5,0.2,0.15,1.0,0.5,0.1,8.0
arm_0162,20261091,0.2,0,0.00505051,0.0505051,0.0,0.0,5.0,49981.3,999.626,9896300.0,0.0,0.0,0.16129032258064516,668.0,True,,0.1,0.2,0.05,1.0,0.7,0.01,2.0
arm_0163,20261092,0.2,0,0.00458716,0.0458716,0.0,0.0,5.0,44172.6,883.452,9629630.0,0.0,0.0,7.193548387096774,650.0,True,,0.1,0.2,0.05,1.0,0.7,0.05,2.0
arm_0164,20261093,0.21,0,0.005319150000000001,0.0531915,0.0,0.0,5.0,52324.7,1046.49,9837040.0,0.0,0.0,1.3064516129032258,664.0,True,,0.1,0.2,0.05,1.0,0.7,0.1,2.0
arm_0165,20261094,0.24,0,0.00744681,0.0744681,0.0,0.0,7.0,77226.2,1544.52,10370400.0,0.0,0.0,43.306451612903224,980.0,True,,0.1,0.2,0.05,1.0,0.7,0.01,4.0
arm_0166,20261095,0.26,0,0.0066666699999999995,0.0666667,0.0,0.0,6.0,64856.0,1297.12,9728400.0,0.0,0.0,43.25806451612903,788.0,True,,0.1,0.2,0.05,1.0,0.7,0.05,4.0
arm_0167,20261096,0.22,0,0.00843373,0.0843373,0.0,0.0,7.0,83534.1,1670.68,9904760.0,0.0,0.0,64.58064516129032,936.0,True,,0.1,0.2,0.05,1.0,0.7,0.1,4.0
arm_0168,20261097,0.27,0,0.00224719,0.0224719,0.0,0.0,2.0,22222.2,444.444,9888890.0,0.0,0.0,115.80645161290323,267.0,True,,0.1,0.2,0.05,1.0,0.7,0.01,8.0
arm_0169,20261098,0.26,0,0.00485437,0.0485437,0.0,0.0,5.0,51348.4,1026.97,10577800.0,0.0,0.0,143.74193548387098,714.0,True,,0.1,0.2,0.05,1.0,0.7,0.05,8.0
arm_0170,20261099,0.32,0,0.00654206,0.0654206,0.0,0.0,7.0,63205.3,1264.11,9661380.0,0.0,0.0,195.93548387096774,913.0,True,,0.1,0.2,0.05,1.0,0.7,0.1,8.0
arm_0171,20261100,0.2,0,0.005825240000000001,0.0582524,0.0,0.0,6.0,56310.7,1126.21,9666670.0,0.0,0.0,1.7096774193548387,783.0,True,,0.1,0.2,0.1,1.0,0.7,0.01,2.0
arm_0172,20261101,0.21,0,0.0033333300000000007,0.0333333,0.0,0.0,3.0,33415.6,668.313,10024700.0,0.0,0.0,20.64516129032258,406.0,True,,0.1,0.2,0.1,1.0,0.7,0.05,2.0
arm_0173,20261102,0.21,0,0.00309278,0.0309278,0.0,0.0,3.0,28331.4,566.628,9160490.0,0.0,0.0,14.46774193548387,371.0,True,,0.1,0.2,0.1,1.0,0.7,0.1,2.0
arm_0174,20261103,0.25,0,0.005617980000000001,0.0561798,0.0,0.0,5.0,50686.6,1013.73,9022220.0,0.0,0.0,124.45161290322581,609.0,True,,0.1,0.2,0.1,1.0,0.7,0.01,4.0
arm_0175,20261104,0.25,0,0.00275229,0.0275229,0.0,0.0,3.0,26979.3,539.585,9802470.0,0.0,0.0,53.70967741935484,397.0,True,,0.1,0.2,0.1,1.0,0.7,0.05,4.0
arm_0176,20261105,0.23,0,0.005000000000000001,0.05,0.0,0.0,5.0,44592.6,891.852,8918520.0,0.0,0.0,85.16129032258064,602.0,True,,0.1,0.2,0.1,1.0,0.7,0.1,4.0
arm_0177,20261106,0.28,0,0.0032967000000000005,0.032967,0.0,0.0,3.0,30329.377419354838,606.5885483870968,9199921.935483871,0.0,0.0,214.96774193548387,372.5967741935484,True,,0.1,0.2,0.1,1.0,0.7,0.01,8.0
arm_0178,20261107,0.29,0,0.005825240000000001,0.0582524,0.0,0.0,6.0,58899.7,1177.99,10111100.0,0.0,0.0,187.09677419354838,819.0,True,,0.1,0.2,0.1,1.0,0.7,0.05,8.0
arm_0179,20261108,0.26,0,0.0021739100000000003,0.0217391,0.0,0.0,2.0,22302.7,446.055,10259300.0,0.0,0.0,150.0,277.0,True,,0.1,0.2,0.1,1.0,0.7,0.1,8.0
arm_0180,20261109,0.2,0,0.0009259260000000001,0.00925926,0.0,0.0,1.0,8024.69,160.494,8666670.0,0.0,0.0,3.225806451612903,117.0,False,,0.1,0.2,0.15,1.0,0.7,0.01,2.0
arm_0181,20261110,0.2,0,0.007209715161290323,0.0705882,0.00033532258064516133,0.0,6.161290322580645,53956.698387096774,1079.1340322580645,7640381.935483871,26284.325806451612,0.0,70.95161290322581,619.2258064516129,True,,0.1,0.2,0.15,1.0,0.7,0.05,2.0
arm_0182,20261111,0.23,0,0.006451610000000001,0.0645161,0.0,0.0,6.0,44781.01451612903,895.6206129032258,6941058.548387097,0.0,0.0,81.80645161290323,562.2258064516129,True,,0.1,0.2,0.15,1.0,0.7,0.1,2.0
arm_0183,20261112,0.26,0,0.00454545,0.0454545,0.0,0.0,4.0,21157.80806451613,423.1562580645162,4654719.354838709,0.0,0.0,217.8548387096774,251.3548387096774,True,,0.1,0.2,0.15,1.0,0.7,0.01,4.0
arm_0184,20261113,0.23,0,0.00421053,0.0421053,0.0,0.0,4.0,37392.93225806452,747.8590161290323,8880824.032258065,0.0,0.0,103.59677419354838,479.56451612903226,True,,0.1,0.2,0.15,1.0,0.7,0.05,4.0
arm_0185,20261114,0.24,0,0.0026929477741935485,0.0238095,0.0,0.0006933283870967742,3.306451612903226,16966.92258064516,339.3383548387097,7065312.580645162,0.0,142174.4564516129,90.98387096774194,288.06451612903226,True,,0.1,0.2,0.15,1.0,0.7,0.1,4.0
arm_0186,20261115,0.26,0,0.0046511600000000005,0.0465116,0.0,0.0,4.0,32178.88870967742,643.5775645161291,6918458.870967742,0.0,0.0,257.35483870967744,373.5967741935484,True,,0.1,0.2,0.15,1.0,0.7,0.01,8.0
arm_0187,20261116,0.26,0,0.00344828,0.0344828,0.0,0.0,4.0,26579.940322580645,531.5989516129033,7708184.516129033,0.0,0.0,230.79032258064515,416.241935483871,True,,0.1,0.2,0.15,1.0,0.7,0.05,8.0
arm_0188,20261117,0.33,0,0.0057471300000000005,0.0574713,0.0,0.0,5.0,50114.70322580645,1002.2957258064516,8719951.129032258,0.0,0.0,391.9032258064516,588.5967741935484,True,,0.1,0.2,0.15,1.0,0.7,0.1,8.0
arm_0189,20261118,0.19,0,0.00315789,0.0315789,0.0,0.0,3.0,35243.7,704.873,11160500.0,0.0,0.0,0.06451612903225806,452.0,True,,0.3,0.2,0.05,1.0,0.7,0.01,2.0
arm_0190,20261119,0.18,0,0.0,0.0,0.0,0.0,0.0,0.0,0.0,0.0,0.0,0.0,4.032258064516129,0.0,False,,0.3,0.2,0.05,1.0,0.7,0.05,2.0
arm_0191,20261120,0.2,0,0.00555556,0.0555556,0.0,0.0,5.0,37441.922580645165,748.8384677419355,6739545.9677419355,0.0,0.0,104.14516129032258,454.9193548387097,True,,0.3,0.2,0.05,1.0,0.7,0.1,2.0
arm_0192,20261121,0.19,0,0.0,0.0,0.0,0.0,0.0,0.0,0.0,0.0,0.0,0.0,26.419354838709676,0.0,False,,0.3,0.2,0.05,1.0,0.7,0.01,4.0
arm_0193,20261122,0.25,0,0.00982143,0.0982143,0.0,0.0,11.0,70910.1370967742,1418.203064516129,7219941.612903226,0.0,0.0,222.3709677419355,1072.1612903225807,True,,0.3,0.2,0.05,1.0,0.7,0.05,4.0
arm_0194,20261123,0.21,0,0.0017857100000000002,0.0178571,0.0,0.0,2.0,10698.283548387097,213.96558064516128,5991039.354838709,0.0,0.0,140.2258064516129,161.75806451612902,True,,0.3,0.2,0.05,1.0,0.7,0.1,4.0
arm_0195,20261124,0.26,0,0.007093923387096773,0.07093923387096773,0.0,0.0,8.016129032258064,46334.8870967742,926.6977903225807,6534431.935483871,0.0,0.0,518.516129032258,706.8387096774194,True,,0.3,0.2,0.05,1.0,0.7,0.01,8.0
arm_0196,20261125,0.25,0,0.00530973,0.0530973,0.0,0.0,6.0,33389.36935483871,667.7874193548387,6288331.612903226,0.0,0.0,487.51612903225805,509.35483870967744,True,,0.3,0.2,0.05,1.0,0.7,0.05,8.0
arm_0197,20261126,0.22,0,0.004,0.04,0.0,0.0,4.0,17557.94193548387,351.15888709677415,4389486.129032258,0.0,0.0,237.66129032258064,237.03225806451613,True,,0.3,0.2,0.05,1.0,0.7,0.1,8.0
arm_0198,20261127,0.19,0,0.0013898424193548387,0.013898424193548387,0.0,0.0,1.3064516129032258,1517.5784516129033,30.35156290322581,1202509.7258064516,0.0,0.0,28.951612903225808,19.258064516129032,False,,0.3,0.2,0.1,1.0,0.7,0.01,2.0
arm_0199,20261128,0.18,0,0.0012477166451612903,0.012477166451612903,0.0,0.0,1.3225806451612903,681.9053870967741,13.638105483870968,553763.5161290322,0.0,0.0,67.8225806451613,9.758064516129032,False,,0.3,0.2,0.1,1.0,0.7,0.05,2.0
arm_0200,20261129,0.18,0,0.0009615380000000001,0.00961538,0.0,0.0,1.0,201.03832258064517,4.020769193548387,209079.85483870967,0.0,0.0,7.82258064516129,2.8225806451612905,False,,0.3,0.2,0.1,1.0,0.7,0.1,2.0
arm_0201,20261130,0.19,0,0.0,0.0,0.0,0.0,0.0,0.0,0.0,0.0,0.0,0.0,14.419354838709678,0.0,False,,0.3,0.2,0.1,1.0,0.7,0.01,4.0
arm_0202,20261131,0.22,0,0.0026323770967741937,0.026323770967741935,0.0,0.0,2.7903225806451615,823.9222741935483,16.47844258064516,322381.43548387097,0.0,0.0,54.774193548387096,11.790322580645162,False,,0.3,0.2,0.1,1.0,0.7,0.05,4.0
arm_0203,20261132,0.22,0,0.003,0.03,0.0,0.0,3.0,6364.397258064516,127.28798225806452,2121465.64516129,0.0,0.0,117.24193548387096,85.91935483870968,False,,0.3,0.2,0.1,1.0,0.7,0.1,4.0
arm_0204,20261133,0.21,0,4.743832258064517e-05,0.00047438322580645165,0.0,0.0,0.04838709677419355,7.027887096774193,0.1405582258064516,7168.451612903225,0.0,0.0,79.45161290322581,0.0967741935483871,False,,0.3,0.2,0.1,1.0,0.7,0.01,8.0
arm_0205,20261134,0.25,0,0.0021935483870967744,0.021935483870967745,0.0,0.0,2.193548387096774,3160.095483870968,63.20190806451613,1454799.0967741935,0.0,0.0,432.4193548387097,42.66129032258065,False,,0.3,0.2,0.1,1.0,0.7,0.05,8.0
arm_0206,20261135,0.25,0,0.0014416206129032258,0.014416206129032258,0.0,0.0,1.6290322580645162,1027.6905645161291,20.553811290322578,738949.1774193548,0.0,0.0,220.5,15.67741935483871,False,,0.3,0.2,0.1,1.0,0.7,0.1,8.0
arm_0207,20261136,0.14,0,,,,,,,,,,,,,,no tail rows,0.3,0.2,0.15,1.0,0.7,0.01,2.0
arm_0208,20261137,0.15,0,,,,,,,,,,,,,,no tail rows,0.3,0.2,0.15,1.0,0.7,0.05,2.0
arm_0209,20261138,0.18,0,0.0,0.0,0.0,0.0,0.0,0.0,0.0,0.0,0.0,0.0,0.9830508474576272,0.0,False,,0.3,0.2,0.15,1.0,0.7,0.1,2.0
arm_0210,20261139,0.2,0,0.0011947451612903228,0.011947451612903226,0.0,0.0,0.967741935483871,176.99894354838707,3.5399806451612905,143369.05,0.0,0.0,14.048387096774194,1.935483870967742,False,,0.3,0.2,0.15,1.0,0.7,0.01,4.0
arm_0211,20261140,0.21,0,0.00113636,0.0113636,0.0,0.0,1.0,241.66384032258065,4.833278548387097,212664.09838709678,0.0,0.0,31.93548387096774,2.870967741935484,False,,0.3,0.2,0.15,1.0,0.7,0.05,4.0
arm_0212,20261141,0.21,0,0.0,0.0,0.0,0.0,0.0,0.0,0.0,0.0,0.0,0.0,15.774193548387096,0.0,False,,0.3,0.2,0.15,1.0,0.7,0.1,4.0
arm_0213,20261142,0.24,0,0.0,0.0,0.0,0.0,0.0,0.0,0.0,0.0,0.0,0.0,135.83870967741936,0.0,False,,0.3,0.2,0.15,1.0,0.7,0.01,8.0
arm_0214,20261143,0.22,0,0.0,0.0,0.0,0.0,0.0,0.0,0.0,0.0,0.0,0.0,112.16129032258064,0.0,False,,0.3,0.2,0.15,1.0,0.7,0.05,8.0
arm_0215,20261144,0.24,0,0.0,0.0,0.0,0.0,0.0,0.0,0.0,0.0,0.0,0.0,145.1451612903226,0.0,False,,0.3,0.2,0.15,1.0,0.7,0.1,8.0
arm_0216,20261145,0.18,0,0.00113636,0.0113636,0.0,0.0,1.0,11409.808225806451,228.19612903225806,10040586.612903226,0.0,0.0,15.838709677419354,135.5483870967742,True,,0.5,0.2,0.05,1.0,0.7,0.01,2.0
arm_0217,20261146,0.13,0,,,,,,,,,,,,,,no tail rows,0.5,0.2,0.05,1.0,0.7,0.05,2.0
arm_0218,20261147,0.19,0,0.002215703225806452,0.022157032258064518,0.0,0.0,2.193548387096774,2658.6048387096776,53.17210967741935,1237952.7096774194,0.0,0.0,43.403225806451616,35.53225806451613,False,,0.5,0.2,0.05,1.0,0.7,0.1,2.0
arm_0219,20261148,0.2,0,0.0019417500000000001,0.0194175,0.0,0.0,2.0,5111.877419354838,102.2375129032258,2632616.129032258,0.0,0.0,80.14516129032258,71.08064516129032,False,,0.5,0.2,0.05,1.0,0.7,0.01,4.0
arm_0220,20261149,0.19,0,0.0,0.0,0.0,0.0,0.0,0.0,0.0,0.0,0.0,0.0,19.274193548387096,0.0,False,,0.5,0.2,0.05,1.0,0.7,0.05,4.0
arm_0221,20261150,0.19,0,0.00025625553225806455,0.002562555322580645,0.0,0.0,0.27419354838709675,18.981898387096773,0.37963741935483875,20310.64032258065,0.0,0.0,37.46774193548387,0.27419354838709675,False,,0.5,0.2,0.05,1.0,0.7,0.1,4.0
arm_0222,20261151,0.21,0,0.0024871887096774197,0.024871887096774195,0.0,0.0,2.661290322580645,4101.207258064516,82.02414516129032,1794902.322580645,0.0,0.0,146.66129032258064,59.24193548387097,False,,0.5,0.2,0.05,1.0,0.7,0.01,8.0
arm_0223,20261152,0.2,0,0.00243902,0.0243902,0.0,0.0,2.0,12996.470967741934,259.9296129032258,5328554.193548387,0.0,0.0,128.83870967741936,143.8709677419355,True,,0.5,0.2,0.05,1.0,0.7,0.05,8.0
arm_0224,20261153,0.22,0,0.0,0.0,0.0,0.0,0.0,0.0,0.0,0.0,0.0,0.0,98.35483870967742,0.0,False,,0.5,0.2,0.05,1.0,0.7,0.1,8.0
arm_0225,20261154,0.15,0,0.0,0.0,0.0,0.0,0.0,0.0,0.0,0.0,0.0,0.0,6.222222222222222,0.0,False,,0.5,0.2,0.1,1.0,0.7,0.01,2.0
arm_0226,20261155,0.19,0,0.0,0.0,0.0,0.0,0.0,0.0,0.0,0.0,0.0,0.0,0.9824561403508771,0.0,False,,0.5,0.2,0.1,1.0,0.7,0.05,2.0
arm_0227,20261156,0.12,0,,,,,,,,,,,,,,no tail rows,0.5,0.2,0.1,1.0,0.7,0.1,2.0
arm_0228,20261157,0.2,0,0.0,0.0,0.0,0.0,0.0,0.0,0.0,0.0,0.0,0.0,12.82258064516129,0.0,False,,0.5,0.2,0.1,1.0,0.7,0.01,4.0
arm_0229,20261158,0.2,0,0.0,0.0,0.0,0.0,0.0,0.0,0.0,0.0,0.0,0.0,15.596774193548388,0.0,False,,0.5,0.2,0.1,1.0,0.7,0.05,4.0
arm_0230,20261159,0.2,0,0.0,0.0,0.0,0.0,0.0,0.0,0.0,0.0,0.0,0.0,9.306451612903226,0.0,False,,0.5,0.2,0.1,1.0,0.7,0.1,4.0
arm_0231,20261160,0.23,0,0.0,0.0,0.0,0.0,0.0,0.0,0.0,0.0,0.0,0.0,125.6774193548387,0.0,False,,0.5,0.2,0.1,1.0,0.7,0.01,8.0
arm_0232,20261161,0.24,0,0.0,0.0,0.0,0.0,0.0,0.0,0.0,0.0,0.0,0.0,91.79032258064517,0.0,False,,0.5,0.2,0.1,1.0,0.7,0.05,8.0
arm_0233,20261162,0.24,0,0.0,0.0,0.0,0.0,0.0,0.0,0.0,0.0,0.0,0.0,72.3225806451613,0.0,False,,0.5,0.2,0.1,1.0,0.7,0.1,8.0
arm_0234,20261163,0.13,0,,,,,,,,,,,,,,no tail rows,0.5,0.2,0.15,1.0,0.7,0.01,2.0
arm_0235,20261164,0.19,0,0.0,0.0,0.0,0.0,0.0,0.0,0.0,0.0,0.0,0.0,2.8666666666666667,0.0,False,,0.5,0.2,0.15,1.0,0.7,0.05,2.0
arm_0236,20261165,0.18,0,0.0,0.0,0.0,0.0,0.0,0.0,0.0,0.0,0.0,0.0,6.72,0.0,False,,0.5,0.2,0.15,1.0,0.7,0.1,2.0
arm_0237,20261166,0.21,0,0.0,0.0,0.0,0.0,0.0,0.0,0.0,0.0,0.0,0.0,20.241935483870968,0.0,False,,0.5,0.2,0.15,1.0,0.7,0.01,4.0
arm_0238,20261167,0.22,0,0.0,0.0,0.0,0.0,0.0,0.0,0.0,0.0,0.0,0.0,18.161290322580644,0.0,False,,0.5,0.2,0.15,1.0,0.7,0.05,4.0
arm_0239,20261168,0.21,0,0.0,0.0,0.0,0.0,0.0,0.0,0.0,0.0,0.0,0.0,10.774193548387096,0.0,False,,0.5,0.2,0.15,1.0,0.7,0.1,4.0
arm_0240,20261169,0.23,0,0.0,0.0,0.0,0.0,0.0,0.0,0.0,0.0,0.0,0.0,91.54838709677419,0.0,False,,0.5,0.2,0.15,1.0,0.7,0.01,8.0
arm_0241,20261170,0.23,0,0.0,0.0,0.0,0.0,0.0,0.0,0.0,0.0,0.0,0.0,75.80645161290323,0.0,False,,0.5,0.2,0.15,1.0,0.7,0.05,8.0
arm_0242,20261171,0.23,0,0.0,0.0,0.0,0.0,0.0,0.0,0.0,0.0,0.0,0.0,107.03225806451613,0.0,False,,0.5,0.2,0.15,1.0,0.7,0.1,8.0
arm_0243,20261172,0.27,0,0.00537634,0.0537634,0.0,0.0,5.0,46962.382258064514,939.2479193548387,8735007.903225806,0.0,0.0,89.25806451612904,589.6129032258065,True,,0.1,0.6,0.05,1.0,0.3,0.01,2.0
arm_0244,20261173,0.29,0,0.005177582096774194,0.0490196,0.0006124935483870968,0.0,5.290322580645161,30996.545161290323,619.9308870967741,6315890.322580645,38231.75161290323,0.0,129.30645161290323,426.83870967741933,True,,0.1,0.6,0.05,1.0,0.3,0.05,2.0
arm_0245,20261174,0.26,0,0.0018867900000000002,0.0188679,0.0,0.0,2.0,12254.00629032258,245.08009677419355,6494623.548387097,0.0,0.0,78.06451612903226,175.3548387096774,True,,0.1,0.6,0.05,1.0,0.3,0.1,2.0
arm_0246,20261175,0.32,0,0.00576923,0.0576923,0.0,0.0,6.0,33225.348387096776,664.506935483871,5759060.0,0.0,0.0,271.43548387096774,466.48387096774195,True,,0.1,0.6,0.05,1.0,0.3,0.01,4.0
arm_0247,20261176,0.35,0,0.00982143,0.0982143,0.0,0.0,11.0,74067.67741935483,1481.3529032258066,7541436.451612903,0.0,0.0,555.983870967742,1119.9032258064517,True,,0.1,0.6,0.05,1.0,0.3,0.05,4.0
arm_0248,20261177,0.34,0,0.00625,0.0625,0.0,0.0,6.0,57683.672580645165,1153.6724193548387,9229389.516129032,0.0,0.0,154.48387096774192,747.5806451612904,True,,0.1,0.6,0.05,1.0,0.3,0.1,4.0
arm_0249,20261178,0.37,0,0.0029703000000000004,0.029703,0.0,0.0,3.0,23486.76451612903,469.7351935483871,7907207.741935484,0.0,0.0,319.46774193548384,320.241935483871,True,,0.1,0.6,0.05,1.0,0.3,0.01,8.0
arm_0250,20261179,0.35,0,0.004,0.04,0.0,0.0,4.0,27286.743548387098,545.7347258064516,6821683.870967742,0.0,0.0,451.7741935483871,368.3709677419355,True,,0.1,0.6,0.05,1.0,0.3,0.05,8.0
arm_0251,20261180,0.33,0,0.00229885,0.0229885,0.0,0.0,2.0,20095.01935483871,401.90041935483873,8741338.709677419,0.0,0.0,323.1290322580645,236.01612903225808,True,,0.1,0.6,0.05,1.0,0.3,0.1,8.0
arm_0252,20261181,0.25,0,0.0009900990000000001,0.00990099,0.0,0.0,1.0,658.8830967741935,13.177651612903226,665472.2580645161,0.0,0.0,16.387096774193548,8.983870967741936,False,,0.1,0.6,0.1,1.0,0.3,0.01,2.0
arm_0253,20261182,0.25,0,0.003979663225806451,0.03979663225806451,0.0,0.0,3.661290322580645,1590.827258064516,31.816511290322577,424332.9193548387,0.0,0.0,21.758064516129032,19.758064516129032,False,,0.1,0.6,0.1,1.0,0.3,0.05,2.0
arm_0254,20261183,0.23,0,0.0008941122580645162,0.008941122580645161,0.0,0.0,0.8225806451612904,167.5239,3.350475322580645,154121.71935483871,0.0,0.0,7.258064516129032,2.0806451612903225,False,,0.1,0.6,0.1,1.0,0.3,0.1,2.0
arm_0255,20261184,0.25,0,0.0006817440322580646,0.0068174403225806455,0.0,0.0,0.6612903225806451,105.92564516129032,2.1185129032258065,102747.84193548387,0.0,0.0,34.70967741935484,1.3870967741935485,False,,0.1,0.6,0.1,1.0,0.3,0.01,4.0
arm_0256,20261185,0.29,0,0.003858319032258065,0.038583190322580646,0.0,0.0,3.935483870967742,2183.335,43.6666870967742,565810.4193548387,0.0,0.0,98.12903225806451,30.06451612903226,False,,0.1,0.6,0.1,1.0,0.3,0.05,4.0
arm_0257,20261186,0.25,0,0.0,0.0,0.0,0.0,0.0,0.0,0.0,0.0,0.0,0.0,24.806451612903224,0.0,False,,0.1,0.6,0.1,1.0,0.3,0.1,4.0
arm_0258,20261187,0.31,0,0.00212766,0.0212766,0.0,0.0,2.0,948.1690000000001,18.96336129032258,445639.01612903224,0.0,0.0,173.09677419354838,12.03225806451613,False,,0.1,0.6,0.1,1.0,0.3,0.01,8.0
arm_0259,20261188,0.3,0,0.000754976129032258,0.0075497612903225805,0.0,0.0,0.7096774193548387,222.42563548387096,4.448512258064516,209079.84193548386,0.0,0.0,119.46774193548387,2.8225806451612905,False,,0.1,0.6,0.1,1.0,0.3,0.05,8.0
arm_0260,20261189,0.32,0,0.0024481545161290324,0.024481545161290322,0.0,0.0,2.7419354838709675,737.1140161290323,14.74228451612903,334926.3387096774,0.0,0.0,248.16129032258064,11.14516129032258,False,,0.1,0.6,0.1,1.0,0.3,0.1,8.0
arm_0261,20261190,0.25,0,0.0003832641290322581,0.003832641290322581,0.0,0.0,0.3870967741935484,28.389948387096773,0.5677974193548387,28673.845161290326,0.0,0.0,2.5483870967741935,0.3870967741935484,False,,0.1,0.6,0.15,1.0,0.3,0.01,2.0
arm_0262,20261191,0.24,0,0.0,0.0,0.0,0.0,0.0,0.0,0.0,0.0,0.0,0.0,1.8225806451612903,0.0,False,,0.1,0.6,0.15,1.0,0.3,0.05,2.0
arm_0263,20261192,0.2,0,0.0,0.0,0.0,0.0,0.0,0.0,0.0,0.0,0.0,0.0,0.9714285714285714,0.0,False,,0.1,0.6,0.15,1.0,0.3,0.1,2.0
arm_0264,20261193,0.27,0,0.0,0.0,0.0,0.0,0.0,0.0,0.0,0.0,0.0,0.0,30.532258064516128,0.0,False,,0.1,0.6,0.15,1.0,0.3,0.01,4.0
arm_0265,20261194,0.27,0,0.001,0.01,0.0,0.0,1.0,88.41098387096774,1.768218064516129,88410.98387096774,0.0,0.0,53.096774193548384,1.1935483870967742,False,,0.1,0.6,0.15,1.0,0.3,0.05,4.0
arm_0266,20261195,0.25,0,0.0,0.0,0.0,0.0,0.0,0.0,0.0,0.0,0.0,0.0,20.177419354838708,0.0,False,,0.1,0.6,0.15,1.0,0.3,0.1,4.0
arm_0267,20261196,0.27,0,0.00012544790322580648,0.0012544790322580647,0.0,0.0,0.11290322580645161,9.292443548387098,0.1858488709677419,8363.204838709678,0.0,0.0,106.08064516129032,0.11290322580645161,False,,0.1,0.6,0.15,1.0,0.3,0.01,8.0
arm_0268,20261197,0.32,0,0.00028225795161290323,0.0028225795161290323,0.0,0.0,0.3387096774193548,21.903629032258067,0.4380732258064516,26284.354838709678,0.0,0.0,131.8548387096774,0.3548387096774194,False,,0.1,0.6,0.15,1.0,0.3,0.05,8.0
arm_0269,20261198,0.28,0,0.0008646509677419355,0.008646509677419355,0.0,0.0,0.8387096774193549,246.33870967741936,4.926774193548388,238948.53870967744,0.0,0.0,102.45161290322581,3.225806451612903,False,,0.1,0.6,0.15,1.0,0.3,0.1,8.0
arm_0270,20261199,0.21,0,0.0,0.0,0.0,0.0,0.0,0.0,0.0,0.0,0.0,0.0,0.9807692307692307,0.0,False,,0.3,0.6,0.05,1.0,0.3,0.01,2.0
arm_0271,20261200,0.22,0,0.0,0.0,0.0,0.0,0.0,0.0,0.0,0.0,0.0,0.0,4.0,0.0,False,,0.3,0.6,0.05,1.0,0.3,0.05,2.0
arm_0272,20261201,0.22,0,0.00108696,0.0108696,0.0,0.0,1.0,427.25037096774196,8.545004677419355,393070.2419354839,0.0,0.0,14.709677419354838,5.306451612903226,False,,0.3,0.6,0.05,1.0,0.3,0.1,2.0
arm_0273,20261202,0.24,0,0.000943396,0.00943396,0.0,0.0,1.0,208.51648387096773,4.170331451612903,221027.25806451612,0.0,0.0,38.87096774193548,2.9838709677419355,False,,0.3,0.6,0.05,1.0,0.3,0.01,4.0
arm_0274,20261203,0.28,0,0.0,0.0,0.0,0.0,0.0,0.0,0.0,0.0,0.0,0.0,43.983870967741936,0.0,False,,0.3,0.6,0.05,1.0,0.3,0.05,4.0
arm_0275,20261204,0.27,0,0.000980392,0.00980392,0.0,0.0,1.0,230.74938387096776,4.614985,235364.29516129033,0.0,0.0,31.161290322580644,3.1774193548387095,False,,0.3,0.6,0.05,1.0,0.3,0.1,4.0
arm_0276,20261205,0.26,0,0.0,0.0,0.0,0.0,0.0,0.0,0.0,0.0,0.0,0.0,109.09677419354838,0.0,False,,0.3,0.6,0.05,1.0,0.3,0.01,8.0
arm_0277,20261206,0.28,0,0.0,0.0,0.0,0.0,0.0,0.0,0.0,0.0,0.0,0.0,110.91935483870968,0.0,False,,0.3,0.6,0.05,1.0,0.3,0.05,8.0
arm_0278,20261207,0.29,0,0.0007977809677419356,0.007977809677419356,0.0,0.0,0.7419354838709677,68.08747580645161,1.361749516129032,63321.385483870974,0.0,0.0,211.58064516129033,0.8548387096774194,False,,0.3,0.6,0.05,1.0,0.3,0.1,8.0
arm_0279,20261208,0.19,0,0.0,0.0,0.0,0.0,0.0,0.0,0.0,0.0,0.0,0.0,1.3181818181818181,0.0,False,,0.3,0.6,0.1,1.0,0.3,0.01,2.0
arm_0280,20261209,0.22,0,0.0,0.0,0.0,0.0,0.0,0.0,0.0,0.0,0.0,0.0,1.0483870967741935,0.0,False,,0.3,0.6,0.1,1.0,0.3,0.05,2.0
arm_0281,20261210,0.14,0,,,,,,,,,,,,,,no tail rows,0.3,0.6,0.1,1.0,0.3,0.1,2.0
arm_0282,20261211,0.24,0,0.0,0.0,0.0,0.0,0.0,0.0,0.0,0.0,0.0,0.0,19.161290322580644,0.0,False,,0.3,0.6,0.1,1.0,0.3,0.01,4.0
arm_0283,20261212,0.24,0,0.0,0.0,0.0,0.0,0.0,0.0,0.0,0.0,0.0,0.0,17.629032258064516,0.0,False,,0.3,0.6,0.1,1.0,0.3,0.05,4.0
arm_0284,20261213,0.25,0,0.0,0.0,0.0,0.0,0.0,0.0,0.0,0.0,0.0,0.0,11.903225806451612,0.0,False,,0.3,0.6,0.1,1.0,0.3,0.1,4.0
arm_0285,20261214,0.26,0,0.0,0.0,0.0,0.0,0.0,0.0,0.0,0.0,0.0,0.0,105.45161290322581,0.0,False,,0.3,0.6,0.1,1.0,0.3,0.01,8.0
arm_0286,20261215,0.26,0,0.0,0.0,0.0,0.0,0.0,0.0,0.0,0.0,0.0,0.0,62.79032258064516,0.0,False,,0.3,0.6,0.1,1.0,0.3,0.05,8.0
arm_0287,20261216,0.26,0,0.0,0.0,0.0,0.0,0.0,0.0,0.0,0.0,0.0,0.0,93.69354838709677,0.0,False,,0.3,0.6,0.1,1.0,0.3,0.1,8.0
arm_0288,20261217,0.19,0,0.0,0.0,0.0,0.0,0.0,0.0,0.0,0.0,0.0,0.0,1.9090909090909092,0.0,False,,0.3,0.6,0.15,1.0,0.3,0.01,2.0
arm_0289,20261218,0.15,0,,,,,,,,,,,,,,no tail rows,0.3,0.6,0.15,1.0,0.3,0.05,2.0
arm_0290,20261219,0.15,0,,,,,,,,,,,,,,no tail rows,0.3,0.6,0.15,1.0,0.3,0.1,2.0
arm_0291,20261220,0.23,0,0.0,0.0,0.0,0.0,0.0,0.0,0.0,0.0,0.0,0.0,22.741935483870968,0.0,False,,0.3,0.6,0.15,1.0,0.3,0.01,4.0
arm_0292,20261221,0.22,0,0.0,0.0,0.0,0.0,0.0,0.0,0.0,0.0,0.0,0.0,7.580645161290323,0.0,False,,0.3,0.6,0.15,1.0,0.3,0.05,4.0
arm_0293,20261222,0.23,0,0.0,0.0,0.0,0.0,0.0,0.0,0.0,0.0,0.0,0.0,18.483870967741936,0.0,False,,0.3,0.6,0.15,1.0,0.3,0.1,4.0
arm_0294,20261223,0.26,0,0.0,0.0,0.0,0.0,0.0,0.0,0.0,0.0,0.0,0.0,83.37096774193549,0.0,False,,0.3,0.6,0.15,1.0,0.3,0.01,8.0
arm_0295,20261224,0.26,0,0.0,0.0,0.0,0.0,0.0,0.0,0.0,0.0,0.0,0.0,94.79032258064517,0.0,False,,0.3,0.6,0.15,1.0,0.3,0.05,8.0
arm_0296,20261225,0.26,0,0.0,0.0,0.0,0.0,0.0,0.0,0.0,0.0,0.0,0.0,79.87096774193549,0.0,False,,0.3,0.6,0.15,1.0,0.3,0.1,8.0
arm_0297,20261226,0.14,0,,,,,,,,,,,,,,no tail rows,0.5,0.6,0.05,1.0,0.3,0.01,2.0
arm_0298,20261227,0.14,0,,,,,,,,,,,,,,no tail rows,0.5,0.6,0.05,1.0,0.3,0.05,2.0
arm_0299,20261228,0.18,0,0.0,0.0,0.0,0.0,0.0,0.0,0.0,0.0,0.0,0.0,2.857142857142857,0.0,False,,0.5,0.6,0.05,1.0,0.3,0.1,2.0
arm_0300,20261229,0.22,0,0.0,0.0,0.0,0.0,0.0,0.0,0.0,0.0,0.0,0.0,15.693548387096774,0.0,False,,0.5,0.6,0.05,1.0,0.3,0.01,4.0
arm_0301,20261230,0.22,0,0.0,0.0,0.0,0.0,0.0,0.0,0.0,0.0,0.0,0.0,9.306451612903226,0.0,False,,0.5,0.6,0.05,1.0,0.3,0.05,4.0
arm_0302,20261231,0.23,0,0.0,0.0,0.0,0.0,0.0,0.0,0.0,0.0,0.0,0.0,31.129032258064516,0.0,False,,0.5,0.6,0.05,1.0,0.3,0.1,4.0
arm_0303,20261232,0.24,0,0.0,0.0,0.0,0.0,0.0,0.0,0.0,0.0,0.0,0.0,108.88709677419355,0.0,False,,0.5,0.6,0.05,1.0,0.3,0.01,8.0
arm_0304,20261233,0.23,0,0.0,0.0,0.0,0.0,0.0,0.0,0.0,0.0,0.0,0.0,97.91935483870968,0.0,False,,0.5,0.6,0.05,1.0,0.3,0.05,8.0
arm_0305,20261234,0.23,0,0.0,0.0,0.0,0.0,0.0,0.0,0.0,0.0,0.0,0.0,51.66129032258065,0.0,False,,0.5,0.6,0.05,1.0,0.3,0.1,8.0
arm_0306,20261235,0.18,0,,,,,,,,,,,,,,no tail rows,0.5,0.6,0.1,1.0,0.3,0.01,2.0
arm_0307,20261236,0.13,0,,,,,,,,,,,,,,no tail rows,0.5,0.6,0.1,1.0,0.3,0.05,2.0
arm_0308,20261237,0.21,0,,,,,,,,,,,,,,no tail rows,0.5,0.6,0.1,1.0,0.3,0.1,2.0
arm_0309,20261238,0.28,0,0.0,0.0,0.0,0.0,0.0,0.0,0.0,0.0,0.0,0.0,14.112903225806452,0.0,False,,0.5,0.6,0.1,1.0,0.3,0.01,4.0
arm_0310,20261239,0.26,0,0.0,0.0,0.0,0.0,0.0,0.0,0.0,0.0,0.0,0.0,17.048387096774192,0.0,False,,0.5,0.6,0.1,1.0,0.3,0.05,4.0
arm_0311,20261240,0.27,0,0.0,0.0,0.0,0.0,0.0,0.0,0.0,0.0,0.0,0.0,19.774193548387096,0.0,False,,0.5,0.6,0.1,1.0,0.3,0.1,4.0
arm_0312,20261241,0.27,0,0.0,0.0,0.0,0.0,0.0,0.0,0.0,0.0,0.0,0.0,62.03225806451613,0.0,False,,0.5,0.6,0.1,1.0,0.3,0.01,8.0
arm_0313,20261242,0.24,0,0.0,0.0,0.0,0.0,0.0,0.0,0.0,0.0,0.0,0.0,79.12903225806451,0.0,False,,0.5,0.6,0.1,1.0,0.3,0.05,8.0
arm_0314,20261243,0.21,0,0.0,0.0,0.0,0.0,0.0,0.0,0.0,0.0,0.0,0.0,79.5,0.0,False,,0.5,0.6,0.1,1.0,0.3,0.1,8.0
arm_0315,20261244,0.14,0,,,,,,,,,,,,,,no tail rows,0.5,0.6,0.15,1.0,0.3,0.01,2.0
arm_0316,20261245,0.2,0,0.0,0.0,0.0,0.0,0.0,0.0,0.0,0.0,0.0,0.0,1.5714285714285714,0.0,False,,0.5,0.6,0.15,1.0,0.3,0.05,2.0
arm_0317,20261246,0.15,0,,,,,,,,,,,,,,no tail rows,0.5,0.6,0.15,1.0,0.3,0.1,2.0
arm_0318,20261247,0.22,0,0.0,0.0,0.0,0.0,0.0,0.0,0.0,0.0,0.0,0.0,10.370967741935484,0.0,False,,0.5,0.6,0.15,1.0,0.3,0.01,4.0
arm_0319,20261248,0.22,0,0.0,0.0,0.0,0.0,0.0,0.0,0.0,0.0,0.0,0.0,13.516129032258064,0.0,False,,0.5,0.6,0.15,1.0,0.3,0.05,4.0
arm_0320,20261249,0.22,0,0.0,0.0,0.0,0.0,0.0,0.0,0.0,0.0,0.0,0.0,11.580645161290322,0.0,False,,0.5,0.6,0.15,1.0,0.3,0.1,4.0
arm_0321,20261250,0.24,0,0.0,0.0,0.0,0.0,0.0,0.0,0.0,0.0,0.0,0.0,87.80645161290323,0.0,False,,0.5,0.6,0.15,1.0,0.3,0.01,8.0
arm_0322,20261251,0.24,0,0.0,0.0,0.0,0.0,0.0,0.0,0.0,0.0,0.0,0.0,91.37096774193549,0.0,False,,0.5,0.6,0.15,1.0,0.3,0.05,8.0
arm_0323,20261252,0.24,0,0.0,0.0,0.0,0.0,0.0,0.0,0.0,0.0,0.0,0.0,71.8225806451613,0.0,False,,0.5,0.6,0.15,1.0,0.3,0.1,8.0
arm_0324,20261253,0.27,0,0.00630631,0.0630631,0.0,0.0,7.0,53580.46451612903,1071.6090161290324,8496330.322580645,0.0,0.0,187.98387096774192,802.9032258064516,True,,0.1,0.6,0.05,1.0,0.5,0.01,2.0
arm_0325,20261254,0.27,0,0.008080809999999999,0.0808081,0.0,0.0,8.0,53074.35322580645,1061.4874193548387,6567952.258064516,0.0,0.0,178.66129032258064,709.3387096774194,True,,0.1,0.6,0.05,1.0,0.5,0.05,2.0
arm_0326,20261255,0.27,0,0.00761905,0.0761905,0.0,0.0,8.0,52845.2064516129,1056.9033548387097,6935930.0,0.0,0.0,91.75806451612904,749.0806451612904,True,,0.1,0.6,0.05,1.0,0.5,0.1,2.0
arm_0327,20261256,0.27,0,0.005882350000000001,0.0588235,0.0,0.0,6.0,43917.35322580645,878.3470967741936,7465949.838709678,0.0,0.0,169.46774193548387,604.741935483871,True,,0.1,0.6,0.05,1.0,0.5,0.01,4.0
arm_0328,20261257,0.3,0,0.0043010800000000005,0.0430108,0.0,0.0,4.0,34490.82580645162,689.8164193548388,8019114.838709678,0.0,0.0,244.83870967741936,433.03225806451616,True,,0.1,0.6,0.05,1.0,0.5,0.05,4.0
arm_0329,20261258,0.33,0,0.0130435,0.130435,0.0,0.0,12.0,86544.85322580645,1730.8979032258064,6635105.806451613,0.0,0.0,472.258064516129,1074.8870967741937,False,,0.1,0.6,0.05,1.0,0.5,0.1,4.0
arm_0330,20261259,0.31,0,0.0034883699999999998,0.0348837,0.0,0.0,3.0,32213.6,644.272,9234570.0,0.0,0.0,276.69354838709677,374.0,True,,0.1,0.6,0.05,1.0,0.5,0.01,8.0
arm_0331,20261260,0.36,0,0.00727273,0.0727273,0.0,0.0,8.0,66132.2629032258,1322.6459677419355,9093192.096774194,0.0,0.0,529.8225806451613,982.0645161290323,True,,0.1,0.6,0.05,1.0,0.5,0.05,8.0
arm_0332,20261261,0.35,0,0.00510204,0.0510204,0.0,0.0,5.0,43247.26451612903,864.9452096774194,8476463.387096774,0.0,0.0,555.8870967741935,572.1612903225806,True,,0.1,0.6,0.05,1.0,0.5,0.1,8.0
arm_0333,20261262,0.2,0,0.0,0.0,0.0,0.0,0.0,0.0,0.0,0.0,0.0,0.0,0.75,0.0,False,,0.1,0.6,0.1,1.0,0.5,0.01,2.0
arm_0334,20261263,0.25,0,0.002676353225806452,0.026763532258064517,0.0,0.0,2.435483870967742,551.4196129032258,11.028393064516129,195340.43548387097,0.0,0.0,23.758064516129032,6.774193548387097,False,,0.1,0.6,0.1,1.0,0.5,0.05,2.0
arm_0335,20261264,0.24,0,0.00357143,0.0357143,0.0,0.0,3.0,3480.400806451613,69.60800483870968,974512.5,0.0,0.0,23.758064516129032,39.46774193548387,False,,0.1,0.6,0.1,1.0,0.5,0.1,2.0
arm_0336,20261265,0.26,0,0.0009259260000000001,0.00925926,0.0,0.0,1.0,2218.0190322580643,44.36036290322581,2395460.4838709678,0.0,0.0,59.04838709677419,32.33870967741935,False,,0.1,0.6,0.1,1.0,0.5,0.01,4.0
arm_0337,20261266,0.3,0,0.0057377,0.057377,0.0,0.0,7.0,4016.0993548387096,80.32198870967743,699949.0967741936,0.0,0.0,145.82258064516128,66.14516129032258,False,,0.1,0.6,0.1,1.0,0.5,0.05,4.0
arm_0338,20261267,0.29,0,0.0040404,0.040404,0.0,0.0,4.0,5623.740483870967,112.47481129032258,1391875.8064516129,0.0,0.0,152.2741935483871,75.16129032258064,False,,0.1,0.6,0.1,1.0,0.5,0.1,4.0
arm_0339,20261268,0.37,0,0.004421086612903226,0.04421086612903226,0.0,0.0,4.951612903225806,5677.163709677419,113.54329999999999,1288749.677419355,0.0,0.0,449.43548387096774,85.83870967741936,False,,0.1,0.6,0.1,1.0,0.5,0.01,8.0
arm_0340,20261269,0.36,0,0.006777626612903227,0.06777626612903226,0.0,0.0,6.370967741935484,7553.573548387097,151.07150000000001,1110514.0967741935,0.0,0.0,435.5967741935484,95.85483870967742,False,,0.1,0.6,0.1,1.0,0.5,0.05,8.0
arm_0341,20261270,0.33,0,0.0029126217741935485,0.029126217741935485,0.0,0.0,3.0,2601.755806451613,52.03512419354839,913978.6451612903,0.0,0.0,214.51612903225808,36.17741935483871,False,,0.1,0.6,0.1,1.0,0.5,0.1,8.0
arm_0342,20261271,0.2,0,0.0,0.0,0.0,0.0,0.0,0.0,0.0,0.0,0.0,0.0,0.9090909090909091,0.0,False,,0.1,0.6,0.15,1.0,0.5,0.01,2.0
arm_0343,20261272,0.26,0,0.0011099561290322582,0.011099561290322581,0.0,0.0,1.032258064516129,265.9268064516129,5.318531451612903,244922.11612903225,0.0,0.0,8.629032258064516,3.338709677419355,False,,0.1,0.6,0.15,1.0,0.5,0.05,2.0
arm_0344,20261273,0.19,0,0.0,0.0,0.0,0.0,0.0,0.0,0.0,0.0,0.0,0.0,1.125,0.0,False,,0.1,0.6,0.15,1.0,0.5,0.1,2.0
arm_0345,20261274,0.29,0,0.0009090910000000001,0.00909091,0.0,0.0,1.0,69.51235483870968,1.3902451612903226,76463.58064516129,0.0,0.0,43.435483870967744,1.032258064516129,False,,0.1,0.6,0.15,1.0,0.5,0.01,4.0
arm_0346,20261275,0.27,0,0.0,0.0,0.0,0.0,0.0,0.0,0.0,0.0,0.0,0.0,26.06451612903226,0.0,False,,0.1,0.6,0.15,1.0,0.5,0.05,4.0
arm_0347,20261276,0.27,0,0.0,0.0,0.0,0.0,0.0,0.0,0.0,0.0,0.0,0.0,27.612903225806452,0.0,False,,0.1,0.6,0.15,1.0,0.5,0.1,4.0
arm_0348,20261277,0.3,0,0.0009265616129032258,0.009265616129032258,0.0,0.0,0.8709677419354839,339.35798387096776,6.7871554838709685,318996.4435483871,0.0,0.0,119.04838709677419,4.306451612903226,False,,0.1,0.6,0.15,1.0,0.5,0.01,8.0
arm_0349,20261278,0.3,0,0.0,0.0,0.0,0.0,0.0,0.0,0.0,0.0,0.0,0.0,101.54838709677419,0.0,False,,0.1,0.6,0.15,1.0,0.5,0.05,8.0
arm_0350,20261279,0.29,0,0.0,0.0,0.0,0.0,0.0,0.0,0.0,0.0,0.0,0.0,100.87096774193549,0.0,False,,0.1,0.6,0.15,1.0,0.5,0.1,8.0
arm_0351,20261280,0.22,0,0.0,0.0,0.0,0.0,0.0,0.0,0.0,0.0,0.0,0.0,4.67741935483871,0.0,False,,0.3,0.6,0.05,1.0,0.5,0.01,2.0
arm_0352,20261281,0.23,0,0.0,0.0,0.0,0.0,0.0,0.0,0.0,0.0,0.0,0.0,2.0,0.0,False,,0.3,0.6,0.05,1.0,0.5,0.05,2.0
arm_0353,20261282,0.23,0,4.790801612903226e-05,0.0004790801612903226,0.0,0.0,0.04838709677419355,7.097467741935484,0.1419498387096774,7168.451612903225,0.0,0.0,3.0806451612903225,0.0967741935483871,False,,0.3,0.6,0.05,1.0,0.5,0.1,2.0
arm_0354,20261283,0.24,0,0.0,0.0,0.0,0.0,0.0,0.0,0.0,0.0,0.0,0.0,28.0,0.0,False,,0.3,0.6,0.05,1.0,0.5,0.01,4.0
arm_0355,20261284,0.25,0,0.0005904376935483872,0.005904376935483871,0.0,0.0,0.6612903225806451,848.0543870967742,16.961082903225808,949820.7258064516,0.0,0.0,96.75806451612904,12.82258064516129,False,,0.3,0.6,0.05,1.0,0.5,0.05,4.0
arm_0356,20261285,0.26,0,4.6082951612903234e-05,0.0004608295161290323,0.0,0.0,0.04838709677419355,3.4135500000000003,0.0682708064516129,3584.230645161291,0.0,0.0,51.193548387096776,0.04838709677419355,False,,0.3,0.6,0.05,1.0,0.5,0.1,4.0
arm_0357,20261286,0.28,0,0.0004213891774193548,0.004213891774193548,0.0,0.0,0.46774193548387094,86.10769677419356,1.7221520967741935,95579.36774193548,0.0,0.0,120.74193548387096,1.2903225806451613,False,,0.3,0.6,0.05,1.0,0.5,0.01,8.0
arm_0358,20261287,0.28,0,0.0005598503548387097,0.0055985035483870965,0.0,0.0,0.6774193548387096,68.12984516129032,1.3625982258064515,69295.05967741935,0.0,0.0,185.90322580645162,1.1129032258064515,False,,0.3,0.6,0.05,1.0,0.5,0.05,8.0
arm_0359,20261288,0.27,0,0.0,0.0,0.0,0.0,0.0,0.0,0.0,0.0,0.0,0.0,113.1774193548387,0.0,False,,0.3,0.6,0.05,1.0,0.5,0.1,8.0
arm_0360,20261289,0.17,0,,,,,,,,,,,,,,no tail rows,0.3,0.6,0.1,1.0,0.5,0.01,2.0
arm_0361,20261290,0.17,0,0.0,0.0,0.0,0.0,0.0,0.0,0.0,0.0,0.0,0.0,0.8571428571428571,0.0,False,,0.3,0.6,0.1,1.0,0.5,0.05,2.0
arm_0362,20261291,0.18,0,0.0,0.0,0.0,0.0,0.0,0.0,0.0,0.0,0.0,0.0,1.5,0.0,False,,0.3,0.6,0.1,1.0,0.5,0.1,2.0
arm_0363,20261292,0.25,0,0.0,0.0,0.0,0.0,0.0,0.0,0.0,0.0,0.0,0.0,30.56451612903226,0.0,False,,0.3,0.6,0.1,1.0,0.5,0.01,4.0
arm_0364,20261293,0.25,0,0.0,0.0,0.0,0.0,0.0,0.0,0.0,0.0,0.0,0.0,29.258064516129032,0.0,False,,0.3,0.6,0.1,1.0,0.5,0.05,4.0
arm_0365,20261294,0.24,0,0.0,0.0,0.0,0.0,0.0,0.0,0.0,0.0,0.0,0.0,21.758064516129032,0.0,False,,0.3,0.6,0.1,1.0,0.5,0.1,4.0
arm_0366,20261295,0.27,0,0.0,0.0,0.0,0.0,0.0,0.0,0.0,0.0,0.0,0.0,83.74193548387096,0.0,False,,0.3,0.6,0.1,1.0,0.5,0.01,8.0
arm_0367,20261296,0.27,0,0.0,0.0,0.0,0.0,0.0,0.0,0.0,0.0,0.0,0.0,94.04838709677419,0.0,False,,0.3,0.6,0.1,1.0,0.5,0.05,8.0
arm_0368,20261297,0.27,0,0.0,0.0,0.0,0.0,0.0,0.0,0.0,0.0,0.0,0.0,82.04838709677419,0.0,False,,0.3,0.6,0.1,1.0,0.5,0.1,8.0
arm_0369,20261298,0.2,0,0.0,0.0,0.0,0.0,0.0,0.0,0.0,0.0,0.0,0.0,0.8666666666666667,0.0,False,,0.3,0.6,0.15,1.0,0.5,0.01,2.0
arm_0370,20261299,0.2,0,0.0,0.0,0.0,0.0,0.0,0.0,0.0,0.0,0.0,0.0,0.8888888888888888,0.0,False,,0.3,0.6,0.15,1.0,0.5,0.05,2.0
arm_0371,20261300,0.14,0,,,,,,,,,,,,,,no tail rows,0.3,0.6,0.15,1.0,0.5,0.1,2.0
arm_0372,20261301,0.27,0,0.0,0.0,0.0,0.0,0.0,0.0,0.0,0.0,0.0,0.0,17.322580645161292,0.0,False,,0.3,0.6,0.15,1.0,0.5,0.01,4.0
arm_0373,20261302,0.26,0,0.0,0.0,0.0,0.0,0.0,0.0,0.0,0.0,0.0,0.0,8.064516129032258,0.0,False,,0.3,0.6,0.15,1.0,0.5,0.05,4.0
arm_0374,20261303,0.28,0,0.0,0.0,0.0,0.0,0.0,0.0,0.0,0.0,0.0,0.0,8.35483870967742,0.0,False,,0.3,0.6,0.15,1.0,0.5,0.1,4.0
arm_0375,20261304,0.31,0,0.0,0.0,0.0,0.0,0.0,0.0,0.0,0.0,0.0,0.0,116.1774193548387,0.0,False,,0.3,0.6,0.15,1.0,0.5,0.01,8.0
arm_0376,20261305,0.29,0,0.0,0.0,0.0,0.0,0.0,0.0,0.0,0.0,0.0,0.0,65.96774193548387,0.0,False,,0.3,0.6,0.15,1.0,0.5,0.05,8.0
arm_0377,20261306,0.31,0,0.0,0.0,0.0,0.0,0.0,0.0,0.0,0.0,0.0,0.0,99.85483870967742,0.0,False,,0.3,0.6,0.15,1.0,0.5,0.1,8.0
arm_0378,20261307,0.15,0,,,,,,,,,,,,,,no tail rows,0.5,0.6,0.05,1.0,0.5,0.01,2.0
arm_0379,20261308,0.18,0,,,,,,,,,,,,,,no tail rows,0.5,0.6,0.05,1.0,0.5,0.05,2.0
arm_0380,20261309,0.19,0,,,,,,,,,,,,,,no tail rows,0.5,0.6,0.05,1.0,0.5,0.1,2.0
arm_0381,20261310,0.26,0,0.0,0.0,0.0,0.0,0.0,0.0,0.0,0.0,0.0,0.0,15.370967741935484,0.0,False,,0.5,0.6,0.05,1.0,0.5,0.01,4.0
arm_0382,20261311,0.27,0,0.0,0.0,0.0,0.0,0.0,0.0,0.0,0.0,0.0,0.0,13.419354838709678,0.0,False,,0.5,0.6,0.05,1.0,0.5,0.05,4.0
arm_0383,20261312,0.23,0,0.0,0.0,0.0,0.0,0.0,0.0,0.0,0.0,0.0,0.0,7.285714285714286,0.0,False,,0.5,0.6,0.05,1.0,0.5,0.1,4.0
arm_0384,20261313,0.27,0,0.0,0.0,0.0,0.0,0.0,0.0,0.0,0.0,0.0,0.0,126.43548387096774,0.0,False,,0.5,0.6,0.05,1.0,0.5,0.01,8.0
arm_0385,20261314,0.28,0,0.0,0.0,0.0,0.0,0.0,0.0,0.0,0.0,0.0,0.0,81.6774193548387,0.0,False,,0.5,0.6,0.05,1.0,0.5,0.05,8.0
arm_0386,20261315,0.28,0,0.0,0.0,0.0,0.0,0.0,0.0,0.0,0.0,0.0,0.0,79.2258064516129,0.0,False,,0.5,0.6,0.05,1.0,0.5,0.1,8.0
arm_0387,20261316,0.19,0,,,,,,,,,,,,,,no tail rows,0.5,0.6,0.1,1.0,0.5,0.01,2.0
arm_0388,20261317,0.24,0,0.0,0.0,0.0,0.0,0.0,0.0,0.0,0.0,0.0,0.0,0.9818181818181818,0.0,False,,0.5,0.6,0.1,1.0,0.5,0.05,2.0
arm_0389,20261318,0.2,0,0.0,0.0,0.0,0.0,0.0,0.0,0.0,0.0,0.0,0.0,2.5714285714285716,0.0,False,,0.5,0.6,0.1,1.0,0.5,0.1,2.0
arm_0390,20261319,0.25,0,0.0,0.0,0.0,0.0,0.0,0.0,0.0,0.0,0.0,0.0,15.919354838709678,0.0,False,,0.5,0.6,0.1,1.0,0.5,0.01,4.0
arm_0391,20261320,0.25,0,0.0,0.0,0.0,0.0,0.0,0.0,0.0,0.0,0.0,0.0,11.709677419354838,0.0,False,,0.5,0.6,0.1,1.0,0.5,0.05,4.0
arm_0392,20261321,0.24,0,0.0,0.0,0.0,0.0,0.0,0.0,0.0,0.0,0.0,0.0,8.661290322580646,0.0,False,,0.5,0.6,0.1,1.0,0.5,0.1,4.0
arm_0393,20261322,0.26,0,0.0,0.0,0.0,0.0,0.0,0.0,0.0,0.0,0.0,0.0,99.74193548387096,0.0,False,,0.5,0.6,0.1,1.0,0.5,0.01,8.0
arm_0394,20261323,0.24,0,0.0,0.0,0.0,0.0,0.0,0.0,0.0,0.0,0.0,0.0,68.45161290322581,0.0,False,,0.5,0.6,0.1,1.0,0.5,0.05,8.0
arm_0395,20261324,0.25,0,0.0,0.0,0.0,0.0,0.0,0.0,0.0,0.0,0.0,0.0,80.01612903225806,0.0,False,,0.5,0.6,0.1,1.0,0.5,0.1,8.0
arm_0396,20261325,0.19,0,0.0,0.0,0.0,0.0,0.0,0.0,0.0,0.0,0.0,0.0,2.625,0.0,False,,0.5,0.6,0.15,1.0,0.5,0.01,2.0
arm_0397,20261326,0.14,0,,,,,,,,,,,,,,no tail rows,0.5,0.6,0.15,1.0,0.5,0.05,2.0
arm_0398,20261327,0.2,0,0.0,0.0,0.0,0.0,0.0,0.0,0.0,0.0,0.0,0.0,2.8536585365853657,0.0,False,,0.5,0.6,0.15,1.0,0.5,0.1,2.0
arm_0399,20261328,0.23,0,0.0,0.0,0.0,0.0,0.0,0.0,0.0,0.0,0.0,0.0,14.741935483870968,0.0,False,,0.5,0.6,0.15,1.0,0.5,0.01,4.0
arm_0400,20261329,0.23,0,0.0,0.0,0.0,0.0,0.0,0.0,0.0,0.0,0.0,0.0,16.129032258064516,0.0,False,,0.5,0.6,0.15,1.0,0.5,0.05,4.0
arm_0401,20261330,0.23,0,0.0,0.0,0.0,0.0,0.0,0.0,0.0,0.0,0.0,0.0,18.93548387096774,0.0,False,,0.5,0.6,0.15,1.0,0.5,0.1,4.0
arm_0402,20261331,0.25,0,0.0,0.0,0.0,0.0,0.0,0.0,0.0,0.0,0.0,0.0,81.88709677419355,0.0,False,,0.5,0.6,0.15,1.0,0.5,0.01,8.0
arm_0403,20261332,0.24,0,0.0,0.0,0.0,0.0,0.0,0.0,0.0,0.0,0.0,0.0,82.19354838709677,0.0,False,,0.5,0.6,0.15,1.0,0.5,0.05,8.0
arm_0404,20261333,0.24,0,0.0,0.0,0.0,0.0,0.0,0.0,0.0,0.0,0.0,0.0,69.16129032258064,0.0,False,,0.5,0.6,0.15,1.0,0.5,0.1,8.0
arm_0405,20261334,0.25,0,0.0049505,0.049505,0.0,0.0,5.0,42134.21451612903,842.6842903225806,8511110.806451613,0.0,0.0,116.30645161290323,574.5,True,,0.1,0.6,0.05,1.0,0.7,0.01,2.0
arm_0406,20261335,0.26,0,0.008602150000000001,0.0860215,0.0,0.0,8.0,65241.959677419356,1304.8387096774193,7584378.548387097,0.0,0.0,148.80645161290323,819.1129032258065,True,,0.1,0.6,0.05,1.0,0.7,0.05,2.0
arm_0407,20261336,0.25,0,0.00537634,0.0537634,0.0,0.0,5.0,49932.55806451613,998.6497258064516,9287456.774193548,0.0,0.0,45.306451612903224,626.9032258064516,True,,0.1,0.6,0.05,1.0,0.7,0.1,2.0
arm_0408,20261337,0.29,0,0.0021505400000000003,0.0215054,0.0,0.0,2.0,12209.503225806451,244.1900806451613,5677419.516129033,0.0,0.0,132.01612903225808,153.29032258064515,True,,0.1,0.6,0.05,1.0,0.7,0.01,4.0
arm_0409,20261338,0.3,0,0.00625,0.0625,0.0,0.0,7.0,47541.172580645165,950.8234838709677,7606589.193548387,0.0,0.0,202.56451612903226,718.8225806451613,True,,0.1,0.6,0.05,1.0,0.7,0.05,4.0
arm_0410,20261339,0.29,0,0.00315789,0.0315789,0.0,0.0,3.0,29032.212903225805,580.645193548387,9193552.903225806,0.0,0.0,99.12903225806451,372.33870967741933,True,,0.1,0.6,0.05,1.0,0.7,0.1,4.0
arm_0411,20261340,0.32,0,0.0033333300000000007,0.0333333,0.0,0.0,3.0,29629.6,592.593,8888890.0,0.0,0.0,288.5,360.0,True,,0.1,0.6,0.05,1.0,0.7,0.01,8.0
arm_0412,20261341,0.31,0,0.00196078,0.0196078,0.0,0.0,2.0,17574.4,351.489,8962960.0,0.0,0.0,209.40322580645162,242.0,True,,0.1,0.6,0.05,1.0,0.7,0.05,8.0
arm_0413,20261342,0.35,0,0.0069767399999999995,0.0697674,0.0,0.0,6.0,46690.837096774194,933.8165483870968,6692353.870967742,0.0,0.0,546.4354838709677,542.0806451612904,True,,0.1,0.6,0.05,1.0,0.7,0.1,8.0
arm_0414,20261343,0.25,0,0.002807071870967742,0.02807071870967742,0.0,0.0,2.9193548387096775,504.3193064516129,10.086385322580647,183492.5435483871,0.0,0.0,15.82258064516129,7.080645161290323,False,,0.1,0.6,0.1,1.0,0.7,0.01,2.0
arm_0415,20261344,0.25,0,0.0028301900000000002,0.0283019,0.0,0.0,3.0,6444.850483870968,128.89702741935486,2277179.8387096776,0.0,0.0,74.74193548387096,92.2258064516129,False,,0.1,0.6,0.1,1.0,0.7,0.05,2.0
arm_0416,20261345,0.26,0,0.00471698,0.0471698,0.0,0.0,5.0,4540.023548387097,90.80046129032259,962485.7096774194,0.0,0.0,75.11290322580645,64.96774193548387,False,,0.1,0.6,0.1,1.0,0.7,0.1,2.0
arm_0417,20261346,0.27,0,0.001,0.01,0.0,0.0,1.0,130.22690483870966,2.604537580645161,130226.90483870968,0.0,0.0,39.016129032258064,1.7580645161290323,False,,0.1,0.6,0.1,1.0,0.7,0.01,4.0
arm_0418,20261347,0.29,0,0.0022734234032258066,0.022734234032258063,0.0,0.0,2.3870967741935485,334.5278822580645,6.690557096774194,132218.31935483872,0.0,0.0,41.983870967741936,4.741935483870968,False,,0.1,0.6,0.1,1.0,0.7,0.05,4.0
arm_0419,20261348,0.28,0,0.003258064516129032,0.03258064516129032,0.0,0.0,3.2580645161290325,1994.0256451612902,39.88053064516129,622461.1612903225,0.0,0.0,94.03225806451613,26.919354838709676,False,,0.1,0.6,0.1,1.0,0.7,0.1,4.0
arm_0420,20261349,0.27,0,0.00041935483870967743,0.004193548387096774,0.0,0.0,0.41935483870967744,62.12658548387097,1.2425316129032258,62126.585483870964,0.0,0.0,71.83870967741936,0.8387096774193549,False,,0.1,0.6,0.1,1.0,0.7,0.01,8.0
arm_0421,20261350,0.3,0,0.00106383,0.0106383,0.0,0.0,1.0,699.0517903225807,13.98103806451613,657109.2741935484,0.0,0.0,138.20967741935485,8.870967741935484,False,,0.1,0.6,0.1,1.0,0.7,0.05,8.0
arm_0422,20261351,0.34,0,0.003125621870967742,0.0309278,0.0,7.298193548387098e-05,3.032258064516129,2655.4724193548386,53.1094,857029.3548387097,0.0,4778.967741935484,260.3709677419355,34.774193548387096,False,,0.1,0.6,0.1,1.0,0.7,0.1,8.0
arm_0423,20261352,0.26,0,0.0,0.0,0.0,0.0,0.0,0.0,0.0,0.0,0.0,0.0,4.354838709677419,0.0,False,,0.1,0.6,0.15,1.0,0.7,0.01,2.0
arm_0424,20261353,0.22,0,0.0,0.0,0.0,0.0,0.0,0.0,0.0,0.0,0.0,0.0,2.6857142857142855,0.0,False,,0.1,0.6,0.15,1.0,0.7,0.05,2.0
arm_0425,20261354,0.2,0,0.0,0.0,0.0,0.0,0.0,0.0,0.0,0.0,0.0,0.0,0.9,0.0,False,,0.1,0.6,0.15,1.0,0.7,0.1,2.0
arm_0426,20261355,0.27,0,0.0,0.0,0.0,0.0,0.0,0.0,0.0,0.0,0.0,0.0,29.29032258064516,0.0,False,,0.1,0.6,0.15,1.0,0.7,0.01,4.0
arm_0427,20261356,0.28,0,0.0021739100000000003,0.0217391,0.0,0.0,2.0,461.015,9.220301935483871,212066.6935483871,0.0,0.0,43.725806451612904,5.725806451612903,False,,0.1,0.6,0.15,1.0,0.7,0.05,4.0
arm_0428,20261357,0.26,0,0.0,0.0,0.0,0.0,0.0,0.0,0.0,0.0,0.0,0.0,24.129032258064516,0.0,False,,0.1,0.6,0.15,1.0,0.7,0.1,4.0
arm_0429,20261358,0.31,0,0.0008844962903225807,0.008844962903225806,0.0,0.0,0.8225806451612904,331.44484677419354,6.628891935483871,308243.58225806453,0.0,0.0,133.30645161290323,4.161290322580645,False,,0.1,0.6,0.15,1.0,0.7,0.01,8.0
arm_0430,20261359,0.29,0,0.0,0.0,0.0,0.0,0.0,0.0,0.0,0.0,0.0,0.0,87.33870967741936,0.0,False,,0.1,0.6,0.15,1.0,0.7,0.05,8.0
arm_0431,20261360,0.29,0,0.0,0.0,0.0,0.0,0.0,0.0,0.0,0.0,0.0,0.0,95.46774193548387,0.0,False,,0.1,0.6,0.15,1.0,0.7,0.1,8.0
arm_0432,20261361,0.23,0,0.0,0.0,0.0,0.0,0.0,0.0,0.0,0.0,0.0,0.0,1.8305084745762712,0.0,False,,0.3,0.6,0.05,1.0,0.7,0.01,2.0
arm_0433,20261362,0.19,0,0.0,0.0,0.0,0.0,0.0,0.0,0.0,0.0,0.0,0.0,2.4,0.0,False,,0.3,0.6,0.05,1.0,0.7,0.05,2.0
arm_0434,20261363,0.19,0,0.0,0.0,0.0,0.0,0.0,0.0,0.0,0.0,0.0,0.0,0.9523809523809523,0.0,False,,0.3,0.6,0.05,1.0,0.7,0.1,2.0
arm_0435,20261364,0.24,0,0.000980392,0.00980392,0.0,0.0,1.0,513.0367258064516,10.260738709677419,523297.46774193546,0.0,0.0,40.564516129032256,7.064516129032258,False,,0.3,0.6,0.05,1.0,0.7,0.01,4.0
arm_0436,20261365,0.26,0,0.0,0.0,0.0,0.0,0.0,0.0,0.0,0.0,0.0,0.0,26.806451612903224,0.0,False,,0.3,0.6,0.05,1.0,0.7,0.05,4.0
arm_0437,20261366,0.25,0,0.0,0.0,0.0,0.0,0.0,0.0,0.0,0.0,0.0,0.0,34.596774193548384,0.0,False,,0.3,0.6,0.05,1.0,0.7,0.1,4.0
arm_0438,20261367,0.26,0,0.0,0.0,0.0,0.0,0.0,0.0,0.0,0.0,0.0,0.0,79.45161290322581,0.0,False,,0.3,0.6,0.05,1.0,0.7,0.01,8.0
arm_0439,20261368,0.28,0,0.00117647,0.0117647,0.0,0.0,1.0,134.93574193548386,2.6987148387096775,114695.28870967742,0.0,0.0,148.74193548387098,1.5483870967741935,False,,0.3,0.6,0.05,1.0,0.7,0.05,8.0
arm_0440,20261369,0.26,0,0.0,0.0,0.0,0.0,0.0,0.0,0.0,0.0,0.0,0.0,86.19354838709677,0.0,False,,0.3,0.6,0.05,1.0,0.7,0.1,8.0
arm_0441,20261370,0.17,0,,,,,,,,,,,,,,no tail rows,0.3,0.6,0.1,1.0,0.7,0.01,2.0
arm_0442,20261371,0.2,0,0.0,0.0,0.0,0.0,0.0,0.0,0.0,0.0,0.0,0.0,0.9333333333333333,0.0,False,,0.3,0.6,0.1,1.0,0.7,0.05,2.0
arm_0443,20261372,0.19,0,0.0,0.0,0.0,0.0,0.0,0.0,0.0,0.0,0.0,0.0,0.9444444444444444,0.0,False,,0.3,0.6,0.1,1.0,0.7,0.1,2.0
arm_0444,20261373,0.24,0,0.0,0.0,0.0,0.0,0.0,0.0,0.0,0.0,0.0,0.0,6.596774193548387,0.0,False,,0.3,0.6,0.1,1.0,0.7,0.01,4.0
arm_0445,20261374,0.23,0,0.0,0.0,0.0,0.0,0.0,0.0,0.0,0.0,0.0,0.0,4.935483870967742,0.0,False,,0.3,0.6,0.1,1.0,0.7,0.05,4.0
arm_0446,20261375,0.24,0,0.0,0.0,0.0,0.0,0.0,0.0,0.0,0.0,0.0,0.0,16.322580645161292,0.0,False,,0.3,0.6,0.1,1.0,0.7,0.1,4.0
arm_0447,20261376,0.25,0,0.0,0.0,0.0,0.0,0.0,0.0,0.0,0.0,0.0,0.0,78.51612903225806,0.0,False,,0.3,0.6,0.1,1.0,0.7,0.01,8.0
arm_0448,20261377,0.29,0,0.0,0.0,0.0,0.0,0.0,0.0,0.0,0.0,0.0,0.0,110.12903225806451,0.0,False,,0.3,0.6,0.1,1.0,0.7,0.05,8.0
arm_0449,20261378,0.27,0,0.0,0.0,0.0,0.0,0.0,0.0,0.0,0.0,0.0,0.0,97.38709677419355,0.0,False,,0.3,0.6,0.1,1.0,0.7,0.1,8.0
arm_0450,20261379,0.15,0,,,,,,,,,,,,,,no tail rows,0.3,0.6,0.15,1.0,0.7,0.01,2.0
arm_0451,20261380,0.16,0,,,,,,,,,,,,,,no tail rows,0.3,0.6,0.15,1.0,0.7,0.05,2.0
arm_0452,20261381,0.15,0,,,,,,,,,,,,,,no tail rows,0.3,0.6,0.15,1.0,0.7,0.1,2.0
arm_0453,20261382,0.24,0,0.0,0.0,0.0,0.0,0.0,0.0,0.0,0.0,0.0,0.0,29.887096774193548,0.0,False,,0.3,0.6,0.15,1.0,0.7,0.01,4.0
arm_0454,20261383,0.24,0,0.0,0.0,0.0,0.0,0.0,0.0,0.0,0.0,0.0,0.0,9.451612903225806,0.0,False,,0.3,0.6,0.15,1.0,0.7,0.05,4.0
arm_0455,20261384,0.23,0,0.0,0.0,0.0,0.0,0.0,0.0,0.0,0.0,0.0,0.0,20.322580645161292,0.0,False,,0.3,0.6,0.15,1.0,0.7,0.1,4.0
arm_0456,20261385,0.25,0,0.0,0.0,0.0,0.0,0.0,0.0,0.0,0.0,0.0,0.0,72.83870967741936,0.0,False,,0.3,0.6,0.15,1.0,0.7,0.01,8.0
arm_0457,20261386,0.26,0,0.0,0.0,0.0,0.0,0.0,0.0,0.0,0.0,0.0,0.0,73.35483870967742,0.0,False,,0.3,0.6,0.15,1.0,0.7,0.05,8.0
arm_0458,20261387,0.27,0,0.0,0.0,0.0,0.0,0.0,0.0,0.0,0.0,0.0,0.0,95.64516129032258,0.0,False,,0.3,0.6,0.15,1.0,0.7,0.1,8.0
arm_0459,20261388,0.19,0,0.0,0.0,0.0,0.0,0.0,0.0,0.0,0.0,0.0,0.0,0.9130434782608695,0.0,False,,0.5,0.6,0.05,1.0,0.7,0.01,2.0
arm_0460,20261389,0.17,0,,,,,,,,,,,,,,no tail rows,0.5,0.6,0.05,1.0,0.7,0.05,2.0
arm_0461,20261390,0.19,0,0.0,0.0,0.0,0.0,0.0,0.0,0.0,0.0,0.0,0.0,2.8636363636363638,0.0,False,,0.5,0.6,0.05,1.0,0.7,0.1,2.0
arm_0462,20261391,0.23,0,0.0,0.0,0.0,0.0,0.0,0.0,0.0,0.0,0.0,0.0,15.258064516129032,0.0,False,,0.5,0.6,0.05,1.0,0.7,0.01,4.0
arm_0463,20261392,0.23,0,0.0,0.0,0.0,0.0,0.0,0.0,0.0,0.0,0.0,0.0,21.370967741935484,0.0,False,,0.5,0.6,0.05,1.0,0.7,0.05,4.0
arm_0464,20261393,0.23,0,0.0,0.0,0.0,0.0,0.0,0.0,0.0,0.0,0.0,0.0,7.258064516129032,0.0,False,,0.5,0.6,0.05,1.0,0.7,0.1,4.0
arm_0465,20261394,0.24,0,0.0,0.0,0.0,0.0,0.0,0.0,0.0,0.0,0.0,0.0,91.69354838709677,0.0,False,,0.5,0.6,0.05,1.0,0.7,0.01,8.0
arm_0466,20261395,0.23,0,0.0,0.0,0.0,0.0,0.0,0.0,0.0,0.0,0.0,0.0,71.46774193548387,0.0,False,,0.5,0.6,0.05,1.0,0.7,0.05,8.0
arm_0467,20261396,0.25,0,0.0,0.0,0.0,0.0,0.0,0.0,0.0,0.0,0.0,0.0,104.03225806451613,0.0,False,,0.5,0.6,0.05,1.0,0.7,0.1,8.0
arm_0468,20261397,0.19,0,0.0,0.0,0.0,0.0,0.0,0.0,0.0,0.0,0.0,0.0,0.95,0.0,False,,0.5,0.6,0.1,1.0,0.7,0.01,2.0
arm_0469,20261398,0.15,0,,,,,,,,,,,,,,no tail rows,0.5,0.6,0.1,1.0,0.7,0.05,2.0
arm_0470,20261399,0.16,0,,,,,,,,,,,,,,no tail rows,0.5,0.6,0.1,1.0,0.7,0.1,2.0
arm_0471,20261400,0.22,0,0.0,0.0,0.0,0.0,0.0,0.0,0.0,0.0,0.0,0.0,20.741935483870968,0.0,False,,0.5,0.6,0.1,1.0,0.7,0.01,4.0
arm_0472,20261401,0.23,0,0.0,0.0,0.0,0.0,0.0,0.0,0.0,0.0,0.0,0.0,11.983870967741936,0.0,False,,0.5,0.6,0.1,1.0,0.7,0.05,4.0
arm_0473,20261402,0.23,0,0.0,0.0,0.0,0.0,0.0,0.0,0.0,0.0,0.0,0.0,23.774193548387096,0.0,False,,0.5,0.6,0.1,1.0,0.7,0.1,4.0
arm_0474,20261403,0.24,0,0.0,0.0,0.0,0.0,0.0,0.0,0.0,0.0,0.0,0.0,64.8225806451613,0.0,False,,0.5,0.6,0.1,1.0,0.7,0.01,8.0
arm_0475,20261404,0.23,0,0.0,0.0,0.0,0.0,0.0,0.0,0.0,0.0,0.0,0.0,59.20967741935484,0.0,False,,0.5,0.6,0.1,1.0,0.7,0.05,8.0
arm_0476,20261405,0.26,0,0.0,0.0,0.0,0.0,0.0,0.0,0.0,0.0,0.0,0.0,93.70967741935483,0.0,False,,0.5,0.6,0.1,1.0,0.7,0.1,8.0
arm_0477,20261406,0.16,0,,,,,,,,,,,,,,no tail rows,0.5,0.6,0.15,1.0,0.7,0.01,2.0
arm_0478,20261407,0.17,0,,,,,,,,,,,,,,no tail rows,0.5,0.6,0.15,1.0,0.7,0.05,2.0
arm_0479,20261408,0.13,0,,,,,,,,,,,,,,no tail rows,0.5,0.6,0.15,1.0,0.7,0.1,2.0
arm_0480,20261409,0.24,0,0.0,0.0,0.0,0.0,0.0,0.0,0.0,0.0,0.0,0.0,4.548387096774194,0.0,False,,0.5,0.6,0.15,1.0,0.7,0.01,4.0
arm_0481,20261410,0.23,0,0.0,0.0,0.0,0.0,0.0,0.0,0.0,0.0,0.0,0.0,15.629032258064516,0.0,False,,0.5,0.6,0.15,1.0,0.7,0.05,4.0
arm_0482,20261411,0.23,0,0.0,0.0,0.0,0.0,0.0,0.0,0.0,0.0,0.0,0.0,18.403225806451612,0.0,False,,0.5,0.6,0.15,1.0,0.7,0.1,4.0
arm_0483,20261412,0.26,0,0.0,0.0,0.0,0.0,0.0,0.0,0.0,0.0,0.0,0.0,103.37096774193549,0.0,False,,0.5,0.6,0.15,1.0,0.7,0.01,8.0
arm_0484,20261413,0.24,0,0.0,0.0,0.0,0.0,0.0,0.0,0.0,0.0,0.0,0.0,97.01612903225806,0.0,False,,0.5,0.6,0.15,1.0,0.7,0.05,8.0
arm_0485,20261414,0.24,0,0.0,0.0,0.0,0.0,0.0,0.0,0.0,0.0,0.0,0.0,83.88709677419355,0.0,False,,0.5,0.6,0.15,1.0,0.7,0.1,8.0
arm_0486,20261415,0.26,0,0.001923825483870968,0.019238254838709678,0.0,0.0,1.596774193548387,6330.699354838709,126.6139564516129,3879928.3870967743,0.0,0.0,38.483870967741936,70.93548387096774,False,,0.1,1.0,0.05,1.0,0.3,0.01,2.0
arm_0487,20261416,0.28,0,0.0021978,0.021978,0.0,0.0,2.0,6573.716129032258,131.47413225806451,2991039.5161290322,0.0,0.0,52.0,80.75806451612904,False,,0.1,1.0,0.05,1.0,0.3,0.05,2.0
arm_0488,20261417,0.28,0,0.00344828,0.0344828,0.0,0.0,3.0,3630.92064516129,72.61841129032258,1052967.7903225806,0.0,0.0,46.33870967741935,42.645161290322584,False,,0.1,1.0,0.05,1.0,0.3,0.1,2.0
arm_0489,20261418,0.3,0,0.0021978,0.021978,0.0,0.0,2.0,6597.347096774194,131.94679032258065,3001792.2580645164,0.0,0.0,125.2258064516129,81.04838709677419,False,,0.1,1.0,0.05,1.0,0.3,0.01,4.0
arm_0490,20261419,0.31,0,0.0027514251612903227,0.027514251612903225,0.0,0.0,3.7419354838709675,1967.8120967741936,39.35625,721624.9193548387,0.0,0.0,121.19354838709677,36.12903225806452,False,,0.1,1.0,0.05,1.0,0.3,0.05,4.0
arm_0491,20261420,0.31,0,0.00412371,0.0412371,0.0,0.0,4.0,7861.901129032258,157.23805967741936,1906511.9516129033,0.0,0.0,129.41935483870967,102.95161290322581,False,,0.1,1.0,0.05,1.0,0.3,0.1,4.0
arm_0492,20261421,0.35,0,0.00196078,0.0196078,0.0,0.0,2.0,10811.257903225805,216.22508064516128,5513739.516129033,0.0,0.0,332.258064516129,148.8709677419355,True,,0.1,1.0,0.05,1.0,0.3,0.01,8.0
arm_0493,20261422,0.39,0,0.007521861129032258,0.07521861129032258,0.0,0.0,8.048387096774194,17125.020967741937,342.50046774193544,2279287.419354839,0.0,0.0,418.0,247.3709677419355,True,,0.1,1.0,0.05,1.0,0.3,0.05,8.0
arm_0494,20261423,0.38,0,0.0028673851612903228,0.028673851612903225,0.0,0.0,3.096774193548387,12229.527419354838,244.59043548387098,4303564.193548387,0.0,0.0,377.4516129032258,178.30645161290323,True,,0.1,1.0,0.05,1.0,0.3,0.1,8.0
arm_0495,20261424,0.24,0,0.0,0.0,0.0,0.0,0.0,0.0,0.0,0.0,0.0,0.0,1.36,0.0,False,,0.1,1.0,0.1,1.0,0.3,0.01,2.0
arm_0496,20261425,0.27,0,0.0,0.0,0.0,0.0,0.0,0.0,0.0,0.0,0.0,0.0,1.1290322580645162,0.0,False,,0.1,1.0,0.1,1.0,0.3,0.05,2.0
arm_0497,20261426,0.27,0,0.0,0.0,0.0,0.0,0.0,0.0,0.0,0.0,0.0,0.0,3.2096774193548385,0.0,False,,0.1,1.0,0.1,1.0,0.3,0.1,2.0
arm_0498,20261427,0.29,0,0.0,0.0,0.0,0.0,0.0,0.0,0.0,0.0,0.0,0.0,21.806451612903224,0.0,False,,0.1,1.0,0.1,1.0,0.3,0.01,4.0
arm_0499,20261428,0.31,0,0.0,0.0,0.0,0.0,0.0,0.0,0.0,0.0,0.0,0.0,35.95161290322581,0.0,False,,0.1,1.0,0.1,1.0,0.3,0.05,4.0
arm_0500,20261429,0.3,0,0.0,0.0,0.0,0.0,0.0,0.0,0.0,0.0,0.0,0.0,26.612903225806452,0.0,False,,0.1,1.0,0.1,1.0,0.3,0.1,4.0
arm_0501,20261430,0.36,0,0.0,0.0,0.0,0.0,0.0,0.0,0.0,0.0,0.0,0.0,126.38709677419355,0.0,False,,0.1,1.0,0.1,1.0,0.3,0.01,8.0
arm_0502,20261431,0.35,0,0.0,0.0,0.0,0.0,0.0,0.0,0.0,0.0,0.0,0.0,133.93548387096774,0.0,False,,0.1,1.0,0.1,1.0,0.3,0.05,8.0
arm_0503,20261432,0.34,0,0.00030147709677419356,0.0030147709677419356,0.0,0.0,0.3225806451612903,22.33164516129032,0.4466322580645162,23894.870967741936,0.0,0.0,111.29032258064517,0.3225806451612903,False,,0.1,1.0,0.1,1.0,0.3,0.1,8.0
arm_0504,20261433,0.21,0,,,,,,,,,,,,,,no tail rows,0.1,1.0,0.15,1.0,0.3,0.01,2.0
arm_0505,20261434,0.21,0,,,,,,,,,,,,,,no tail rows,0.1,1.0,0.15,1.0,0.3,0.05,2.0
arm_0506,20261435,0.28,0,0.0,0.0,0.0,0.0,0.0,0.0,0.0,0.0,0.0,0.0,1.5483870967741935,0.0,False,,0.1,1.0,0.15,1.0,0.3,0.1,2.0
arm_0507,20261436,0.28,0,0.0,0.0,0.0,0.0,0.0,0.0,0.0,0.0,0.0,0.0,7.5,0.0,False,,0.1,1.0,0.15,1.0,0.3,0.01,4.0
arm_0508,20261437,0.3,0,0.0,0.0,0.0,0.0,0.0,0.0,0.0,0.0,0.0,0.0,22.774193548387096,0.0,False,,0.1,1.0,0.15,1.0,0.3,0.05,4.0
arm_0509,20261438,0.3,0,0.0,0.0,0.0,0.0,0.0,0.0,0.0,0.0,0.0,0.0,17.419354838709676,0.0,False,,0.1,1.0,0.15,1.0,0.3,0.1,4.0
arm_0510,20261439,0.33,0,0.0,0.0,0.0,0.0,0.0,0.0,0.0,0.0,0.0,0.0,83.5,0.0,False,,0.1,1.0,0.15,1.0,0.3,0.01,8.0
arm_0511,20261440,0.39,0,0.0,0.0,0.0,0.0,0.0,0.0,0.0,0.0,0.0,0.0,117.91935483870968,0.0,False,,0.1,1.0,0.15,1.0,0.3,0.05,8.0
arm_0512,20261441,0.38,0,0.0,0.0,0.0,0.0,0.0,0.0,0.0,0.0,0.0,0.0,112.58064516129032,0.0,False,,0.1,1.0,0.15,1.0,0.3,0.1,8.0
arm_0513,20261442,0.23,0,0.0,0.0,0.0,0.0,0.0,0.0,0.0,0.0,0.0,0.0,0.8888888888888888,0.0,False,,0.3,1.0,0.05,1.0,0.3,0.01,2.0
arm_0514,20261443,0.23,0,0.0,0.0,0.0,0.0,0.0,0.0,0.0,0.0,0.0,0.0,0.875,0.0,False,,0.3,1.0,0.05,1.0,0.3,0.05,2.0
arm_0515,20261444,0.21,0,,,,,,,,,,,,,,no tail rows,0.3,1.0,0.05,1.0,0.3,0.1,2.0
arm_0516,20261445,0.29,0,0.0,0.0,0.0,0.0,0.0,0.0,0.0,0.0,0.0,0.0,15.112903225806452,0.0,False,,0.3,1.0,0.05,1.0,0.3,0.01,4.0
arm_0517,20261446,0.3,0,0.0,0.0,0.0,0.0,0.0,0.0,0.0,0.0,0.0,0.0,8.17741935483871,0.0,False,,0.3,1.0,0.05,1.0,0.3,0.05,4.0
arm_0518,20261447,0.29,0,0.0,0.0,0.0,0.0,0.0,0.0,0.0,0.0,0.0,0.0,16.403225806451612,0.0,False,,0.3,1.0,0.05,1.0,0.3,0.1,4.0
arm_0519,20261448,0.33,0,0.0,0.0,0.0,0.0,0.0,0.0,0.0,0.0,0.0,0.0,100.45161290322581,0.0,False,,0.3,1.0,0.05,1.0,0.3,0.01,8.0
arm_0520,20261449,0.34,0,0.0,0.0,0.0,0.0,0.0,0.0,0.0,0.0,0.0,0.0,113.6774193548387,0.0,False,,0.3,1.0,0.05,1.0,0.3,0.05,8.0
arm_0521,20261450,0.33,0,0.0,0.0,0.0,0.0,0.0,0.0,0.0,0.0,0.0,0.0,94.20967741935483,0.0,False,,0.3,1.0,0.05,1.0,0.3,0.1,8.0
arm_0522,20261451,0.17,0,,,,,,,,,,,,,,no tail rows,0.3,1.0,0.1,1.0,0.3,0.01,2.0
arm_0523,20261452,0.23,0,0.0,0.0,0.0,0.0,0.0,0.0,0.0,0.0,0.0,0.0,0.5,0.0,False,,0.3,1.0,0.1,1.0,0.3,0.05,2.0
arm_0524,20261453,0.22,0,,,,,,,,,,,,,,no tail rows,0.3,1.0,0.1,1.0,0.3,0.1,2.0
arm_0525,20261454,0.31,0,0.0,0.0,0.0,0.0,0.0,0.0,0.0,0.0,0.0,0.0,17.822580645161292,0.0,False,,0.3,1.0,0.1,1.0,0.3,0.01,4.0
arm_0526,20261455,0.29,0,0.0,0.0,0.0,0.0,0.0,0.0,0.0,0.0,0.0,0.0,9.548387096774194,0.0,False,,0.3,1.0,0.1,1.0,0.3,0.05,4.0
arm_0527,20261456,0.3,0,0.0,0.0,0.0,0.0,0.0,0.0,0.0,0.0,0.0,0.0,11.306451612903226,0.0,False,,0.3,1.0,0.1,1.0,0.3,0.1,4.0
arm_0528,20261457,0.31,0,0.0,0.0,0.0,0.0,0.0,0.0,0.0,0.0,0.0,0.0,80.61290322580645,0.0,False,,0.3,1.0,0.1,1.0,0.3,0.01,8.0
arm_0529,20261458,0.29,0,0.0,0.0,0.0,0.0,0.0,0.0,0.0,0.0,0.0,0.0,51.12903225806452,0.0,False,,0.3,1.0,0.1,1.0,0.3,0.05,8.0
arm_0530,20261459,0.29,0,0.0,0.0,0.0,0.0,0.0,0.0,0.0,0.0,0.0,0.0,62.38709677419355,0.0,False,,0.3,1.0,0.1,1.0,0.3,0.1,8.0
arm_0531,20261460,0.24,0,0.0,0.0,0.0,0.0,0.0,0.0,0.0,0.0,0.0,0.0,1.9310344827586208,0.0,False,,0.3,1.0,0.15,1.0,0.3,0.01,2.0
arm_0532,20261461,0.18,0,,,,,,,,,,,,,,no tail rows,0.3,1.0,0.15,1.0,0.3,0.05,2.0
arm_0533,20261462,0.21,0,0.0,0.0,0.0,0.0,0.0,0.0,0.0,0.0,0.0,0.0,0.9,0.0,False,,0.3,1.0,0.15,1.0,0.3,0.1,2.0
arm_0534,20261463,0.36,0,0.0,0.0,0.0,0.0,0.0,0.0,0.0,0.0,0.0,0.0,16.193548387096776,0.0,False,,0.3,1.0,0.15,1.0,0.3,0.01,4.0
arm_0535,20261464,0.28,0,0.0,0.0,0.0,0.0,0.0,0.0,0.0,0.0,0.0,0.0,22.85483870967742,0.0,False,,0.3,1.0,0.15,1.0,0.3,0.05,4.0
arm_0536,20261465,0.27,0,0.0,0.0,0.0,0.0,0.0,0.0,0.0,0.0,0.0,0.0,19.241935483870968,0.0,False,,0.3,1.0,0.15,1.0,0.3,0.1,4.0
arm_0537,20261466,0.29,0,0.0,0.0,0.0,0.0,0.0,0.0,0.0,0.0,0.0,0.0,96.03225806451613,0.0,False,,0.3,1.0,0.15,1.0,0.3,0.01,8.0
arm_0538,20261467,0.29,0,0.0,0.0,0.0,0.0,0.0,0.0,0.0,0.0,0.0,0.0,82.66129032258064,0.0,False,,0.3,1.0,0.15,1.0,0.3,0.05,8.0
arm_0539,20261468,0.3,0,0.0,0.0,0.0,0.0,0.0,0.0,0.0,0.0,0.0,0.0,95.80645161290323,0.0,False,,0.3,1.0,0.15,1.0,0.3,0.1,8.0
arm_0540,20261469,0.18,0,,,,,,,,,,,,,,no tail rows,0.5,1.0,0.05,1.0,0.3,0.01,2.0
arm_0541,20261470,0.19,0,,,,,,,,,,,,,,no tail rows,0.5,1.0,0.05,1.0,0.3,0.05,2.0
arm_0542,20261471,0.2,0,0.0,0.0,0.0,0.0,0.0,0.0,0.0,0.0,0.0,0.0,3.5555555555555554,0.0,False,,0.5,1.0,0.05,1.0,0.3,0.1,2.0
arm_0543,20261472,0.26,0,0.0,0.0,0.0,0.0,0.0,0.0,0.0,0.0,0.0,0.0,12.903225806451612,0.0,False,,0.5,1.0,0.05,1.0,0.3,0.01,4.0
arm_0544,20261473,0.26,0,0.0,0.0,0.0,0.0,0.0,0.0,0.0,0.0,0.0,0.0,12.080645161290322,0.0,False,,0.5,1.0,0.05,1.0,0.3,0.05,4.0
arm_0545,20261474,0.26,0,0.0,0.0,0.0,0.0,0.0,0.0,0.0,0.0,0.0,0.0,12.96774193548387,0.0,False,,0.5,1.0,0.05,1.0,0.3,0.1,4.0
arm_0546,20261475,0.27,0,0.0,0.0,0.0,0.0,0.0,0.0,0.0,0.0,0.0,0.0,70.30645161290323,0.0,False,,0.5,1.0,0.05,1.0,0.3,0.01,8.0
arm_0547,20261476,0.27,0,0.0,0.0,0.0,0.0,0.0,0.0,0.0,0.0,0.0,0.0,71.09677419354838,0.0,False,,0.5,1.0,0.05,1.0,0.3,0.05,8.0
arm_0548,20261477,0.29,0,0.0,0.0,0.0,0.0,0.0,0.0,0.0,0.0,0.0,0.0,113.14516129032258,0.0,False,,0.5,1.0,0.05,1.0,0.3,0.1,8.0
arm_0549,20261478,0.25,0,0.0,0.0,0.0,0.0,0.0,0.0,0.0,0.0,0.0,0.0,6.885245901639344,0.0,False,,0.5,1.0,0.1,1.0,0.3,0.01,2.0
arm_0550,20261479,0.18,0,,,,,,,,,,,,,,no tail rows,0.5,1.0,0.1,1.0,0.3,0.05,2.0
arm_0551,20261480,0.17,0,,,,,,,,,,,,,,no tail rows,0.5,1.0,0.1,1.0,0.3,0.1,2.0
arm_0552,20261481,0.26,0,0.0,0.0,0.0,0.0,0.0,0.0,0.0,0.0,0.0,0.0,7.0,0.0,False,,0.5,1.0,0.1,1.0,0.3,0.01,4.0
arm_0553,20261482,0.25,0,0.0,0.0,0.0,0.0,0.0,0.0,0.0,0.0,0.0,0.0,8.693548387096774,0.0,False,,0.5,1.0,0.1,1.0,0.3,0.05,4.0
arm_0554,20261483,0.25,0,0.0,0.0,0.0,0.0,0.0,0.0,0.0,0.0,0.0,0.0,6.0,0.0,False,,0.5,1.0,0.1,1.0,0.3,0.1,4.0
arm_0555,20261484,0.28,0,0.0,0.0,0.0,0.0,0.0,0.0,0.0,0.0,0.0,0.0,99.14516129032258,0.0,False,,0.5,1.0,0.1,1.0,0.3,0.01,8.0
arm_0556,20261485,0.28,0,0.0,0.0,0.0,0.0,0.0,0.0,0.0,0.0,0.0,0.0,105.25806451612904,0.0,False,,0.5,1.0,0.1,1.0,0.3,0.05,8.0
arm_0557,20261486,0.26,0,0.0,0.0,0.0,0.0,0.0,0.0,0.0,0.0,0.0,0.0,59.403225806451616,0.0,False,,0.5,1.0,0.1,1.0,0.3,0.1,8.0
arm_0558,20261487,0.22,0,0.0,0.0,0.0,0.0,0.0,0.0,0.0,0.0,0.0,0.0,6.857142857142857,0.0,False,,0.5,1.0,0.15,1.0,0.3,0.01,2.0
arm_0559,20261488,0.2,0,,,,,,,,,,,,,,no tail rows,0.5,1.0,0.15,1.0,0.3,0.05,2.0
arm_0560,20261489,0.23,0,0.0,0.0,0.0,0.0,0.0,0.0,0.0,0.0,0.0,0.0,0.7142857142857143,0.0,False,,0.5,1.0,0.15,1.0,0.3,0.1,2.0
arm_0561,20261490,0.33,0,0.0,0.0,0.0,0.0,0.0,0.0,0.0,0.0,0.0,0.0,8.096774193548388,0.0,False,,0.5,1.0,0.15,1.0,0.3,0.01,4.0
arm_0562,20261491,0.23,0,0.0,0.0,0.0,0.0,0.0,0.0,0.0,0.0,0.0,0.0,13.82258064516129,0.0,False,,0.5,1.0,0.15,1.0,0.3,0.05,4.0
arm_0563,20261492,0.36,0,3.291633870967742e-05,0.0,7.31474193548387e-05,0.0,0.03225806451612903,2.438251612903226,0.04876516129032258,0.0,2389.4870967741936,0.0,35.274193548387096,0.03225806451612903,False,,0.5,1.0,0.15,1.0,0.3,0.1,4.0
arm_0564,20261493,0.32,0,0.0,0.0,0.0,0.0,0.0,0.0,0.0,0.0,0.0,0.0,100.88709677419355,0.0,False,,0.5,1.0,0.15,1.0,0.3,0.01,8.0
arm_0565,20261494,0.36,0,0.0,0.0,0.0,0.0,0.0,0.0,0.0,0.0,0.0,0.0,95.91935483870968,0.0,False,,0.5,1.0,0.15,1.0,0.3,0.05,8.0
arm_0566,20261495,0.34,0,0.0,0.0,0.0,0.0,0.0,0.0,0.0,0.0,0.0,0.0,115.53225806451613,0.0,False,,0.5,1.0,0.15,1.0,0.3,0.1,8.0
arm_0567,20261496,0.2,0,0.00172414,0.0172414,0.0,0.0,2.0,1689.1195161290323,33.78238870967742,979689.1129032258,0.0,0.0,19.322580645161292,26.451612903225808,False,,0.1,1.0,0.05,1.0,0.5,0.01,2.0
arm_0568,20261497,0.32,0,0.005249840322580646,0.052498403225806456,0.0,0.0,5.354838709677419,13798.112903225807,275.96220967741937,2659458.3870967743,0.0,0.0,160.1290322580645,190.0,True,,0.1,1.0,0.05,1.0,0.5,0.05,2.0
arm_0569,20261498,0.32,0,0.00350877,0.0350877,0.0,0.0,4.0,10668.848870967742,213.37685483870968,3040620.806451613,0.0,0.0,106.96774193548387,164.19354838709677,True,,0.1,1.0,0.05,1.0,0.5,0.1,2.0
arm_0570,20261499,0.31,0,0.0033707900000000002,0.0337079,0.0,0.0,3.0,3880.9020967741935,77.61803548387097,1151334.2580645161,0.0,0.0,117.45161290322581,46.62903225806452,False,,0.1,1.0,0.05,1.0,0.5,0.01,4.0
arm_0571,20261500,0.34,0,0.00679612,0.0679612,0.0,0.0,7.0,10845.489838709678,216.9095806451613,1595835.6451612904,0.0,0.0,216.43548387096774,150.80645161290323,True,,0.1,1.0,0.05,1.0,0.5,0.05,4.0
arm_0572,20261501,0.33,0,0.004,0.04,0.0,0.0,3.0,3644.762580645161,72.89526129032258,911190.7580645161,0.0,0.0,103.43548387096774,36.903225806451616,False,,0.1,1.0,0.05,1.0,0.5,0.1,4.0
arm_0573,20261502,0.37,0,0.004163921129032258,0.04163921129032258,0.0,0.0,4.080645161290323,5427.547580645161,108.55092903225807,1317045.9516129033,0.0,0.0,213.25806451612902,71.80645161290323,False,,0.1,1.0,0.05,1.0,0.5,0.01,8.0
arm_0574,20261503,0.37,0,0.0038835000000000002,0.038835,0.0,0.0,4.0,10046.285967741935,200.92554838709677,2586917.9032258065,0.0,0.0,353.96774193548384,139.69354838709677,True,,0.1,1.0,0.05,1.0,0.5,0.05,8.0
arm_0575,20261504,0.36,0,0.003511425322580645,0.03511425322580645,0.0,0.0,3.370967741935484,10909.496774193549,218.1899193548387,3208243.870967742,0.0,0.0,231.75806451612902,141.38709677419354,True,,0.1,1.0,0.05,1.0,0.5,0.1,8.0
arm_0576,20261505,0.23,0,0.0,0.0,0.0,0.0,0.0,0.0,0.0,0.0,0.0,0.0,0.75,0.0,False,,0.1,1.0,0.1,1.0,0.5,0.01,2.0
arm_0577,20261506,0.21,0,,,,,,,,,,,,,,no tail rows,0.1,1.0,0.1,1.0,0.5,0.05,2.0
arm_0578,20261507,0.21,0,,,,,,,,,,,,,,no tail rows,0.1,1.0,0.1,1.0,0.5,0.1,2.0
arm_0579,20261508,0.3,0,0.0,0.0,0.0,0.0,0.0,0.0,0.0,0.0,0.0,0.0,14.32258064516129,0.0,False,,0.1,1.0,0.1,1.0,0.5,0.01,4.0
arm_0580,20261509,0.31,0,0.0,0.0,0.0,0.0,0.0,0.0,0.0,0.0,0.0,0.0,13.403225806451612,0.0,False,,0.1,1.0,0.1,1.0,0.5,0.05,4.0
arm_0581,20261510,0.31,0,0.00011884532258064516,0.0011884532258064516,0.0,0.0,0.11290322580645161,15.091458064516129,0.30182983870967744,14336.906451612902,0.0,0.0,16.580645161290324,0.1935483870967742,False,,0.1,1.0,0.1,1.0,0.5,0.1,4.0
arm_0582,20261511,0.35,0,0.0,0.0,0.0,0.0,0.0,0.0,0.0,0.0,0.0,0.0,89.33870967741936,0.0,False,,0.1,1.0,0.1,1.0,0.5,0.01,8.0
arm_0583,20261512,0.36,0,0.0,0.0,0.0,0.0,0.0,0.0,0.0,0.0,0.0,0.0,106.37096774193549,0.0,False,,0.1,1.0,0.1,1.0,0.5,0.05,8.0
arm_0584,20261513,0.36,0,0.0,0.0,0.0,0.0,0.0,0.0,0.0,0.0,0.0,0.0,121.56451612903226,0.0,False,,0.1,1.0,0.1,1.0,0.5,0.1,8.0
arm_0585,20261514,0.27,0,0.0,0.0,0.0,0.0,0.0,0.0,0.0,0.0,0.0,0.0,0.9615384615384616,0.0,False,,0.1,1.0,0.15,1.0,0.5,0.01,2.0
arm_0586,20261515,0.26,0,0.0,0.0,0.0,0.0,0.0,0.0,0.0,0.0,0.0,0.0,1.3928571428571428,0.0,False,,0.1,1.0,0.15,1.0,0.5,0.05,2.0
arm_0587,20261516,0.26,0,0.0,0.0,0.0,0.0,0.0,0.0,0.0,0.0,0.0,0.0,1.2903225806451613,0.0,False,,0.1,1.0,0.15,1.0,0.5,0.1,2.0
arm_0588,20261517,0.32,0,0.0,0.0,0.0,0.0,0.0,0.0,0.0,0.0,0.0,0.0,17.677419354838708,0.0,False,,0.1,1.0,0.15,1.0,0.5,0.01,4.0
arm_0589,20261518,0.34,0,0.0,0.0,0.0,0.0,0.0,0.0,0.0,0.0,0.0,0.0,13.225806451612904,0.0,False,,0.1,1.0,0.15,1.0,0.5,0.05,4.0
arm_0590,20261519,0.34,0,0.0,0.0,0.0,0.0,0.0,0.0,0.0,0.0,0.0,0.0,17.596774193548388,0.0,False,,0.1,1.0,0.15,1.0,0.5,0.1,4.0
arm_0591,20261520,0.35,0,0.0,0.0,0.0,0.0,0.0,0.0,0.0,0.0,0.0,0.0,82.79032258064517,0.0,False,,0.1,1.0,0.15,1.0,0.5,0.01,8.0
arm_0592,20261521,0.37,0,0.0,0.0,0.0,0.0,0.0,0.0,0.0,0.0,0.0,0.0,100.01612903225806,0.0,False,,0.1,1.0,0.15,1.0,0.5,0.05,8.0
arm_0593,20261522,0.36,0,0.0,0.0,0.0,0.0,0.0,0.0,0.0,0.0,0.0,0.0,117.2258064516129,0.0,False,,0.1,1.0,0.15,1.0,0.5,0.1,8.0
arm_0594,20261523,0.22,0,0.0,0.0,0.0,0.0,0.0,0.0,0.0,0.0,0.0,0.0,0.9444444444444444,0.0,False,,0.3,1.0,0.05,1.0,0.5,0.01,2.0
arm_0595,20261524,0.18,0,,,,,,,,,,,,,,no tail rows,0.3,1.0,0.05,1.0,0.5,0.05,2.0
arm_0596,20261525,0.23,0,0.0,0.0,0.0,0.0,0.0,0.0,0.0,0.0,0.0,0.0,0.9285714285714286,0.0,False,,0.3,1.0,0.05,1.0,0.5,0.1,2.0
arm_0597,20261526,0.28,0,0.0,0.0,0.0,0.0,0.0,0.0,0.0,0.0,0.0,0.0,15.387096774193548,0.0,False,,0.3,1.0,0.05,1.0,0.5,0.01,4.0
arm_0598,20261527,0.29,0,0.0,0.0,0.0,0.0,0.0,0.0,0.0,0.0,0.0,0.0,11.82258064516129,0.0,False,,0.3,1.0,0.05,1.0,0.5,0.05,4.0
arm_0599,20261528,0.29,0,0.0,0.0,0.0,0.0,0.0,0.0,0.0,0.0,0.0,0.0,17.0,0.0,False,,0.3,1.0,0.05,1.0,0.5,0.1,4.0
arm_0600,20261529,0.33,0,0.0,0.0,0.0,0.0,0.0,0.0,0.0,0.0,0.0,0.0,135.33870967741936,0.0,False,,0.3,1.0,0.05,1.0,0.5,0.01,8.0
arm_0601,20261530,0.31,0,0.0,0.0,0.0,0.0,0.0,0.0,0.0,0.0,0.0,0.0,112.75806451612904,0.0,False,,0.3,1.0,0.05,1.0,0.5,0.05,8.0
arm_0602,20261531,0.31,0,0.0,0.0,0.0,0.0,0.0,0.0,0.0,0.0,0.0,0.0,110.70967741935483,0.0,False,,0.3,1.0,0.05,1.0,0.5,0.1,8.0
arm_0603,20261532,0.28,0,0.0,0.0,0.0,0.0,0.0,0.0,0.0,0.0,0.0,0.0,4.935483870967742,0.0,False,,0.3,1.0,0.1,1.0,0.5,0.01,2.0
arm_0604,20261533,0.27,0,0.0,0.0,0.0,0.0,0.0,0.0,0.0,0.0,0.0,0.0,1.9193548387096775,0.0,False,,0.3,1.0,0.1,1.0,0.5,0.05,2.0
arm_0605,20261534,0.24,0,0.0,0.0,0.0,0.0,0.0,0.0,0.0,0.0,0.0,0.0,2.257142857142857,0.0,False,,0.3,1.0,0.1,1.0,0.5,0.1,2.0
arm_0606,20261535,0.29,0,0.0,0.0,0.0,0.0,0.0,0.0,0.0,0.0,0.0,0.0,15.629032258064516,0.0,False,,0.3,1.0,0.1,1.0,0.5,0.01,4.0
arm_0607,20261536,0.28,0,0.0,0.0,0.0,0.0,0.0,0.0,0.0,0.0,0.0,0.0,7.983870967741935,0.0,False,,0.3,1.0,0.1,1.0,0.5,0.05,4.0
arm_0608,20261537,0.29,0,0.0,0.0,0.0,0.0,0.0,0.0,0.0,0.0,0.0,0.0,16.532258064516128,0.0,False,,0.3,1.0,0.1,1.0,0.5,0.1,4.0
arm_0609,20261538,0.31,0,0.0,0.0,0.0,0.0,0.0,0.0,0.0,0.0,0.0,0.0,87.62903225806451,0.0,False,,0.3,1.0,0.1,1.0,0.5,0.01,8.0
arm_0610,20261539,0.31,0,0.0,0.0,0.0,0.0,0.0,0.0,0.0,0.0,0.0,0.0,83.45161290322581,0.0,False,,0.3,1.0,0.1,1.0,0.5,0.05,8.0
arm_0611,20261540,0.3,0,0.0,0.0,0.0,0.0,0.0,0.0,0.0,0.0,0.0,0.0,49.645161290322584,0.0,False,,0.3,1.0,0.1,1.0,0.5,0.1,8.0
arm_0612,20261541,0.21,0,0.0,0.0,0.0,0.0,0.0,0.0,0.0,0.0,0.0,0.0,0.875,0.0,False,,0.3,1.0,0.15,1.0,0.5,0.01,2.0
arm_0613,20261542,0.18,0,,,,,,,,,,,,,,no tail rows,0.3,1.0,0.15,1.0,0.5,0.05,2.0
arm_0614,20261543,0.22,0,0.0,0.0,0.0,0.0,0.0,0.0,0.0,0.0,0.0,0.0,1.7777777777777777,0.0,False,,0.3,1.0,0.15,1.0,0.5,0.1,2.0
arm_0615,20261544,0.28,0,0.0,0.0,0.0,0.0,0.0,0.0,0.0,0.0,0.0,0.0,6.9818181818181815,0.0,False,,0.3,1.0,0.15,1.0,0.5,0.01,4.0
arm_0616,20261545,0.29,0,0.0,0.0,0.0,0.0,0.0,0.0,0.0,0.0,0.0,0.0,11.129032258064516,0.0,False,,0.3,1.0,0.15,1.0,0.5,0.05,4.0
arm_0617,20261546,0.28,0,0.0,0.0,0.0,0.0,0.0,0.0,0.0,0.0,0.0,0.0,23.161290322580644,0.0,False,,0.3,1.0,0.15,1.0,0.5,0.1,4.0
arm_0618,20261547,0.31,0,0.0,0.0,0.0,0.0,0.0,0.0,0.0,0.0,0.0,0.0,102.12903225806451,0.0,False,,0.3,1.0,0.15,1.0,0.5,0.01,8.0
arm_0619,20261548,0.33,0,0.0,0.0,0.0,0.0,0.0,0.0,0.0,0.0,0.0,0.0,103.03225806451613,0.0,False,,0.3,1.0,0.15,1.0,0.5,0.05,8.0
arm_0620,20261549,0.31,0,0.0,0.0,0.0,0.0,0.0,0.0,0.0,0.0,0.0,0.0,74.79032258064517,0.0,False,,0.3,1.0,0.15,1.0,0.5,0.1,8.0
arm_0621,20261550,0.23,0,0.0,0.0,0.0,0.0,0.0,0.0,0.0,0.0,0.0,0.0,2.75,0.0,False,,0.5,1.0,0.05,1.0,0.5,0.01,2.0
arm_0622,20261551,0.22,0,0.0,0.0,0.0,0.0,0.0,0.0,0.0,0.0,0.0,0.0,0.875,0.0,False,,0.5,1.0,0.05,1.0,0.5,0.05,2.0
arm_0623,20261552,0.26,0,0.0,0.0,0.0,0.0,0.0,0.0,0.0,0.0,0.0,0.0,5.096774193548387,0.0,False,,0.5,1.0,0.05,1.0,0.5,0.1,2.0
arm_0624,20261553,0.27,0,0.0,0.0,0.0,0.0,0.0,0.0,0.0,0.0,0.0,0.0,8.129032258064516,0.0,False,,0.5,1.0,0.05,1.0,0.5,0.01,4.0
arm_0625,20261554,0.27,0,0.0,0.0,0.0,0.0,0.0,0.0,0.0,0.0,0.0,0.0,13.693548387096774,0.0,False,,0.5,1.0,0.05,1.0,0.5,0.05,4.0
arm_0626,20261555,0.27,0,0.0,0.0,0.0,0.0,0.0,0.0,0.0,0.0,0.0,0.0,11.53225806451613,0.0,False,,0.5,1.0,0.05,1.0,0.5,0.1,4.0
arm_0627,20261556,0.3,0,0.0,0.0,0.0,0.0,0.0,0.0,0.0,0.0,0.0,0.0,102.46774193548387,0.0,False,,0.5,1.0,0.05,1.0,0.5,0.01,8.0
arm_0628,20261557,0.28,0,0.0,0.0,0.0,0.0,0.0,0.0,0.0,0.0,0.0,0.0,96.74193548387096,0.0,False,,0.5,1.0,0.05,1.0,0.5,0.05,8.0
arm_0629,20261558,0.3,0,0.0,0.0,0.0,0.0,0.0,0.0,0.0,0.0,0.0,0.0,106.62903225806451,0.0,False,,0.5,1.0,0.05,1.0,0.5,0.1,8.0
arm_0630,20261559,0.2,0,,,,,,,,,,,,,,no tail rows,0.5,1.0,0.1,1.0,0.5,0.01,2.0
arm_0631,20261560,0.21,0,,,,,,,,,,,,,,no tail rows,0.5,1.0,0.1,1.0,0.5,0.05,2.0
arm_0632,20261561,0.23,0,0.0,0.0,0.0,0.0,0.0,0.0,0.0,0.0,0.0,0.0,1.875,0.0,False,,0.5,1.0,0.1,1.0,0.5,0.1,2.0
arm_0633,20261562,0.27,0,0.0,0.0,0.0,0.0,0.0,0.0,0.0,0.0,0.0,0.0,7.403225806451613,0.0,False,,0.5,1.0,0.1,1.0,0.5,0.01,4.0
arm_0634,20261563,0.27,0,0.0,0.0,0.0,0.0,0.0,0.0,0.0,0.0,0.0,0.0,19.225806451612904,0.0,False,,0.5,1.0,0.1,1.0,0.5,0.05,4.0
arm_0635,20261564,0.28,0,0.0,0.0,0.0,0.0,0.0,0.0,0.0,0.0,0.0,0.0,27.967741935483872,0.0,False,,0.5,1.0,0.1,1.0,0.5,0.1,4.0
arm_0636,20261565,0.3,0,0.0,0.0,0.0,0.0,0.0,0.0,0.0,0.0,0.0,0.0,89.16129032258064,0.0,False,,0.5,1.0,0.1,1.0,0.5,0.01,8.0
arm_0637,20261566,0.3,0,0.0,0.0,0.0,0.0,0.0,0.0,0.0,0.0,0.0,0.0,92.7258064516129,0.0,False,,0.5,1.0,0.1,1.0,0.5,0.05,8.0
arm_0638,20261567,0.31,0,0.0,0.0,0.0,0.0,0.0,0.0,0.0,0.0,0.0,0.0,81.7258064516129,0.0,False,,0.5,1.0,0.1,1.0,0.5,0.1,8.0
arm_0639,20261568,0.23,0,0.0,0.0,0.0,0.0,0.0,0.0,0.0,0.0,0.0,0.0,1.0,0.0,False,,0.5,1.0,0.15,1.0,0.5,0.01,2.0
arm_0640,20261569,0.2,0,,,,,,,,,,,,,,no tail rows,0.5,1.0,0.15,1.0,0.5,0.05,2.0
arm_0641,20261570,0.18,0,,,,,,,,,,,,,,no tail rows,0.5,1.0,0.15,1.0,0.5,0.1,2.0
arm_0642,20261571,0.32,0,0.0,0.0,0.0,0.0,0.0,0.0,0.0,0.0,0.0,0.0,20.903225806451612,0.0,False,,0.5,1.0,0.15,1.0,0.5,0.01,4.0
arm_0643,20261572,0.32,0,0.0,0.0,0.0,0.0,0.0,0.0,0.0,0.0,0.0,0.0,21.693548387096776,0.0,False,,0.5,1.0,0.15,1.0,0.5,0.05,4.0
arm_0644,20261573,0.32,0,0.0,0.0,0.0,0.0,0.0,0.0,0.0,0.0,0.0,0.0,13.17741935483871,0.0,False,,0.5,1.0,0.15,1.0,0.5,0.1,4.0
arm_0645,20261574,0.34,0,0.0,0.0,0.0,0.0,0.0,0.0,0.0,0.0,0.0,0.0,88.64516129032258,0.0,False,,0.5,1.0,0.15,1.0,0.5,0.01,8.0
arm_0646,20261575,0.34,0,0.0,0.0,0.0,0.0,0.0,0.0,0.0,0.0,0.0,0.0,92.12903225806451,0.0,False,,0.5,1.0,0.15,1.0,0.5,0.05,8.0
arm_0647,20261576,0.34,0,0.0,0.0,0.0,0.0,0.0,0.0,0.0,0.0,0.0,0.0,100.5,0.0,False,,0.5,1.0,0.15,1.0,0.5,0.1,8.0
arm_0648,20261577,0.37,0,0.007375673548387098,0.07375673548387097,0.0,0.0,7.080645161290323,16900.633870967744,338.01279032258066,2306010.4838709678,0.0,0.0,200.38709677419354,219.03225806451613,True,,0.1,1.0,0.05,1.0,0.7,0.01,2.0
arm_0649,20261578,0.33,0,0.0028186710725806455,0.028022129032258064,3.657370967741935e-05,0.0,2.7903225806451615,1796.9545161290323,35.93909032258065,649143.8548387097,1194.7435483870968,0.0,36.96774193548387,24.016129032258064,False,,0.1,1.0,0.05,1.0,0.7,0.05,2.0
arm_0650,20261579,0.33,0,0.00277778,0.0277778,0.0,0.0,3.0,1168.1936935483873,23.363862903225808,420549.62903225806,0.0,0.0,19.370967741935484,17.032258064516128,False,,0.1,1.0,0.05,1.0,0.7,0.1,2.0
arm_0651,20261580,0.36,0,0.0023255800000000003,0.0232558,0.0,0.0,2.0,16272.119354838711,325.4425,6997013.064516129,0.0,0.0,244.98387096774192,188.91935483870967,True,,0.1,1.0,0.05,1.0,0.7,0.01,4.0
arm_0652,20261581,0.37,0,0.004584043870967742,0.04584043870967742,0.0,0.0,4.354838709677419,7989.686612903226,159.7938064516129,1750596.935483871,0.0,0.0,204.2258064516129,102.46774193548387,False,,0.1,1.0,0.05,1.0,0.7,0.05,4.0
arm_0653,20261582,0.38,0,0.005746405338709678,0.0571429,0.0,7.13674193548387e-05,6.032258064516129,7680.646612903226,153.6129193548387,1343489.2903225806,0.0,3584.2274193548387,230.6451612903226,108.87096774193549,False,,0.1,1.0,0.05,1.0,0.7,0.1,4.0
arm_0654,20261583,0.39,0,0.00505051,0.0505051,0.0,0.0,5.0,13114.420483870968,262.28835483870967,2596654.193548387,0.0,0.0,386.88709677419354,175.2741935483871,True,,0.1,1.0,0.05,1.0,0.7,0.01,8.0
arm_0655,20261584,0.37,0,0.0020826827419354837,0.020826827419354838,0.0,0.0,2.1451612903225805,2638.874838709677,52.7774806451613,1278574.0806451612,0.0,0.0,238.7258064516129,36.693548387096776,False,,0.1,1.0,0.05,1.0,0.7,0.05,8.0
arm_0656,20261585,0.35,0,0.0,0.0,0.0,0.0,0.0,0.0,0.0,0.0,0.0,0.0,92.5,0.0,False,,0.1,1.0,0.05,1.0,0.7,0.1,8.0
arm_0657,20261586,0.22,0,,,,,,,,,,,,,,no tail rows,0.1,1.0,0.1,1.0,0.7,0.01,2.0
arm_0658,20261587,0.2,0,,,,,,,,,,,,,,no tail rows,0.1,1.0,0.1,1.0,0.7,0.05,2.0
arm_0659,20261588,0.25,0,0.0,0.0,0.0,0.0,0.0,0.0,0.0,0.0,0.0,0.0,1.5384615384615385,0.0,False,,0.1,1.0,0.1,1.0,0.7,0.1,2.0
arm_0660,20261589,0.32,0,0.0,0.0,0.0,0.0,0.0,0.0,0.0,0.0,0.0,0.0,18.822580645161292,0.0,False,,0.1,1.0,0.1,1.0,0.7,0.01,4.0
arm_0661,20261590,0.3,0,0.00103093,0.0103093,0.0,0.0,1.0,102.23056451612902,2.044611290322581,99163.64677419356,0.0,0.0,18.612903225806452,1.3387096774193548,False,,0.1,1.0,0.1,1.0,0.7,0.05,4.0
arm_0662,20261591,0.31,0,0.0,0.0,0.0,0.0,0.0,0.0,0.0,0.0,0.0,0.0,20.20967741935484,0.0,False,,0.1,1.0,0.1,1.0,0.7,0.1,4.0
arm_0663,20261592,0.35,0,0.0,0.0,0.0,0.0,0.0,0.0,0.0,0.0,0.0,0.0,100.04838709677419,0.0,False,,0.1,1.0,0.1,1.0,0.7,0.01,8.0
arm_0664,20261593,0.36,0,0.0,0.0,0.0,0.0,0.0,0.0,0.0,0.0,0.0,0.0,96.33870967741936,0.0,False,,0.1,1.0,0.1,1.0,0.7,0.05,8.0
arm_0665,20261594,0.33,0,0.00046774193548387096,0.004677419354838709,0.0,0.0,0.46774193548387094,34.64756290322581,0.6929503225806452,34647.562903225815,0.0,0.0,79.62903225806451,0.46774193548387094,False,,0.1,1.0,0.1,1.0,0.7,0.1,8.0
arm_0666,20261595,0.24,0,0.0,0.0,0.0,0.0,0.0,0.0,0.0,0.0,0.0,0.0,0.9285714285714286,0.0,False,,0.1,1.0,0.15,1.0,0.7,0.01,2.0
arm_0667,20261596,0.21,0,,,,,,,,,,,,,,no tail rows,0.1,1.0,0.15,1.0,0.7,0.05,2.0
arm_0668,20261597,0.25,0,0.0,0.0,0.0,0.0,0.0,0.0,0.0,0.0,0.0,0.0,1.878787878787879,0.0,False,,0.1,1.0,0.15,1.0,0.7,0.1,2.0
arm_0669,20261598,0.3,0,0.0,0.0,0.0,0.0,0.0,0.0,0.0,0.0,0.0,0.0,11.129032258064516,0.0,False,,0.1,1.0,0.15,1.0,0.7,0.01,4.0
arm_0670,20261599,0.31,0,0.0,0.0,0.0,0.0,0.0,0.0,0.0,0.0,0.0,0.0,17.129032258064516,0.0,False,,0.1,1.0,0.15,1.0,0.7,0.05,4.0
arm_0671,20261600,0.32,0,0.0,0.0,0.0,0.0,0.0,0.0,0.0,0.0,0.0,0.0,21.129032258064516,0.0,False,,0.1,1.0,0.15,1.0,0.7,0.1,4.0
arm_0672,20261601,0.36,0,0.0,0.0,0.0,0.0,0.0,0.0,0.0,0.0,0.0,0.0,116.98387096774194,0.0,False,,0.1,1.0,0.15,1.0,0.7,0.01,8.0
arm_0673,20261602,0.36,0,0.0,0.0,0.0,0.0,0.0,0.0,0.0,0.0,0.0,0.0,119.7258064516129,0.0,False,,0.1,1.0,0.15,1.0,0.7,0.05,8.0
arm_0674,20261603,0.33,0,0.0,0.0,0.0,0.0,0.0,0.0,0.0,0.0,0.0,0.0,86.24193548387096,0.0,False,,0.1,1.0,0.15,1.0,0.7,0.1,8.0
arm_0675,20261604,0.23,0,0.0,0.0,0.0,0.0,0.0,0.0,0.0,0.0,0.0,0.0,2.111111111111111,0.0,False,,0.3,1.0,0.05,1.0,0.7,0.01,2.0
arm_0676,20261605,0.2,0,,,,,,,,,,,,,,no tail rows,0.3,1.0,0.05,1.0,0.7,0.05,2.0
arm_0677,20261606,0.18,0,,,,,,,,,,,,,,no tail rows,0.3,1.0,0.05,1.0,0.7,0.1,2.0
arm_0678,20261607,0.29,0,0.0,0.0,0.0,0.0,0.0,0.0,0.0,0.0,0.0,0.0,19.887096774193548,0.0,False,,0.3,1.0,0.05,1.0,0.7,0.01,4.0
arm_0679,20261608,0.28,0,0.0,0.0,0.0,0.0,0.0,0.0,0.0,0.0,0.0,0.0,14.0,0.0,False,,0.3,1.0,0.05,1.0,0.7,0.05,4.0
arm_0680,20261609,0.29,0,0.0,0.0,0.0,0.0,0.0,0.0,0.0,0.0,0.0,0.0,28.467741935483872,0.0,False,,0.3,1.0,0.05,1.0,0.7,0.1,4.0
arm_0681,20261610,0.31,0,0.0,0.0,0.0,0.0,0.0,0.0,0.0,0.0,0.0,0.0,104.04838709677419,0.0,False,,0.3,1.0,0.05,1.0,0.7,0.01,8.0
arm_0682,20261611,0.3,0,0.0,0.0,0.0,0.0,0.0,0.0,0.0,0.0,0.0,0.0,76.59677419354838,0.0,False,,0.3,1.0,0.05,1.0,0.7,0.05,8.0
arm_0683,20261612,0.33,0,0.0,0.0,0.0,0.0,0.0,0.0,0.0,0.0,0.0,0.0,95.29032258064517,0.0,False,,0.3,1.0,0.05,1.0,0.7,0.1,8.0
arm_0684,20261613,0.19,0,,,,,,,,,,,,,,no tail rows,0.3,1.0,0.1,1.0,0.7,0.01,2.0
arm_0685,20261614,0.16,0,,,,,,,,,,,,,,no tail rows,0.3,1.0,0.1,1.0,0.7,0.05,2.0
arm_0686,20261615,0.18,0,,,,,,,,,,,,,,no tail rows,0.3,1.0,0.1,1.0,0.7,0.1,2.0
arm_0687,20261616,0.29,0,0.0,0.0,0.0,0.0,0.0,0.0,0.0,0.0,0.0,0.0,10.516129032258064,0.0,False,,0.3,1.0,0.1,1.0,0.7,0.01,4.0
arm_0688,20261617,0.29,0,0.0,0.0,0.0,0.0,0.0,0.0,0.0,0.0,0.0,0.0,10.709677419354838,0.0,False,,0.3,1.0,0.1,1.0,0.7,0.05,4.0
arm_0689,20261618,0.28,0,0.0,0.0,0.0,0.0,0.0,0.0,0.0,0.0,0.0,0.0,12.241935483870968,0.0,False,,0.3,1.0,0.1,1.0,0.7,0.1,4.0
arm_0690,20261619,0.3,0,0.0,0.0,0.0,0.0,0.0,0.0,0.0,0.0,0.0,0.0,67.91935483870968,0.0,False,,0.3,1.0,0.1,1.0,0.7,0.01,8.0
arm_0691,20261620,0.33,0,0.0,0.0,0.0,0.0,0.0,0.0,0.0,0.0,0.0,0.0,119.87096774193549,0.0,False,,0.3,1.0,0.1,1.0,0.7,0.05,8.0
arm_0692,20261621,0.3,0,0.0,0.0,0.0,0.0,0.0,0.0,0.0,0.0,0.0,0.0,87.87096774193549,0.0,False,,0.3,1.0,0.1,1.0,0.7,0.1,8.0
arm_0693,20261622,0.18,0,,,,,,,,,,,,,,no tail rows,0.3,1.0,0.15,1.0,0.7,0.01,2.0
arm_0694,20261623,0.24,0,0.0,0.0,0.0,0.0,0.0,0.0,0.0,0.0,0.0,0.0,1.9047619047619047,0.0,False,,0.3,1.0,0.15,1.0,0.7,0.05,2.0
arm_0695,20261624,0.18,0,,,,,,,,,,,,,,no tail rows,0.3,1.0,0.15,1.0,0.7,0.1,2.0
arm_0696,20261625,0.28,0,0.0,0.0,0.0,0.0,0.0,0.0,0.0,0.0,0.0,0.0,5.564516129032258,0.0,False,,0.3,1.0,0.15,1.0,0.7,0.01,4.0
arm_0697,20261626,0.28,0,0.0,0.0,0.0,0.0,0.0,0.0,0.0,0.0,0.0,0.0,15.451612903225806,0.0,False,,0.3,1.0,0.15,1.0,0.7,0.05,4.0
arm_0698,20261627,0.27,0,0.0,0.0,0.0,0.0,0.0,0.0,0.0,0.0,0.0,0.0,7.724137931034483,0.0,False,,0.3,1.0,0.15,1.0,0.7,0.1,4.0
arm_0699,20261628,0.29,0,0.0,0.0,0.0,0.0,0.0,0.0,0.0,0.0,0.0,0.0,83.11290322580645,0.0,False,,0.3,1.0,0.15,1.0,0.7,0.01,8.0
arm_0700,20261629,0.31,0,0.0,0.0,0.0,0.0,0.0,0.0,0.0,0.0,0.0,0.0,103.8225806451613,0.0,False,,0.3,1.0,0.15,1.0,0.7,0.05,8.0
arm_0701,20261630,0.31,0,0.0,0.0,0.0,0.0,0.0,0.0,0.0,0.0,0.0,0.0,66.2258064516129,0.0,False,,0.3,1.0,0.15,1.0,0.7,0.1,8.0
arm_0702,20261631,0.15,0,,,,,,,,,,,,,,no tail rows,0.5,1.0,0.05,1.0,0.7,0.01,2.0
arm_0703,20261632,0.22,0,0.0,0.0,0.0,0.0,0.0,0.0,0.0,0.0,0.0,0.0,3.8095238095238093,0.0,False,,0.5,1.0,0.05,1.0,0.7,0.05,2.0
arm_0704,20261633,0.24,0,0.0,0.0,0.0,0.0,0.0,0.0,0.0,0.0,0.0,0.0,1.935483870967742,0.0,False,,0.5,1.0,0.05,1.0,0.7,0.1,2.0
arm_0705,20261634,0.27,0,0.0,0.0,0.0,0.0,0.0,0.0,0.0,0.0,0.0,0.0,19.838709677419356,0.0,False,,0.5,1.0,0.05,1.0,0.7,0.01,4.0
arm_0706,20261635,0.27,0,0.0,0.0,0.0,0.0,0.0,0.0,0.0,0.0,0.0,0.0,22.112903225806452,0.0,False,,0.5,1.0,0.05,1.0,0.7,0.05,4.0
arm_0707,20261636,0.27,0,0.0,0.0,0.0,0.0,0.0,0.0,0.0,0.0,0.0,0.0,11.274193548387096,0.0,False,,0.5,1.0,0.05,1.0,0.7,0.1,4.0
arm_0708,20261637,0.29,0,0.0,0.0,0.0,0.0,0.0,0.0,0.0,0.0,0.0,0.0,87.70967741935483,0.0,False,,0.5,1.0,0.05,1.0,0.7,0.01,8.0
arm_0709,20261638,0.29,0,0.0,0.0,0.0,0.0,0.0,0.0,0.0,0.0,0.0,0.0,85.2741935483871,0.0,False,,0.5,1.0,0.05,1.0,0.7,0.05,8.0
arm_0710,20261639,0.28,0,0.0,0.0,0.0,0.0,0.0,0.0,0.0,0.0,0.0,0.0,78.7258064516129,0.0,False,,0.5,1.0,0.05,1.0,0.7,0.1,8.0
arm_0711,20261640,0.25,0,0.0,0.0,0.0,0.0,0.0,0.0,0.0,0.0,0.0,0.0,2.5217391304347827,0.0,False,,0.5,1.0,0.1,1.0,0.7,0.01,2.0
arm_0712,20261641,0.17,0,,,,,,,,,,,,,,no tail rows,0.5,1.0,0.1,1.0,0.7,0.05,2.0
arm_0713,20261642,0.23,0,0.0,0.0,0.0,0.0,0.0,0.0,0.0,0.0,0.0,0.0,0.96,0.0,False,,0.5,1.0,0.1,1.0,0.7,0.1,2.0
arm_0714,20261643,0.27,0,0.0,0.0,0.0,0.0,0.0,0.0,0.0,0.0,0.0,0.0,13.370967741935484,0.0,False,,0.5,1.0,0.1,1.0,0.7,0.01,4.0
arm_0715,20261644,0.27,0,0.0,0.0,0.0,0.0,0.0,0.0,0.0,0.0,0.0,0.0,10.096774193548388,0.0,False,,0.5,1.0,0.1,1.0,0.7,0.05,4.0
arm_0716,20261645,0.26,0,0.0,0.0,0.0,0.0,0.0,0.0,0.0,0.0,0.0,0.0,11.096774193548388,0.0,False,,0.5,1.0,0.1,1.0,0.7,0.1,4.0
arm_0717,20261646,0.28,0,0.0,0.0,0.0,0.0,0.0,0.0,0.0,0.0,0.0,0.0,76.61290322580645,0.0,False,,0.5,1.0,0.1,1.0,0.7,0.01,8.0
arm_0718,20261647,0.29,0,0.0,0.0,0.0,0.0,0.0,0.0,0.0,0.0,0.0,0.0,92.0,0.0,False,,0.5,1.0,0.1,1.0,0.7,0.05,8.0
arm_0719,20261648,0.29,0,0.0,0.0,0.0,0.0,0.0,0.0,0.0,0.0,0.0,0.0,86.79032258064517,0.0,False,,0.5,1.0,0.1,1.0,0.7,0.1,8.0
arm_0720,20261649,0.19,0,,,,,,,,,,,,,,no tail rows,0.5,1.0,0.15,1.0,0.7,0.01,2.0
arm_0721,20261650,0.26,0,0.0,0.0,0.0,0.0,0.0,0.0,0.0,0.0,0.0,0.0,1.0,0.0,False,,0.5,1.0,0.15,1.0,0.7,0.05,2.0
arm_0722,20261651,0.21,0,0.0,0.0,0.0,0.0,0.0,0.0,0.0,0.0,0.0,0.0,4.8,0.0,False,,0.5,1.0,0.15,1.0,0.7,0.1,2.0
arm_0723,20261652,0.27,0,0.0,0.0,0.0,0.0,0.0,0.0,0.0,0.0,0.0,0.0,13.46774193548387,0.0,False,,0.5,1.0,0.15,1.0,0.7,0.01,4.0
arm_0724,20261653,0.27,0,0.0,0.0,0.0,0.0,0.0,0.0,0.0,0.0,0.0,0.0,9.016129032258064,0.0,False,,0.5,1.0,0.15,1.0,0.7,0.05,4.0
arm_0725,20261654,0.28,0,0.0,0.0,0.0,0.0,0.0,0.0,0.0,0.0,0.0,0.0,18.758064516129032,0.0,False,,0.5,1.0,0.15,1.0,0.7,0.1,4.0
arm_0726,20261655,0.29,0,0.0,0.0,0.0,0.0,0.0,0.0,0.0,0.0,0.0,0.0,89.06451612903226,0.0,False,,0.5,1.0,0.15,1.0,0.7,0.01,8.0
arm_0727,20261656,0.29,0,0.0,0.0,0.0,0.0,0.0,0.0,0.0,0.0,0.0,0.0,124.01612903225806,0.0,False,,0.5,1.0,0.15,1.0,0.7,0.05,8.0
arm_0728,20261657,0.28,0,0.0,0.0,0.0,0.0,0.0,0.0,0.0,0.0,0.0,0.0,71.41935483870968,0.0,False,,0.5,1.0,0.15,1.0,0.7,0.1,8.0
arm_0729,20261658,0.21,0,0.00462963,0.0462963,0.0,0.0,5.0,45953.4,919.067,9925930.0,0.0,0.0,4.870967741935484,670.0,True,,0.1,0.2,0.05,10.0,0.3,0.01,2.0
arm_0730,20261659,0.22,0,0.004038919112903226,0.038835,0.0003453758064516129,0.0,4.161290322580645,38630.716129032255,772.6143225806452,9944440.0,11947.435483870968,0.0,16.43548387096774,537.1612903225806,True,,0.1,0.2,0.05,10.0,0.3,0.05,2.0
arm_0731,20261660,0.2,0,0.004181572741935484,0.038835,0.0006623838709677419,0.0,4.32258064516129,40236.72258064517,804.7335806451614,10351900.0,38231.754838709676,0.0,4.612903225806452,559.516129032258,True,,0.1,0.2,0.05,10.0,0.3,0.1,2.0
arm_0732,20261661,0.24,0,0.007216490000000001,0.0721649,0.0,0.0,7.0,74685.0,1493.7,10349200.0,0.0,0.0,58.03225806451613,978.0,True,,0.1,0.2,0.05,10.0,0.3,0.01,4.0
arm_0733,20261662,0.24,0,0.005111485983870968,0.047619,0.0,0.0007768577419354839,5.338709677419355,48562.077419354835,971.2408870967741,10192600.0,0.0,25089.614516129033,38.87096774193548,688.3387096774194,True,,0.1,0.2,0.05,10.0,0.3,0.05,4.0
arm_0734,20261663,0.24,0,0.005901087967741936,0.0531915,0.0012931954838709678,0.0,5.580645161290323,53751.70161290323,1075.0362903225807,10088900.0,87216.18709677419,0.0,78.6774193548387,682.1774193548387,True,,0.1,0.2,0.05,10.0,0.3,0.1,4.0
arm_0735,20261664,0.29,0,0.006,0.06,0.0,0.0,6.0,58814.8,1176.3,9802470.0,0.0,0.0,154.98387096774192,794.0,True,,0.1,0.2,0.05,10.0,0.3,0.01,8.0
arm_0736,20261665,0.31,0,0.008185615000000002,0.0786517,0.0,0.0007121,7.32258064516129,79433.93870967742,1588.6770967741934,10095200.0,0.0,33452.7935483871,209.6451612903226,954.4516129032259,True,,0.1,0.2,0.05,10.0,0.3,0.05,8.0
arm_0737,20261666,0.26,0,0.00373832,0.0373832,0.0,0.0,4.0,38906.2,778.124,10407400.0,0.0,0.0,147.1451612903226,562.0,True,,0.1,0.2,0.05,10.0,0.3,0.1,8.0
arm_0738,20261667,0.23,0,0.0053862559677419364,0.051282100000000004,0.00047092064516129033,0.00010251483870967743,6.241935483870968,41632.216129032255,832.644,8114297.419354838,15531.662903225808,3584.230645161291,19.580645161290324,657.516129032258,True,,0.1,0.2,0.1,10.0,0.3,0.01,2.0
arm_0739,20261668,0.23,0,0.0032805149032258066,0.0288462,0.0008797664516129032,0.0,3.3870967741935485,29445.303225806452,588.9054516129032,10197500.0,28673.845161290326,0.0,4.387096774193548,413.38709677419354,True,,0.1,0.2,0.1,10.0,0.3,0.05,2.0
arm_0740,20261669,0.23,0,0.006451610000000001,0.0645161,0.0,0.0,6.0,59847.63225806452,1196.956451612903,9276379.193548387,0.0,0.0,71.03225806451613,751.3870967741935,True,,0.1,0.2,0.1,10.0,0.3,0.1,2.0
arm_0741,20261670,0.26,0,0.00473797156451613,0.040404,0.0015501590322580644,0.0,4.67741935483871,41666.422580645165,833.3277903225805,10296300.0,63321.375806451615,0.0,74.70967741935483,556.8548387096774,True,,0.1,0.2,0.1,10.0,0.3,0.01,4.0
arm_0742,20261671,0.23,0,0.0043010800000000005,0.0430108,0.0,0.0,4.0,40086.850000000006,801.7368064516129,9320189.838709677,0.0,0.0,74.91935483870968,503.2903225806452,True,,0.1,0.2,0.1,10.0,0.3,0.05,4.0
arm_0743,20261672,0.25,0,0.004953165120967743,0.0409836,0.0018995669354838708,0.0,5.887096774193548,34005.84354838709,680.1169677419355,8269057.096774193,120668.96774193548,0.0,96.48387096774194,559.7903225806451,True,,0.1,0.2,0.1,10.0,0.3,0.1,4.0
arm_0744,20261673,0.29,0,0.00192308,0.0192308,0.0,0.0,2.0,17094.0,341.88,8888890.0,0.0,0.0,206.8548387096774,240.0,True,,0.1,0.2,0.1,10.0,0.3,0.01,8.0
arm_0745,20261674,0.3,0,0.00722892,0.0722892,0.0,0.0,6.0,71039.7,1420.79,9827160.0,0.0,0.0,266.01612903225805,796.0,True,,0.1,0.2,0.1,10.0,0.3,0.05,8.0
arm_0746,20261675,0.28,0,0.0025423700000000004,0.0254237,0.0,0.0,3.0,15064.887096774193,301.29785483870967,5925530.645161291,0.0,0.0,129.88709677419354,239.98387096774192,True,,0.1,0.2,0.1,10.0,0.3,0.1,8.0
arm_0747,20261676,0.22,0,0.00401610795967742,0.0363636,0.0002465140322580645,0.0005973703225806452,4.370967741935484,32213.42258064516,644.2685483870968,8850954.516129032,8363.204838709678,19115.89677419355,111.09677419354838,478.3225806451613,True,,0.1,0.2,0.15,10.0,0.3,0.01,2.0
arm_0748,20261677,0.22,0,0.0030169116935483873,0.0265487,0.0,0.0008045370967741935,3.338709677419355,13549.66935483871,270.9935322580645,5065711.451612903,0.0,94384.61774193548,63.61290322580645,206.43548387096774,True,,0.1,0.2,0.15,10.0,0.3,0.05,2.0
arm_0749,20261678,0.25,0,0.008988433935483871,0.075,0.00240385,0.0009037809677419355,10.419354838709678,37292.98225806451,745.8598064516128,4931368.225806451,192353.46451612905,51373.903225806454,179.3709677419355,603.1451612903226,True,,0.1,0.2,0.15,10.0,0.3,0.1,2.0
arm_0750,20261679,0.23,0,0.0032967000000000005,0.032967,0.0,0.0,3.0,27307.07419354839,546.1422096774194,8283155.9677419355,0.0,0.0,140.61290322580646,335.46774193548384,True,,0.1,0.2,0.15,10.0,0.3,0.01,4.0
arm_0751,20261680,0.28,0,0.00530973,0.0530973,0.0,0.0,6.0,41110.791935483874,822.2158709677419,7742533.548387097,0.0,0.0,289.06451612903226,627.1451612903226,True,,0.1,0.2,0.15,10.0,0.3,0.05,4.0
arm_0752,20261681,0.24,0,0.0022546331290322578,0.0117647,0.0007793438709677419,0.001616574193548387,2.0806451612903225,9592.519193548387,191.85032258064518,8074070.0,39426.50483870968,54958.19677419355,48.62903225806452,110.2741935483871,False,,0.1,0.2,0.15,10.0,0.3,0.1,4.0
arm_0753,20261682,0.3,0,0.005882350000000001,0.0588235,0.0,0.0,6.0,43086.88870967742,861.7377741935484,7324770.483870967,0.0,0.0,402.11290322580646,593.3064516129032,True,,0.1,0.2,0.15,10.0,0.3,0.01,8.0
arm_0754,20261683,0.31,0,0.005617980000000001,0.0561798,0.0,0.0,5.0,51592.78064516129,1031.8543548387097,9183509.032258065,0.0,0.0,433.51612903225805,619.8870967741935,True,,0.1,0.2,0.15,10.0,0.3,0.05,8.0
arm_0755,20261684,0.33,0,0.008103865798387096,0.0581395,0.004310059032258065,0.0007786427419354838,7.403225806451613,40589.2,811.7839516129033,6897491.612903226,225607.19032258066,39426.49838709677,562.0967741935484,472.53225806451616,True,,0.1,0.2,0.15,10.0,0.3,0.1,8.0
arm_0756,20261685,0.19,0,0.0018867900000000002,0.0188679,0.0,0.0,2.0,12824.329032258065,256.4865483870968,6796893.548387097,0.0,0.0,19.548387096774192,183.51612903225808,True,,0.3,0.2,0.05,10.0,0.3,0.01,2.0
arm_0757,20261686,0.19,0,0.00123457,0.0123457,0.0,0.0,1.0,3557.679193548387,71.15350483870968,2881721.290322581,0.0,0.0,16.483870967741936,38.903225806451616,False,,0.3,0.2,0.05,10.0,0.3,0.05,2.0
arm_0758,20261687,0.2,0,0.00227273,0.0227273,0.0,0.0,2.0,16981.635483870967,339.6328548387097,7471923.870967742,0.0,0.0,23.483870967741936,201.74193548387098,True,,0.3,0.2,0.05,10.0,0.3,0.1,2.0
arm_0759,20261688,0.21,0,0.0024096400000000002,0.0240964,0.0,0.0,2.0,11124.07,222.4813064516129,4616487.419354838,0.0,0.0,70.85483870967742,124.64516129032258,True,,0.3,0.2,0.05,10.0,0.3,0.01,4.0
arm_0760,20261689,0.24,0,0.00689655,0.0689655,0.0,0.0,6.0,51504.42580645161,1030.0887903225805,7468140.161290322,0.0,0.0,142.09677419354838,604.9193548387096,True,,0.3,0.2,0.05,10.0,0.3,0.05,4.0
arm_0761,20261690,0.22,0,0.00326087,0.0326087,0.0,0.0,3.0,33896.9,677.939,10395100.0,0.0,0.0,27.79032258064516,421.0,True,,0.3,0.2,0.05,10.0,0.3,0.1,4.0
arm_0762,20261691,0.25,0,0.005997752935483871,0.0555556,0.0,0.0009826509677419355,5.467741935483871,52856.8870967742,1057.1379516129032,9480285.64516129,0.0,199522.14677419353,392.258064516129,642.6129032258065,True,,0.3,0.2,0.05,10.0,0.3,0.01,8.0
arm_0763,20261692,0.24,0,0.0036036,0.036036,0.0,0.0,4.0,33319.337096774194,666.3868548387097,9246116.774193548,0.0,0.0,264.5806451612903,499.2903225806452,True,,0.3,0.2,0.05,10.0,0.3,0.05,8.0
arm_0764,20261693,0.24,0,0.003935940677419356,0.0384615,0.0001995348387096774,0.0,3.096774193548387,33032.106451612904,660.6422096774194,8586618.387096774,7168.461290322582,0.0,245.66129032258064,347.85483870967744,True,,0.3,0.2,0.05,10.0,0.3,0.1,8.0
arm_0765,20261694,0.19,0,0.0010101,0.010101,0.0,0.0,1.0,854.4226129032257,17.088441612903225,845878.9193548387,0.0,0.0,10.612903225806452,11.419354838709678,False,,0.3,0.2,0.1,10.0,0.3,0.01,2.0
arm_0766,20261695,0.17,0,0.0,0.0,0.0,0.0,0.0,0.0,0.0,0.0,0.0,0.0,1.6046511627906976,0.0,False,,0.3,0.2,0.1,10.0,0.3,0.05,2.0
arm_0767,20261696,0.2,0,0.0016806700000000002,0.0168067,0.0,0.0,2.0,2411.5732741935485,48.23148709677419,1434886.1935483871,0.0,0.0,44.08064516129032,38.74193548387097,False,,0.3,0.2,0.1,10.0,0.3,0.1,2.0
arm_0768,20261697,0.22,0,0.00222222,0.0222222,0.0,0.0,2.0,2009.8229032258066,40.19646612903225,904420.8870967742,0.0,0.0,110.35483870967742,24.419354838709676,False,,0.3,0.2,0.1,10.0,0.3,0.01,4.0
arm_0769,20261698,0.23,0,0.0009259260000000001,0.00925926,0.0,0.0,1.0,300.89828870967744,6.0179619354838705,324970.0467741935,0.0,0.0,59.08064516129032,4.387096774193548,False,,0.3,0.2,0.1,10.0,0.3,0.05,4.0
arm_0770,20261699,0.24,0,0.0034201033064516135,0.03319761290322581,0.00022298225806451614,0.0,3.5161290322580645,1028.1838387096775,20.563683387096777,303922.79032258067,7168.461290322582,0.0,97.30645161290323,14.290322580645162,False,,0.3,0.2,0.1,10.0,0.3,0.1,4.0
arm_0771,20261700,0.26,0,0.000884956,0.00884956,0.0,0.0,1.0,191.37041129032258,3.8274104838709677,216248.4758064516,0.0,0.0,122.85483870967742,2.9193548387096775,False,,0.3,0.2,0.1,10.0,0.3,0.01,8.0
arm_0772,20261701,0.26,0,0.0,0.0,0.0,0.0,0.0,0.0,0.0,0.0,0.0,0.0,153.06451612903226,0.0,False,,0.3,0.2,0.1,10.0,0.3,0.05,8.0
arm_0773,20261702,0.29,0,0.0018181800000000002,0.0181818,0.0,0.0,2.0,12962.972580645162,259.2591935483871,7129628.548387097,0.0,0.0,293.03225806451616,192.5,True,,0.3,0.2,0.1,10.0,0.3,0.1,8.0
arm_0774,20261703,0.24,0,0.0,0.0,0.0,0.0,0.0,0.0,0.0,0.0,0.0,0.0,4.25,0.0,False,,0.3,0.2,0.15,10.0,0.3,0.01,2.0
arm_0775,20261704,0.25,0,0.0,0.0,0.0,0.0,0.0,0.0,0.0,0.0,0.0,0.0,2.0,0.0,False,,0.3,0.2,0.15,10.0,0.3,0.05,2.0
arm_0776,20261705,0.14,0,0.00026113672580645164,0.0026113672580645162,0.0,0.0,0.27419354838709675,59.1682,1.1833641935483872,62126.58387096775,0.0,0.0,3.403225806451613,0.8387096774193549,False,,0.3,0.2,0.15,10.0,0.3,0.1,2.0
arm_0777,20261706,0.25,0,0.0,0.0,0.0,0.0,0.0,0.0,0.0,0.0,0.0,0.0,12.03225806451613,0.0,False,,0.3,0.2,0.15,10.0,0.3,0.01,4.0
arm_0778,20261707,0.18,0,0.0,0.0,0.0,0.0,0.0,0.0,0.0,0.0,0.0,0.0,17.322580645161292,0.0,False,,0.3,0.2,0.15,10.0,0.3,0.05,4.0
arm_0779,20261708,0.23,0,0.0,0.0,0.0,0.0,0.0,0.0,0.0,0.0,0.0,0.0,22.387096774193548,0.0,False,,0.3,0.2,0.15,10.0,0.3,0.1,4.0
arm_0780,20261709,0.26,0,0.0,0.0,0.0,0.0,0.0,0.0,0.0,0.0,0.0,0.0,143.6451612903226,0.0,False,,0.3,0.2,0.15,10.0,0.3,0.01,8.0
arm_0781,20261710,0.26,0,0.0,0.0,0.0,0.0,0.0,0.0,0.0,0.0,0.0,0.0,112.75806451612904,0.0,False,,0.3,0.2,0.15,10.0,0.3,0.05,8.0
arm_0782,20261711,0.26,0,0.00038284258064516134,0.0,0.0008507612903225808,0.0,0.3870967741935484,69.71517096774194,1.3943038709677418,0.0,70489.78387096773,0.0,114.09677419354838,0.9516129032258065,False,,0.3,0.2,0.15,10.0,0.3,0.1,8.0
arm_0783,20261712,0.19,0,0.0020833299999999996,0.020833299999999996,0.0,0.0,2.0,13357.467741935483,267.1495967741936,6411589.354838709,0.0,0.0,23.096774193548388,173.11290322580646,True,,0.5,0.2,0.05,10.0,0.3,0.01,2.0
arm_0784,20261713,0.21,0,0.005208330000000001,0.0520833,0.0,0.0,5.0,14940.51129032258,298.8102096774194,2868578.5483870967,0.0,0.0,97.95161290322581,193.6290322580645,True,,0.5,0.2,0.05,10.0,0.3,0.05,2.0
arm_0785,20261714,0.19,0,0.0011494300000000001,0.0114943,0.0,0.0,1.0,113.98123225806452,2.279623064516129,99163.65967741936,0.0,0.0,3.7096774193548385,1.3387096774193548,False,,0.5,0.2,0.05,10.0,0.3,0.1,2.0
arm_0786,20261715,0.2,0,0.0009523804838709679,0.009523804838709678,0.0,0.0,1.0,335.6658177419355,6.713319516129031,228793.22741935484,0.0,0.0,53.41935483870968,4.758064516129032,False,,0.5,0.2,0.05,10.0,0.3,0.01,4.0
arm_0787,20261716,0.2,0,0.0012240562016129033,0.010101,0.0004754582258064516,0.0,1.2096774193548387,9667.927419354839,193.35882258064515,9555560.0,15531.666129032259,0.0,27.838709677419356,129.20967741935485,False,,0.5,0.2,0.05,10.0,0.3,0.05,4.0
arm_0788,20261717,0.21,0,0.002741935483870968,0.027419354838709678,0.0,0.0,2.7419354838709675,13142.18064516129,262.8435,4955196.612903226,0.0,0.0,165.88709677419354,177.41935483870967,True,,0.5,0.2,0.05,10.0,0.3,0.1,4.0
arm_0789,20261718,0.23,0,0.002,0.02,0.0,0.0,2.0,2951.0153225806453,59.020317741935486,1475508.2419354839,0.0,0.0,144.82258064516128,39.83870967741935,False,,0.5,0.2,0.05,10.0,0.3,0.01,8.0
arm_0790,20261719,0.26,0,0.0026227251612903225,0.026227251612903225,0.0,0.0,3.0161290322580645,10391.14935483871,207.822935483871,3966546.935483871,0.0,0.0,344.4516129032258,161.32258064516128,True,,0.5,0.2,0.05,10.0,0.3,0.05,8.0
arm_0791,20261720,0.24,0,0.0,0.0,0.0,0.0,0.0,0.0,0.0,0.0,0.0,0.0,128.1290322580645,0.0,False,,0.5,0.2,0.05,10.0,0.3,0.1,8.0
arm_0792,20261721,0.2,0,0.0,0.0,0.0,0.0,0.0,0.0,0.0,0.0,0.0,0.0,0.9814814814814815,0.0,False,,0.5,0.2,0.1,10.0,0.3,0.01,2.0
arm_0793,20261722,0.15,0,,,,,,,,,,,,,,no tail rows,0.5,0.2,0.1,10.0,0.3,0.05,2.0
arm_0794,20261723,0.13,0,,,,,,,,,,,,,,no tail rows,0.5,0.2,0.1,10.0,0.3,0.1,2.0
arm_0795,20261724,0.2,0,0.0,0.0,0.0,0.0,0.0,0.0,0.0,0.0,0.0,0.0,24.93548387096774,0.0,False,,0.5,0.2,0.1,10.0,0.3,0.01,4.0
arm_0796,20261725,0.18,0,0.0,0.0,0.0,0.0,0.0,0.0,0.0,0.0,0.0,0.0,14.32258064516129,0.0,False,,0.5,0.2,0.1,10.0,0.3,0.05,4.0
arm_0797,20261726,0.19,0,0.0,0.0,0.0,0.0,0.0,0.0,0.0,0.0,0.0,0.0,11.258064516129032,0.0,False,,0.5,0.2,0.1,10.0,0.3,0.1,4.0
arm_0798,20261727,0.22,0,0.0,0.0,0.0,0.0,0.0,0.0,0.0,0.0,0.0,0.0,114.8225806451613,0.0,False,,0.5,0.2,0.1,10.0,0.3,0.01,8.0
arm_0799,20261728,0.24,0,0.0,0.0,0.0,0.0,0.0,0.0,0.0,0.0,0.0,0.0,116.3225806451613,0.0,False,,0.5,0.2,0.1,10.0,0.3,0.05,8.0
arm_0800,20261729,0.21,0,0.0,0.0,0.0,0.0,0.0,0.0,0.0,0.0,0.0,0.0,95.14516129032258,0.0,False,,0.5,0.2,0.1,10.0,0.3,0.1,8.0
arm_0801,20261730,0.23,0,0.0,0.0,0.0,0.0,0.0,0.0,0.0,0.0,0.0,0.0,6.274193548387097,0.0,False,,0.5,0.2,0.15,10.0,0.3,0.01,2.0
arm_0802,20261731,0.2,0,0.0,0.0,0.0,0.0,0.0,0.0,0.0,0.0,0.0,0.0,5.8,0.0,False,,0.5,0.2,0.15,10.0,0.3,0.05,2.0
arm_0803,20261732,0.19,0,0.0,0.0,0.0,0.0,0.0,0.0,0.0,0.0,0.0,0.0,0.9090909090909091,0.0,False,,0.5,0.2,0.15,10.0,0.3,0.1,2.0
arm_0804,20261733,0.25,0,0.0,0.0,0.0,0.0,0.0,0.0,0.0,0.0,0.0,0.0,10.064516129032258,0.0,False,,0.5,0.2,0.15,10.0,0.3,0.01,4.0
arm_0805,20261734,0.19,0,0.0,0.0,0.0,0.0,0.0,0.0,0.0,0.0,0.0,0.0,30.225806451612904,0.0,False,,0.5,0.2,0.15,10.0,0.3,0.05,4.0
arm_0806,20261735,0.25,0,0.0,0.0,0.0,0.0,0.0,0.0,0.0,0.0,0.0,0.0,17.338709677419356,0.0,False,,0.5,0.2,0.15,10.0,0.3,0.1,4.0
arm_0807,20261736,0.23,0,0.0,0.0,0.0,0.0,0.0,0.0,0.0,0.0,0.0,0.0,82.16129032258064,0.0,False,,0.5,0.2,0.15,10.0,0.3,0.01,8.0
arm_0808,20261737,0.24,0,0.0,0.0,0.0,0.0,0.0,0.0,0.0,0.0,0.0,0.0,95.03225806451613,0.0,False,,0.5,0.2,0.15,10.0,0.3,0.05,8.0
arm_0809,20261738,0.16,0,0.0,0.0,0.0,0.0,0.0,0.0,0.0,0.0,0.0,0.0,106.75806451612904,0.0,False,,0.5,0.2,0.15,10.0,0.3,0.1,8.0
arm_0810,20261739,0.19,0,0.00480769,0.0480769,0.0,0.0,5.0,48646.7,972.934,10118500.0,0.0,0.0,1.6935483870967742,683.0,True,,0.1,0.2,0.05,10.0,0.5,0.01,2.0
arm_0811,20261740,0.2,0,0.006382980000000001,0.0638298,0.0,0.0,6.0,65957.4,1319.15,10333300.0,0.0,0.0,0.8870967741935484,837.0,True,,0.1,0.2,0.05,10.0,0.5,0.05,2.0
arm_0812,20261741,0.21,0,0.0066666699999999995,0.0666667,0.0,0.0,6.0,69135.8,1382.72,10370400.0,0.0,0.0,3.870967741935484,840.0,True,,0.1,0.2,0.05,10.0,0.5,0.1,2.0
arm_0813,20261742,0.22,0,0.0031914900000000004,0.0319149,0.0,0.0,3.0,32545.3,650.906,10197500.0,0.0,0.0,19.080645161290324,413.0,True,,0.1,0.2,0.05,10.0,0.5,0.01,4.0
arm_0814,20261743,0.25,0,0.0056603800000000004,0.0566038,0.0,0.0,6.0,50743.88870967742,1014.8779193548388,8964754.838709677,0.0,0.0,45.274193548387096,726.1451612903226,True,,0.1,0.2,0.05,10.0,0.5,0.05,4.0
arm_0815,20261744,0.23,0,0.00309278,0.0309278,0.0,0.0,3.0,32531.5,650.63,10518500.0,0.0,0.0,27.112903225806452,426.0,True,,0.1,0.2,0.05,10.0,0.5,0.1,4.0
arm_0816,20261745,0.27,0,0.0060950394758064515,0.0583333,0.0005815766129032258,0.0,7.241935483870968,59093.47903225806,1181.8670967741934,10127000.0,17921.15322580645,0.0,198.6451612903226,957.241935483871,True,,0.1,0.2,0.05,10.0,0.5,0.01,8.0
arm_0817,20261746,0.32,0,0.007977268798387097,0.0769231,0.0006332417741935485,0.0,9.274193548387096,73277.08064516129,1465.5416129032258,9522630.0,25089.601612903225,0.0,247.80645161290323,1157.3387096774193,True,,0.1,0.2,0.05,10.0,0.5,0.05,8.0
arm_0818,20261747,0.31,0,0.006382980000000001,0.0638298,0.0,0.0,6.0,61623.3,1232.47,9654320.0,0.0,0.0,216.8709677419355,782.0,True,,0.1,0.2,0.05,10.0,0.5,0.1,8.0
arm_0819,20261748,0.21,0,0.00222222,0.0222222,0.0,0.0,2.0,21563.8,431.276,9703700.0,0.0,0.0,2.7903225806451615,262.0,True,,0.1,0.2,0.1,10.0,0.5,0.01,2.0
arm_0820,20261749,0.21,0,0.008256880000000001,0.08256880000000001,0.0,0.0,9.0,78967.0,1579.34,9563790.0,0.0,0.0,60.03225806451613,1162.0,True,,0.1,0.2,0.1,10.0,0.5,0.05,2.0
arm_0821,20261750,0.22,0,0.00454545,0.0454545,0.0,0.0,5.0,45858.6,917.172,10088900.0,0.0,0.0,11.435483870967742,681.0,True,,0.1,0.2,0.1,10.0,0.5,0.1,2.0
arm_0822,20261751,0.27,0,0.008602150000000001,0.0860215,0.0,0.0,8.0,77391.09193548387,1547.8227419354837,8996714.838709677,0.0,0.0,204.7741935483871,971.6451612903226,True,,0.1,0.2,0.1,10.0,0.5,0.01,4.0
arm_0823,20261752,0.22,0,0.00408163,0.0408163,0.0,0.0,4.0,38775.5,775.51,9500000.0,0.0,0.0,41.774193548387096,513.0,True,,0.1,0.2,0.1,10.0,0.5,0.05,4.0
arm_0824,20261753,0.24,0,0.00285714,0.0285714,0.0,0.0,3.0,29982.4,599.647,10493800.0,0.0,0.0,46.66129032258065,425.0,True,,0.1,0.2,0.1,10.0,0.5,0.1,4.0
arm_0825,20261754,0.27,0,0.0045977,0.045977,0.0,0.0,4.0,45977.0,919.54,10000000.0,0.0,0.0,193.74193548387098,540.0,True,,0.1,0.2,0.1,10.0,0.5,0.01,8.0
arm_0826,20261755,0.31,0,0.00701754,0.0701754,0.0,0.0,8.0,70110.5,1402.21,9990740.0,0.0,0.0,295.9193548387097,1079.0,True,,0.1,0.2,0.1,10.0,0.5,0.05,8.0
arm_0827,20261756,0.29,0,0.0040102265403225805,0.039604,0.0,0.00011072564516129031,4.048387096774194,38638.83064516129,772.7766935483871,9755377.258064516,0.0,3584.230645161291,195.6290322580645,526.8387096774194,True,,0.1,0.2,0.1,10.0,0.5,0.1,8.0
arm_0828,20261757,0.21,0,0.00471698,0.0471698,0.0,0.0,5.0,42083.13225806452,841.6627903225807,8921624.35483871,0.0,0.0,41.354838709677416,602.2096774193549,True,,0.1,0.2,0.15,10.0,0.5,0.01,2.0
arm_0829,20261758,0.22,0,0.00357143,0.0357143,0.0,0.0,4.0,29776.845161290323,595.5367580645162,8337515.161290322,0.0,0.0,149.8709677419355,450.2258064516129,True,,0.1,0.2,0.15,10.0,0.5,0.05,2.0
arm_0830,20261759,0.23,0,0.004200833951612904,0.034188,0.0014313629032258065,0.00030649032258064517,4.790322580645161,26701.325806451612,534.0266451612904,7738052.580645162,242532.85483870967,9557.948387096774,97.35483870967742,421.258064516129,True,,0.1,0.2,0.15,10.0,0.5,0.1,2.0
arm_0831,20261760,0.26,0,0.00625,0.0625,0.0,0.0,6.0,43573.27419354839,871.4656129032259,6971724.354838709,0.0,0.0,247.09677419354838,564.7096774193549,True,,0.1,0.2,0.15,10.0,0.5,0.01,4.0
arm_0832,20261761,0.29,0,0.00425532,0.0425532,0.0,0.0,4.0,38103.39838709678,762.0682903225808,8954302.741935484,0.0,0.0,209.70967741935485,483.53225806451616,True,,0.1,0.2,0.15,10.0,0.5,0.05,4.0
arm_0833,20261762,0.31,0,0.007547170000000001,0.0754717,0.0,0.0,8.0,57086.179032258064,1141.7231612903224,7563919.193548387,0.0,0.0,276.53225806451616,816.9032258064516,True,,0.1,0.2,0.15,10.0,0.5,0.1,4.0
arm_0834,20261763,0.36,0,0.008080809999999999,0.0808081,0.0,0.0,8.0,39439.801612903226,788.795935483871,4880675.483870967,0.0,0.0,631.5645161290323,527.1129032258065,True,,0.1,0.2,0.15,10.0,0.5,0.01,8.0
arm_0835,20261764,0.32,0,0.00594059,0.0594059,0.0,0.0,6.0,46010.62580645161,920.2123548387096,7745121.451612903,0.0,0.0,622.2258064516129,627.3548387096774,True,,0.1,0.2,0.15,10.0,0.5,0.05,8.0
arm_0836,20261765,0.34,0,0.005256460887096775,0.045045,0.001671024193548387,0.0,5.741935483870968,34978.12741935484,699.5624516129033,7749820.483870967,68100.34677419355,0.0,472.1774193548387,524.0322580645161,True,,0.1,0.2,0.15,10.0,0.5,0.1,8.0
arm_0837,20261766,0.2,0,0.00294118,0.0294118,0.0,0.0,3.0,23449.76451612903,468.99535483870966,7972917.096774193,0.0,0.0,45.435483870967744,322.9032258064516,True,,0.3,0.2,0.05,10.0,0.5,0.01,2.0
arm_0838,20261767,0.19,0,0.0028183319354838712,0.028183319354838712,0.0,0.0,2.6774193548387095,22385.712903225805,447.71429032258067,8199909.0322580645,0.0,0.0,26.79032258064516,287.0967741935484,True,,0.3,0.2,0.05,10.0,0.5,0.05,2.0
arm_0839,20261768,0.2,0,0.0046729,0.046729,0.0,0.0,5.0,31657.343548387096,633.1468387096774,6774671.612903226,0.0,0.0,111.2258064516129,457.2903225806452,True,,0.3,0.2,0.05,10.0,0.5,0.1,2.0
arm_0840,20261769,0.21,0,0.0020202,0.020202,0.0,0.0,2.0,13335.256451612904,266.70529032258065,6600956.129032258,0.0,0.0,75.66129032258064,178.2258064516129,True,,0.3,0.2,0.05,10.0,0.5,0.01,4.0
arm_0841,20261770,0.23,0,0.00761905,0.0761905,0.0,0.0,8.0,36540.93387096774,730.8186774193549,4795997.096774193,0.0,0.0,233.33870967741936,517.9677419354839,True,,0.3,0.2,0.05,10.0,0.5,0.05,4.0
arm_0842,20261771,0.22,0,0.008080809999999999,0.0808081,0.0,0.0,8.0,57405.59516129032,1148.1125806451612,7103941.935483871,0.0,0.0,258.3709677419355,767.2258064516129,True,,0.3,0.2,0.05,10.0,0.5,0.1,4.0
arm_0843,20261772,0.23,0,0.00392157,0.0392157,0.0,0.0,4.0,39691.217741935485,793.8244516129032,10121261.935483871,0.0,0.0,155.98387096774192,546.5483870967741,True,,0.3,0.2,0.05,10.0,0.5,0.01,8.0
arm_0844,20261773,0.29,0,0.0043956,0.043956,0.0,0.0,4.0,40873.30322580645,817.467064516129,9298686.290322581,0.0,0.0,386.2258064516129,502.1290322580645,True,,0.3,0.2,0.05,10.0,0.5,0.05,8.0
arm_0845,20261774,0.22,0,0.0025556697822580647,0.0222222,0.0005259459677419354,0.00021505354838709676,2.338709677419355,14730.438709677419,294.608935483871,6594383.870967742,64516.11612903226,13142.162903225806,161.46774193548387,179.09677419354838,True,,0.3,0.2,0.05,10.0,0.5,0.1,8.0
arm_0846,20261775,0.19,0,0.00315789,0.0315789,0.0,0.0,3.0,3039.6777419354835,60.79356129032258,962565.5161290322,0.0,0.0,29.983870967741936,38.983870967741936,False,,0.3,0.2,0.1,10.0,0.5,0.01,2.0
arm_0847,20261776,0.19,0,0.000856856935483871,0.008568569354838709,0.0,0.0,0.8225806451612904,352.20025806451616,7.04401064516129,313022.6193548387,0.0,0.0,21.274193548387096,4.564516129032258,False,,0.3,0.2,0.1,10.0,0.5,0.05,2.0
arm_0848,20261777,0.2,0,0.004889111612903226,0.048891116129032255,0.0,0.0,4.693548387096774,4617.184516129032,92.3437129032258,939426.8709677419,0.0,0.0,57.25806451612903,59.83870967741935,False,,0.3,0.2,0.1,10.0,0.5,0.1,2.0
arm_0849,20261778,0.21,0,0.00104167,0.0104167,0.0,0.0,1.0,301.17451612903227,6.023497580645161,289127.5709677419,0.0,0.0,37.225806451612904,3.903225806451613,False,,0.3,0.2,0.1,10.0,0.5,0.01,4.0
arm_0850,20261779,0.21,0,0.0021739100000000003,0.0217391,0.0,0.0,2.0,3368.656935483871,67.3731193548387,1549582.4193548388,0.0,0.0,74.04838709677419,41.83870967741935,False,,0.3,0.2,0.1,10.0,0.5,0.05,4.0
arm_0851,20261780,0.21,0,0.0012969764516129034,0.012969764516129032,0.0,0.0,1.2580645161290323,954.563064516129,19.09125,780167.5645161291,0.0,0.0,55.225806451612904,12.5,False,,0.3,0.2,0.1,10.0,0.5,0.1,4.0
arm_0852,20261781,0.24,0,2.9061322580645164e-05,0.0002906132258064516,0.0,0.0,0.03225806451612903,2.152690322580645,0.043053870967741936,2389.4870967741936,0.0,0.0,138.96774193548387,0.03225806451612903,False,,0.3,0.2,0.1,10.0,0.5,0.01,8.0
arm_0853,20261782,0.23,0,0.00104167,0.0104167,0.0,0.0,1.0,2143.0693548387094,42.86140645161291,2057347.5806451612,0.0,0.0,281.0483870967742,27.774193548387096,False,,0.3,0.2,0.1,10.0,0.5,0.05,8.0
arm_0854,20261783,0.26,0,0.0033916209677419353,0.03391620967741935,0.0,0.0,3.629032258064516,6269.609838709677,125.39222741935484,1931281.935483871,0.0,0.0,335.88709677419354,90.56451612903226,False,,0.3,0.2,0.1,10.0,0.5,0.1,8.0
arm_0855,20261784,0.17,0,0.0,0.0,0.0,0.0,0.0,0.0,0.0,0.0,0.0,0.0,1.5,0.0,False,,0.3,0.2,0.15,10.0,0.5,0.01,2.0
arm_0856,20261785,0.15,0,0.0,0.0,0.0,0.0,0.0,0.0,0.0,0.0,0.0,0.0,0.8571428571428571,0.0,False,,0.3,0.2,0.15,10.0,0.5,0.05,2.0
arm_0857,20261786,0.18,0,0.0,0.0,0.0,0.0,0.0,0.0,0.0,0.0,0.0,0.0,2.5306122448979593,0.0,False,,0.3,0.2,0.15,10.0,0.5,0.1,2.0
arm_0858,20261787,0.22,0,0.0,0.0,0.0,0.0,0.0,0.0,0.0,0.0,0.0,0.0,29.838709677419356,0.0,False,,0.3,0.2,0.15,10.0,0.5,0.01,4.0
arm_0859,20261788,0.21,0,0.0,0.0,0.0,0.0,0.0,0.0,0.0,0.0,0.0,0.0,23.56451612903226,0.0,False,,0.3,0.2,0.15,10.0,0.5,0.05,4.0
arm_0860,20261789,0.2,0,0.0,0.0,0.0,0.0,0.0,0.0,0.0,0.0,0.0,0.0,15.258064516129032,0.0,False,,0.3,0.2,0.15,10.0,0.5,0.1,4.0
arm_0861,20261790,0.23,0,0.0,0.0,0.0,0.0,0.0,0.0,0.0,0.0,0.0,0.0,85.98387096774194,0.0,False,,0.3,0.2,0.15,10.0,0.5,0.01,8.0
arm_0862,20261791,0.23,0,2.2401451612903227e-05,0.00022401451612903225,0.0,0.0,0.016129032258064516,1.6593709677419355,0.033187258064516126,1194.7435483870968,0.0,0.0,112.09677419354838,0.016129032258064516,False,,0.3,0.2,0.15,10.0,0.5,0.05,8.0
arm_0863,20261792,0.23,0,1.6164943548387097e-05,0.0,3.592209677419355e-05,0.0,0.016129032258064516,1.1974032258064518,0.023948064516129033,0.0,1194.7435483870968,0.0,123.14516129032258,0.016129032258064516,False,,0.3,0.2,0.15,10.0,0.5,0.1,8.0
arm_0864,20261793,0.19,0,0.0037692867741935484,0.03769286774193548,0.0,0.0,3.467741935483871,12942.182258064515,258.84367741935483,3482775.9677419355,0.0,0.0,15.774193548387096,160.74193548387098,True,,0.5,0.2,0.05,10.0,0.5,0.01,2.0
arm_0865,20261794,0.18,0,0.0038961000000000004,0.038961,0.0,0.0,3.0,4536.919516129033,90.73838870967742,1164476.7096774194,0.0,0.0,24.403225806451612,47.16129032258065,False,,0.5,0.2,0.05,10.0,0.5,0.05,2.0
arm_0866,20261795,0.18,0,0.0010752700000000001,0.0107527,0.0,0.0,1.0,10673.0,213.461,9925930.0,0.0,0.0,0.0,134.0,True,,0.5,0.2,0.05,10.0,0.5,0.1,2.0
arm_0867,20261796,0.2,0,0.00285714,0.0285714,0.0,0.0,3.0,17825.57741935484,356.5111451612903,6238949.838709678,0.0,0.0,120.40322580645162,252.67741935483872,True,,0.5,0.2,0.05,10.0,0.5,0.01,4.0
arm_0868,20261797,0.19,0,0.0010989,0.010989,0.0,0.0,1.0,1276.142241935484,25.52286016129032,1161290.0483870967,0.0,0.0,189.32258064516128,15.67741935483871,False,,0.5,0.2,0.05,10.0,0.5,0.05,4.0
arm_0869,20261798,0.2,0,0.00412371,0.0412371,0.0,0.0,4.0,11878.452580645162,237.56906451612903,2880525.9677419355,0.0,0.0,147.7741935483871,155.5483870967742,True,,0.5,0.2,0.05,10.0,0.5,0.1,4.0
arm_0870,20261799,0.22,0,0.0010989,0.010989,0.0,0.0,1.0,1234.1294516129033,24.682590322580644,1123058.9516129033,0.0,0.0,172.98387096774192,15.161290322580646,False,,0.5,0.2,0.05,10.0,0.5,0.01,8.0
arm_0871,20261800,0.2,0,0.0016949200000000002,0.0169492,0.0,0.0,2.0,6039.528225806452,120.79057419354838,3563321.129032258,0.0,0.0,269.5,96.20967741935483,False,,0.5,0.2,0.05,10.0,0.5,0.05,8.0
arm_0872,20261801,0.21,0,0.0014038222580645163,0.014038222580645162,0.0,0.0,1.5161290322580645,1537.6786451612904,30.753572419354835,1376344.0322580645,0.0,0.0,130.20967741935485,22.419354838709676,False,,0.5,0.2,0.05,10.0,0.5,0.1,8.0
arm_0873,20261802,0.19,0,0.0,0.0,0.0,0.0,0.0,0.0,0.0,0.0,0.0,0.0,0.9795918367346939,0.0,False,,0.5,0.2,0.1,10.0,0.5,0.01,2.0
arm_0874,20261803,0.13,0,,,,,,,,,,,,,,no tail rows,0.5,0.2,0.1,10.0,0.5,0.05,2.0
arm_0875,20261804,0.14,0,0.0,0.0,0.0,0.0,0.0,0.0,0.0,0.0,0.0,0.0,0.8888888888888888,0.0,False,,0.5,0.2,0.1,10.0,0.5,0.1,2.0
arm_0876,20261805,0.19,0,0.0,0.0,0.0,0.0,0.0,0.0,0.0,0.0,0.0,0.0,13.0,0.0,False,,0.5,0.2,0.1,10.0,0.5,0.01,4.0
arm_0877,20261806,0.19,0,0.0,0.0,0.0,0.0,0.0,0.0,0.0,0.0,0.0,0.0,23.225806451612904,0.0,False,,0.5,0.2,0.1,10.0,0.5,0.05,4.0
arm_0878,20261807,0.18,0,0.0,0.0,0.0,0.0,0.0,0.0,0.0,0.0,0.0,0.0,8.935483870967742,0.0,False,,0.5,0.2,0.1,10.0,0.5,0.1,4.0
arm_0879,20261808,0.21,0,0.0,0.0,0.0,0.0,0.0,0.0,0.0,0.0,0.0,0.0,97.3225806451613,0.0,False,,0.5,0.2,0.1,10.0,0.5,0.01,8.0
arm_0880,20261809,0.2,0,0.0,0.0,0.0,0.0,0.0,0.0,0.0,0.0,0.0,0.0,62.08064516129032,0.0,False,,0.5,0.2,0.1,10.0,0.5,0.05,8.0
arm_0881,20261810,0.21,0,0.00013472070967741935,0.0,0.0,0.0002993793548387097,0.12903225806451613,13.721524193548387,0.27443048387096775,0.0,0.0,13142.172580645163,125.37096774193549,0.1774193548387097,False,,0.5,0.2,0.1,10.0,0.5,0.1,8.0
arm_0882,20261811,0.14,0,,,,,,,,,,,,,,no tail rows,0.5,0.2,0.15,10.0,0.5,0.01,2.0
arm_0883,20261812,0.14,0,,,,,,,,,,,,,,no tail rows,0.5,0.2,0.15,10.0,0.5,0.05,2.0
arm_0884,20261813,0.17,0,0.0,0.0,0.0,0.0,0.0,0.0,0.0,0.0,0.0,0.0,3.8048780487804876,0.0,False,,0.5,0.2,0.15,10.0,0.5,0.1,2.0
arm_0885,20261814,0.18,0,0.0,0.0,0.0,0.0,0.0,0.0,0.0,0.0,0.0,0.0,19.467741935483872,0.0,False,,0.5,0.2,0.15,10.0,0.5,0.01,4.0
arm_0886,20261815,0.19,0,0.0,0.0,0.0,0.0,0.0,0.0,0.0,0.0,0.0,0.0,15.661290322580646,0.0,False,,0.5,0.2,0.15,10.0,0.5,0.05,4.0
arm_0887,20261816,0.19,0,0.0,0.0,0.0,0.0,0.0,0.0,0.0,0.0,0.0,0.0,33.53225806451613,0.0,False,,0.5,0.2,0.15,10.0,0.5,0.1,4.0
arm_0888,20261817,0.21,0,0.0,0.0,0.0,0.0,0.0,0.0,0.0,0.0,0.0,0.0,90.85483870967742,0.0,False,,0.5,0.2,0.15,10.0,0.5,0.01,8.0
arm_0889,20261818,0.21,0,0.0,0.0,0.0,0.0,0.0,0.0,0.0,0.0,0.0,0.0,70.2258064516129,0.0,False,,0.5,0.2,0.15,10.0,0.5,0.05,8.0
arm_0890,20261819,0.21,0,0.00034788103225806457,0.0034788103225806455,0.0,0.0,0.3548387096774194,38.65341612903226,0.7730690322580646,39426.50483870968,0.0,0.0,96.62903225806451,0.532258064516129,False,,0.5,0.2,0.15,10.0,0.5,0.1,8.0
arm_0891,20261820,0.21,0,0.00789474,0.0789474,0.0,0.0,9.0,81871.3,1637.43,10370400.0,0.0,0.0,4.145161290322581,1260.0,True,,0.1,0.2,0.05,10.0,0.7,0.01,2.0
arm_0892,20261821,0.21,0,0.00510204,0.0510204,0.0,0.0,5.0,47392.3,947.846,9288890.0,0.0,0.0,12.693548387096774,627.0,True,,0.1,0.2,0.05,10.0,0.7,0.05,2.0
arm_0893,20261822,0.2,0,0.00449438,0.0449438,0.0,0.0,4.0,46025.8,920.516,10240700.0,0.0,0.0,5.645161290322581,553.0,True,,0.1,0.2,0.05,10.0,0.7,0.1,2.0
arm_0894,20261823,0.2,0,0.00227273,0.0227273,0.0,0.0,2.0,21380.5,427.609,9407410.0,0.0,0.0,14.53225806451613,254.0,True,,0.1,0.2,0.05,10.0,0.7,0.01,4.0
arm_0895,20261824,0.24,0,0.004938270000000001,0.0493827,0.0,0.0,4.0,48285.3,965.706,9777780.0,0.0,0.0,35.88709677419355,528.0,True,,0.1,0.2,0.05,10.0,0.7,0.05,4.0
arm_0896,20261825,0.24,0,0.00392157,0.0392157,0.0,0.0,4.0,39006.01774193549,780.1204354838709,9946537.096774194,0.0,0.0,96.56451612903226,537.1129032258065,True,,0.1,0.2,0.05,10.0,0.7,0.1,4.0
arm_0897,20261826,0.31,0,0.00294118,0.0294118,0.0,0.0,3.0,27523.6,550.472,9358020.0,0.0,0.0,193.5483870967742,379.0,True,,0.1,0.2,0.05,10.0,0.7,0.01,8.0
arm_0898,20261827,0.28,0,0.0065210819354838715,0.0636364,0.0003498709677419355,0.0,7.161290322580645,61156.46129032258,1223.132258064516,9608470.0,11947.435483870968,0.0,171.32258064516128,908.1612903225806,True,,0.1,0.2,0.05,10.0,0.7,0.05,8.0
arm_0899,20261828,0.25,0,0.001124143548387097,0.011241435483870969,0.0,0.0,1.1129032258064515,9884.988548387097,197.69990322580645,9229990.483870968,0.0,0.0,104.46774193548387,132.11290322580646,False,,0.1,0.2,0.05,10.0,0.7,0.1,8.0
arm_0900,20261829,0.21,0,0.00326087,0.0326087,0.0,0.0,3.0,25493.47741935484,509.8696129032258,7818000.322580645,0.0,0.0,41.29032258064516,316.6290322580645,True,,0.1,0.2,0.1,10.0,0.7,0.01,2.0
arm_0901,20261830,0.2,0,0.00412371,0.0412371,0.0,0.0,4.0,36655.2,733.104,8888890.0,0.0,0.0,1.532258064516129,480.0,True,,0.1,0.2,0.1,10.0,0.7,0.05,2.0
arm_0902,20261831,0.21,0,0.00769231,0.0769231,0.0,0.0,7.0,63221.641935483865,1264.4330645161292,8218808.225806451,0.0,0.0,29.70967741935484,776.6774193548387,True,,0.1,0.2,0.1,10.0,0.7,0.1,2.0
arm_0903,20261832,0.24,0,0.0019802,0.019802,0.0,0.0,2.0,19728.6,394.573,9962960.0,0.0,0.0,21.806451612903224,269.0,True,,0.1,0.2,0.1,10.0,0.7,0.01,4.0
arm_0904,20261833,0.23,0,0.004,0.04,0.0,0.0,4.0,38963.0,779.2590000000001,9740740.0,0.0,0.0,60.225806451612904,526.0,True,,0.1,0.2,0.1,10.0,0.7,0.05,4.0
arm_0905,20261834,0.22,0,0.0030303,0.030303,0.0,0.0,3.0,29330.3,586.607,9679010.0,0.0,0.0,13.774193548387096,392.0,True,,0.1,0.2,0.1,10.0,0.7,0.1,4.0
arm_0906,20261835,0.28,0,0.00462963,0.0462963,0.0,0.0,5.0,44581.6,891.632,9629630.0,0.0,0.0,230.96774193548387,650.0,True,,0.1,0.2,0.1,10.0,0.7,0.01,8.0
arm_0907,20261836,0.28,0,0.00657021439516129,0.0618557,0.0008547653225806452,0.0,6.370967741935484,57686.077419354835,1153.721935483871,9299483.387096774,157706.11290322582,0.0,317.1290322580645,755.3870967741935,True,,0.1,0.2,0.1,10.0,0.7,0.05,8.0
arm_0908,20261837,0.3,0,0.00744681,0.0744681,0.0,0.0,7.0,56818.94516129032,1136.3780645161291,7629969.677419355,0.0,0.0,429.7096774193548,721.0322580645161,True,,0.1,0.2,0.1,10.0,0.7,0.1,8.0
arm_0909,20261838,0.22,0,0.0043010800000000005,0.0430108,0.0,0.0,4.0,17543.453225806454,350.8690161290323,4078853.2258064514,0.0,0.0,88.43548387096774,220.25806451612902,True,,0.1,0.2,0.15,10.0,0.7,0.01,2.0
arm_0910,20261839,0.22,0,0.00537634,0.0537634,0.0,0.0,5.0,35799.8870967742,715.9981129032259,6658781.29032258,0.0,0.0,26.080645161290324,449.46774193548384,True,,0.1,0.2,0.15,10.0,0.7,0.05,2.0
arm_0911,20261840,0.19,0,0.00243902,0.0243902,0.0,0.0,2.0,22583.6,451.671,9259260.0,0.0,0.0,11.338709677419354,250.0,True,,0.1,0.2,0.15,10.0,0.7,0.1,2.0
arm_0912,20261841,0.27,0,0.00458716,0.0458716,0.0,0.0,5.0,38993.55483870968,779.8711451612903,8500596.451612903,0.0,0.0,218.75806451612902,573.7903225806451,True,,0.1,0.2,0.15,10.0,0.7,0.01,4.0
arm_0913,20261842,0.24,0,0.00392157,0.0392157,0.0,0.0,4.0,35055.17580645161,701.1035322580645,8939068.709677419,0.0,0.0,143.79032258064515,482.7096774193548,True,,0.1,0.2,0.15,10.0,0.7,0.05,4.0
arm_0914,20261843,0.27,0,0.005272772935483871,0.05079894516129032,0.00011097967741935483,0.00031763903225806453,5.629032258064516,34147.69193548387,682.9538064516129,6869972.258064516,3584.230645161291,22700.10322580645,273.0806451612903,493.241935483871,True,,0.1,0.2,0.15,10.0,0.7,0.1,4.0
arm_0915,20261844,0.29,0,0.00695652,0.0695652,0.0,0.0,8.0,52572.850000000006,1051.457,7557347.903225807,0.0,0.0,483.3709677419355,816.1935483870968,True,,0.1,0.2,0.15,10.0,0.7,0.01,8.0
arm_0916,20261845,0.3,0,0.006477586661290323,0.0612245,0.00031694661290322586,0.00047224596774193546,6.354838709677419,49028.245161290324,980.565129032258,7995619.516129033,26284.322580645163,48984.42419354838,539.258064516129,648.6612903225806,True,,0.1,0.2,0.15,10.0,0.7,0.05,8.0
arm_0917,20261846,0.31,0,0.00408163,0.0408163,0.0,0.0,4.0,31024.31129032258,620.4862096774194,7600956.129032258,0.0,0.0,387.4032258064516,410.4516129032258,True,,0.1,0.2,0.15,10.0,0.7,0.1,8.0
arm_0918,20261847,0.2,0,0.00526316,0.0526316,0.0,0.0,5.0,50396.77580645162,1007.9360806451613,9575388.387096774,0.0,0.0,60.33870967741935,646.3387096774194,True,,0.3,0.2,0.05,10.0,0.7,0.01,2.0
arm_0919,20261848,0.19,0,0.00490196,0.0490196,0.0,0.0,5.0,29383.65,587.6730806451612,5994265.0,0.0,0.0,69.3225806451613,404.61290322580646,True,,0.3,0.2,0.05,10.0,0.7,0.05,2.0
arm_0920,20261849,0.2,0,0.00416667,0.0416667,0.0,0.0,4.0,22667.761290322578,453.35517741935485,5440262.741935484,0.0,0.0,121.87096774193549,293.7741935483871,True,,0.3,0.2,0.05,10.0,0.7,0.1,2.0
arm_0921,20261850,0.22,0,0.00434783,0.0434783,0.0,0.0,5.0,24574.309677419355,491.4861290322581,5652091.129032258,0.0,0.0,275.56451612903226,381.51612903225805,True,,0.3,0.2,0.05,10.0,0.7,0.01,4.0
arm_0922,20261851,0.21,0,0.00287131935483871,0.028713193548387098,0.0,0.0,2.6129032258064515,6907.189193548386,138.14370483870968,2656313.2258064514,0.0,0.0,143.20967741935485,84.85483870967742,False,,0.3,0.2,0.05,10.0,0.7,0.05,4.0
arm_0923,20261852,0.21,0,0.003454483790322581,0.032967,0.0,0.00035063064516129027,3.161290322580645,17000.66129032258,340.0132258064516,5153325.806451613,0.0,11947.435483870968,37.225806451612904,208.8709677419355,True,,0.3,0.2,0.05,10.0,0.7,0.1,4.0
arm_0924,20261853,0.23,0,0.003735866129032258,0.03735866129032258,0.0,0.0,4.370967741935484,30632.398387096775,612.6479677419354,8324851.29032258,0.0,0.0,344.8709677419355,483.83870967741933,True,,0.3,0.2,0.05,10.0,0.7,0.01,8.0
arm_0925,20261854,0.24,0,0.0028921240322580645,0.02826736129032258,0.0,0.0001453064516129032,2.806451612903226,15536.5,310.7300322580645,5687375.645161291,0.0,4778.974193548387,245.2258064516129,203.4516129032258,True,,0.3,0.2,0.05,10.0,0.7,0.05,8.0
arm_0926,20261855,0.25,0,0.00634921,0.0634921,0.0,0.0,8.0,53910.41612903225,1078.2082258064518,8490889.838709677,0.0,0.0,262.6290322580645,917.016129032258,True,,0.3,0.2,0.05,10.0,0.7,0.1,8.0
arm_0927,20261856,0.21,0,0.0025636633870967742,0.02563663387096774,0.0,0.0,2.435483870967742,5353.706774193549,107.07412580645162,2192154.193548387,0.0,0.0,60.41935483870968,68.66129032258064,False,,0.3,0.2,0.1,10.0,0.7,0.01,2.0
arm_0928,20261857,0.18,0,0.0,0.0,0.0,0.0,0.0,0.0,0.0,0.0,0.0,0.0,3.372093023255814,0.0,False,,0.3,0.2,0.1,10.0,0.7,0.05,2.0
arm_0929,20261858,0.22,0,0.002301557741935484,0.02301557741935484,0.0,0.0,2.0483870967741935,1688.7495967741936,33.77498064516129,745519.6774193548,0.0,0.0,22.112903225806452,20.29032258064516,False,,0.3,0.2,0.1,10.0,0.7,0.1,2.0
arm_0930,20261859,0.24,0,0.002574445806451613,0.025744458064516126,0.0,0.0,2.6774193548387095,910.9928064516129,18.219814516129034,366786.12903225806,0.0,0.0,61.25806451612903,12.790322580645162,False,,0.3,0.2,0.1,10.0,0.7,0.01,4.0
arm_0931,20261860,0.24,0,0.000826446,0.00826446,0.0,0.0,1.0,512.4558870967742,10.249114354838708,620071.7903225806,0.0,0.0,61.08064516129032,8.370967741935484,False,,0.3,0.2,0.1,10.0,0.7,0.05,4.0
arm_0932,20261861,0.24,0,0.003152492580645162,0.031524925806451616,0.0,0.0,2.774193548387097,943.5760483870969,18.87149193548387,302269.9516129032,0.0,0.0,62.0,11.209677419354838,False,,0.3,0.2,0.1,10.0,0.7,0.1,4.0
arm_0933,20261862,0.23,0,0.0,0.0,0.0,0.0,0.0,0.0,0.0,0.0,0.0,0.0,69.75806451612904,0.0,False,,0.3,0.2,0.1,10.0,0.7,0.01,8.0
arm_0934,20261863,0.28,0,0.000869565,0.00869565,0.0,0.0,1.0,98.69596129032259,1.9739209677419356,113500.53709677419,0.0,0.0,165.7258064516129,1.532258064516129,False,,0.3,0.2,0.1,10.0,0.7,0.05,8.0
arm_0935,20261864,0.28,0,0.0018867900000000002,0.0188679,0.0,0.0,2.0,1362.6836612903226,27.253675322580644,722222.4193548387,0.0,0.0,189.98387096774192,19.5,False,,0.3,0.2,0.1,10.0,0.7,0.1,8.0
arm_0936,20261865,0.21,0,0.0021739100000000003,0.0217391,0.0,0.0,2.0,576.593435483871,11.531877258064517,265232.70967741933,0.0,0.0,10.387096774193548,7.161290322580645,False,,0.3,0.2,0.15,10.0,0.7,0.01,2.0
arm_0937,20261866,0.15,0,,,,,,,,,,,,,,no tail rows,0.3,0.2,0.15,10.0,0.7,0.05,2.0
arm_0938,20261867,0.23,0,0.0,0.0,0.0,0.0,0.0,0.0,0.0,0.0,0.0,0.0,14.32258064516129,0.0,False,,0.3,0.2,0.15,10.0,0.7,0.1,2.0
arm_0939,20261868,0.23,0,0.0,0.0,0.0,0.0,0.0,0.0,0.0,0.0,0.0,0.0,14.870967741935484,0.0,False,,0.3,0.2,0.15,10.0,0.7,0.01,4.0
arm_0940,20261869,0.24,0,0.0,0.0,0.0,0.0,0.0,0.0,0.0,0.0,0.0,0.0,15.338709677419354,0.0,False,,0.3,0.2,0.15,10.0,0.7,0.05,4.0
arm_0941,20261870,0.23,0,0.0,0.0,0.0,0.0,0.0,0.0,0.0,0.0,0.0,0.0,9.338709677419354,0.0,False,,0.3,0.2,0.15,10.0,0.7,0.1,4.0
arm_0942,20261871,0.27,0,0.0,0.0,0.0,0.0,0.0,0.0,0.0,0.0,0.0,0.0,96.83870967741936,0.0,False,,0.3,0.2,0.15,10.0,0.7,0.01,8.0
arm_0943,20261872,0.28,0,0.0,0.0,0.0,0.0,0.0,0.0,0.0,0.0,0.0,0.0,93.74193548387096,0.0,False,,0.3,0.2,0.15,10.0,0.7,0.05,8.0
arm_0944,20261873,0.29,0,0.00024021967741935484,0.0024021967741935484,0.0,0.0,0.22580645161290322,33.046006451612904,0.6609219354838709,31063.293548387097,0.0,0.0,130.69354838709677,0.41935483870967744,False,,0.3,0.2,0.15,10.0,0.7,0.1,8.0
arm_0945,20261874,0.21,0,0.0018166356451612905,0.018166356451612905,0.0,0.0,1.7258064516129032,1580.8344193548387,31.616680645161292,902628.9516129033,0.0,0.0,23.5,20.274193548387096,False,,0.5,0.2,0.05,10.0,0.7,0.01,2.0
arm_0946,20261875,0.21,0,0.00525227935483871,0.0525227935483871,0.0,0.0,4.096774193548387,7589.6808064516135,151.7935483870968,1456630.4032258065,0.0,0.0,44.483870967741936,79.91935483870968,False,,0.5,0.2,0.05,10.0,0.7,0.05,2.0
arm_0947,20261876,0.22,0,0.00322581,0.0322581,0.0,0.0,3.0,6171.554193548387,123.43106451612904,1913181.6129032257,0.0,0.0,59.096774193548384,77.48387096774194,False,,0.5,0.2,0.05,10.0,0.7,0.1,2.0
arm_0948,20261877,0.22,0,0.0,0.0,0.0,0.0,0.0,0.0,0.0,0.0,0.0,0.0,24.629032258064516,0.0,False,,0.5,0.2,0.05,10.0,0.7,0.01,4.0
arm_0949,20261878,0.22,0,0.0021619770967741935,0.021619770967741935,0.0,0.0,2.032258064516129,3730.3951612903224,74.60787096774193,1726404.3387096773,0.0,0.0,117.38709677419355,47.33870967741935,False,,0.5,0.2,0.05,10.0,0.7,0.05,4.0
arm_0950,20261879,0.21,0,0.0010291857580645163,0.010291857580645162,0.0,0.0,1.0806451612903225,3245.1495161290322,64.90300483870968,3336917.1129032257,0.0,0.0,52.806451612903224,46.0,False,,0.5,0.2,0.05,10.0,0.7,0.1,4.0
arm_0951,20261880,0.24,0,0.0065059780645161285,0.06505978064516128,0.0,0.0,5.790322580645161,10775.506612903226,215.51017741935482,1678155.9677419355,0.0,0.0,505.01612903225805,129.46774193548387,True,,0.5,0.2,0.05,10.0,0.7,0.01,8.0
arm_0952,20261881,0.23,0,0.00126582,0.0126582,0.0,0.0,1.0,3195.561048387097,63.91119193548387,2524492.5483870967,0.0,0.0,267.241935483871,34.08064516129032,False,,0.5,0.2,0.05,10.0,0.7,0.05,8.0
arm_0953,20261882,0.23,0,0.00113636,0.0113636,0.0,0.0,1.0,412.72943548387093,8.254584838709677,363201.9516129032,0.0,0.0,133.24193548387098,4.903225806451613,False,,0.5,0.2,0.05,10.0,0.7,0.1,8.0
arm_0954,20261883,0.15,0,0.0,0.0,0.0,0.0,0.0,0.0,0.0,0.0,0.0,0.0,0.5,0.0,False,,0.5,0.2,0.1,10.0,0.7,0.01,2.0
arm_0955,20261884,0.11,0,,,,,,,,,,,,,,no tail rows,0.5,0.2,0.1,10.0,0.7,0.05,2.0
arm_0956,20261885,0.16,0,0.0,0.0,0.0,0.0,0.0,0.0,0.0,0.0,0.0,0.0,1.9090909090909092,0.0,False,,0.5,0.2,0.1,10.0,0.7,0.1,2.0
arm_0957,20261886,0.2,0,0.0,0.0,0.0,0.0,0.0,0.0,0.0,0.0,0.0,0.0,20.580645161290324,0.0,False,,0.5,0.2,0.1,10.0,0.7,0.01,4.0
arm_0958,20261887,0.19,0,0.0,0.0,0.0,0.0,0.0,0.0,0.0,0.0,0.0,0.0,30.403225806451612,0.0,False,,0.5,0.2,0.1,10.0,0.7,0.05,4.0
arm_0959,20261888,0.2,0,0.0,0.0,0.0,0.0,0.0,0.0,0.0,0.0,0.0,0.0,42.46774193548387,0.0,False,,0.5,0.2,0.1,10.0,0.7,0.1,4.0
arm_0960,20261889,0.21,0,0.0,0.0,0.0,0.0,0.0,0.0,0.0,0.0,0.0,0.0,102.83870967741936,0.0,False,,0.5,0.2,0.1,10.0,0.7,0.01,8.0
arm_0961,20261890,0.21,0,0.0,0.0,0.0,0.0,0.0,0.0,0.0,0.0,0.0,0.0,101.90322580645162,0.0,False,,0.5,0.2,0.1,10.0,0.7,0.05,8.0
arm_0962,20261891,0.21,0,0.0,0.0,0.0,0.0,0.0,0.0,0.0,0.0,0.0,0.0,112.61290322580645,0.0,False,,0.5,0.2,0.1,10.0,0.7,0.1,8.0
arm_0963,20261892,0.14,0,,,,,,,,,,,,,,no tail rows,0.5,0.2,0.15,10.0,0.7,0.01,2.0
arm_0964,20261893,0.14,0,,,,,,,,,,,,,,no tail rows,0.5,0.2,0.15,10.0,0.7,0.05,2.0
arm_0965,20261894,0.13,0,,,,,,,,,,,,,,no tail rows,0.5,0.2,0.15,10.0,0.7,0.1,2.0
arm_0966,20261895,0.19,0,0.0,0.0,0.0,0.0,0.0,0.0,0.0,0.0,0.0,0.0,20.919354838709676,0.0,False,,0.5,0.2,0.15,10.0,0.7,0.01,4.0
arm_0967,20261896,0.2,0,0.0,0.0,0.0,0.0,0.0,0.0,0.0,0.0,0.0,0.0,36.46774193548387,0.0,False,,0.5,0.2,0.15,10.0,0.7,0.05,4.0
arm_0968,20261897,0.19,0,0.0,0.0,0.0,0.0,0.0,0.0,0.0,0.0,0.0,0.0,1.7258064516129032,0.0,False,,0.5,0.2,0.15,10.0,0.7,0.1,4.0
arm_0969,20261898,0.2,0,0.0,0.0,0.0,0.0,0.0,0.0,0.0,0.0,0.0,0.0,104.96774193548387,0.0,False,,0.5,0.2,0.15,10.0,0.7,0.01,8.0
arm_0970,20261899,0.2,0,0.0,0.0,0.0,0.0,0.0,0.0,0.0,0.0,0.0,0.0,78.2741935483871,0.0,False,,0.5,0.2,0.15,10.0,0.7,0.05,8.0
arm_0971,20261900,0.21,0,0.0,0.0,0.0,0.0,0.0,0.0,0.0,0.0,0.0,0.0,98.5,0.0,False,,0.5,0.2,0.15,10.0,0.7,0.1,8.0
arm_0972,20261901,0.25,0,0.0032967000000000005,0.032967,0.0,0.0,3.0,19123.748387096774,382.4749677419355,5800875.645161291,0.0,0.0,97.01612903225806,234.93548387096774,True,,0.1,0.6,0.05,10.0,0.3,0.01,2.0
arm_0973,20261902,0.26,0,0.006006367548387097,0.0568182,0.0,0.0007212167741935484,5.354838709677419,44428.52096774193,888.5703548387097,7800955.483870967,0.0,114695.2806451613,156.9516129032258,528.1129032258065,True,,0.1,0.6,0.05,10.0,0.3,0.05,2.0
arm_0974,20261903,0.26,0,0.006451610000000001,0.0645161,0.0,0.0,6.0,40727.90483870968,814.5575806451612,6312822.741935484,0.0,0.0,54.12903225806452,511.33870967741933,True,,0.1,0.6,0.05,10.0,0.3,0.1,2.0
arm_0975,20261904,0.26,0,0.00206186,0.0206186,0.0,0.0,2.0,12449.96129032258,248.9992258064516,6038232.903225807,0.0,0.0,54.29032258064516,163.03225806451613,True,,0.1,0.6,0.05,10.0,0.3,0.01,4.0
arm_0976,20261905,0.26,0,0.00265487,0.0265487,0.0,0.0,3.0,20147.804838709675,402.9561935483871,7589008.70967742,0.0,0.0,109.6774193548387,307.35483870967744,True,,0.1,0.6,0.05,10.0,0.3,0.05,4.0
arm_0977,20261906,0.27,0,0.0023689269032258066,0.0235294,0.0,3.552645161290323e-05,2.0161290322580645,23007.685483870966,460.15467741935475,9777780.0,0.0,1194.7435483870968,58.354838709677416,264.01612903225805,True,,0.1,0.6,0.05,10.0,0.3,0.1,4.0
arm_0978,20261907,0.3,0,0.00204082,0.0204082,0.0,0.0,2.0,15083.017741935484,301.6603870967742,7390681.29032258,0.0,0.0,220.41935483870967,199.5483870967742,True,,0.1,0.6,0.05,10.0,0.3,0.01,8.0
arm_0979,20261908,0.31,0,0.0,0.0,0.0,0.0,0.0,0.0,0.0,0.0,0.0,0.0,125.54838709677419,0.0,False,,0.1,0.6,0.05,10.0,0.3,0.05,8.0
arm_0980,20261909,0.32,0,0.007138606411290322,0.0666667,0.0,0.0010487475806451613,7.467741935483871,50883.13064516129,1017.6620806451613,7618365.645161291,0.0,93189.92419354839,562.3548387096774,721.1935483870968,True,,0.1,0.6,0.05,10.0,0.3,0.1,8.0
arm_0981,20261910,0.25,0,0.00408163,0.0408163,0.0,0.0,4.0,3908.516612903226,78.17034032258064,957586.6935483871,0.0,0.0,81.79032258064517,51.70967741935484,False,,0.1,0.6,0.1,10.0,0.3,0.01,2.0
arm_0982,20261911,0.26,0,0.00288462,0.0288462,0.0,0.0,3.0,3833.515806451613,76.67036612903226,1328952.8387096773,0.0,0.0,44.596774193548384,53.82258064516129,False,,0.1,0.6,0.1,10.0,0.3,0.05,2.0
arm_0983,20261912,0.23,0,0.001779757419354839,0.01779757419354839,0.0,0.0,2.064516129032258,2336.957903225806,46.73918548387096,1322780.6129032257,0.0,0.0,45.67741935483871,36.596774193548384,False,,0.1,0.6,0.1,10.0,0.3,0.1,2.0
arm_0984,20261913,0.26,0,0.0018018,0.018018,0.0,0.0,2.0,630.7381612903225,12.614767096774193,350059.5,0.0,0.0,36.87096774193548,9.451612903225806,False,,0.1,0.6,0.1,10.0,0.3,0.01,4.0
arm_0985,20261914,0.29,0,0.0033216248387096777,0.033216248387096775,0.0,0.0,3.3548387096774195,1180.547741935484,23.610960161290322,335358.46774193546,0.0,0.0,95.11290322580645,16.096774193548388,False,,0.1,0.6,0.1,10.0,0.3,0.05,4.0
arm_0986,20261915,0.31,0,0.005836602838709678,0.055084767741935485,0.000618948064516129,0.00011022096774193548,6.82258064516129,1504.5723387096775,30.09144193548387,261775.43548387097,20310.64032258065,3584.230645161291,153.0483870967742,23.903225806451612,False,,0.1,0.6,0.1,10.0,0.3,0.1,4.0
arm_0987,20261916,0.33,0,0.00340909,0.0340909,0.0,0.0,3.0,3392.798064516129,67.85600322580646,995221.9032258064,0.0,0.0,226.46774193548387,40.306451612903224,False,,0.1,0.6,0.1,10.0,0.3,0.01,8.0
arm_0988,20261917,0.34,0,0.002860924741935484,0.026620732258064515,0.0,0.0004418922580645162,2.935483870967742,2843.8354838709674,56.87669838709677,1063023.1290322582,0.0,14336.922580645163,232.67741935483872,39.53225806451613,False,,0.1,0.6,0.1,10.0,0.3,0.05,8.0
arm_0989,20261918,0.33,0,0.0049490473790322585,0.043956,0.001229883064516129,0.0,4.564516129032258,3792.568064516129,75.8513564516129,852150.6451612903,36439.66612903226,0.0,397.8225806451613,46.66129032258065,False,,0.1,0.6,0.1,10.0,0.3,0.1,8.0
arm_0990,20261919,0.24,0,0.0,0.0,0.0,0.0,0.0,0.0,0.0,0.0,0.0,0.0,3.4,0.0,False,,0.1,0.6,0.15,10.0,0.3,0.01,2.0
arm_0991,20261920,0.24,0,0.0,0.0,0.0,0.0,0.0,0.0,0.0,0.0,0.0,0.0,2.0161290322580645,0.0,False,,0.1,0.6,0.15,10.0,0.3,0.05,2.0
arm_0992,20261921,0.24,0,0.0,0.0,0.0,0.0,0.0,0.0,0.0,0.0,0.0,0.0,3.225806451612903,0.0,False,,0.1,0.6,0.15,10.0,0.3,0.1,2.0
arm_0993,20261922,0.27,0,0.0,0.0,0.0,0.0,0.0,0.0,0.0,0.0,0.0,0.0,47.83870967741935,0.0,False,,0.1,0.6,0.15,10.0,0.3,0.01,4.0
arm_0994,20261923,0.28,0,0.0,0.0,0.0,0.0,0.0,0.0,0.0,0.0,0.0,0.0,31.032258064516128,0.0,False,,0.1,0.6,0.15,10.0,0.3,0.05,4.0
arm_0995,20261924,0.26,0,0.000674486870967742,0.0067448687096774195,0.0,0.0,0.7419354838709677,64.08166612903226,1.2816322580645163,70489.82741935484,0.0,0.0,27.43548387096774,0.9516129032258065,False,,0.1,0.6,0.15,10.0,0.3,0.1,4.0
arm_0996,20261925,0.31,0,0.0,0.0,0.0,0.0,0.0,0.0,0.0,0.0,0.0,0.0,129.80645161290323,0.0,False,,0.1,0.6,0.15,10.0,0.3,0.01,8.0
arm_0997,20261926,0.28,0,0.0,0.0,0.0,0.0,0.0,0.0,0.0,0.0,0.0,0.0,101.2741935483871,0.0,False,,0.1,0.6,0.15,10.0,0.3,0.05,8.0
arm_0998,20261927,0.33,0,0.0009615380000000001,0.00961538,0.0,0.0,1.0,144.74759516129032,2.8949516129032262,150537.49838709677,0.0,0.0,176.24193548387098,2.032258064516129,False,,0.1,0.6,0.15,10.0,0.3,0.1,8.0
arm_0999,20261928,0.18,0,0.0,0.0,0.0,0.0,0.0,0.0,0.0,0.0,0.0,0.0,0.8571428571428571,0.0,False,,0.3,0.6,0.05,10.0,0.3,0.01,2.0
arm_1000,20261929,0.23,0,0.00023826903225806454,0.002382690322580645,0.0,0.0,0.20967741935483872,17.649617741935483,0.352991935483871,15531.666129032259,0.0,0.0,2.935483870967742,0.20967741935483872,False,,0.3,0.6,0.05,10.0,0.3,0.05,2.0
arm_1001,20261930,0.23,0,0.0,0.0,0.0,0.0,0.0,0.0,0.0,0.0,0.0,0.0,1.2096774193548387,0.0,False,,0.3,0.6,0.05,10.0,0.3,0.1,2.0
arm_1002,20261931,0.22,0,0.0,0.0,0.0,0.0,0.0,0.0,0.0,0.0,0.0,0.0,14.580645161290322,0.0,False,,0.3,0.6,0.05,10.0,0.3,0.01,4.0
arm_1003,20261932,0.23,0,0.0,0.0,0.0,0.0,0.0,0.0,0.0,0.0,0.0,0.0,22.532258064516128,0.0,False,,0.3,0.6,0.05,10.0,0.3,0.05,4.0
arm_1004,20261933,0.25,0,0.0,0.0,0.0,0.0,0.0,0.0,0.0,0.0,0.0,0.0,22.677419354838708,0.0,False,,0.3,0.6,0.05,10.0,0.3,0.1,4.0
arm_1005,20261934,0.28,0,0.0,0.0,0.0,0.0,0.0,0.0,0.0,0.0,0.0,0.0,113.41935483870968,0.0,False,,0.3,0.6,0.05,10.0,0.3,0.01,8.0
arm_1006,20261935,0.25,0,0.0,0.0,0.0,0.0,0.0,0.0,0.0,0.0,0.0,0.0,97.5,0.0,False,,0.3,0.6,0.05,10.0,0.3,0.05,8.0
arm_1007,20261936,0.27,0,0.0,0.0,0.0,0.0,0.0,0.0,0.0,0.0,0.0,0.0,104.40322580645162,0.0,False,,0.3,0.6,0.05,10.0,0.3,0.1,8.0
arm_1008,20261937,0.17,0,,,,,,,,,,,,,,no tail rows,0.3,0.6,0.1,10.0,0.3,0.01,2.0
arm_1009,20261938,0.15,0,,,,,,,,,,,,,,no tail rows,0.3,0.6,0.1,10.0,0.3,0.05,2.0
arm_1010,20261939,0.15,0,,,,,,,,,,,,,,no tail rows,0.3,0.6,0.1,10.0,0.3,0.1,2.0
arm_1011,20261940,0.24,0,0.0,0.0,0.0,0.0,0.0,0.0,0.0,0.0,0.0,0.0,8.064516129032258,0.0,False,,0.3,0.6,0.1,10.0,0.3,0.01,4.0
arm_1012,20261941,0.23,0,0.0,0.0,0.0,0.0,0.0,0.0,0.0,0.0,0.0,0.0,7.661290322580645,0.0,False,,0.3,0.6,0.1,10.0,0.3,0.05,4.0
arm_1013,20261942,0.23,0,0.0,0.0,0.0,0.0,0.0,0.0,0.0,0.0,0.0,0.0,5.145161290322581,0.0,False,,0.3,0.6,0.1,10.0,0.3,0.1,4.0
arm_1014,20261943,0.25,0,0.0,0.0,0.0,0.0,0.0,0.0,0.0,0.0,0.0,0.0,69.7741935483871,0.0,False,,0.3,0.6,0.1,10.0,0.3,0.01,8.0
arm_1015,20261944,0.23,0,0.0,0.0,0.0,0.0,0.0,0.0,0.0,0.0,0.0,0.0,59.24193548387097,0.0,False,,0.3,0.6,0.1,10.0,0.3,0.05,8.0
arm_1016,20261945,0.28,0,0.0,0.0,0.0,0.0,0.0,0.0,0.0,0.0,0.0,0.0,95.95161290322581,0.0,False,,0.3,0.6,0.1,10.0,0.3,0.1,8.0
arm_1017,20261946,0.2,0,0.0,0.0,0.0,0.0,0.0,0.0,0.0,0.0,0.0,0.0,4.526315789473684,0.0,False,,0.3,0.6,0.15,10.0,0.3,0.01,2.0
arm_1018,20261947,0.2,0,0.0,0.0,0.0,0.0,0.0,0.0,0.0,0.0,0.0,0.0,1.9574468085106382,0.0,False,,0.3,0.6,0.15,10.0,0.3,0.05,2.0
arm_1019,20261948,0.21,0,0.0,0.0,0.0,0.0,0.0,0.0,0.0,0.0,0.0,0.0,1.173913043478261,0.0,False,,0.3,0.6,0.15,10.0,0.3,0.1,2.0
arm_1020,20261949,0.24,0,0.0,0.0,0.0,0.0,0.0,0.0,0.0,0.0,0.0,0.0,29.774193548387096,0.0,False,,0.3,0.6,0.15,10.0,0.3,0.01,4.0
arm_1021,20261950,0.24,0,0.0,0.0,0.0,0.0,0.0,0.0,0.0,0.0,0.0,0.0,18.20967741935484,0.0,False,,0.3,0.6,0.15,10.0,0.3,0.05,4.0
arm_1022,20261951,0.25,0,0.0,0.0,0.0,0.0,0.0,0.0,0.0,0.0,0.0,0.0,16.129032258064516,0.0,False,,0.3,0.6,0.15,10.0,0.3,0.1,4.0
arm_1023,20261952,0.28,0,1.5812782258064518e-05,0.0,3.513951612903226e-05,0.0,0.016129032258064516,2.3426290322580643,0.04685274193548387,0.0,2389.483870967742,0.0,115.56451612903226,0.03225806451612903,False,,0.3,0.6,0.15,10.0,0.3,0.01,8.0
arm_1024,20261953,0.27,0,0.00017204258064516128,0.0017204258064516128,0.0,0.0,0.12903225806451613,12.743922580645162,0.2548787096774193,9557.948387096774,0.0,0.0,113.25806451612904,0.12903225806451613,False,,0.3,0.6,0.15,10.0,0.3,0.05,8.0
arm_1025,20261954,0.25,0,0.0,0.0,0.0,0.0,0.0,0.0,0.0,0.0,0.0,0.0,69.61290322580645,0.0,False,,0.3,0.6,0.15,10.0,0.3,0.1,8.0
arm_1026,20261955,0.16,0,,,,,,,,,,,,,,no tail rows,0.5,0.6,0.05,10.0,0.3,0.01,2.0
arm_1027,20261956,0.13,0,,,,,,,,,,,,,,no tail rows,0.5,0.6,0.05,10.0,0.3,0.05,2.0
arm_1028,20261957,0.22,0,0.0,0.0,0.0,0.0,0.0,0.0,0.0,0.0,0.0,0.0,1.0,0.0,False,,0.5,0.6,0.05,10.0,0.3,0.1,2.0
arm_1029,20261958,0.22,0,0.0,0.0,0.0,0.0,0.0,0.0,0.0,0.0,0.0,0.0,23.629032258064516,0.0,False,,0.5,0.6,0.05,10.0,0.3,0.01,4.0
arm_1030,20261959,0.23,0,0.0,0.0,0.0,0.0,0.0,0.0,0.0,0.0,0.0,0.0,17.806451612903224,0.0,False,,0.5,0.6,0.05,10.0,0.3,0.05,4.0
arm_1031,20261960,0.23,0,0.0,0.0,0.0,0.0,0.0,0.0,0.0,0.0,0.0,0.0,18.322580645161292,0.0,False,,0.5,0.6,0.05,10.0,0.3,0.1,4.0
arm_1032,20261961,0.24,0,0.0,0.0,0.0,0.0,0.0,0.0,0.0,0.0,0.0,0.0,64.5,0.0,False,,0.5,0.6,0.05,10.0,0.3,0.01,8.0
arm_1033,20261962,0.24,0,0.0,0.0,0.0,0.0,0.0,0.0,0.0,0.0,0.0,0.0,100.30645161290323,0.0,False,,0.5,0.6,0.05,10.0,0.3,0.05,8.0
arm_1034,20261963,0.25,0,0.0,0.0,0.0,0.0,0.0,0.0,0.0,0.0,0.0,0.0,95.04838709677419,0.0,False,,0.5,0.6,0.05,10.0,0.3,0.1,8.0
arm_1035,20261964,0.13,0,,,,,,,,,,,,,,no tail rows,0.5,0.6,0.1,10.0,0.3,0.01,2.0
arm_1036,20261965,0.13,0,,,,,,,,,,,,,,no tail rows,0.5,0.6,0.1,10.0,0.3,0.05,2.0
arm_1037,20261966,0.15,0,,,,,,,,,,,,,,no tail rows,0.5,0.6,0.1,10.0,0.3,0.1,2.0
arm_1038,20261967,0.24,0,0.0,0.0,0.0,0.0,0.0,0.0,0.0,0.0,0.0,0.0,22.387096774193548,0.0,False,,0.5,0.6,0.1,10.0,0.3,0.01,4.0
arm_1039,20261968,0.22,0,0.0,0.0,0.0,0.0,0.0,0.0,0.0,0.0,0.0,0.0,22.838709677419356,0.0,False,,0.5,0.6,0.1,10.0,0.3,0.05,4.0
arm_1040,20261969,0.23,0,0.0,0.0,0.0,0.0,0.0,0.0,0.0,0.0,0.0,0.0,10.887096774193548,0.0,False,,0.5,0.6,0.1,10.0,0.3,0.1,4.0
arm_1041,20261970,0.23,0,0.0,0.0,0.0,0.0,0.0,0.0,0.0,0.0,0.0,0.0,76.06451612903226,0.0,False,,0.5,0.6,0.1,10.0,0.3,0.01,8.0
arm_1042,20261971,0.25,0,3.352456451612904e-05,0.0,0.0,7.449903225806453e-05,0.03225806451612903,3.724956451612903,0.07449903225806452,0.0,0.0,3584.2274193548387,78.35483870967742,0.04838709677419355,False,,0.5,0.6,0.1,10.0,0.3,0.05,8.0
arm_1043,20261972,0.26,0,0.0,0.0,0.0,0.0,0.0,0.0,0.0,0.0,0.0,0.0,75.85483870967742,0.0,False,,0.5,0.6,0.1,10.0,0.3,0.1,8.0
arm_1044,20261973,0.12,0,,,,,,,,,,,,,,no tail rows,0.5,0.6,0.15,10.0,0.3,0.01,2.0
arm_1045,20261974,0.18,0,,,,,,,,,,,,,,no tail rows,0.5,0.6,0.15,10.0,0.3,0.05,2.0
arm_1046,20261975,0.16,0,,,,,,,,,,,,,,no tail rows,0.5,0.6,0.15,10.0,0.3,0.1,2.0
arm_1047,20261976,0.19,0,0.0,0.0,0.0,0.0,0.0,0.0,0.0,0.0,0.0,0.0,11.32258064516129,0.0,False,,0.5,0.6,0.15,10.0,0.3,0.01,4.0
arm_1048,20261977,0.21,0,0.0,0.0,0.0,0.0,0.0,0.0,0.0,0.0,0.0,0.0,5.790322580645161,0.0,False,,0.5,0.6,0.15,10.0,0.3,0.05,4.0
arm_1049,20261978,0.21,0,0.0,0.0,0.0,0.0,0.0,0.0,0.0,0.0,0.0,0.0,6.775862068965517,0.0,False,,0.5,0.6,0.15,10.0,0.3,0.1,4.0
arm_1050,20261979,0.23,0,0.0,0.0,0.0,0.0,0.0,0.0,0.0,0.0,0.0,0.0,65.3225806451613,0.0,False,,0.5,0.6,0.15,10.0,0.3,0.01,8.0
arm_1051,20261980,0.24,0,6.628383870967742e-05,0.0,0.0001472974193548387,0.0,0.06451612903225806,23.32204838709677,0.4664408064516129,0.0,22700.09677419355,0.0,99.24193548387096,0.3064516129032258,False,,0.5,0.6,0.15,10.0,0.3,0.05,8.0
arm_1052,20261981,0.25,0,0.0,0.0,0.0,0.0,0.0,0.0,0.0,0.0,0.0,0.0,101.62903225806451,0.0,False,,0.5,0.6,0.15,10.0,0.3,0.1,8.0
arm_1053,20261982,0.26,0,0.00583333,0.0583333,0.0,0.0,7.0,51084.22903225807,1021.6840322580646,8757295.483870968,0.0,0.0,36.79032258064516,827.5645161290323,True,,0.1,0.6,0.05,10.0,0.5,0.01,2.0
arm_1054,20261983,0.26,0,0.0038461500000000004,0.0384615,0.0,0.0,4.0,25824.832258064518,516.4967419354839,6714455.645161291,0.0,0.0,101.61290322580645,362.5806451612903,True,,0.1,0.6,0.05,10.0,0.5,0.05,2.0
arm_1055,20261984,0.25,0,0.004919498653225806,0.045800348387096776,0.0007543640322580646,0.0,5.193548387096774,31606.09677419355,632.1219032258064,6933811.29032258,29868.575806451616,0.0,27.870967741935484,452.258064516129,True,,0.1,0.6,0.05,10.0,0.5,0.1,2.0
arm_1056,20261985,0.28,0,0.00373832,0.0373832,0.0,0.0,4.0,27312.725806451614,546.254435483871,7306152.419354838,0.0,0.0,198.11290322580646,394.53225806451616,True,,0.1,0.6,0.05,10.0,0.5,0.01,4.0
arm_1057,20261986,0.26,0,0.0011494300000000001,0.0114943,0.0,0.0,1.0,11153.7,223.074,9703700.0,0.0,0.0,68.66129032258064,131.0,True,,0.1,0.6,0.05,10.0,0.5,0.05,4.0
arm_1058,20261987,0.29,0,0.0028301900000000002,0.0283019,0.0,0.0,3.0,17188.51451612903,343.77037096774194,6073277.580645162,0.0,0.0,102.04838709677419,245.96774193548387,True,,0.1,0.6,0.05,10.0,0.5,0.1,4.0
arm_1059,20261988,0.33,0,0.0043956,0.043956,0.0,0.0,4.0,36559.10322580645,731.183064516129,8317203.870967742,0.0,0.0,375.19354838709677,449.1290322580645,True,,0.1,0.6,0.05,10.0,0.5,0.01,8.0
arm_1060,20261989,0.32,0,0.00540541,0.0540541,0.0,0.0,4.0,50886.395161290326,1017.7295,9413977.41935484,0.0,0.0,318.96774193548384,508.35483870967744,True,,0.1,0.6,0.05,10.0,0.5,0.05,8.0
arm_1061,20261990,0.35,0,0.003813365241935484,0.0357143,0.0,0.000537633870967742,4.241935483870968,35974.196774193544,719.483564516129,10065423.870967742,0.0,26284.335483870967,370.64516129032256,543.8870967741935,True,,0.1,0.6,0.05,10.0,0.5,0.1,8.0
arm_1062,20261991,0.25,0,0.0019417500000000001,0.0194175,0.0,0.0,2.0,552.1337258064516,11.042686290322582,284348.5806451613,0.0,0.0,11.403225806451612,7.67741935483871,False,,0.1,0.6,0.1,10.0,0.5,0.01,2.0
arm_1063,20261992,0.26,0,0.0016806700000000002,0.0168067,0.0,0.0,2.0,825.2762096774194,16.505527419354838,491039.37096774194,0.0,0.0,17.56451612903226,13.258064516129032,False,,0.1,0.6,0.1,10.0,0.5,0.05,2.0
arm_1064,20261993,0.24,0,0.0,0.0,0.0,0.0,0.0,0.0,0.0,0.0,0.0,0.0,5.919354838709677,0.0,False,,0.1,0.6,0.1,10.0,0.5,0.1,2.0
arm_1065,20261994,0.28,0,0.0025295665564516127,0.024813935483870966,0.00010705112903225805,0.0,2.629032258064516,955.9170161290323,19.11831016129032,379729.0483870968,3584.230645161291,0.0,62.693548387096776,13.419354838709678,False,,0.1,0.6,0.1,10.0,0.5,0.01,4.0
arm_1066,20261995,0.25,0,0.0021739100000000003,0.0217391,0.0,0.0,2.0,2058.3343548387097,41.166693548387094,946833.9354838709,0.0,0.0,66.53225806451613,25.56451612903226,False,,0.1,0.6,0.1,10.0,0.5,0.05,4.0
arm_1067,20261996,0.29,0,0.0038533606774193555,0.037287588709677424,0.0,0.0002768929032258064,3.596774193548387,2543.7506451612903,50.87505483870968,670350.6290322581,0.0,10752.68870967742,122.64516129032258,31.951612903225808,False,,0.1,0.6,0.1,10.0,0.5,0.1,4.0
arm_1068,20261997,0.29,0,0.00309278,0.0309278,0.0,0.0,3.0,1946.0785483870966,38.921516129032256,629231.3548387097,0.0,0.0,159.3548387096774,25.483870967741936,False,,0.1,0.6,0.1,10.0,0.5,0.01,8.0
arm_1069,20261998,0.33,0,0.0038916590403225803,0.03726361774193548,0.0003673272580645162,0.0,3.4193548387096775,782.647564516129,15.652951774193548,193349.23548387096,13142.179032258065,0.0,210.82258064516128,9.225806451612904,False,,0.1,0.6,0.1,10.0,0.5,0.05,8.0
arm_1070,20261999,0.37,0,0.00438596,0.0438596,0.0,0.0,5.0,6506.109193548387,130.12224677419354,1483393.4838709678,0.0,0.0,350.0967741935484,100.12903225806451,False,,0.1,0.6,0.1,10.0,0.5,0.1,8.0
arm_1071,20262000,0.25,0,0.001549649548387097,0.015496495483870968,0.0,0.0,1.5806451612903225,240.12001935483872,4.8023988709677425,154719.09193548386,0.0,0.0,6.983870967741935,3.306451612903226,False,,0.1,0.6,0.15,10.0,0.5,0.01,2.0
arm_1072,20262001,0.17,0,,,,,,,,,,,,,,no tail rows,0.1,0.6,0.15,10.0,0.5,0.05,2.0
arm_1073,20262002,0.2,0,0.0,0.0,0.0,0.0,0.0,0.0,0.0,0.0,0.0,0.0,1.0,0.0,False,,0.1,0.6,0.15,10.0,0.5,0.1,2.0
arm_1074,20262003,0.28,0,0.0,0.0,0.0,0.0,0.0,0.0,0.0,0.0,0.0,0.0,21.161290322580644,0.0,False,,0.1,0.6,0.15,10.0,0.5,0.01,4.0
arm_1075,20262004,0.29,0,0.0007760192903225806,0.007760192903225806,0.0,0.0,0.8225806451612904,72.13534838709677,1.4427066129032258,76463.54516129031,0.0,0.0,30.774193548387096,1.032258064516129,False,,0.1,0.6,0.15,10.0,0.5,0.05,4.0
arm_1076,20262005,0.33,0,4.827970161290322e-05,0.0,0.0001072882258064516,0.0,0.04838709677419355,5.96048064516129,0.11920935483870967,0.0,5973.711290322581,0.0,22.838709677419356,0.08064516129032258,False,,0.1,0.6,0.15,10.0,0.5,0.1,4.0
arm_1077,20262006,0.32,0,0.0,0.0,0.0,0.0,0.0,0.0,0.0,0.0,0.0,0.0,73.83870967741936,0.0,False,,0.1,0.6,0.15,10.0,0.5,0.01,8.0
arm_1078,20262007,0.44,0,0.0,0.0,0.0,0.0,0.0,0.0,0.0,0.0,0.0,0.0,124.54838709677419,0.0,False,,0.1,0.6,0.15,10.0,0.5,0.05,8.0
arm_1079,20262008,0.42,0,0.0009402953467741936,0.00892857,0.0,0.00010541854838709677,1.0483870967741935,256.33006774193547,5.126602258064516,283153.9709677419,0.0,3584.230645161291,106.20967741935483,3.870967741935484,False,,0.1,0.6,0.15,10.0,0.5,0.1,8.0
arm_1080,20262009,0.27,0,,,,,,,,,,,,,,no tail rows,0.3,0.6,0.05,10.0,0.5,0.01,2.0
arm_1081,20262010,0.31,0,0.0,0.0,0.0,0.0,0.0,0.0,0.0,0.0,0.0,0.0,0.9787234042553191,0.0,False,,0.3,0.6,0.05,10.0,0.5,0.05,2.0
arm_1082,20262011,0.12,0,,,,,,,,,,,,,,no tail rows,0.3,0.6,0.05,10.0,0.5,0.1,2.0
arm_1083,20262012,0.25,0,0.0008517612903225806,0.008517612903225806,0.0,0.0,0.7580645161290323,84.57171935483872,1.6914374193548387,75268.82580645161,0.0,0.0,33.016129032258064,1.0161290322580645,False,,0.3,0.6,0.05,10.0,0.5,0.01,4.0
arm_1084,20262013,0.28,0,0.0,0.0,0.0,0.0,0.0,0.0,0.0,0.0,0.0,0.0,26.629032258064516,0.0,False,,0.3,0.6,0.05,10.0,0.5,0.05,4.0
arm_1085,20262014,0.28,0,0.0004772885483870969,0.004772885483870969,0.0,0.0,0.46774193548387094,53.64163225806451,1.072831129032258,52568.66774193548,0.0,0.0,32.53225806451613,0.7096774193548387,False,,0.3,0.6,0.05,10.0,0.5,0.1,4.0
arm_1086,20262015,0.29,0,0.0,0.0,0.0,0.0,0.0,0.0,0.0,0.0,0.0,0.0,79.53225806451613,0.0,False,,0.3,0.6,0.05,10.0,0.5,0.01,8.0
arm_1087,20262016,0.31,0,0.000365813870967742,0.0036581387096774197,0.0,0.0,0.3548387096774194,32.024032258064516,0.6404806451612903,31063.322580645163,0.0,0.0,97.37096774193549,0.41935483870967744,False,,0.3,0.6,0.05,10.0,0.5,0.05,8.0
arm_1088,20262017,0.3,0,0.0,0.0,0.0,0.0,0.0,0.0,0.0,0.0,0.0,0.0,97.01612903225806,0.0,False,,0.3,0.6,0.05,10.0,0.5,0.1,8.0
arm_1089,20262018,0.23,0,0.0,0.0,0.0,0.0,0.0,0.0,0.0,0.0,0.0,0.0,1.0512820512820513,0.0,False,,0.3,0.6,0.1,10.0,0.5,0.01,2.0
arm_1090,20262019,0.2,0,,,,,,,,,,,,,,no tail rows,0.3,0.6,0.1,10.0,0.5,0.05,2.0
arm_1091,20262020,0.2,0,,,,,,,,,,,,,,no tail rows,0.3,0.6,0.1,10.0,0.5,0.1,2.0
arm_1092,20262021,0.27,0,0.0,0.0,0.0,0.0,0.0,0.0,0.0,0.0,0.0,0.0,7.483870967741935,0.0,False,,0.3,0.6,0.1,10.0,0.5,0.01,4.0
arm_1093,20262022,0.27,0,0.0,0.0,0.0,0.0,0.0,0.0,0.0,0.0,0.0,0.0,13.451612903225806,0.0,False,,0.3,0.6,0.1,10.0,0.5,0.05,4.0
arm_1094,20262023,0.29,0,0.0,0.0,0.0,0.0,0.0,0.0,0.0,0.0,0.0,0.0,29.0,0.0,False,,0.3,0.6,0.1,10.0,0.5,0.1,4.0
arm_1095,20262024,0.33,0,0.0,0.0,0.0,0.0,0.0,0.0,0.0,0.0,0.0,0.0,133.33870967741936,0.0,False,,0.3,0.6,0.1,10.0,0.5,0.01,8.0
arm_1096,20262025,0.3,0,0.0,0.0,0.0,0.0,0.0,0.0,0.0,0.0,0.0,0.0,110.87096774193549,0.0,False,,0.3,0.6,0.1,10.0,0.5,0.05,8.0
arm_1097,20262026,0.28,0,0.0,0.0,0.0,0.0,0.0,0.0,0.0,0.0,0.0,0.0,71.69354838709677,0.0,False,,0.3,0.6,0.1,10.0,0.5,0.1,8.0
arm_1098,20262027,0.21,0,0.0,0.0,0.0,0.0,0.0,0.0,0.0,0.0,0.0,0.0,1.255813953488372,0.0,False,,0.3,0.6,0.15,10.0,0.5,0.01,2.0
arm_1099,20262028,0.19,0,0.0,0.0,0.0,0.0,0.0,0.0,0.0,0.0,0.0,0.0,1.7777777777777777,0.0,False,,0.3,0.6,0.15,10.0,0.5,0.05,2.0
arm_1100,20262029,0.17,0,,,,,,,,,,,,,,no tail rows,0.3,0.6,0.15,10.0,0.5,0.1,2.0
arm_1101,20262030,0.24,0,0.0,0.0,0.0,0.0,0.0,0.0,0.0,0.0,0.0,0.0,25.06451612903226,0.0,False,,0.3,0.6,0.15,10.0,0.5,0.01,4.0
arm_1102,20262031,0.24,0,4.8711919354838706e-05,0.0,0.00010824870967741934,0.0,0.04838709677419355,3.608283870967742,0.07216548387096774,0.0,3584.230645161291,0.0,12.17741935483871,0.04838709677419355,False,,0.3,0.6,0.15,10.0,0.5,0.05,4.0
arm_1103,20262032,0.23,0,0.0,0.0,0.0,0.0,0.0,0.0,0.0,0.0,0.0,0.0,8.096774193548388,0.0,False,,0.3,0.6,0.15,10.0,0.5,0.1,4.0
arm_1104,20262033,0.27,0,0.0,0.0,0.0,0.0,0.0,0.0,0.0,0.0,0.0,0.0,96.85483870967742,0.0,False,,0.3,0.6,0.15,10.0,0.5,0.01,8.0
arm_1105,20262034,0.26,0,0.0,0.0,0.0,0.0,0.0,0.0,0.0,0.0,0.0,0.0,114.45161290322581,0.0,False,,0.3,0.6,0.15,10.0,0.5,0.05,8.0
arm_1106,20262035,0.27,0,0.0,0.0,0.0,0.0,0.0,0.0,0.0,0.0,0.0,0.0,92.3225806451613,0.0,False,,0.3,0.6,0.15,10.0,0.5,0.1,8.0
arm_1107,20262036,0.2,0,0.0,0.0,0.0,0.0,0.0,0.0,0.0,0.0,0.0,0.0,1.92,0.0,False,,0.5,0.6,0.05,10.0,0.5,0.01,2.0
arm_1108,20262037,0.16,0,,,,,,,,,,,,,,no tail rows,0.5,0.6,0.05,10.0,0.5,0.05,2.0
arm_1109,20262038,0.16,0,,,,,,,,,,,,,,no tail rows,0.5,0.6,0.05,10.0,0.5,0.1,2.0
arm_1110,20262039,0.29,0,0.0,0.0,0.0,0.0,0.0,0.0,0.0,0.0,0.0,0.0,5.532258064516129,0.0,False,,0.5,0.6,0.05,10.0,0.5,0.01,4.0
arm_1111,20262040,0.28,0,0.0,0.0,0.0,0.0,0.0,0.0,0.0,0.0,0.0,0.0,7.225806451612903,0.0,False,,0.5,0.6,0.05,10.0,0.5,0.05,4.0
arm_1112,20262041,0.24,0,0.0,0.0,0.0,0.0,0.0,0.0,0.0,0.0,0.0,0.0,9.387096774193548,0.0,False,,0.5,0.6,0.05,10.0,0.5,0.1,4.0
arm_1113,20262042,0.28,0,0.0,0.0,0.0,0.0,0.0,0.0,0.0,0.0,0.0,0.0,84.64516129032258,0.0,False,,0.5,0.6,0.05,10.0,0.5,0.01,8.0
arm_1114,20262043,0.26,0,0.0,0.0,0.0,0.0,0.0,0.0,0.0,0.0,0.0,0.0,80.8225806451613,0.0,False,,0.5,0.6,0.05,10.0,0.5,0.05,8.0
arm_1115,20262044,0.25,0,0.0,0.0,0.0,0.0,0.0,0.0,0.0,0.0,0.0,0.0,65.37096774193549,0.0,False,,0.5,0.6,0.05,10.0,0.5,0.1,8.0
arm_1116,20262045,0.17,0,,,,,,,,,,,,,,no tail rows,0.5,0.6,0.1,10.0,0.5,0.01,2.0
arm_1117,20262046,0.2,0,0.0,0.0,0.0,0.0,0.0,0.0,0.0,0.0,0.0,0.0,2.7714285714285714,0.0,False,,0.5,0.6,0.1,10.0,0.5,0.05,2.0
arm_1118,20262047,0.15,0,,,,,,,,,,,,,,no tail rows,0.5,0.6,0.1,10.0,0.5,0.1,2.0
arm_1119,20262048,0.22,0,0.0,0.0,0.0,0.0,0.0,0.0,0.0,0.0,0.0,0.0,14.080645161290322,0.0,False,,0.5,0.6,0.1,10.0,0.5,0.01,4.0
arm_1120,20262049,0.24,0,0.0,0.0,0.0,0.0,0.0,0.0,0.0,0.0,0.0,0.0,8.451612903225806,0.0,False,,0.5,0.6,0.1,10.0,0.5,0.05,4.0
arm_1121,20262050,0.23,0,0.0,0.0,0.0,0.0,0.0,0.0,0.0,0.0,0.0,0.0,10.241935483870968,0.0,False,,0.5,0.6,0.1,10.0,0.5,0.1,4.0
arm_1122,20262051,0.25,0,0.0,0.0,0.0,0.0,0.0,0.0,0.0,0.0,0.0,0.0,91.46774193548387,0.0,False,,0.5,0.6,0.1,10.0,0.5,0.01,8.0
arm_1123,20262052,0.24,0,0.0,0.0,0.0,0.0,0.0,0.0,0.0,0.0,0.0,0.0,94.06451612903226,0.0,False,,0.5,0.6,0.1,10.0,0.5,0.05,8.0
arm_1124,20262053,0.24,0,0.0,0.0,0.0,0.0,0.0,0.0,0.0,0.0,0.0,0.0,92.54838709677419,0.0,False,,0.5,0.6,0.1,10.0,0.5,0.1,8.0
arm_1125,20262054,0.13,0,,,,,,,,,,,,,,no tail rows,0.5,0.6,0.15,10.0,0.5,0.01,2.0
arm_1126,20262055,0.13,0,,,,,,,,,,,,,,no tail rows,0.5,0.6,0.15,10.0,0.5,0.05,2.0
arm_1127,20262056,0.22,0,0.0,0.0,0.0,0.0,0.0,0.0,0.0,0.0,0.0,0.0,2.1774193548387095,0.0,False,,0.5,0.6,0.15,10.0,0.5,0.1,2.0
arm_1128,20262057,0.22,0,0.0,0.0,0.0,0.0,0.0,0.0,0.0,0.0,0.0,0.0,4.827586206896552,0.0,False,,0.5,0.6,0.15,10.0,0.5,0.01,4.0
arm_1129,20262058,0.23,0,0.0,0.0,0.0,0.0,0.0,0.0,0.0,0.0,0.0,0.0,16.516129032258064,0.0,False,,0.5,0.6,0.15,10.0,0.5,0.05,4.0
arm_1130,20262059,0.22,0,0.0,0.0,0.0,0.0,0.0,0.0,0.0,0.0,0.0,0.0,9.193548387096774,0.0,False,,0.5,0.6,0.15,10.0,0.5,0.1,4.0
arm_1131,20262060,0.24,0,0.0,0.0,0.0,0.0,0.0,0.0,0.0,0.0,0.0,0.0,61.725806451612904,0.0,False,,0.5,0.6,0.15,10.0,0.5,0.01,8.0
arm_1132,20262061,0.24,0,0.0,0.0,0.0,0.0,0.0,0.0,0.0,0.0,0.0,0.0,55.82258064516129,0.0,False,,0.5,0.6,0.15,10.0,0.5,0.05,8.0
arm_1133,20262062,0.25,0,0.0,0.0,0.0,0.0,0.0,0.0,0.0,0.0,0.0,0.0,90.06451612903226,0.0,False,,0.5,0.6,0.15,10.0,0.5,0.1,8.0
arm_1134,20262063,0.24,0,0.0028301900000000002,0.0283019,0.0,0.0,3.0,24367.104838709678,487.3425161290323,8609716.129032258,0.0,0.0,72.64516129032258,348.69354838709677,True,,0.1,0.6,0.05,10.0,0.7,0.01,2.0
arm_1135,20262064,0.27,0,0.010000000000000002,0.1,0.0,0.0,8.0,79522.10483870968,1590.4419354838708,7952210.483870967,0.0,0.0,195.8709677419355,858.8387096774194,False,,0.1,0.6,0.05,10.0,0.7,0.05,2.0
arm_1136,20262065,0.24,0,0.00373832,0.0373832,0.0,0.0,4.0,31886.243548387098,637.7247903225806,8529569.677419355,0.0,0.0,34.20967741935484,460.5967741935484,True,,0.1,0.6,0.05,10.0,0.7,0.1,2.0
arm_1137,20262066,0.29,0,0.00454545,0.0454545,0.0,0.0,5.0,35742.37419354839,714.8474193548387,7863320.483870967,0.0,0.0,417.2258064516129,530.7741935483871,True,,0.1,0.6,0.05,10.0,0.7,0.01,4.0
arm_1138,20262067,0.28,0,0.0043956,0.043956,0.0,0.0,4.0,35444.448387096774,708.8899677419355,8063619.677419355,0.0,0.0,138.09677419354838,435.43548387096774,True,,0.1,0.6,0.05,10.0,0.7,0.05,4.0
arm_1139,20262068,0.33,0,0.009624708080645162,0.09505163548387097,0.0,0.00026565451612903224,9.903225806451612,67755.0064516129,1355.1001612903226,7155436.935483871,0.0,16726.395161290322,513.2741935483871,942.1129032258065,True,,0.1,0.6,0.05,10.0,0.7,0.1,4.0
arm_1140,20262069,0.32,0,0.0038095200000000003,0.0380952,0.0,0.0,4.0,30911.985483870965,618.2397903225806,8114396.774193549,0.0,0.0,376.4193548387097,438.1774193548387,True,,0.1,0.6,0.05,10.0,0.7,0.01,8.0
arm_1141,20262070,0.34,0,0.006060610000000001,0.0606061,0.0,0.0,6.0,45100.94677419355,902.0189193548388,7441656.935483871,0.0,0.0,390.14516129032256,602.7741935483871,True,,0.1,0.6,0.05,10.0,0.7,0.05,8.0
arm_1142,20262071,0.31,0,0.0046511600000000005,0.0465116,0.0,0.0,4.0,21333.114516129033,426.66220967741936,4586619.516129033,0.0,0.0,434.5806451612903,247.67741935483872,True,,0.1,0.6,0.05,10.0,0.7,0.1,8.0
arm_1143,20262072,0.25,0,0.00172414,0.0172414,0.0,0.0,2.0,977.4233387096775,19.548469354838712,566905.6612903225,0.0,0.0,32.91935483870968,15.306451612903226,False,,0.1,0.6,0.1,10.0,0.7,0.01,2.0
arm_1144,20262073,0.25,0,0.0010989,0.010989,0.0,0.0,1.0,1371.9839516129034,27.43967741935484,1248507.4032258065,0.0,0.0,15.693548387096774,16.85483870967742,False,,0.1,0.6,0.1,10.0,0.7,0.05,2.0
arm_1145,20262074,0.25,0,0.0026407933064516134,0.0260809935483871,7.26532258064516e-05,0.0,2.4838709677419355,3713.691451612903,74.27382741935483,1517921.5161290322,3584.2274193548387,0.0,52.983870967741936,47.12903225806452,False,,0.1,0.6,0.1,10.0,0.7,0.1,2.0
arm_1146,20262075,0.29,0,0.003411910322580645,0.03411910322580645,0.0,0.0,3.5483870967741935,977.6218870967742,19.55241370967742,281322.1451612903,0.0,0.0,98.09677419354838,13.725806451612904,False,,0.1,0.6,0.1,10.0,0.7,0.01,4.0
arm_1147,20262076,0.29,0,0.000917431,0.00917431,0.0,0.0,1.0,1864.457741935484,37.28914032258064,2032258.5483870967,0.0,0.0,64.30645161290323,27.43548387096774,False,,0.1,0.6,0.1,10.0,0.7,0.05,4.0
arm_1148,20262077,0.25,0,0.0,0.0,0.0,0.0,0.0,0.0,0.0,0.0,0.0,0.0,11.080645161290322,0.0,False,,0.1,0.6,0.1,10.0,0.7,0.1,4.0
arm_1149,20262078,0.34,0,0.0024041383870967744,0.024041383870967742,0.0,0.0,2.5483870967741935,1362.6833870967741,27.253675806451614,581840.0483870967,0.0,0.0,196.7258064516129,19.5,False,,0.1,0.6,0.1,10.0,0.7,0.01,8.0
arm_1150,20262079,0.32,0,0.0025268816129032264,0.02526881612903226,0.0,0.0,3.032258064516129,1105.1373548387098,22.10276451612903,439167.5806451613,0.0,0.0,196.38709677419354,17.903225806451612,False,,0.1,0.6,0.1,10.0,0.7,0.05,8.0
arm_1151,20262080,0.28,0,0.0012048200000000001,0.0120482,0.0,0.0,1.0,1913.0282903225807,38.260570967741934,1587813.9516129033,0.0,0.0,136.46774193548387,21.43548387096774,False,,0.1,0.6,0.1,10.0,0.7,0.1,8.0
arm_1152,20262081,0.19,0,,,,,,,,,,,,,,no tail rows,0.1,0.6,0.15,10.0,0.7,0.01,2.0
arm_1153,20262082,0.24,0,0.0,0.0,0.0,0.0,0.0,0.0,0.0,0.0,0.0,0.0,3.2419354838709675,0.0,False,,0.1,0.6,0.15,10.0,0.7,0.05,2.0
arm_1154,20262083,0.22,0,0.0,0.0,0.0,0.0,0.0,0.0,0.0,0.0,0.0,0.0,1.8275862068965518,0.0,False,,0.1,0.6,0.15,10.0,0.7,0.1,2.0
arm_1155,20262084,0.27,0,0.0,0.0,0.0,0.0,0.0,0.0,0.0,0.0,0.0,0.0,17.806451612903224,0.0,False,,0.1,0.6,0.15,10.0,0.7,0.01,4.0
arm_1156,20262085,0.24,0,0.0,0.0,0.0,0.0,0.0,0.0,0.0,0.0,0.0,0.0,14.596774193548388,0.0,False,,0.1,0.6,0.15,10.0,0.7,0.05,4.0
arm_1157,20262086,0.26,0,0.0,0.0,0.0,0.0,0.0,0.0,0.0,0.0,0.0,0.0,23.93548387096774,0.0,False,,0.1,0.6,0.15,10.0,0.7,0.1,4.0
arm_1158,20262087,0.31,0,0.0,0.0,0.0,0.0,0.0,0.0,0.0,0.0,0.0,0.0,95.33870967741936,0.0,False,,0.1,0.6,0.15,10.0,0.7,0.01,8.0
arm_1159,20262088,0.33,0,0.0,0.0,0.0,0.0,0.0,0.0,0.0,0.0,0.0,0.0,125.90322580645162,0.0,False,,0.1,0.6,0.15,10.0,0.7,0.05,8.0
arm_1160,20262089,0.31,0,0.0004661603629032259,0.003522446774193549,0.0002531459677419355,0.0,0.41935483870967744,34.5302935483871,0.6906054838709678,22700.12741935484,8363.204838709678,0.0,133.4516129032258,0.41935483870967744,False,,0.1,0.6,0.15,10.0,0.7,0.1,8.0
arm_1161,20262090,0.23,0,0.0,0.0,0.0,0.0,0.0,0.0,0.0,0.0,0.0,0.0,5.306451612903226,0.0,False,,0.3,0.6,0.05,10.0,0.7,0.01,2.0
arm_1162,20262091,0.17,0,,,,,,,,,,,,,,no tail rows,0.3,0.6,0.05,10.0,0.7,0.05,2.0
arm_1163,20262092,0.23,0,0.0,0.0,0.0,0.0,0.0,0.0,0.0,0.0,0.0,0.0,2.161290322580645,0.0,False,,0.3,0.6,0.05,10.0,0.7,0.1,2.0
arm_1164,20262093,0.26,0,0.0,0.0,0.0,0.0,0.0,0.0,0.0,0.0,0.0,0.0,27.225806451612904,0.0,False,,0.3,0.6,0.05,10.0,0.7,0.01,4.0
arm_1165,20262094,0.24,0,0.0,0.0,0.0,0.0,0.0,0.0,0.0,0.0,0.0,0.0,26.322580645161292,0.0,False,,0.3,0.6,0.05,10.0,0.7,0.05,4.0
arm_1166,20262095,0.25,0,0.0004923591935483871,0.004923591935483871,0.0,0.0,0.46774193548387094,128.2776129032258,2.565554516129032,121863.7258064516,0.0,0.0,39.17741935483871,1.6451612903225807,False,,0.3,0.6,0.05,10.0,0.7,0.1,4.0
arm_1167,20262096,0.27,0,0.0,0.0,0.0,0.0,0.0,0.0,0.0,0.0,0.0,0.0,82.29032258064517,0.0,False,,0.3,0.6,0.05,10.0,0.7,0.01,8.0
arm_1168,20262097,0.25,0,0.0,0.0,0.0,0.0,0.0,0.0,0.0,0.0,0.0,0.0,66.98387096774194,0.0,False,,0.3,0.6,0.05,10.0,0.7,0.05,8.0
arm_1169,20262098,0.27,0,0.0,0.0,0.0,0.0,0.0,0.0,0.0,0.0,0.0,0.0,94.6774193548387,0.0,False,,0.3,0.6,0.05,10.0,0.7,0.1,8.0
arm_1170,20262099,0.21,0,0.0,0.0,0.0,0.0,0.0,0.0,0.0,0.0,0.0,0.0,1.8611111111111112,0.0,False,,0.3,0.6,0.1,10.0,0.7,0.01,2.0
arm_1171,20262100,0.17,0,,,,,,,,,,,,,,no tail rows,0.3,0.6,0.1,10.0,0.7,0.05,2.0
arm_1172,20262101,0.14,0,,,,,,,,,,,,,,no tail rows,0.3,0.6,0.1,10.0,0.7,0.1,2.0
arm_1173,20262102,0.24,0,0.0,0.0,0.0,0.0,0.0,0.0,0.0,0.0,0.0,0.0,7.919354838709677,0.0,False,,0.3,0.6,0.1,10.0,0.7,0.01,4.0
arm_1174,20262103,0.24,0,0.0,0.0,0.0,0.0,0.0,0.0,0.0,0.0,0.0,0.0,10.741935483870968,0.0,False,,0.3,0.6,0.1,10.0,0.7,0.05,4.0
arm_1175,20262104,0.24,0,0.0,0.0,0.0,0.0,0.0,0.0,0.0,0.0,0.0,0.0,16.016129032258064,0.0,False,,0.3,0.6,0.1,10.0,0.7,0.1,4.0
arm_1176,20262105,0.27,0,0.0,0.0,0.0,0.0,0.0,0.0,0.0,0.0,0.0,0.0,75.64516129032258,0.0,False,,0.3,0.6,0.1,10.0,0.7,0.01,8.0
arm_1177,20262106,0.3,0,4.9262806451612904e-05,0.0,0.0,0.00010947290322580646,0.04838709677419355,10.947303225806452,0.21894612903225805,0.0,0.0,10752.679032258064,146.67741935483872,0.14516129032258066,False,,0.3,0.6,0.1,10.0,0.7,0.05,8.0
arm_1178,20262107,0.28,0,6.776903225806451e-05,0.0006776903225806451,0.0,0.0,0.08064516129032258,5.019927419354839,0.10039838709677419,5973.717741935484,0.0,0.0,120.16129032258064,0.08064516129032258,False,,0.3,0.6,0.1,10.0,0.7,0.1,8.0
arm_1179,20262108,0.18,0,,,,,,,,,,,,,,no tail rows,0.3,0.6,0.15,10.0,0.7,0.01,2.0
arm_1180,20262109,0.22,0,0.0,0.0,0.0,0.0,0.0,0.0,0.0,0.0,0.0,0.0,1.0217391304347827,0.0,False,,0.3,0.6,0.15,10.0,0.7,0.05,2.0
arm_1181,20262110,0.21,0,0.0,0.0,0.0,0.0,0.0,0.0,0.0,0.0,0.0,0.0,0.9761904761904762,0.0,False,,0.3,0.6,0.15,10.0,0.7,0.1,2.0
arm_1182,20262111,0.25,0,0.0,0.0,0.0,0.0,0.0,0.0,0.0,0.0,0.0,0.0,27.838709677419356,0.0,False,,0.3,0.6,0.15,10.0,0.7,0.01,4.0
arm_1183,20262112,0.24,0,0.0,0.0,0.0,0.0,0.0,0.0,0.0,0.0,0.0,0.0,13.612903225806452,0.0,False,,0.3,0.6,0.15,10.0,0.7,0.05,4.0
arm_1184,20262113,0.23,0,0.0,0.0,0.0,0.0,0.0,0.0,0.0,0.0,0.0,0.0,3.4193548387096775,0.0,False,,0.3,0.6,0.15,10.0,0.7,0.1,4.0
arm_1185,20262114,0.26,0,0.0,0.0,0.0,0.0,0.0,0.0,0.0,0.0,0.0,0.0,59.725806451612904,0.0,False,,0.3,0.6,0.15,10.0,0.7,0.01,8.0
arm_1186,20262115,0.24,0,0.0,0.0,0.0,0.0,0.0,0.0,0.0,0.0,0.0,0.0,68.41935483870968,0.0,False,,0.3,0.6,0.15,10.0,0.7,0.05,8.0
arm_1187,20262116,0.26,0,0.0,0.0,0.0,0.0,0.0,0.0,0.0,0.0,0.0,0.0,79.48387096774194,0.0,False,,0.3,0.6,0.15,10.0,0.7,0.1,8.0
arm_1188,20262117,0.16,0,,,,,,,,,,,,,,no tail rows,0.5,0.6,0.05,10.0,0.7,0.01,2.0
arm_1189,20262118,0.16,0,,,,,,,,,,,,,,no tail rows,0.5,0.6,0.05,10.0,0.7,0.05,2.0
arm_1190,20262119,0.16,0,,,,,,,,,,,,,,no tail rows,0.5,0.6,0.05,10.0,0.7,0.1,2.0
arm_1191,20262120,0.23,0,0.0,0.0,0.0,0.0,0.0,0.0,0.0,0.0,0.0,0.0,10.03225806451613,0.0,False,,0.5,0.6,0.05,10.0,0.7,0.01,4.0
arm_1192,20262121,0.24,0,0.0,0.0,0.0,0.0,0.0,0.0,0.0,0.0,0.0,0.0,15.459016393442623,0.0,False,,0.5,0.6,0.05,10.0,0.7,0.05,4.0
arm_1193,20262122,0.23,0,0.0,0.0,0.0,0.0,0.0,0.0,0.0,0.0,0.0,0.0,22.403225806451612,0.0,False,,0.5,0.6,0.05,10.0,0.7,0.1,4.0
arm_1194,20262123,0.25,0,0.0,0.0,0.0,0.0,0.0,0.0,0.0,0.0,0.0,0.0,84.74193548387096,0.0,False,,0.5,0.6,0.05,10.0,0.7,0.01,8.0
arm_1195,20262124,0.24,0,0.0,0.0,0.0,0.0,0.0,0.0,0.0,0.0,0.0,0.0,80.83870967741936,0.0,False,,0.5,0.6,0.05,10.0,0.7,0.05,8.0
arm_1196,20262125,0.24,0,0.0,0.0,0.0,0.0,0.0,0.0,0.0,0.0,0.0,0.0,59.58064516129032,0.0,False,,0.5,0.6,0.05,10.0,0.7,0.1,8.0
arm_1197,20262126,0.16,0,,,,,,,,,,,,,,no tail rows,0.5,0.6,0.1,10.0,0.7,0.01,2.0
arm_1198,20262127,0.16,0,,,,,,,,,,,,,,no tail rows,0.5,0.6,0.1,10.0,0.7,0.05,2.0
arm_1199,20262128,0.17,0,0.0,0.0,0.0,0.0,0.0,0.0,0.0,0.0,0.0,0.0,2.0,0.0,False,,0.5,0.6,0.1,10.0,0.7,0.1,2.0
arm_1200,20262129,0.22,0,0.0,0.0,0.0,0.0,0.0,0.0,0.0,0.0,0.0,0.0,7.129032258064516,0.0,False,,0.5,0.6,0.1,10.0,0.7,0.01,4.0
arm_1201,20262130,0.22,0,0.0,0.0,0.0,0.0,0.0,0.0,0.0,0.0,0.0,0.0,8.806451612903226,0.0,False,,0.5,0.6,0.1,10.0,0.7,0.05,4.0
arm_1202,20262131,0.22,0,0.0,0.0,0.0,0.0,0.0,0.0,0.0,0.0,0.0,0.0,15.790322580645162,0.0,False,,0.5,0.6,0.1,10.0,0.7,0.1,4.0
arm_1203,20262132,0.24,0,0.0,0.0,0.0,0.0,0.0,0.0,0.0,0.0,0.0,0.0,81.09677419354838,0.0,False,,0.5,0.6,0.1,10.0,0.7,0.01,8.0
arm_1204,20262133,0.25,0,0.0,0.0,0.0,0.0,0.0,0.0,0.0,0.0,0.0,0.0,103.80645161290323,0.0,False,,0.5,0.6,0.1,10.0,0.7,0.05,8.0
arm_1205,20262134,0.24,0,0.0,0.0,0.0,0.0,0.0,0.0,0.0,0.0,0.0,0.0,65.74193548387096,0.0,False,,0.5,0.6,0.1,10.0,0.7,0.1,8.0
arm_1206,20262135,0.18,0,,,,,,,,,,,,,,no tail rows,0.5,0.6,0.15,10.0,0.7,0.01,2.0
arm_1207,20262136,0.16,0,,,,,,,,,,,,,,no tail rows,0.5,0.6,0.15,10.0,0.7,0.05,2.0
arm_1208,20262137,0.14,0,,,,,,,,,,,,,,no tail rows,0.5,0.6,0.15,10.0,0.7,0.1,2.0
arm_1209,20262138,0.23,0,0.0,0.0,0.0,0.0,0.0,0.0,0.0,0.0,0.0,0.0,29.419354838709676,0.0,False,,0.5,0.6,0.15,10.0,0.7,0.01,4.0
arm_1210,20262139,0.24,0,0.0,0.0,0.0,0.0,0.0,0.0,0.0,0.0,0.0,0.0,16.838709677419356,0.0,False,,0.5,0.6,0.15,10.0,0.7,0.05,4.0
arm_1211,20262140,0.24,0,0.0,0.0,0.0,0.0,0.0,0.0,0.0,0.0,0.0,0.0,14.564516129032258,0.0,False,,0.5,0.6,0.15,10.0,0.7,0.1,4.0
arm_1212,20262141,0.24,0,0.0,0.0,0.0,0.0,0.0,0.0,0.0,0.0,0.0,0.0,66.58064516129032,0.0,False,,0.5,0.6,0.15,10.0,0.7,0.01,8.0
arm_1213,20262142,0.25,0,0.0,0.0,0.0,0.0,0.0,0.0,0.0,0.0,0.0,0.0,93.2258064516129,0.0,False,,0.5,0.6,0.15,10.0,0.7,0.05,8.0
arm_1214,20262143,0.24,0,0.0,0.0,0.0,0.0,0.0,0.0,0.0,0.0,0.0,0.0,76.53225806451613,0.0,False,,0.5,0.6,0.15,10.0,0.7,0.1,8.0
arm_1215,20262144,0.29,0,0.005681820000000001,0.0568182,0.0,0.0,5.0,11614.80112903226,232.29609677419356,2044205.4838709678,0.0,0.0,101.51612903225806,137.98387096774192,True,,0.1,1.0,0.05,10.0,0.3,0.01,2.0
arm_1216,20262145,0.27,0,0.0020202,0.020202,0.0,0.0,2.0,1588.1637096774193,31.76326935483871,786141.2419354839,0.0,0.0,43.95161290322581,21.225806451612904,False,,0.1,1.0,0.05,10.0,0.3,0.05,2.0
arm_1217,20262146,0.3,0,0.006130335717741936,0.0582524,0.0,0.0006779904838709677,6.306451612903226,13087.39193548387,261.74764516129034,2240541.4516129033,0.0,35842.27580645162,157.2258064516129,181.96774193548387,True,,0.1,1.0,0.05,10.0,0.3,0.1,2.0
arm_1218,20262147,0.33,0,0.002315556451612903,0.023155564516129032,0.0,0.0,2.338709677419355,6289.554193548387,125.79111774193548,2861609.0322580645,0.0,0.0,161.32258064516128,85.75806451612904,False,,0.1,1.0,0.05,10.0,0.3,0.01,4.0
arm_1219,20262148,0.37,0,0.00537634,0.0537634,0.0,0.0,5.0,10031.980483870968,200.6399193548387,1865950.322580645,0.0,0.0,215.67741935483872,125.95161290322581,True,,0.1,1.0,0.05,10.0,0.3,0.05,4.0
arm_1220,20262149,0.33,0,0.0070025207580645165,0.0681818,0.00033462741935483877,7.501870967741935e-05,6.193548387096774,2382.7756451612904,47.655529032258066,347471.12903225806,11947.435483870968,2389.4870967741936,81.8225806451613,28.338709677419356,False,,0.1,1.0,0.05,10.0,0.3,0.1,4.0
arm_1221,20262150,0.36,0,0.005128210000000001,0.051282100000000004,0.0,0.0,4.0,5143.522419354839,102.87044032258065,1002987.0483870967,0.0,0.0,209.24193548387098,54.16129032258065,False,,0.1,1.0,0.05,10.0,0.3,0.01,8.0
arm_1222,20262151,0.49,0,0.008618560241935483,0.0857143,0.0,0.00010473387096774195,9.048387096774194,17542.551612903226,350.8510806451613,2045001.7741935484,0.0,14336.90322580645,745.9516129032259,248.66129032258064,True,,0.1,1.0,0.05,10.0,0.3,0.05,8.0
arm_1223,20262152,0.43,0,0.004525201048387098,0.0430108,0.0004980467741935484,0.0,4.209677419354839,2723.3948387096775,54.46787580645161,629032.2258064516,16726.406451612904,0.0,273.38709677419354,34.193548387096776,False,,0.1,1.0,0.05,10.0,0.3,0.1,8.0
arm_1224,20262153,0.31,0,0.0,0.0,0.0,0.0,0.0,0.0,0.0,0.0,0.0,0.0,1.467741935483871,0.0,False,,0.1,1.0,0.1,10.0,0.3,0.01,2.0
arm_1225,20262154,0.26,0,0.0,0.0,0.0,0.0,0.0,0.0,0.0,0.0,0.0,0.0,1.6,0.0,False,,0.1,1.0,0.1,10.0,0.3,0.05,2.0
arm_1226,20262155,0.26,0,0.0,0.0,0.0,0.0,0.0,0.0,0.0,0.0,0.0,0.0,1.7222222222222223,0.0,False,,0.1,1.0,0.1,10.0,0.3,0.1,2.0
arm_1227,20262156,0.33,0,0.0,0.0,0.0,0.0,0.0,0.0,0.0,0.0,0.0,0.0,21.322580645161292,0.0,False,,0.1,1.0,0.1,10.0,0.3,0.01,4.0
arm_1228,20262157,0.33,0,0.0,0.0,0.0,0.0,0.0,0.0,0.0,0.0,0.0,0.0,20.258064516129032,0.0,False,,0.1,1.0,0.1,10.0,0.3,0.05,4.0
arm_1229,20262158,0.34,0,8.136834677419356e-05,0.0,0.0001808185483870968,0.0,0.08064516129032258,6.027290322580646,0.12054596774193548,0.0,5973.717741935484,0.0,26.596774193548388,0.08064516129032258,False,,0.1,1.0,0.1,10.0,0.3,0.1,4.0
arm_1230,20262159,0.4,0,0.0,0.0,0.0,0.0,0.0,0.0,0.0,0.0,0.0,0.0,123.29032258064517,0.0,False,,0.1,1.0,0.1,10.0,0.3,0.01,8.0
arm_1231,20262160,0.35,0,0.0,0.0,0.0,0.0,0.0,0.0,0.0,0.0,0.0,0.0,74.24193548387096,0.0,False,,0.1,1.0,0.1,10.0,0.3,0.05,8.0
arm_1232,20262161,0.42,0,0.0,0.0,0.0,0.0,0.0,0.0,0.0,0.0,0.0,0.0,135.33870967741936,0.0,False,,0.1,1.0,0.1,10.0,0.3,0.1,8.0
arm_1233,20262162,0.26,0,0.0,0.0,0.0,0.0,0.0,0.0,0.0,0.0,0.0,0.0,1.8148148148148149,0.0,False,,0.1,1.0,0.15,10.0,0.3,0.01,2.0
arm_1234,20262163,0.27,0,0.0,0.0,0.0,0.0,0.0,0.0,0.0,0.0,0.0,0.0,1.5416666666666667,0.0,False,,0.1,1.0,0.15,10.0,0.3,0.05,2.0
arm_1235,20262164,0.27,0,0.0,0.0,0.0,0.0,0.0,0.0,0.0,0.0,0.0,0.0,0.9777777777777777,0.0,False,,0.1,1.0,0.15,10.0,0.3,0.1,2.0
arm_1236,20262165,0.3,0,0.0,0.0,0.0,0.0,0.0,0.0,0.0,0.0,0.0,0.0,13.370967741935484,0.0,False,,0.1,1.0,0.15,10.0,0.3,0.01,4.0
arm_1237,20262166,0.3,0,0.0,0.0,0.0,0.0,0.0,0.0,0.0,0.0,0.0,0.0,17.35483870967742,0.0,False,,0.1,1.0,0.15,10.0,0.3,0.05,4.0
arm_1238,20262167,0.28,0,0.0,0.0,0.0,0.0,0.0,0.0,0.0,0.0,0.0,0.0,19.887096774193548,0.0,False,,0.1,1.0,0.15,10.0,0.3,0.1,4.0
arm_1239,20262168,0.34,0,0.0,0.0,0.0,0.0,0.0,0.0,0.0,0.0,0.0,0.0,114.98387096774194,0.0,False,,0.1,1.0,0.15,10.0,0.3,0.01,8.0
arm_1240,20262169,0.33,0,0.0,0.0,0.0,0.0,0.0,0.0,0.0,0.0,0.0,0.0,104.6774193548387,0.0,False,,0.1,1.0,0.15,10.0,0.3,0.05,8.0
arm_1241,20262170,0.32,0,0.0,0.0,0.0,0.0,0.0,0.0,0.0,0.0,0.0,0.0,73.19354838709677,0.0,False,,0.1,1.0,0.15,10.0,0.3,0.1,8.0
arm_1242,20262171,0.17,0,,,,,,,,,,,,,,no tail rows,0.3,1.0,0.05,10.0,0.3,0.01,2.0
arm_1243,20262172,0.26,0,0.0,0.0,0.0,0.0,0.0,0.0,0.0,0.0,0.0,0.0,2.2580645161290325,0.0,False,,0.3,1.0,0.05,10.0,0.3,0.05,2.0
arm_1244,20262173,0.26,0,0.0,0.0,0.0,0.0,0.0,0.0,0.0,0.0,0.0,0.0,3.8518518518518516,0.0,False,,0.3,1.0,0.05,10.0,0.3,0.1,2.0
arm_1245,20262174,0.28,0,0.0,0.0,0.0,0.0,0.0,0.0,0.0,0.0,0.0,0.0,13.403225806451612,0.0,False,,0.3,1.0,0.05,10.0,0.3,0.01,4.0
arm_1246,20262175,0.27,0,0.0,0.0,0.0,0.0,0.0,0.0,0.0,0.0,0.0,0.0,26.43548387096774,0.0,False,,0.3,1.0,0.05,10.0,0.3,0.05,4.0
arm_1247,20262176,0.27,0,0.0,0.0,0.0,0.0,0.0,0.0,0.0,0.0,0.0,0.0,16.032258064516128,0.0,False,,0.3,1.0,0.05,10.0,0.3,0.1,4.0
arm_1248,20262177,0.28,0,0.0,0.0,0.0,0.0,0.0,0.0,0.0,0.0,0.0,0.0,58.064516129032256,0.0,False,,0.3,1.0,0.05,10.0,0.3,0.01,8.0
arm_1249,20262178,0.3,0,0.0,0.0,0.0,0.0,0.0,0.0,0.0,0.0,0.0,0.0,105.40322580645162,0.0,False,,0.3,1.0,0.05,10.0,0.3,0.05,8.0
arm_1250,20262179,0.29,0,0.0,0.0,0.0,0.0,0.0,0.0,0.0,0.0,0.0,0.0,72.96774193548387,0.0,False,,0.3,1.0,0.05,10.0,0.3,0.1,8.0
arm_1251,20262180,0.22,0,0.0,0.0,0.0,0.0,0.0,0.0,0.0,0.0,0.0,0.0,2.75,0.0,False,,0.3,1.0,0.1,10.0,0.3,0.01,2.0
arm_1252,20262181,0.23,0,0.0,0.0,0.0,0.0,0.0,0.0,0.0,0.0,0.0,0.0,1.5,0.0,False,,0.3,1.0,0.1,10.0,0.3,0.05,2.0
arm_1253,20262182,0.2,0,,,,,,,,,,,,,,no tail rows,0.3,1.0,0.1,10.0,0.3,0.1,2.0
arm_1254,20262183,0.27,0,0.0,0.0,0.0,0.0,0.0,0.0,0.0,0.0,0.0,0.0,10.887096774193548,0.0,False,,0.3,1.0,0.1,10.0,0.3,0.01,4.0
arm_1255,20262184,0.27,0,0.0,0.0,0.0,0.0,0.0,0.0,0.0,0.0,0.0,0.0,22.06451612903226,0.0,False,,0.3,1.0,0.1,10.0,0.3,0.05,4.0
arm_1256,20262185,0.28,0,0.0,0.0,0.0,0.0,0.0,0.0,0.0,0.0,0.0,0.0,15.693548387096774,0.0,False,,0.3,1.0,0.1,10.0,0.3,0.1,4.0
arm_1257,20262186,0.31,0,0.0,0.0,0.0,0.0,0.0,0.0,0.0,0.0,0.0,0.0,85.46774193548387,0.0,False,,0.3,1.0,0.1,10.0,0.3,0.01,8.0
arm_1258,20262187,0.3,0,0.0,0.0,0.0,0.0,0.0,0.0,0.0,0.0,0.0,0.0,68.61290322580645,0.0,False,,0.3,1.0,0.1,10.0,0.3,0.05,8.0
arm_1259,20262188,0.32,0,0.0,0.0,0.0,0.0,0.0,0.0,0.0,0.0,0.0,0.0,98.64516129032258,0.0,False,,0.3,1.0,0.1,10.0,0.3,0.1,8.0
arm_1260,20262189,0.18,0,,,,,,,,,,,,,,no tail rows,0.3,1.0,0.15,10.0,0.3,0.01,2.0
arm_1261,20262190,0.17,0,,,,,,,,,,,,,,no tail rows,0.3,1.0,0.15,10.0,0.3,0.05,2.0
arm_1262,20262191,0.2,0,,,,,,,,,,,,,,no tail rows,0.3,1.0,0.15,10.0,0.3,0.1,2.0
arm_1263,20262192,0.25,0,0.0,0.0,0.0,0.0,0.0,0.0,0.0,0.0,0.0,0.0,8.758064516129032,0.0,False,,0.3,1.0,0.15,10.0,0.3,0.01,4.0
arm_1264,20262193,0.27,0,0.0,0.0,0.0,0.0,0.0,0.0,0.0,0.0,0.0,0.0,12.741935483870968,0.0,False,,0.3,1.0,0.15,10.0,0.3,0.05,4.0
arm_1265,20262194,0.29,0,0.0,0.0,0.0,0.0,0.0,0.0,0.0,0.0,0.0,0.0,14.96774193548387,0.0,False,,0.3,1.0,0.15,10.0,0.3,0.1,4.0
arm_1266,20262195,0.32,0,0.0,0.0,0.0,0.0,0.0,0.0,0.0,0.0,0.0,0.0,98.16129032258064,0.0,False,,0.3,1.0,0.15,10.0,0.3,0.01,8.0
arm_1267,20262196,0.29,0,0.0,0.0,0.0,0.0,0.0,0.0,0.0,0.0,0.0,0.0,67.61290322580645,0.0,False,,0.3,1.0,0.15,10.0,0.3,0.05,8.0
arm_1268,20262197,0.3,0,0.0,0.0,0.0,0.0,0.0,0.0,0.0,0.0,0.0,0.0,85.2741935483871,0.0,False,,0.3,1.0,0.15,10.0,0.3,0.1,8.0
arm_1269,20262198,0.19,0,,,,,,,,,,,,,,no tail rows,0.5,1.0,0.05,10.0,0.3,0.01,2.0
arm_1270,20262199,0.23,0,0.0,0.0,0.0,0.0,0.0,0.0,0.0,0.0,0.0,0.0,2.9166666666666665,0.0,False,,0.5,1.0,0.05,10.0,0.3,0.05,2.0
arm_1271,20262200,0.21,0,0.0,0.0,0.0,0.0,0.0,0.0,0.0,0.0,0.0,0.0,5.6,0.0,False,,0.5,1.0,0.05,10.0,0.3,0.1,2.0
arm_1272,20262201,0.25,0,0.0,0.0,0.0,0.0,0.0,0.0,0.0,0.0,0.0,0.0,12.936170212765957,0.0,False,,0.5,1.0,0.05,10.0,0.3,0.01,4.0
arm_1273,20262202,0.25,0,0.0,0.0,0.0,0.0,0.0,0.0,0.0,0.0,0.0,0.0,5.387096774193548,0.0,False,,0.5,1.0,0.05,10.0,0.3,0.05,4.0
arm_1274,20262203,0.27,0,0.0,0.0,0.0,0.0,0.0,0.0,0.0,0.0,0.0,0.0,11.983870967741936,0.0,False,,0.5,1.0,0.05,10.0,0.3,0.1,4.0
arm_1275,20262204,0.28,0,0.0,0.0,0.0,0.0,0.0,0.0,0.0,0.0,0.0,0.0,85.01612903225806,0.0,False,,0.5,1.0,0.05,10.0,0.3,0.01,8.0
arm_1276,20262205,0.28,0,0.0,0.0,0.0,0.0,0.0,0.0,0.0,0.0,0.0,0.0,88.37096774193549,0.0,False,,0.5,1.0,0.05,10.0,0.3,0.05,8.0
arm_1277,20262206,0.28,0,0.0,0.0,0.0,0.0,0.0,0.0,0.0,0.0,0.0,0.0,72.83870967741936,0.0,False,,0.5,1.0,0.05,10.0,0.3,0.1,8.0
arm_1278,20262207,0.19,0,0.0,0.0,0.0,0.0,0.0,0.0,0.0,0.0,0.0,0.0,0.8571428571428571,0.0,False,,0.5,1.0,0.1,10.0,0.3,0.01,2.0
arm_1279,20262208,0.14,0,,,,,,,,,,,,,,no tail rows,0.5,1.0,0.1,10.0,0.3,0.05,2.0
arm_1280,20262209,0.17,0,,,,,,,,,,,,,,no tail rows,0.5,1.0,0.1,10.0,0.3,0.1,2.0
arm_1281,20262210,0.26,0,0.0,0.0,0.0,0.0,0.0,0.0,0.0,0.0,0.0,0.0,11.274193548387096,0.0,False,,0.5,1.0,0.1,10.0,0.3,0.01,4.0
arm_1282,20262211,0.26,0,0.0,0.0,0.0,0.0,0.0,0.0,0.0,0.0,0.0,0.0,14.338709677419354,0.0,False,,0.5,1.0,0.1,10.0,0.3,0.05,4.0
arm_1283,20262212,0.26,0,0.0,0.0,0.0,0.0,0.0,0.0,0.0,0.0,0.0,0.0,6.661290322580645,0.0,False,,0.5,1.0,0.1,10.0,0.3,0.1,4.0
arm_1284,20262213,0.27,0,0.0,0.0,0.0,0.0,0.0,0.0,0.0,0.0,0.0,0.0,68.30645161290323,0.0,False,,0.5,1.0,0.1,10.0,0.3,0.01,8.0
arm_1285,20262214,0.28,0,0.0,0.0,0.0,0.0,0.0,0.0,0.0,0.0,0.0,0.0,77.91935483870968,0.0,False,,0.5,1.0,0.1,10.0,0.3,0.05,8.0
arm_1286,20262215,0.27,0,4.9599435483870967e-05,0.0,0.0,0.00011022096774193548,0.04838709677419355,3.6740370967741938,0.07348064516129031,0.0,0.0,3584.230645161291,89.43548387096774,0.04838709677419355,False,,0.5,1.0,0.1,10.0,0.3,0.1,8.0
arm_1287,20262216,0.2,0,0.0,0.0,0.0,0.0,0.0,0.0,0.0,0.0,0.0,0.0,0.6666666666666666,0.0,False,,0.5,1.0,0.15,10.0,0.3,0.01,2.0
arm_1288,20262217,0.25,0,0.0,0.0,0.0,0.0,0.0,0.0,0.0,0.0,0.0,0.0,4.0,0.0,False,,0.5,1.0,0.15,10.0,0.3,0.05,2.0
arm_1289,20262218,0.26,0,0.0,0.0,0.0,0.0,0.0,0.0,0.0,0.0,0.0,0.0,1.435483870967742,0.0,False,,0.5,1.0,0.15,10.0,0.3,0.1,2.0
arm_1290,20262219,0.25,0,0.0,0.0,0.0,0.0,0.0,0.0,0.0,0.0,0.0,0.0,21.580645161290324,0.0,False,,0.5,1.0,0.15,10.0,0.3,0.01,4.0
arm_1291,20262220,0.26,0,0.0,0.0,0.0,0.0,0.0,0.0,0.0,0.0,0.0,0.0,6.82258064516129,0.0,False,,0.5,1.0,0.15,10.0,0.3,0.05,4.0
arm_1292,20262221,0.26,0,0.0,0.0,0.0,0.0,0.0,0.0,0.0,0.0,0.0,0.0,13.596774193548388,0.0,False,,0.5,1.0,0.15,10.0,0.3,0.1,4.0
arm_1293,20262222,0.28,0,0.0,0.0,0.0,0.0,0.0,0.0,0.0,0.0,0.0,0.0,103.29032258064517,0.0,False,,0.5,1.0,0.15,10.0,0.3,0.01,8.0
arm_1294,20262223,0.28,0,4.754199193548388e-05,0.0,0.00010564887096774194,0.0,0.04838709677419355,5.869377419354838,0.11738725806451614,0.0,5973.712903225806,0.0,117.48387096774194,0.08064516129032258,False,,0.5,1.0,0.15,10.0,0.3,0.05,8.0
arm_1295,20262224,0.29,0,0.0,0.0,0.0,0.0,0.0,0.0,0.0,0.0,0.0,0.0,79.38709677419355,0.0,False,,0.5,1.0,0.15,10.0,0.3,0.1,8.0
arm_1296,20262225,0.32,0,0.0036730790322580652,0.03673079032258065,0.0,0.0,4.370967741935484,4925.554838709678,98.51100161290323,1354240.6451612904,0.0,0.0,76.96774193548387,79.12903225806451,False,,0.1,1.0,0.05,10.0,0.5,0.01,2.0
arm_1297,20262226,0.31,0,0.004404988064516129,0.044049880645161285,0.0,0.0,5.241935483870968,4291.035161290322,85.82070483870969,992115.2096774194,0.0,0.0,51.435483870967744,68.93548387096774,False,,0.1,1.0,0.05,10.0,0.5,0.05,2.0
arm_1298,20262227,0.3,0,0.0021739100000000003,0.0217391,0.0,0.0,2.0,2868.681935483871,57.373651612903224,1319594.064516129,0.0,0.0,50.53225806451613,35.62903225806452,False,,0.1,1.0,0.05,10.0,0.5,0.1,2.0
arm_1299,20262228,0.35,0,0.00392157,0.0392157,0.0,0.0,4.0,8053.974516129032,161.0795483870968,2053763.064516129,0.0,0.0,152.74193548387098,110.90322580645162,False,,0.1,1.0,0.05,10.0,0.5,0.01,4.0
arm_1300,20262229,0.33,0,0.00322581,0.0322581,0.0,0.0,3.0,5179.789677419355,103.5956,1605734.3548387096,0.0,0.0,124.91935483870968,65.03225806451613,False,,0.1,1.0,0.05,10.0,0.5,0.05,4.0
arm_1301,20262230,0.32,0,0.0012283507258064518,0.0108696,0.0,0.00031420161290322585,1.1451612903225807,2276.808548387097,45.53617096774194,2076463.3870967743,0.0,20310.614516129033,47.564516129032256,28.306451612903224,False,,0.1,1.0,0.05,10.0,0.5,0.1,4.0
arm_1302,20262231,0.37,0,0.003825291290322581,0.03825291290322581,0.0,0.0,4.32258064516129,7662.215161290323,153.24429032258067,2014616.1290322582,0.0,0.0,410.9193548387097,116.88709677419355,False,,0.1,1.0,0.05,10.0,0.5,0.01,8.0
arm_1303,20262232,0.36,0,0.0039604,0.039604,0.0,0.0,4.0,4252.576451612903,85.05152096774194,1073775.8548387096,0.0,0.0,214.96774193548387,57.983870967741936,False,,0.1,1.0,0.05,10.0,0.5,0.05,8.0
arm_1304,20262233,0.43,0,0.006405823467741937,0.06238586774193549,0.0,0.00037163709677419355,6.774193548387097,21224.13870967742,424.48288709677416,3418985.806451613,0.0,17921.140322580646,569.5,303.69354838709677,True,,0.1,1.0,0.05,10.0,0.5,0.1,8.0
arm_1305,20262234,0.28,0,0.0,0.0,0.0,0.0,0.0,0.0,0.0,0.0,0.0,0.0,2.161290322580645,0.0,False,,0.1,1.0,0.1,10.0,0.5,0.01,2.0
arm_1306,20262235,0.21,0,,,,,,,,,,,,,,no tail rows,0.1,1.0,0.1,10.0,0.5,0.05,2.0
arm_1307,20262236,0.27,0,0.0,0.0,0.0,0.0,0.0,0.0,0.0,0.0,0.0,0.0,0.9803921568627451,0.0,False,,0.1,1.0,0.1,10.0,0.5,0.1,2.0
arm_1308,20262237,0.3,0,0.0,0.0,0.0,0.0,0.0,0.0,0.0,0.0,0.0,0.0,15.629032258064516,0.0,False,,0.1,1.0,0.1,10.0,0.5,0.01,4.0
arm_1309,20262238,0.3,0,0.0,0.0,0.0,0.0,0.0,0.0,0.0,0.0,0.0,0.0,19.725806451612904,0.0,False,,0.1,1.0,0.1,10.0,0.5,0.05,4.0
arm_1310,20262239,0.33,0,3.299124193548388e-05,0.0,7.331387096774195e-05,0.0,0.03225806451612903,2.4437935483870965,0.0488758064516129,0.0,2389.4870967741936,0.0,35.41935483870968,0.03225806451612903,False,,0.1,1.0,0.1,10.0,0.5,0.1,4.0
arm_1311,20262240,0.33,0,0.0,0.0,0.0,0.0,0.0,0.0,0.0,0.0,0.0,0.0,96.43548387096774,0.0,False,,0.1,1.0,0.1,10.0,0.5,0.01,8.0
arm_1312,20262241,0.34,0,0.0,0.0,0.0,0.0,0.0,0.0,0.0,0.0,0.0,0.0,102.48387096774194,0.0,False,,0.1,1.0,0.1,10.0,0.5,0.05,8.0
arm_1313,20262242,0.38,0,0.0,0.0,0.0,0.0,0.0,0.0,0.0,0.0,0.0,0.0,135.38709677419354,0.0,False,,0.1,1.0,0.1,10.0,0.5,0.1,8.0
arm_1314,20262243,0.22,0,,,,,,,,,,,,,,no tail rows,0.1,1.0,0.15,10.0,0.5,0.01,2.0
arm_1315,20262244,0.2,0,,,,,,,,,,,,,,no tail rows,0.1,1.0,0.15,10.0,0.5,0.05,2.0
arm_1316,20262245,0.22,0,,,,,,,,,,,,,,no tail rows,0.1,1.0,0.15,10.0,0.5,0.1,2.0
arm_1317,20262246,0.31,0,0.0,0.0,0.0,0.0,0.0,0.0,0.0,0.0,0.0,0.0,22.887096774193548,0.0,False,,0.1,1.0,0.15,10.0,0.5,0.01,4.0
arm_1318,20262247,0.3,0,0.0,0.0,0.0,0.0,0.0,0.0,0.0,0.0,0.0,0.0,17.93548387096774,0.0,False,,0.1,1.0,0.15,10.0,0.5,0.05,4.0
arm_1319,20262248,0.33,0,0.0,0.0,0.0,0.0,0.0,0.0,0.0,0.0,0.0,0.0,14.516129032258064,0.0,False,,0.1,1.0,0.15,10.0,0.5,0.1,4.0
arm_1320,20262249,0.4,0,0.0,0.0,0.0,0.0,0.0,0.0,0.0,0.0,0.0,0.0,92.46774193548387,0.0,False,,0.1,1.0,0.15,10.0,0.5,0.01,8.0
arm_1321,20262250,0.36,0,0.0,0.0,0.0,0.0,0.0,0.0,0.0,0.0,0.0,0.0,88.96774193548387,0.0,False,,0.1,1.0,0.15,10.0,0.5,0.05,8.0
arm_1322,20262251,0.43,0,0.00022681422580645162,0.0,0.0005040316129032258,0.0,0.22580645161290322,24.00156774193548,0.4800314516129032,0.0,23894.853225806455,0.0,102.80645161290323,0.3225806451612903,False,,0.1,1.0,0.15,10.0,0.5,0.1,8.0
arm_1323,20262252,0.26,0,,,,,,,,,,,,,,no tail rows,0.3,1.0,0.05,10.0,0.5,0.01,2.0
arm_1324,20262253,0.32,0,0.0,0.0,0.0,0.0,0.0,0.0,0.0,0.0,0.0,0.0,3.6595744680851063,0.0,False,,0.3,1.0,0.05,10.0,0.5,0.05,2.0
arm_1325,20262254,0.17,0,,,,,,,,,,,,,,no tail rows,0.3,1.0,0.05,10.0,0.5,0.1,2.0
arm_1326,20262255,0.21,0,0.0,0.0,0.0,0.0,0.0,0.0,0.0,0.0,0.0,0.0,6.112903225806452,0.0,False,,0.3,1.0,0.05,10.0,0.5,0.01,4.0
arm_1327,20262256,0.31,0,0.0,0.0,0.0,0.0,0.0,0.0,0.0,0.0,0.0,0.0,12.0,0.0,False,,0.3,1.0,0.05,10.0,0.5,0.05,4.0
arm_1328,20262257,0.3,0,1.6570959677419355e-05,0.0,3.6824354838709676e-05,0.0,0.016129032258064516,1.227475806451613,0.024549516129032257,0.0,1194.7435483870968,0.0,16.967741935483872,0.016129032258064516,False,,0.3,1.0,0.05,10.0,0.5,0.1,4.0
arm_1329,20262258,0.28,0,0.0,0.0,0.0,0.0,0.0,0.0,0.0,0.0,0.0,0.0,88.51612903225806,0.0,False,,0.3,1.0,0.05,10.0,0.5,0.01,8.0
arm_1330,20262259,0.3,0,0.00017343064516129036,0.0017343064516129035,0.0,0.0,0.16129032258064516,12.846693548387098,0.25693387096774195,11947.435483870968,0.0,0.0,87.1774193548387,0.16129032258064516,False,,0.3,1.0,0.05,10.0,0.5,0.05,8.0
arm_1331,20262260,0.31,0,0.0,0.0,0.0,0.0,0.0,0.0,0.0,0.0,0.0,0.0,90.90322580645162,0.0,False,,0.3,1.0,0.05,10.0,0.5,0.1,8.0
arm_1332,20262261,0.2,0,,,,,,,,,,,,,,no tail rows,0.3,1.0,0.1,10.0,0.5,0.01,2.0
arm_1333,20262262,0.16,0,,,,,,,,,,,,,,no tail rows,0.3,1.0,0.1,10.0,0.5,0.05,2.0
arm_1334,20262263,0.19,0,,,,,,,,,,,,,,no tail rows,0.3,1.0,0.1,10.0,0.5,0.1,2.0
arm_1335,20262264,0.28,0,0.0,0.0,0.0,0.0,0.0,0.0,0.0,0.0,0.0,0.0,11.790322580645162,0.0,False,,0.3,1.0,0.1,10.0,0.5,0.01,4.0
arm_1336,20262265,0.28,0,0.0,0.0,0.0,0.0,0.0,0.0,0.0,0.0,0.0,0.0,26.774193548387096,0.0,False,,0.3,1.0,0.1,10.0,0.5,0.05,4.0
arm_1337,20262266,0.29,0,0.0,0.0,0.0,0.0,0.0,0.0,0.0,0.0,0.0,0.0,14.080645161290322,0.0,False,,0.3,1.0,0.1,10.0,0.5,0.1,4.0
arm_1338,20262267,0.32,0,0.0,0.0,0.0,0.0,0.0,0.0,0.0,0.0,0.0,0.0,74.41935483870968,0.0,False,,0.3,1.0,0.1,10.0,0.5,0.01,8.0
arm_1339,20262268,0.3,0,0.0,0.0,0.0,0.0,0.0,0.0,0.0,0.0,0.0,0.0,79.80645161290323,0.0,False,,0.3,1.0,0.1,10.0,0.5,0.05,8.0
arm_1340,20262269,0.29,0,0.0,0.0,0.0,0.0,0.0,0.0,0.0,0.0,0.0,0.0,74.51612903225806,0.0,False,,0.3,1.0,0.1,10.0,0.5,0.1,8.0
arm_1341,20262270,0.21,0,,,,,,,,,,,,,,no tail rows,0.3,1.0,0.15,10.0,0.5,0.01,2.0
arm_1342,20262271,0.19,0,,,,,,,,,,,,,,no tail rows,0.3,1.0,0.15,10.0,0.5,0.05,2.0
arm_1343,20262272,0.21,0,,,,,,,,,,,,,,no tail rows,0.3,1.0,0.15,10.0,0.5,0.1,2.0
arm_1344,20262273,0.3,0,0.0,0.0,0.0,0.0,0.0,0.0,0.0,0.0,0.0,0.0,5.951612903225806,0.0,False,,0.3,1.0,0.15,10.0,0.5,0.01,4.0
arm_1345,20262274,0.29,0,0.0,0.0,0.0,0.0,0.0,0.0,0.0,0.0,0.0,0.0,13.870967741935484,0.0,False,,0.3,1.0,0.15,10.0,0.5,0.05,4.0
arm_1346,20262275,0.32,0,0.0,0.0,0.0,0.0,0.0,0.0,0.0,0.0,0.0,0.0,13.64516129032258,0.0,False,,0.3,1.0,0.15,10.0,0.5,0.1,4.0
arm_1347,20262276,0.33,0,0.0,0.0,0.0,0.0,0.0,0.0,0.0,0.0,0.0,0.0,74.54838709677419,0.0,False,,0.3,1.0,0.15,10.0,0.5,0.01,8.0
arm_1348,20262277,0.34,0,0.0,0.0,0.0,0.0,0.0,0.0,0.0,0.0,0.0,0.0,87.37096774193549,0.0,False,,0.3,1.0,0.15,10.0,0.5,0.05,8.0
arm_1349,20262278,0.4,0,0.0,0.0,0.0,0.0,0.0,0.0,0.0,0.0,0.0,0.0,86.35483870967742,0.0,False,,0.3,1.0,0.15,10.0,0.5,0.1,8.0
arm_1350,20262279,0.26,0,0.0,0.0,0.0,0.0,0.0,0.0,0.0,0.0,0.0,0.0,0.8888888888888888,0.0,False,,0.5,1.0,0.05,10.0,0.5,0.01,2.0
arm_1351,20262280,0.22,0,,,,,,,,,,,,,,no tail rows,0.5,1.0,0.05,10.0,0.5,0.05,2.0
arm_1352,20262281,0.28,0,,,,,,,,,,,,,,no tail rows,0.5,1.0,0.05,10.0,0.5,0.1,2.0
arm_1353,20262282,0.35,0,0.0,0.0,0.0,0.0,0.0,0.0,0.0,0.0,0.0,0.0,4.82258064516129,0.0,False,,0.5,1.0,0.05,10.0,0.5,0.01,4.0
arm_1354,20262283,0.32,0,0.0,0.0,0.0,0.0,0.0,0.0,0.0,0.0,0.0,0.0,12.741935483870968,0.0,False,,0.5,1.0,0.05,10.0,0.5,0.05,4.0
arm_1355,20262284,0.35,0,0.0,0.0,0.0,0.0,0.0,0.0,0.0,0.0,0.0,0.0,16.370967741935484,0.0,False,,0.5,1.0,0.05,10.0,0.5,0.1,4.0
arm_1356,20262285,0.34,0,0.0,0.0,0.0,0.0,0.0,0.0,0.0,0.0,0.0,0.0,82.91935483870968,0.0,False,,0.5,1.0,0.05,10.0,0.5,0.01,8.0
arm_1357,20262286,0.32,0,0.0,0.0,0.0,0.0,0.0,0.0,0.0,0.0,0.0,0.0,90.04838709677419,0.0,False,,0.5,1.0,0.05,10.0,0.5,0.05,8.0
arm_1358,20262287,0.32,0,1.5344709677419357e-05,0.0,0.0,3.409935483870968e-05,0.016129032258064516,3.4099354838709677,0.06819887096774194,0.0,0.0,3584.2258064516127,67.41935483870968,0.04838709677419355,False,,0.5,1.0,0.05,10.0,0.5,0.1,8.0
arm_1359,20262288,0.17,0,,,,,,,,,,,,,,no tail rows,0.5,1.0,0.1,10.0,0.5,0.01,2.0
arm_1360,20262289,0.25,0,0.0,0.0,0.0,0.0,0.0,0.0,0.0,0.0,0.0,0.0,1.8636363636363635,0.0,False,,0.5,1.0,0.1,10.0,0.5,0.05,2.0
arm_1361,20262290,0.2,0,,,,,,,,,,,,,,no tail rows,0.5,1.0,0.1,10.0,0.5,0.1,2.0
arm_1362,20262291,0.29,0,0.0,0.0,0.0,0.0,0.0,0.0,0.0,0.0,0.0,0.0,20.612903225806452,0.0,False,,0.5,1.0,0.1,10.0,0.5,0.01,4.0
arm_1363,20262292,0.28,0,0.0,0.0,0.0,0.0,0.0,0.0,0.0,0.0,0.0,0.0,19.370967741935484,0.0,False,,0.5,1.0,0.1,10.0,0.5,0.05,4.0
arm_1364,20262293,0.27,0,0.0,0.0,0.0,0.0,0.0,0.0,0.0,0.0,0.0,0.0,19.129032258064516,0.0,False,,0.5,1.0,0.1,10.0,0.5,0.1,4.0
arm_1365,20262294,0.29,0,0.0,0.0,0.0,0.0,0.0,0.0,0.0,0.0,0.0,0.0,74.88709677419355,0.0,False,,0.5,1.0,0.1,10.0,0.5,0.01,8.0
arm_1366,20262295,0.3,0,0.0,0.0,0.0,0.0,0.0,0.0,0.0,0.0,0.0,0.0,108.37096774193549,0.0,False,,0.5,1.0,0.1,10.0,0.5,0.05,8.0
arm_1367,20262296,0.28,0,0.0,0.0,0.0,0.0,0.0,0.0,0.0,0.0,0.0,0.0,52.32258064516129,0.0,False,,0.5,1.0,0.1,10.0,0.5,0.1,8.0
arm_1368,20262297,0.26,0,0.0,0.0,0.0,0.0,0.0,0.0,0.0,0.0,0.0,0.0,1.0,0.0,False,,0.5,1.0,0.15,10.0,0.5,0.01,2.0
arm_1369,20262298,0.17,0,,,,,,,,,,,,,,no tail rows,0.5,1.0,0.15,10.0,0.5,0.05,2.0
arm_1370,20262299,0.17,0,,,,,,,,,,,,,,no tail rows,0.5,1.0,0.15,10.0,0.5,0.1,2.0
arm_1371,20262300,0.28,0,0.0,0.0,0.0,0.0,0.0,0.0,0.0,0.0,0.0,0.0,20.258064516129032,0.0,False,,0.5,1.0,0.15,10.0,0.5,0.01,4.0
arm_1372,20262301,0.28,0,0.0,0.0,0.0,0.0,0.0,0.0,0.0,0.0,0.0,0.0,15.112903225806452,0.0,False,,0.5,1.0,0.15,10.0,0.5,0.05,4.0
arm_1373,20262302,0.28,0,0.0,0.0,0.0,0.0,0.0,0.0,0.0,0.0,0.0,0.0,10.516129032258064,0.0,False,,0.5,1.0,0.15,10.0,0.5,0.1,4.0
arm_1374,20262303,0.29,0,0.0,0.0,0.0,0.0,0.0,0.0,0.0,0.0,0.0,0.0,69.61290322580645,0.0,False,,0.5,1.0,0.15,10.0,0.5,0.01,8.0
arm_1375,20262304,0.3,0,0.0,0.0,0.0,0.0,0.0,0.0,0.0,0.0,0.0,0.0,130.03225806451613,0.0,False,,0.5,1.0,0.15,10.0,0.5,0.05,8.0
arm_1376,20262305,0.29,0,0.0,0.0,0.0,0.0,0.0,0.0,0.0,0.0,0.0,0.0,89.62903225806451,0.0,False,,0.5,1.0,0.15,10.0,0.5,0.1,8.0
arm_1377,20262306,0.31,0,0.00659434935483871,0.06594349354838709,0.0,0.0,7.451612903225806,11577.381451612904,231.54756451612903,1755121.1290322582,0.0,0.0,209.1451612903226,176.61290322580646,True,,0.1,1.0,0.05,10.0,0.7,0.01,2.0
arm_1378,20262307,0.31,0,0.00551349564516129,0.0551349564516129,0.0,0.0,5.403225806451613,7600.029838709678,152.00058064516128,1391079.0322580645,0.0,0.0,106.51612903225806,100.54838709677419,False,,0.1,1.0,0.05,10.0,0.7,0.05,2.0
arm_1379,20262308,0.29,0,0.0019386762096774194,0.0190476,0.0,7.536935483870967e-05,2.032258064516129,3592.54935483871,71.85098709677419,1884110.0,0.0,3584.2274193548387,43.12903225806452,50.91935483870968,False,,0.1,1.0,0.05,10.0,0.7,0.1,2.0
arm_1380,20262309,0.33,0,0.00340909,0.0340909,0.0,0.0,3.0,6903.714677419355,138.07438709677422,2025089.3548387096,0.0,0.0,147.46774193548387,82.01612903225806,False,,0.1,1.0,0.05,10.0,0.7,0.01,4.0
arm_1381,20262310,0.33,0,0.0057520438709677425,0.05752043870967742,0.0,0.0,4.774193548387097,7794.6195161290325,155.89235483870968,1357885.9677419355,0.0,0.0,172.0,87.33870967741936,False,,0.1,1.0,0.05,10.0,0.7,0.05,4.0
arm_1382,20262311,0.36,0,0.011489251290322583,0.114583,0.0,6.878064516129032e-05,11.03225806451613,9796.596451612902,195.93196774193547,854675.9354838709,0.0,3584.2274193548387,283.03225806451616,126.96774193548387,False,,0.1,1.0,0.05,10.0,0.7,0.1,4.0
arm_1383,20262312,0.36,0,0.004,0.04,0.0,0.0,4.0,9943.840483870967,198.87691935483872,2485962.0967741935,0.0,0.0,398.11290322580646,134.24193548387098,False,,0.1,1.0,0.05,10.0,0.7,0.01,8.0
arm_1384,20262313,0.38,0,0.005279976774193548,0.05279976774193548,0.0,0.0,5.596774193548387,6607.154677419355,132.14309677419354,1265074.3548387096,0.0,0.0,366.0,94.54838709677419,False,,0.1,1.0,0.05,10.0,0.7,0.05,8.0
arm_1385,20262314,0.36,0,0.0023966600806451617,0.0238095,0.0,3.491129032258065e-05,2.0161290322580645,1008.1613870967742,20.16322580645161,422938.96774193546,0.0,1194.7435483870968,146.6290322580645,11.435483870967742,False,,0.1,1.0,0.05,10.0,0.7,0.1,8.0
arm_1386,20262315,0.28,0,0.0,0.0,0.0,0.0,0.0,0.0,0.0,0.0,0.0,0.0,4.887096774193548,0.0,False,,0.1,1.0,0.1,10.0,0.7,0.01,2.0
arm_1387,20262316,0.27,0,0.0,0.0,0.0,0.0,0.0,0.0,0.0,0.0,0.0,0.0,3.5483870967741935,0.0,False,,0.1,1.0,0.1,10.0,0.7,0.05,2.0
arm_1388,20262317,0.27,0,0.0,0.0,0.0,0.0,0.0,0.0,0.0,0.0,0.0,0.0,1.0566037735849056,0.0,False,,0.1,1.0,0.1,10.0,0.7,0.1,2.0
arm_1389,20262318,0.33,0,0.0,0.0,0.0,0.0,0.0,0.0,0.0,0.0,0.0,0.0,22.35483870967742,0.0,False,,0.1,1.0,0.1,10.0,0.7,0.01,4.0
arm_1390,20262319,0.32,0,0.0,0.0,0.0,0.0,0.0,0.0,0.0,0.0,0.0,0.0,17.951612903225808,0.0,False,,0.1,1.0,0.1,10.0,0.7,0.05,4.0
arm_1391,20262320,0.33,0,0.0,0.0,0.0,0.0,0.0,0.0,0.0,0.0,0.0,0.0,23.548387096774192,0.0,False,,0.1,1.0,0.1,10.0,0.7,0.1,4.0
arm_1392,20262321,0.33,0,0.0,0.0,0.0,0.0,0.0,0.0,0.0,0.0,0.0,0.0,87.69354838709677,0.0,False,,0.1,1.0,0.1,10.0,0.7,0.01,8.0
arm_1393,20262322,0.39,0,3.197380645161291e-05,0.0,0.0,7.105290322580645e-05,0.03225806451612903,2.3684322580645163,0.04736870967741935,0.0,0.0,2389.4870967741936,119.33870967741936,0.03225806451612903,False,,0.1,1.0,0.1,10.0,0.7,0.05,8.0
arm_1394,20262323,0.33,0,0.0007363277419354839,0.007363277419354839,0.0,0.0,0.6774193548387096,79.21678870967742,1.584334193548387,72879.29516129031,0.0,0.0,81.91935483870968,0.9838709677419355,False,,0.1,1.0,0.1,10.0,0.7,0.1,8.0
arm_1395,20262324,0.29,0,0.0,0.0,0.0,0.0,0.0,0.0,0.0,0.0,0.0,0.0,1.096774193548387,0.0,False,,0.1,1.0,0.15,10.0,0.7,0.01,2.0
arm_1396,20262325,0.25,0,0.0,0.0,0.0,0.0,0.0,0.0,0.0,0.0,0.0,0.0,1.9534883720930232,0.0,False,,0.1,1.0,0.15,10.0,0.7,0.05,2.0
arm_1397,20262326,0.25,0,0.0,0.0,0.0,0.0,0.0,0.0,0.0,0.0,0.0,0.0,2.925,0.0,False,,0.1,1.0,0.15,10.0,0.7,0.1,2.0
arm_1398,20262327,0.31,0,0.0,0.0,0.0,0.0,0.0,0.0,0.0,0.0,0.0,0.0,19.096774193548388,0.0,False,,0.1,1.0,0.15,10.0,0.7,0.01,4.0
arm_1399,20262328,0.31,0,0.0,0.0,0.0,0.0,0.0,0.0,0.0,0.0,0.0,0.0,18.85483870967742,0.0,False,,0.1,1.0,0.15,10.0,0.7,0.05,4.0
arm_1400,20262329,0.3,0,0.0,0.0,0.0,0.0,0.0,0.0,0.0,0.0,0.0,0.0,10.64516129032258,0.0,False,,0.1,1.0,0.15,10.0,0.7,0.1,4.0
arm_1401,20262330,0.36,0,3.20445e-05,0.0,0.0,7.121e-05,0.03225806451612903,2.373661290322581,0.047473225806451615,0.0,0.0,2389.4870967741936,113.85483870967742,0.03225806451612903,False,,0.1,1.0,0.15,10.0,0.7,0.01,8.0
arm_1402,20262331,0.38,0,0.0,0.0,0.0,0.0,0.0,0.0,0.0,0.0,0.0,0.0,105.25806451612904,0.0,False,,0.1,1.0,0.15,10.0,0.7,0.05,8.0
arm_1403,20262332,0.33,0,1.6237306451612903e-05,0.0,3.608290322580645e-05,0.0,0.016129032258064516,1.2027612903225806,0.02405516129032258,0.0,1194.7435483870968,0.0,77.87096774193549,0.016129032258064516,False,,0.1,1.0,0.15,10.0,0.7,0.1,8.0
arm_1404,20262333,0.21,0,,,,,,,,,,,,,,no tail rows,0.3,1.0,0.05,10.0,0.7,0.01,2.0
arm_1405,20262334,0.22,0,0.0,0.0,0.0,0.0,0.0,0.0,0.0,0.0,0.0,0.0,0.5,0.0,False,,0.3,1.0,0.05,10.0,0.7,0.05,2.0
arm_1406,20262335,0.21,0,,,,,,,,,,,,,,no tail rows,0.3,1.0,0.05,10.0,0.7,0.1,2.0
arm_1407,20262336,0.28,0,0.0,0.0,0.0,0.0,0.0,0.0,0.0,0.0,0.0,0.0,11.17741935483871,0.0,False,,0.3,1.0,0.05,10.0,0.7,0.01,4.0
arm_1408,20262337,0.29,0,0.0,0.0,0.0,0.0,0.0,0.0,0.0,0.0,0.0,0.0,20.14516129032258,0.0,False,,0.3,1.0,0.05,10.0,0.7,0.05,4.0
arm_1409,20262338,0.28,0,0.0,0.0,0.0,0.0,0.0,0.0,0.0,0.0,0.0,0.0,14.048387096774194,0.0,False,,0.3,1.0,0.05,10.0,0.7,0.1,4.0
arm_1410,20262339,0.32,0,0.0,0.0,0.0,0.0,0.0,0.0,0.0,0.0,0.0,0.0,97.09677419354838,0.0,False,,0.3,1.0,0.05,10.0,0.7,0.01,8.0
arm_1411,20262340,0.31,0,0.0,0.0,0.0,0.0,0.0,0.0,0.0,0.0,0.0,0.0,82.59677419354838,0.0,False,,0.3,1.0,0.05,10.0,0.7,0.05,8.0
arm_1412,20262341,0.3,0,0.0,0.0,0.0,0.0,0.0,0.0,0.0,0.0,0.0,0.0,73.16129032258064,0.0,False,,0.3,1.0,0.05,10.0,0.7,0.1,8.0
arm_1413,20262342,0.21,0,,,,,,,,,,,,,,no tail rows,0.3,1.0,0.1,10.0,0.7,0.01,2.0
arm_1414,20262343,0.26,0,0.0,0.0,0.0,0.0,0.0,0.0,0.0,0.0,0.0,0.0,4.040816326530612,0.0,False,,0.3,1.0,0.1,10.0,0.7,0.05,2.0
arm_1415,20262344,0.16,0,,,,,,,,,,,,,,no tail rows,0.3,1.0,0.1,10.0,0.7,0.1,2.0
arm_1416,20262345,0.28,0,0.0,0.0,0.0,0.0,0.0,0.0,0.0,0.0,0.0,0.0,12.693548387096774,0.0,False,,0.3,1.0,0.1,10.0,0.7,0.01,4.0
arm_1417,20262346,0.28,0,0.0,0.0,0.0,0.0,0.0,0.0,0.0,0.0,0.0,0.0,10.693548387096774,0.0,False,,0.3,1.0,0.1,10.0,0.7,0.05,4.0
arm_1418,20262347,0.29,0,0.0,0.0,0.0,0.0,0.0,0.0,0.0,0.0,0.0,0.0,12.741935483870968,0.0,False,,0.3,1.0,0.1,10.0,0.7,0.1,4.0
arm_1419,20262348,0.33,0,0.0,0.0,0.0,0.0,0.0,0.0,0.0,0.0,0.0,0.0,107.5,0.0,False,,0.3,1.0,0.1,10.0,0.7,0.01,8.0
arm_1420,20262349,0.3,0,0.0,0.0,0.0,0.0,0.0,0.0,0.0,0.0,0.0,0.0,94.88709677419355,0.0,False,,0.3,1.0,0.1,10.0,0.7,0.05,8.0
arm_1421,20262350,0.31,0,0.0,0.0,0.0,0.0,0.0,0.0,0.0,0.0,0.0,0.0,80.48387096774194,0.0,False,,0.3,1.0,0.1,10.0,0.7,0.1,8.0
arm_1422,20262351,0.26,0,0.0,0.0,0.0,0.0,0.0,0.0,0.0,0.0,0.0,0.0,1.9473684210526316,0.0,False,,0.3,1.0,0.15,10.0,0.7,0.01,2.0
arm_1423,20262352,0.22,0,0.0,0.0,0.0,0.0,0.0,0.0,0.0,0.0,0.0,0.0,0.75,0.0,False,,0.3,1.0,0.15,10.0,0.7,0.05,2.0
arm_1424,20262353,0.18,0,,,,,,,,,,,,,,no tail rows,0.3,1.0,0.15,10.0,0.7,0.1,2.0
arm_1425,20262354,0.28,0,0.0,0.0,0.0,0.0,0.0,0.0,0.0,0.0,0.0,0.0,8.419354838709678,0.0,False,,0.3,1.0,0.15,10.0,0.7,0.01,4.0
arm_1426,20262355,0.29,0,0.0,0.0,0.0,0.0,0.0,0.0,0.0,0.0,0.0,0.0,8.370967741935484,0.0,False,,0.3,1.0,0.15,10.0,0.7,0.05,4.0
arm_1427,20262356,0.27,0,1.6646951612903226e-05,0.0,0.0,3.699322580645161e-05,0.016129032258064516,2.466209677419355,0.049324193548387095,0.0,0.0,2389.483870967742,15.580645161290322,0.03225806451612903,False,,0.3,1.0,0.15,10.0,0.7,0.1,4.0
arm_1428,20262357,0.28,0,0.0,0.0,0.0,0.0,0.0,0.0,0.0,0.0,0.0,0.0,53.75806451612903,0.0,False,,0.3,1.0,0.15,10.0,0.7,0.01,8.0
arm_1429,20262358,0.31,0,0.0,0.0,0.0,0.0,0.0,0.0,0.0,0.0,0.0,0.0,81.69354838709677,0.0,False,,0.3,1.0,0.15,10.0,0.7,0.05,8.0
arm_1430,20262359,0.29,0,0.0,0.0,0.0,0.0,0.0,0.0,0.0,0.0,0.0,0.0,55.016129032258064,0.0,False,,0.3,1.0,0.15,10.0,0.7,0.1,8.0
arm_1431,20262360,0.24,0,0.0,0.0,0.0,0.0,0.0,0.0,0.0,0.0,0.0,0.0,1.9487179487179487,0.0,False,,0.5,1.0,0.05,10.0,0.7,0.01,2.0
arm_1432,20262361,0.2,0,,,,,,,,,,,,,,no tail rows,0.5,1.0,0.05,10.0,0.7,0.05,2.0
arm_1433,20262362,0.18,0,,,,,,,,,,,,,,no tail rows,0.5,1.0,0.05,10.0,0.7,0.1,2.0
arm_1434,20262363,0.27,0,1.649562096774194e-05,0.0,0.0,3.665693548387097e-05,0.016129032258064516,6.109483870967742,0.12218967741935484,0.0,0.0,5973.709677419355,20.887096774193548,0.08064516129032258,False,,0.5,1.0,0.05,10.0,0.7,0.01,4.0
arm_1435,20262364,0.28,0,0.0,0.0,0.0,0.0,0.0,0.0,0.0,0.0,0.0,0.0,9.693548387096774,0.0,False,,0.5,1.0,0.05,10.0,0.7,0.05,4.0
arm_1436,20262365,0.26,0,0.0,0.0,0.0,0.0,0.0,0.0,0.0,0.0,0.0,0.0,1.9193548387096775,0.0,False,,0.5,1.0,0.05,10.0,0.7,0.1,4.0
arm_1437,20262366,0.29,0,0.0,0.0,0.0,0.0,0.0,0.0,0.0,0.0,0.0,0.0,61.693548387096776,0.0,False,,0.5,1.0,0.05,10.0,0.7,0.01,8.0
arm_1438,20262367,0.27,0,0.0,0.0,0.0,0.0,0.0,0.0,0.0,0.0,0.0,0.0,41.04838709677419,0.0,False,,0.5,1.0,0.05,10.0,0.7,0.05,8.0
arm_1439,20262368,0.29,0,0.0,0.0,0.0,0.0,0.0,0.0,0.0,0.0,0.0,0.0,80.95161290322581,0.0,False,,0.5,1.0,0.05,10.0,0.7,0.1,8.0
arm_1440,20262369,0.2,0,0.0,0.0,0.0,0.0,0.0,0.0,0.0,0.0,0.0,0.0,0.5,0.0,False,,0.5,1.0,0.1,10.0,0.7,0.01,2.0
arm_1441,20262370,0.15,0,,,,,,,,,,,,,,no tail rows,0.5,1.0,0.1,10.0,0.7,0.05,2.0
arm_1442,20262371,0.22,0,0.0,0.0,0.0,0.0,0.0,0.0,0.0,0.0,0.0,0.0,0.9583333333333334,0.0,False,,0.5,1.0,0.1,10.0,0.7,0.1,2.0
arm_1443,20262372,0.26,0,0.0,0.0,0.0,0.0,0.0,0.0,0.0,0.0,0.0,0.0,5.020833333333333,0.0,False,,0.5,1.0,0.1,10.0,0.7,0.01,4.0
arm_1444,20262373,0.28,0,0.0,0.0,0.0,0.0,0.0,0.0,0.0,0.0,0.0,0.0,24.14516129032258,0.0,False,,0.5,1.0,0.1,10.0,0.7,0.05,4.0
arm_1445,20262374,0.27,0,0.0,0.0,0.0,0.0,0.0,0.0,0.0,0.0,0.0,0.0,18.129032258064516,0.0,False,,0.5,1.0,0.1,10.0,0.7,0.1,4.0
arm_1446,20262375,0.29,0,0.0,0.0,0.0,0.0,0.0,0.0,0.0,0.0,0.0,0.0,76.45161290322581,0.0,False,,0.5,1.0,0.1,10.0,0.7,0.01,8.0
arm_1447,20262376,0.3,0,0.0,0.0,0.0,0.0,0.0,0.0,0.0,0.0,0.0,0.0,107.11290322580645,0.0,False,,0.5,1.0,0.1,10.0,0.7,0.05,8.0
arm_1448,20262377,0.29,0,0.0,0.0,0.0,0.0,0.0,0.0,0.0,0.0,0.0,0.0,95.06451612903226,0.0,False,,0.5,1.0,0.1,10.0,0.7,0.1,8.0
arm_1449,20262378,0.12,0,,,,,,,,,,,,,,no tail rows,0.5,1.0,0.15,10.0,0.7,0.01,2.0
arm_1450,20262379,0.2,0,,,,,,,,,,,,,,no tail rows,0.5,1.0,0.15,10.0,0.7,0.05,2.0
arm_1451,20262380,0.14,0,,,,,,,,,,,,,,no tail rows,0.5,1.0,0.15,10.0,0.7,0.1,2.0
arm_1452,20262381,0.28,0,0.0,0.0,0.0,0.0,0.0,0.0,0.0,0.0,0.0,0.0,27.419354838709676,0.0,False,,0.5,1.0,0.15,10.0,0.7,0.01,4.0
arm_1453,20262382,0.27,0,0.0,0.0,0.0,0.0,0.0,0.0,0.0,0.0,0.0,0.0,6.0,0.0,False,,0.5,1.0,0.15,10.0,0.7,0.05,4.0
arm_1454,20262383,0.27,0,0.0,0.0,0.0,0.0,0.0,0.0,0.0,0.0,0.0,0.0,7.838709677419355,0.0,False,,0.5,1.0,0.15,10.0,0.7,0.1,4.0
arm_1455,20262384,0.29,0,0.0,0.0,0.0,0.0,0.0,0.0,0.0,0.0,0.0,0.0,57.225806451612904,0.0,False,,0.5,1.0,0.15,10.0,0.7,0.01,8.0
arm_1456,20262385,0.29,0,1.740541935483871e-05,0.0,0.0,3.8678709677419354e-05,0.016129032258064516,1.289291935483871,0.0257858064516129,0.0,0.0,1194.7435483870968,78.24193548387096,0.016129032258064516,False,,0.5,1.0,0.15,10.0,0.7,0.05,8.0
arm_1457,20262386,0.29,0,0.0,0.0,0.0,0.0,0.0,0.0,0.0,0.0,0.0,0.0,67.0,0.0,False,,0.5,1.0,0.15,10.0,0.7,0.1,8.0
arm_1458,20262387,0.22,0,0.00491457170967742,0.0481928,0.0002117593548387097,0.0,4.096774193548387,48378.354838709674,967.5661935483871,10037000.0,7168.461290322582,0.0,5.451612903225806,542.0967741935484,True,,0.1,0.2,0.05,30.0,0.3,0.01,2.0
arm_1459,20262388,0.21,0,0.0076087,0.076087,0.0,0.0,7.0,65962.8129032258,1319.2562903225805,8669398.387096774,0.0,0.0,23.983870967741936,819.258064516129,True,,0.1,0.2,0.05,30.0,0.3,0.05,2.0
arm_1460,20262389,0.21,0,0.007746851669354838,0.0666667,0.0021554941935483874,0.0002449095161290323,8.048387096774194,66393.90967741936,1327.875806451613,9947090.0,62126.664516129036,7168.461290322582,9.209677419354838,941.0483870967741,True,,0.1,0.2,0.05,30.0,0.3,0.1,2.0
arm_1461,20262390,0.23,0,0.0037037000000000003,0.037037,0.0,0.0,4.0,44191.11935483871,883.8223387096774,11931598.870967742,0.0,0.0,39.5,644.3064516129032,True,,0.1,0.2,0.05,30.0,0.3,0.01,4.0
arm_1462,20262391,0.29,0,0.00444444,0.0444444,0.0,0.0,4.0,42880.7,857.613,9648150.0,0.0,0.0,50.32258064516129,521.0,True,,0.1,0.2,0.05,30.0,0.3,0.05,4.0
arm_1463,20262392,0.24,0,0.004201540637096775,0.0373832,0.0009925548387096775,3.6824354838709676e-05,4.467741935483871,38918.820967741936,778.3762419354838,10393069.35483871,65710.80806451612,1194.7435483870968,43.5,562.1290322580645,True,,0.1,0.2,0.05,30.0,0.3,0.1,4.0
arm_1464,20262393,0.29,0,0.0053333865000000005,0.0412371,0.00268817,0.0,5.209677419354839,40078.58387096775,801.5716612903226,9684288.548387097,126642.68548387097,0.0,152.7258064516129,524.8870967741935,True,,0.1,0.2,0.05,30.0,0.3,0.01,8.0
arm_1465,20262394,0.26,0,0.00294118,0.0294118,0.0,0.0,3.0,29920.1,598.4019999999999,10172800.0,0.0,0.0,141.19354838709677,412.0,True,,0.1,0.2,0.05,30.0,0.3,0.05,8.0
arm_1466,20262395,0.29,0,0.005994376153225807,0.037037,0.001494055806451613,0.0035963356451612903,5.306451612903226,31663.435483870966,633.2685806451614,8502986.451612903,50179.22903225807,74472.34677419355,190.88709677419354,346.69354838709677,True,,0.1,0.2,0.05,30.0,0.3,0.1,8.0
arm_1467,20262396,0.22,0,0.010123437903225807,0.0909091,0.002294506451612903,0.0,9.096774193548388,87795.19516129032,1755.9020967741935,9646955.161290323,94384.68548387097,0.0,36.61290322580645,1043.241935483871,False,,0.1,0.2,0.1,30.0,0.3,0.01,2.0
arm_1468,20262397,0.22,0,0.007865170000000001,0.0786517,0.0,0.0,7.0,69210.53548387098,1384.2109677419355,8799624.677419355,0.0,0.0,29.016129032258064,831.5645161290323,True,,0.1,0.2,0.1,30.0,0.3,0.05,2.0
arm_1469,20262398,0.23,0,0.008909799451612903,0.0594059,0.006598243225806452,0.0,9.048387096774194,59965.198387096774,1199.3040322580646,9946636.290322581,287933.20967741933,0.0,64.64516129032258,817.8225806451613,True,,0.1,0.2,0.1,30.0,0.3,0.1,2.0
arm_1470,20262399,0.25,0,0.006604532540322582,0.0531915,0.0015237120967741937,0.0013326935483870968,6.290322580645161,51681.10161290322,1033.6204838709677,9688890.0,93189.90806451613,45400.245161290324,125.79032258064517,655.9354838709677,True,,0.1,0.2,0.1,30.0,0.3,0.01,4.0
arm_1471,20262400,0.28,0,0.004417312370967742,0.0438596,6.967193548387097e-05,0.0,5.032258064516129,41853.23225806451,837.0647580645161,9538830.0,16726.41935483871,0.0,152.0,644.0967741935484,True,,0.1,0.2,0.1,30.0,0.3,0.05,4.0
arm_1472,20262401,0.29,0,0.007095125620967742,0.0485437,0.003154908387096774,0.0018245485483870969,7.241935483870968,46516.52903225806,930.3306129032258,9545042.903225806,78853.06129032258,59737.174193548395,178.17741935483872,646.741935483871,True,,0.1,0.2,0.1,30.0,0.3,0.1,4.0
arm_1473,20262402,0.33,0,0.004658100822580646,0.0392157,0.0006879687096774193,0.0009487664516129033,4.741935483870968,39094.72096774194,781.8944516129033,9936664.032258065,53763.39032258065,74074.01129032258,342.241935483871,538.3064516129032,True,,0.1,0.2,0.1,30.0,0.3,0.01,8.0
arm_1474,20262403,0.32,0,0.0010778158387096774,0.00980392,0.00021649741935483868,0.0,1.096774193548387,8503.946451612903,170.07929032258065,8666670.0,7168.461290322582,0.0,177.91935483870967,117.09677419354838,False,,0.1,0.2,0.1,30.0,0.3,0.05,8.0
arm_1475,20262404,0.33,0,0.0014344169516129033,0.0,0.0030174561290322584,0.00017013709677419353,1.435483870967742,144.57006451612904,2.8914004838709677,0.0,99362.76774193549,5973.717741935484,177.19354838709677,1.9516129032258065,False,,0.1,0.2,0.1,30.0,0.3,0.1,8.0
arm_1476,20262405,0.25,0,0.005879695540322581,0.0446429,0.00314534564516129,0.0,6.387096774193548,38832.9564516129,776.6591935483872,8659259.032258065,88410.92258064516,0.0,112.88709677419355,586.8225806451613,True,,0.1,0.2,0.15,30.0,0.3,0.01,2.0
arm_1477,20262406,0.26,0,0.00769231,0.0769231,0.0,0.0,9.0,54169.86129032258,1083.3971612903226,7042081.935483871,0.0,0.0,154.2258064516129,855.6129032258065,True,,0.1,0.2,0.15,30.0,0.3,0.05,2.0
arm_1478,20262407,0.23,0,0.003256525161290323,0.032565251612903225,0.0,0.0,3.4193548387096775,10562.664999999999,211.2533548387097,3205993.5483870967,0.0,0.0,79.03225806451613,149.7258064516129,True,,0.1,0.2,0.15,30.0,0.3,0.1,2.0
arm_1479,20262408,0.32,0,0.007857715661290322,0.0776699,0.0002016125806451613,0.0,8.096774193548388,60834.11129032258,1216.6829032258063,7831092.903225807,10752.682258064517,0.0,448.80645161290323,845.9032258064516,True,,0.1,0.2,0.15,30.0,0.3,0.01,4.0
arm_1480,20262409,0.3,0,0.006486512016129032,0.05992766935483871,0.0010972112903225807,0.0,7.435483870967742,25080.209677419356,501.60424193548386,4176878.709677419,38231.7870967742,0.0,267.93548387096774,392.66129032258067,True,,0.1,0.2,0.15,30.0,0.3,0.05,4.0
arm_1481,20262410,0.29,0,0.004851397161290323,0.038835,0.0013115903225806452,0.0008392922580645162,4.967741935483871,18757.44193548387,375.14885483870967,4771505.483870967,88410.90322580645,137395.43548387097,149.6451612903226,260.7096774193548,True,,0.1,0.2,0.15,30.0,0.3,0.1,4.0
arm_1482,20262411,0.39,0,0.00408163,0.0408163,0.0,0.0,4.0,36969.995161290324,739.3995806451612,9057648.548387097,0.0,0.0,354.48387096774195,489.11290322580646,True,,0.1,0.2,0.15,30.0,0.3,0.01,8.0
arm_1483,20262412,0.41,0,0.006970492612903226,0.0619469,0.001724005806451613,0.0,7.725806451612903,51251.92580645161,1025.0386612903226,8258064.838709678,63918.708064516126,0.0,713.6290322580645,781.5967741935484,True,,0.1,0.2,0.15,30.0,0.3,0.05,8.0
arm_1484,20262413,0.34,0,0.005486322846774194,0.036036,0.003702916612903226,0.00048091193548387097,5.887096774193548,39602.11774193548,792.0422903225807,10934289.516129032,107526.83387096775,27479.070967741933,442.7741935483871,593.1451612903226,True,,0.1,0.2,0.15,30.0,0.3,0.1,8.0
arm_1485,20262414,0.22,0,0.004628159741935484,0.0430108,0.0007268438709677419,0.0,4.338709677419355,29356.25,587.1248870967743,6796893.70967742,126642.75,0.0,76.74193548387096,368.741935483871,True,,0.3,0.2,0.05,30.0,0.3,0.01,2.0
arm_1486,20262415,0.23,0,0.00851064,0.0851064,0.0,0.0,8.0,60434.93548387097,1208.6987096774194,7101105.483870967,0.0,0.0,57.693548387096776,766.9193548387096,True,,0.3,0.2,0.05,30.0,0.3,0.05,2.0
arm_1487,20262416,0.22,0,0.00392157,0.0392157,0.0,0.0,4.0,21797.03387096774,435.9406935483871,5558243.870967742,0.0,0.0,67.14516129032258,300.14516129032256,True,,0.3,0.2,0.05,30.0,0.3,0.1,2.0
arm_1488,20262417,0.22,0,0.005539194209677419,0.0526316,0.0006134093548387096,0.0,5.274193548387097,46993.42741935484,939.8685,8922580.64516129,32258.050000000003,0.0,54.12903225806452,602.7096774193549,True,,0.3,0.2,0.05,30.0,0.3,0.01,4.0
arm_1489,20262418,0.22,0,0.0019161822580645164,0.019161822580645162,0.0,0.0,2.2419354838709675,13476.08548387097,269.5218387096774,7281162.580645162,0.0,0.0,127.41935483870968,212.8548387096774,True,,0.3,0.2,0.05,30.0,0.3,0.05,4.0
arm_1490,20262419,0.22,0,0.005783057258064516,0.054579467741935485,0.00011888709677419355,0.0006035806451612904,6.451612903225806,44716.772580645156,894.3354354838709,8210104.516129033,11947.41935483871,22700.12419354839,161.70967741935485,676.0645161290323,True,,0.3,0.2,0.05,30.0,0.3,0.1,4.0
arm_1491,20262420,0.24,0,0.0034188000000000005,0.034188,0.0,0.0,4.0,34378.0,687.559,10055600.0,0.0,0.0,174.32258064516128,543.0,True,,0.3,0.2,0.05,30.0,0.3,0.01,8.0
arm_1492,20262421,0.24,0,0.004504500000000001,0.045045,0.0,0.0,5.0,27740.656451612904,554.8129193548386,6158421.612903226,0.0,0.0,319.741935483871,415.69354838709677,True,,0.3,0.2,0.05,30.0,0.3,0.05,8.0
arm_1493,20262422,0.25,0,0.006809910596774194,0.0595238,0.001768062258064516,0.00013756129032258064,5.854838709677419,54174.61451612903,1083.4924516129033,9033930.161290323,388291.6048387097,10752.677419354839,464.2258064516129,615.1774193548387,True,,0.3,0.2,0.05,30.0,0.3,0.1,8.0
arm_1494,20262423,0.19,0,0.0014857763145161291,0.0119048,0.0,0.0006562140322580644,1.3064516129032258,242.33223548387096,4.846647580645161,185185.09677419355,0.0,22700.12741935484,5.935483870967742,2.806451612903226,False,,0.3,0.2,0.1,30.0,0.3,0.01,2.0
arm_1495,20262424,0.2,0,0.0024372735483870972,0.02437273548387097,0.0,0.0,2.193548387096774,1181.468677419355,23.629360967741935,491835.9193548387,0.0,0.0,23.225806451612904,14.35483870967742,False,,0.3,0.2,0.1,30.0,0.3,0.05,2.0
arm_1496,20262425,0.15,0,0.0,0.0,0.0,0.0,0.0,0.0,0.0,0.0,0.0,0.0,0.9090909090909091,0.0,False,,0.3,0.2,0.1,30.0,0.3,0.1,2.0
arm_1497,20262426,0.21,0,0.0018018,0.018018,0.0,0.0,2.0,1534.8679032258065,30.697366129032257,851851.9677419355,0.0,0.0,70.96774193548387,23.0,False,,0.3,0.2,0.1,30.0,0.3,0.01,4.0
arm_1498,20262427,0.2,0,0.0014919380483870968,0.014919380483870967,0.0,0.0,1.7903225806451613,191.15904838709676,3.8231775806451616,130226.88064516129,0.0,0.0,40.25806451612903,3.096774193548387,False,,0.3,0.2,0.1,30.0,0.3,0.05,4.0
arm_1499,20262428,0.2,0,0.001895894814516129,0.01716482064516129,0.0,0.00039869499999999996,2.0483870967741935,448.51337096774193,8.970275483870967,245519.48387096773,0.0,48984.420967741935,53.45161290322581,6.532258064516129,False,,0.3,0.2,0.1,30.0,0.3,0.1,4.0
arm_1500,20262429,0.26,0,0.00151515,0.0151515,0.0,0.0,1.5,378.9387790322581,7.578774516129033,260055.71129032256,0.0,0.0,261.64516129032256,5.064516129032258,False,,0.3,0.2,0.1,30.0,0.3,0.01,8.0
arm_1501,20262430,0.24,0,0.0019417500000000001,0.0194175,0.0,0.0,2.0,1977.7057258064517,39.554117741935485,1018518.8870967742,0.0,0.0,163.93548387096774,27.5,False,,0.3,0.2,0.1,30.0,0.3,0.05,8.0
arm_1502,20262431,0.24,0,0.0012594459838709679,0.00961538,7.012612903225806e-05,0.0005918916129032258,1.2903225806451613,104.7803129032258,2.0956025806451613,86021.50322580646,2389.4870967741936,19115.89677419355,134.30645161290323,1.4516129032258065,False,,0.3,0.2,0.1,30.0,0.3,0.1,8.0
arm_1503,20262432,0.18,0,0.0,0.0,0.0,0.0,0.0,0.0,0.0,0.0,0.0,0.0,1.5833333333333333,0.0,False,,0.3,0.2,0.15,30.0,0.3,0.01,2.0
arm_1504,20262433,0.14,0,,,,,,,,,,,,,,no tail rows,0.3,0.2,0.15,30.0,0.3,0.05,2.0
arm_1505,20262434,0.19,0,0.0,0.0,0.0,0.0,0.0,0.0,0.0,0.0,0.0,0.0,0.9767441860465116,0.0,False,,0.3,0.2,0.15,30.0,0.3,0.1,2.0
arm_1506,20262435,0.2,0,0.0,0.0,0.0,0.0,0.0,0.0,0.0,0.0,0.0,0.0,17.306451612903224,0.0,False,,0.3,0.2,0.15,30.0,0.3,0.01,4.0
arm_1507,20262436,0.21,0,7.012625806451613e-05,0.0,0.0,0.00015583612903225807,0.06451612903225806,5.194535483870967,0.10389096774193547,0.0,0.0,4778.974193548387,26.580645161290324,0.06451612903225806,False,,0.3,0.2,0.15,30.0,0.3,0.05,4.0
arm_1508,20262437,0.2,0,0.0,0.0,0.0,0.0,0.0,0.0,0.0,0.0,0.0,0.0,30.306451612903224,0.0,False,,0.3,0.2,0.15,30.0,0.3,0.1,4.0
arm_1509,20262438,0.23,0,0.0,0.0,0.0,0.0,0.0,0.0,0.0,0.0,0.0,0.0,127.14516129032258,0.0,False,,0.3,0.2,0.15,30.0,0.3,0.01,8.0
arm_1510,20262439,0.24,0,0.00032044500000000004,0.0,0.0007121,0.0,0.3225806451612903,60.528387096774196,1.2105672580645161,0.0,60931.858064516135,0.0,178.51612903225808,0.8225806451612904,False,,0.3,0.2,0.15,30.0,0.3,0.05,8.0
arm_1511,20262440,0.23,0,0.0,0.0,0.0,0.0,0.0,0.0,0.0,0.0,0.0,0.0,116.45161290322581,0.0,False,,0.3,0.2,0.15,30.0,0.3,0.1,8.0
arm_1512,20262441,0.19,0,0.0024280290322580647,0.024280290322580646,0.0,0.0,2.2580645161290325,3856.579516129032,77.13152903225807,1672640.3709677418,0.0,0.0,20.20967741935484,48.41935483870968,False,,0.5,0.2,0.05,30.0,0.3,0.01,2.0
arm_1513,20262442,0.16,0,0.0,0.0,0.0,0.0,0.0,0.0,0.0,0.0,0.0,0.0,2.88,0.0,False,,0.5,0.2,0.05,30.0,0.3,0.05,2.0
arm_1514,20262443,0.18,0,0.002108286935483871,0.0206186,0.0,0.00010317096774193547,2.0483870967741935,3158.955080645161,63.17908870967742,1529868.7096774194,0.0,4778.970967741936,55.82258064516129,41.37096774193548,False,,0.5,0.2,0.05,30.0,0.3,0.1,2.0
arm_1515,20262444,0.21,0,0.0012733464838709679,0.012733464838709678,0.0,0.0,1.4516129032258065,559.643,11.192860161290321,388291.46774193546,0.0,0.0,92.64516129032258,8.612903225806452,False,,0.5,0.2,0.05,30.0,0.3,0.01,4.0
arm_1516,20262445,0.21,0,0.00557563629032258,0.0557563629032258,0.0,0.0,6.467741935483871,25531.458064516126,510.6290806451613,4657643.548387097,0.0,0.0,345.48387096774195,399.8225806451613,True,,0.5,0.2,0.05,30.0,0.3,0.05,4.0
arm_1517,20262446,0.18,0,0.0,0.0,0.0,0.0,0.0,0.0,0.0,0.0,0.0,0.0,17.85483870967742,0.0,False,,0.5,0.2,0.05,30.0,0.3,0.1,4.0
arm_1518,20262447,0.22,0,0.0060857990322580645,0.06085799032258064,0.0,0.0,5.903225806451613,26324.998387096774,526.4999032258064,4365869.677419355,0.0,0.0,402.98387096774195,344.7258064516129,True,,0.5,0.2,0.05,30.0,0.3,0.01,8.0
arm_1519,20262448,0.23,0,0.0018181800000000002,0.0181818,0.0,0.0,2.0,1110.0244032258065,22.200477580645163,610513.4193548387,0.0,0.0,220.0,16.483870967741936,False,,0.5,0.2,0.05,30.0,0.3,0.05,8.0
arm_1520,20262449,0.21,0,0.002032073112903226,0.0185185,0.0,0.0004004958064516129,2.1774193548387095,1793.6051612903227,35.8721064516129,912186.4032258064,0.0,102747.82258064517,229.53225806451613,26.016129032258064,False,,0.5,0.2,0.05,30.0,0.3,0.1,8.0
arm_1521,20262450,0.14,0,,,,,,,,,,,,,,no tail rows,0.5,0.2,0.1,30.0,0.3,0.01,2.0
arm_1522,20262451,0.18,0,0.0,0.0,0.0,0.0,0.0,0.0,0.0,0.0,0.0,0.0,3.0,0.0,False,,0.5,0.2,0.1,30.0,0.3,0.05,2.0
arm_1523,20262452,0.18,0,0.0,0.0,0.0,0.0,0.0,0.0,0.0,0.0,0.0,0.0,6.0,0.0,False,,0.5,0.2,0.1,30.0,0.3,0.1,2.0
arm_1524,20262453,0.18,0,0.0,0.0,0.0,0.0,0.0,0.0,0.0,0.0,0.0,0.0,12.709677419354838,0.0,False,,0.5,0.2,0.1,30.0,0.3,0.01,4.0
arm_1525,20262454,0.18,0,0.0,0.0,0.0,0.0,0.0,0.0,0.0,0.0,0.0,0.0,10.870967741935484,0.0,False,,0.5,0.2,0.1,30.0,0.3,0.05,4.0
arm_1526,20262455,0.18,0,0.0002115577016129032,0.0,0.0004701282258064516,0.0,0.20967741935483872,38.57468387096774,0.7714933870967742,0.0,38231.75161290323,0.0,10.306451612903226,0.5161290322580645,False,,0.5,0.2,0.1,30.0,0.3,0.1,4.0
arm_1527,20262456,0.21,0,0.0,0.0,0.0,0.0,0.0,0.0,0.0,0.0,0.0,0.0,95.48387096774194,0.0,False,,0.5,0.2,0.1,30.0,0.3,0.01,8.0
arm_1528,20262457,0.2,0,0.0,0.0,0.0,0.0,0.0,0.0,0.0,0.0,0.0,0.0,95.80645161290323,0.0,False,,0.5,0.2,0.1,30.0,0.3,0.05,8.0
arm_1529,20262458,0.21,0,0.0,0.0,0.0,0.0,0.0,0.0,0.0,0.0,0.0,0.0,89.38709677419355,0.0,False,,0.5,0.2,0.1,30.0,0.3,0.1,8.0
arm_1530,20262459,0.14,0,,,,,,,,,,,,,,no tail rows,0.5,0.2,0.15,30.0,0.3,0.01,2.0
arm_1531,20262460,0.15,0,0.0,0.0,0.0,0.0,0.0,0.0,0.0,0.0,0.0,0.0,0.75,0.0,False,,0.5,0.2,0.15,30.0,0.3,0.05,2.0
arm_1532,20262461,0.14,0,,,,,,,,,,,,,,no tail rows,0.5,0.2,0.15,30.0,0.3,0.1,2.0
arm_1533,20262462,0.19,0,0.0,0.0,0.0,0.0,0.0,0.0,0.0,0.0,0.0,0.0,22.0,0.0,False,,0.5,0.2,0.15,30.0,0.3,0.01,4.0
arm_1534,20262463,0.18,0,0.0,0.0,0.0,0.0,0.0,0.0,0.0,0.0,0.0,0.0,9.774193548387096,0.0,False,,0.5,0.2,0.15,30.0,0.3,0.05,4.0
arm_1535,20262464,0.19,0,0.000294664870967742,0.0029466487096774193,0.0,0.0,0.3064516129032258,21.827046774193544,0.4365403225806452,22700.12741935484,0.0,0.0,10.435483870967742,0.3064516129032258,False,,0.5,0.2,0.15,30.0,0.3,0.1,4.0
arm_1536,20262465,0.21,0,0.0,0.0,0.0,0.0,0.0,0.0,0.0,0.0,0.0,0.0,95.79032258064517,0.0,False,,0.5,0.2,0.15,30.0,0.3,0.01,8.0
arm_1537,20262466,0.19,0,0.00024974012903225805,0.0,0.000554978064516129,0.0,0.25806451612903225,85.55898709677419,1.7111779032258065,0.0,88410.9870967742,0.0,55.435483870967744,1.1935483870967742,False,,0.5,0.2,0.15,30.0,0.3,0.05,8.0
arm_1538,20262467,0.21,0,0.00011815446774193546,0.0,0.0,0.0002625654838709677,0.11290322580645161,48.76222580645161,0.9752429032258064,0.0,0.0,46595.01612903226,98.59677419354838,0.6290322580645161,False,,0.5,0.2,0.15,30.0,0.3,0.1,8.0
arm_1539,20262468,0.21,0,0.0033333300000000007,0.0333333,0.0,0.0,3.0,35061.7,701.235,10518500.0,0.0,0.0,0.967741935483871,426.0,True,,0.1,0.2,0.05,30.0,0.5,0.01,2.0
arm_1540,20262469,0.22,0,0.00243902,0.0243902,0.0,0.0,2.0,25022.6,500.452,10259300.0,0.0,0.0,0.2903225806451613,277.0,True,,0.1,0.2,0.05,30.0,0.5,0.05,2.0
arm_1541,20262470,0.2,0,0.00361446,0.0361446,0.0,0.0,3.0,38286.5,765.73,10592600.0,0.0,0.0,1.0,429.0,True,,0.1,0.2,0.05,30.0,0.5,0.1,2.0
arm_1542,20262471,0.27,0,0.004486751306451613,0.0430108,0.0004126029032258064,0.0,4.17741935483871,35094.22419354838,701.8849032258065,8156211.935483871,13142.179032258065,0.0,69.6774193548387,440.61290322580646,True,,0.1,0.2,0.05,30.0,0.5,0.01,4.0
arm_1543,20262472,0.25,0,0.007547170000000001,0.0754717,0.0,0.0,8.0,67959.46451612902,1359.189193548387,9004628.548387097,0.0,0.0,20.79032258064516,972.5,True,,0.1,0.2,0.05,30.0,0.5,0.05,4.0
arm_1544,20262473,0.24,0,0.005520165225806452,0.0550459,3.46116129032258e-05,0.0,6.016129032258065,42989.98064516129,859.7997096774194,7809636.935483871,1194.7435483870968,0.0,30.532258064516128,632.5967741935484,True,,0.1,0.2,0.05,30.0,0.5,0.1,4.0
arm_1545,20262474,0.28,0,0.0031914900000000004,0.0319149,0.0,0.0,3.0,31442.1,628.842,9851850.0,0.0,0.0,151.9516129032258,399.0,True,,0.1,0.2,0.05,30.0,0.5,0.01,8.0
arm_1546,20262475,0.29,0,0.0079723155,0.0697674,0.0,0.00221239,7.0,68924.63387096774,1378.489193548387,9864200.0,0.0,105137.3629032258,164.48387096774192,800.4193548387096,True,,0.1,0.2,0.05,30.0,0.5,0.05,8.0
arm_1547,20262476,0.29,0,0.009093470032258065,0.0789474,0.002663844516129032,0.0,10.17741935483871,72544.38225806452,1450.8875806451613,9169385.161290323,105137.30645161291,0.0,174.74193548387098,1116.1290322580646,True,,0.1,0.2,0.05,30.0,0.5,0.1,8.0
arm_1548,20262477,0.23,0,0.00714286,0.0714286,0.0,0.0,7.0,70899.5,1417.99,9925930.0,0.0,0.0,15.693548387096774,938.0,True,,0.1,0.2,0.1,30.0,0.5,0.01,2.0
arm_1549,20262478,0.21,0,0.0021978,0.021978,0.0,0.0,2.0,18791.58387096774,375.8317096774193,8550183.870967742,0.0,0.0,22.403225806451612,230.8548387096774,True,,0.1,0.2,0.1,30.0,0.5,0.05,2.0
arm_1550,20262479,0.24,0,0.009598169354838709,0.0943396,0.0003649096774193549,0.0,10.161290322580646,75486.82258064517,1509.7362903225805,7999282.741935484,21505.359677419354,0.0,79.40322580645162,1080.1935483870968,True,,0.1,0.2,0.1,30.0,0.5,0.1,2.0
arm_1551,20262480,0.26,0,0.0033333300000000007,0.0333333,0.0,0.0,3.0,31934.2,638.683,9580250.0,0.0,0.0,50.096774193548384,388.0,True,,0.1,0.2,0.1,30.0,0.5,0.01,4.0
arm_1552,20262481,0.23,0,0.00108696,0.0108696,0.0,0.0,1.0,10144.9,202.899,9333330.0,0.0,0.0,41.903225806451616,126.0,True,,0.1,0.2,0.1,30.0,0.5,0.05,4.0
arm_1553,20262482,0.24,0,0.0029999037096774196,0.0280374,0.0,0.0004359193548387097,3.193548387096774,28680.99193548387,573.6206290322581,10222200.0,0.0,20310.625806451615,32.53225806451613,414.2741935483871,True,,0.1,0.2,0.1,30.0,0.5,0.1,4.0
arm_1554,20262483,0.29,0,0.0074074100000000006,0.0740741,0.0,0.0,8.0,68458.75483870968,1369.1766129032258,9241934.838709677,0.0,0.0,462.2096774193548,998.1290322580645,True,,0.1,0.2,0.1,30.0,0.5,0.01,8.0
arm_1555,20262484,0.32,0,0.006464811451612904,0.0612245,0.0007608032258064516,0.0,6.32258064516129,59172.432258064524,1183.4498387096774,9660694.838709677,23894.870967741936,0.0,441.9193548387097,782.8387096774194,True,,0.1,0.2,0.1,30.0,0.5,0.05,8.0
arm_1556,20262485,0.29,0,0.0073016461693548385,0.0722892,0.0,0.00016161370967741936,6.080645161290323,59366.48387096774,1187.3301612903226,8211469.193548387,0.0,7168.4580645161295,277.2258064516129,665.2258064516129,True,,0.1,0.2,0.1,30.0,0.5,0.1,8.0
arm_1557,20262486,0.24,0,0.00564516,0.0564516,0.0,0.0,7.0,31055.606451612904,621.1122580645161,5501280.645161291,0.0,0.0,183.53225806451613,519.8709677419355,True,,0.1,0.2,0.15,30.0,0.5,0.01,2.0
arm_1558,20262487,0.24,0,0.009270186,0.0756303,0.002797149193548387,0.000996530806451613,10.67741935483871,53825.26129032258,1076.505370967742,7037700.645161291,313619.9225806451,197132.74677419357,183.8548387096774,863.016129032258,True,,0.1,0.2,0.15,30.0,0.5,0.05,2.0
arm_1559,20262488,0.25,0,0.011457550935483873,0.102804,0.000811988064516129,0.0018039029032258067,12.17741935483871,59748.51935483871,1194.9704838709677,5795047.903225807,26284.35806451613,148148.11612903225,110.1774193548387,862.9193548387096,False,,0.1,0.2,0.15,30.0,0.5,0.1,2.0
arm_1560,20262489,0.26,0,0.00549451,0.0549451,0.0,0.0,5.0,40535.8870967742,810.7187419354839,7377538.870967742,0.0,0.0,230.24193548387098,497.98387096774195,True,,0.1,0.2,0.15,30.0,0.5,0.01,4.0
arm_1561,20262490,0.25,0,0.0036036,0.036036,0.0,0.0,4.0,24300.659677419353,486.0128387096774,6743429.354838709,0.0,0.0,105.62903225806451,364.14516129032256,True,,0.1,0.2,0.15,30.0,0.5,0.05,4.0
arm_1562,20262491,0.28,0,0.009219464370967743,0.0869565,0.00023920129032258068,0.0009248306451612904,8.516129032258064,57718.55483870968,1154.3706451612902,6627837.096774193,14336.906451612902,69295.04677419356,264.5806451612903,716.9354838709677,True,,0.1,0.2,0.15,30.0,0.5,0.1,4.0
arm_1563,20262492,0.29,0,0.0038461500000000004,0.0384615,0.0,0.0,4.0,26213.125806451615,524.2625,6815412.096774193,0.0,0.0,305.241935483871,368.03225806451616,True,,0.1,0.2,0.15,30.0,0.5,0.01,8.0
arm_1564,20262493,0.32,0,0.008520800016129032,0.0625,0.00215517,0.0028910522580645162,9.225806451612904,46422.31612903226,928.4462903225806,7382317.903225807,151732.2451612903,111111.06774193549,501.258064516129,701.4032258064516,True,,0.1,0.2,0.15,30.0,0.5,0.05,8.0
arm_1565,20262494,0.34,0,0.010764806129032255,0.07898703870967741,0.005501962903225806,0.0008671532258064516,11.209677419354838,47217.403225806454,944.3482419354839,5940063.548387097,206093.2370967742,52568.66129032258,625.1612903225806,681.3387096774194,False,,0.1,0.2,0.15,30.0,0.5,0.1,8.0
arm_1566,20262495,0.2,0,0.00581395,0.0581395,0.0,0.0,5.0,63772.899999999994,1275.4579032258064,10968928.225806452,0.0,0.0,10.17741935483871,740.4032258064516,True,,0.3,0.2,0.05,30.0,0.5,0.01,2.0
arm_1567,20262496,0.2,0,0.00285714,0.0285714,0.0,0.0,3.0,27889.832258064518,557.7972258064516,9761447.096774194,0.0,0.0,39.88709677419355,395.33870967741933,True,,0.3,0.2,0.05,30.0,0.5,0.05,2.0
arm_1568,20262497,0.2,0,0.00204082,0.0204082,0.0,0.0,2.0,10917.282258064517,218.34548387096774,5349462.258064516,0.0,0.0,8.129032258064516,144.43548387096774,True,,0.3,0.2,0.05,30.0,0.5,0.1,2.0
arm_1569,20262498,0.25,0,0.0029703000000000004,0.029703,0.0,0.0,3.0,23033.699999999997,460.67398387096773,7754680.0,0.0,0.0,108.79032258064517,314.06451612903226,True,,0.3,0.2,0.05,30.0,0.5,0.01,4.0
arm_1570,20262499,0.26,0,0.005319150000000001,0.0531915,0.0,0.0,5.0,44164.84516129032,883.2964677419355,8302985.806451613,0.0,0.0,46.354838709677416,560.4516129032259,True,,0.3,0.2,0.05,30.0,0.5,0.05,4.0
arm_1571,20262500,0.27,0,0.007206465370967743,0.07,0.0,0.00045881193548387097,7.209677419354839,42680.02096774193,853.6002096774195,6088070.161290322,0.0,64516.13548387097,439.0967741935484,576.1935483870968,True,,0.3,0.2,0.05,30.0,0.5,0.1,4.0
arm_1572,20262501,0.3,0,0.00510204,0.0510204,0.0,0.0,5.0,35639.91774193548,712.7983870967741,6985424.838709678,0.0,0.0,244.69354838709677,471.51612903225805,True,,0.3,0.2,0.05,30.0,0.5,0.01,8.0
arm_1573,20262502,0.29,0,0.00543478,0.0543478,0.0,0.0,5.0,45750.87903225807,915.0181129032258,8418161.129032258,0.0,0.0,380.61290322580646,568.2258064516129,True,,0.3,0.2,0.05,30.0,0.5,0.05,8.0
arm_1574,20262503,0.28,0,0.0020202,0.020202,0.0,0.0,2.0,15811.64193548387,316.2327741935484,7826764.354838709,0.0,0.0,183.8548387096774,211.32258064516128,True,,0.3,0.2,0.05,30.0,0.5,0.1,8.0
arm_1575,20262504,0.2,0,0.00192308,0.0192308,0.0,0.0,2.0,5644.013387096775,112.88034193548387,2934886.6129032257,0.0,0.0,125.06451612903226,79.24193548387096,False,,0.3,0.2,0.1,30.0,0.5,0.01,2.0
arm_1576,20262505,0.2,0,0.0010752700000000001,0.0107527,0.0,0.0,1.0,2517.952580645161,50.35903064516129,2341697.2580645164,0.0,0.0,74.5,31.612903225806452,False,,0.3,0.2,0.1,30.0,0.5,0.05,2.0
arm_1577,20262506,0.19,0,0.0021052600000000003,0.0210526,0.0,0.0,2.0,11838.025806451613,236.76040322580647,5623057.580645162,0.0,0.0,31.048387096774192,151.82258064516128,True,,0.3,0.2,0.1,30.0,0.5,0.1,2.0
arm_1578,20262507,0.21,0,0.002327903870967742,0.02327903870967742,0.0,0.0,2.2580645161290325,3037.3585483870966,60.74712580645161,1369772.7903225806,0.0,0.0,105.01612903225806,39.774193548387096,False,,0.3,0.2,0.1,30.0,0.5,0.01,4.0
arm_1579,20262508,0.19,0,0.0,0.0,0.0,0.0,0.0,0.0,0.0,0.0,0.0,0.0,8.225806451612904,0.0,False,,0.3,0.2,0.1,30.0,0.5,0.05,4.0
arm_1580,20262509,0.21,0,0.0023979383306451615,0.022580611290322582,0.0,0.00031083822580645163,2.2903225806451615,2618.4606451612904,52.36922419354839,1239347.5161290322,0.0,13142.172580645163,80.30645161290323,33.596774193548384,False,,0.3,0.2,0.1,30.0,0.5,0.1,4.0
arm_1581,20262510,0.23,0,0.0020690758064516135,0.020690758064516132,0.0,0.0,2.0483870967741935,387.38625806451614,7.7477259677419354,183392.9064516129,0.0,0.0,152.4516129032258,5.17741935483871,False,,0.3,0.2,0.1,30.0,0.5,0.01,8.0
arm_1582,20262511,0.24,0,0.0024015497419354838,0.0212766,0.000608643870967742,0.0,2.2903225806451615,834.6895483870968,16.693779032258064,376941.1129032258,34647.53064516129,0.0,164.40322580645162,10.64516129032258,False,,0.3,0.2,0.1,30.0,0.5,0.05,8.0
arm_1583,20262512,0.23,0,0.0010752700000000001,0.0107527,0.0,0.0,1.0,146.45230645161288,2.929046129032258,136200.59677419355,0.0,0.0,125.3225806451613,1.8387096774193548,False,,0.3,0.2,0.1,30.0,0.5,0.1,8.0
arm_1584,20262513,0.19,0,0.0001427348387096774,0.001427348387096774,0.0,0.0,0.16129032258064516,19.03134193548387,0.3806264516129032,21505.36129032258,0.0,0.0,11.14516129032258,0.2903225806451613,False,,0.3,0.2,0.15,30.0,0.5,0.01,2.0
arm_1585,20262514,0.18,0,0.0006632496129032259,0.006632496129032258,0.0,0.0,0.7096774193548387,167.48720322580644,3.349749193548387,179211.39677419353,0.0,0.0,7.016129032258065,2.4193548387096775,False,,0.3,0.2,0.15,30.0,0.5,0.05,2.0
arm_1586,20262515,0.19,0,0.0010958691612903226,0.00934579,0.0003584225806451613,0.0,1.1612903225806452,485.0773870967742,9.70153870967742,456391.87096774194,58542.43709677419,0.0,11.838709677419354,6.951612903225806,False,,0.3,0.2,0.15,30.0,0.5,0.1,2.0
arm_1587,20262516,0.2,0,0.00196078,0.0196078,0.0,0.0,2.0,438.0726451612903,8.761453225806452,223416.74193548388,0.0,0.0,54.83870967741935,6.032258064516129,False,,0.3,0.2,0.15,30.0,0.5,0.01,4.0
arm_1588,20262517,0.2,0,0.0,0.0,0.0,0.0,0.0,0.0,0.0,0.0,0.0,0.0,13.241935483870968,0.0,False,,0.3,0.2,0.15,30.0,0.5,0.05,4.0
arm_1589,20262518,0.2,0,0.0,0.0,0.0,0.0,0.0,0.0,0.0,0.0,0.0,0.0,17.85483870967742,0.0,False,,0.3,0.2,0.15,30.0,0.5,0.1,4.0
arm_1590,20262519,0.23,0,0.0,0.0,0.0,0.0,0.0,0.0,0.0,0.0,0.0,0.0,114.7258064516129,0.0,False,,0.3,0.2,0.15,30.0,0.5,0.01,8.0
arm_1591,20262520,0.23,0,0.0008844493225806454,0.008538890967741937,6.79116129032258e-05,0.0,1.0483870967741935,330.56706451612905,6.611342741935484,256272.38709677418,2389.4870967741936,0.0,138.2258064516129,5.306451612903226,False,,0.3,0.2,0.15,30.0,0.5,0.05,8.0
arm_1592,20262521,0.23,0,0.0001705953629032258,0.0,0.0,0.0003791008064516129,0.1774193548387097,19.529443548387096,0.39058870967741943,0.0,0.0,20310.620967741936,118.6774193548387,0.27419354838709675,False,,0.3,0.2,0.15,30.0,0.5,0.1,8.0
arm_1593,20262522,0.18,0,0.00206186,0.0206186,0.0,0.0,2.0,790.7476612903225,15.814945161290323,383512.4032258064,0.0,0.0,12.983870967741936,10.35483870967742,False,,0.5,0.2,0.05,30.0,0.5,0.01,2.0
arm_1594,20262523,0.17,0,0.0,0.0,0.0,0.0,0.0,0.0,0.0,0.0,0.0,0.0,12.868421052631579,0.0,False,,0.5,0.2,0.05,30.0,0.5,0.05,2.0
arm_1595,20262524,0.18,0,0.0013001998387096774,0.013001998387096774,0.0,0.0,1.2741935483870968,10924.61129032258,218.49167741935486,9224038.225806452,0.0,0.0,5.645161290322581,144.53225806451613,True,,0.5,0.2,0.05,30.0,0.5,0.1,2.0
arm_1596,20262525,0.2,0,0.0019802,0.019802,0.0,0.0,2.0,1440.7895645161288,28.815782258064516,727598.4032258064,0.0,0.0,93.53225806451613,19.64516129032258,False,,0.5,0.2,0.05,30.0,0.5,0.01,4.0
arm_1597,20262526,0.19,0,0.0024096400000000002,0.0240964,0.0,0.0,2.0,14309.570967741936,286.191370967742,5938470.322580645,0.0,0.0,42.145161290322584,160.33870967741936,True,,0.5,0.2,0.05,30.0,0.5,0.05,4.0
arm_1598,20262527,0.19,0,0.0,0.0,0.0,0.0,0.0,0.0,0.0,0.0,0.0,0.0,10.096774193548388,0.0,False,,0.5,0.2,0.05,30.0,0.5,0.1,4.0
arm_1599,20262528,0.21,0,0.001306451612903226,0.013064516129032259,0.0,0.0,1.3064516129032258,231.7799419354839,4.635602419354838,209079.87580645163,0.0,0.0,132.40322580645162,3.129032258064516,False,,0.5,0.2,0.05,30.0,0.5,0.01,8.0
arm_1600,20262529,0.23,0,0.004260171774193549,0.04260171774193548,0.0,0.0,3.9193548387096775,14551.183870967743,291.0239193548387,3439227.9032258065,0.0,0.0,322.03225806451616,180.7258064516129,True,,0.5,0.2,0.05,30.0,0.5,0.05,8.0
arm_1601,20262530,0.22,0,0.00113636,0.0113636,0.0,0.0,1.0,12878.8,257.576,11333300.0,0.0,0.0,196.30645161290323,153.0,True,,0.5,0.2,0.05,30.0,0.5,0.1,8.0
arm_1602,20262531,0.17,0,0.0,0.0,0.0,0.0,0.0,0.0,0.0,0.0,0.0,0.0,2.4242424242424243,0.0,False,,0.5,0.2,0.1,30.0,0.5,0.01,2.0
arm_1603,20262532,0.16,0,0.0008058608461538462,0.008058608461538462,0.0,0.0,0.8461538461538461,59.69336153846154,1.1938638461538462,62678.08461538462,0.0,0.0,2.3076923076923075,0.8461538461538461,False,,0.5,0.2,0.1,30.0,0.5,0.05,2.0
arm_1604,20262533,0.18,0,0.0004071407096774194,0.004071407096774194,0.0,0.0,0.41935483870967744,30.158574193548386,0.6031706451612904,31063.332258064518,0.0,0.0,4.548387096774194,0.41935483870967744,False,,0.5,0.2,0.1,30.0,0.5,0.1,2.0
arm_1605,20262534,0.18,0,0.0,0.0,0.0,0.0,0.0,0.0,0.0,0.0,0.0,0.0,25.06451612903226,0.0,False,,0.5,0.2,0.1,30.0,0.5,0.01,4.0
arm_1606,20262535,0.2,0,0.0,0.0,0.0,0.0,0.0,0.0,0.0,0.0,0.0,0.0,18.370967741935484,0.0,False,,0.5,0.2,0.1,30.0,0.5,0.05,4.0
arm_1607,20262536,0.2,0,0.0,0.0,0.0,0.0,0.0,0.0,0.0,0.0,0.0,0.0,27.241935483870968,0.0,False,,0.5,0.2,0.1,30.0,0.5,0.1,4.0
arm_1608,20262537,0.2,0,0.0,0.0,0.0,0.0,0.0,0.0,0.0,0.0,0.0,0.0,65.80645161290323,0.0,False,,0.5,0.2,0.1,30.0,0.5,0.01,8.0
arm_1609,20262538,0.21,0,0.0,0.0,0.0,0.0,0.0,0.0,0.0,0.0,0.0,0.0,86.29032258064517,0.0,False,,0.5,0.2,0.1,30.0,0.5,0.05,8.0
arm_1610,20262539,0.21,0,0.0,0.0,0.0,0.0,0.0,0.0,0.0,0.0,0.0,0.0,103.30645161290323,0.0,False,,0.5,0.2,0.1,30.0,0.5,0.1,8.0
arm_1611,20262540,0.14,0,,,,,,,,,,,,,,no tail rows,0.5,0.2,0.15,30.0,0.5,0.01,2.0
arm_1612,20262541,0.15,0,0.0,0.0,0.0,0.0,0.0,0.0,0.0,0.0,0.0,0.0,2.6666666666666665,0.0,False,,0.5,0.2,0.15,30.0,0.5,0.05,2.0
arm_1613,20262542,0.14,0,0.0,0.0,0.0,0.0,0.0,0.0,0.0,0.0,0.0,0.0,0.75,0.0,False,,0.5,0.2,0.15,30.0,0.5,0.1,2.0
arm_1614,20262543,0.19,0,0.0,0.0,0.0,0.0,0.0,0.0,0.0,0.0,0.0,0.0,25.258064516129032,0.0,False,,0.5,0.2,0.15,30.0,0.5,0.01,4.0
arm_1615,20262544,0.19,0,0.0,0.0,0.0,0.0,0.0,0.0,0.0,0.0,0.0,0.0,13.46774193548387,0.0,False,,0.5,0.2,0.15,30.0,0.5,0.05,4.0
arm_1616,20262545,0.19,0,0.00014498064516129032,0.0014498064516129032,0.0,0.0,0.12903225806451613,12.081679032258064,0.24163387096774194,10752.68870967742,0.0,0.0,19.838709677419356,0.14516129032258066,False,,0.5,0.2,0.15,30.0,0.5,0.1,4.0
arm_1617,20262546,0.21,0,0.0,0.0,0.0,0.0,0.0,0.0,0.0,0.0,0.0,0.0,74.09677419354838,0.0,False,,0.5,0.2,0.15,30.0,0.5,0.01,8.0
arm_1618,20262547,0.21,0,0.0,0.0,0.0,0.0,0.0,0.0,0.0,0.0,0.0,0.0,104.16129032258064,0.0,False,,0.5,0.2,0.15,30.0,0.5,0.05,8.0
arm_1619,20262548,0.21,0,0.0,0.0,0.0,0.0,0.0,0.0,0.0,0.0,0.0,0.0,91.51612903225806,0.0,False,,0.5,0.2,0.15,30.0,0.5,0.1,8.0
arm_1620,20262549,0.22,0,0.005217390000000001,0.0521739,0.0,0.0,6.0,51787.4,1035.75,9925930.0,0.0,0.0,1.2741935483870968,804.0,True,,0.1,0.2,0.05,30.0,0.7,0.01,2.0
arm_1621,20262550,0.22,0,0.006372728024193549,0.0612245,0.0005561733870967742,0.0,6.241935483870968,72303.67741935483,1446.0737096774194,11797692.096774194,70489.83064516129,0.0,22.096774193548388,956.5645161290323,True,,0.1,0.2,0.05,30.0,0.7,0.05,2.0
arm_1622,20262551,0.24,0,0.009278350000000001,0.0927835,0.0,0.0,9.0,92118.39838709678,1842.367741935484,9928315.967741935,0.0,0.0,52.03225806451613,1206.2903225806451,True,,0.1,0.2,0.05,30.0,0.7,0.1,2.0
arm_1623,20262552,0.25,0,0.00625,0.0625,0.0,0.0,7.0,60383.6,1207.67,9661380.0,0.0,0.0,69.33870967741936,913.0,True,,0.1,0.2,0.05,30.0,0.7,0.01,4.0
arm_1624,20262553,0.24,0,0.00252101,0.0252101,0.0,0.0,3.0,26268.3,525.366,10419800.0,0.0,0.0,27.903225806451612,422.0,True,,0.1,0.2,0.05,30.0,0.7,0.05,4.0
arm_1625,20262554,0.28,0,0.006681728233870967,0.0666667,3.3462741935483874e-05,0.0,5.016129032258065,62618.414516129036,1252.372258064516,9392590.0,1194.7435483870968,0.0,48.096774193548384,634.016129032258,True,,0.1,0.2,0.05,30.0,0.7,0.1,4.0
arm_1626,20262555,0.33,0,0.00576923,0.0576923,0.0,0.0,6.0,58974.4,1179.49,10222200.0,0.0,0.0,190.11290322580646,828.0,True,,0.1,0.2,0.05,30.0,0.7,0.01,8.0
arm_1627,20262556,0.3,0,0.005319150000000001,0.0531915,0.0,0.0,5.0,54058.3,1081.17,10163000.0,0.0,0.0,150.16129032258064,686.0,True,,0.1,0.2,0.05,30.0,0.7,0.05,8.0
arm_1628,20262557,0.35,0,0.008865265177419354,0.0842105,0.0006137883870967742,0.00037335645161290325,8.451612903225806,85724.91129032258,1714.4977419354839,10175900.0,21505.383870967744,11947.435483870968,176.74193548387098,1099.4516129032259,True,,0.1,0.2,0.05,30.0,0.7,0.1,8.0
arm_1629,20262558,0.25,0,0.005882350000000001,0.0588235,0.0,0.0,6.0,50915.97258064516,1018.3201451612904,8655714.838709677,0.0,0.0,41.725806451612904,701.1129032258065,True,,0.1,0.2,0.1,30.0,0.7,0.01,2.0
arm_1630,20262559,0.24,0,0.00267857,0.0267857,0.0,0.0,3.0,27770.296774193546,555.406,10367588.387096774,0.0,0.0,18.338709677419356,419.88709677419354,True,,0.1,0.2,0.1,30.0,0.7,0.05,2.0
arm_1631,20262560,0.24,0,0.00421053,0.0421053,0.0,0.0,4.0,41169.6,823.392,9777780.0,0.0,0.0,7.064516129032258,528.0,True,,0.1,0.2,0.1,30.0,0.7,0.1,2.0
arm_1632,20262561,0.28,0,0.0074074100000000006,0.0740741,0.0,0.0,8.0,73251.0,1465.02,9888890.0,0.0,0.0,65.19354838709677,1068.0,True,,0.1,0.2,0.1,30.0,0.7,0.01,4.0
arm_1633,20262562,0.26,0,0.004437156120967742,0.0380952,0.001394746935483871,0.0,4.629032258064516,37299.51451612903,745.9902580645162,9740740.0,192353.59516129032,0.0,74.87096774193549,528.5967741935484,True,,0.1,0.2,0.1,30.0,0.7,0.05,4.0
arm_1634,20262563,0.28,0,0.003201983346774194,0.030875545161290322,0.00025428629032258064,0.0,3.3548387096774195,26339.470967741934,526.7895645161291,8706888.548387097,8363.204838709678,0.0,94.93548387096774,373.35483870967744,True,,0.1,0.2,0.1,30.0,0.7,0.1,4.0
arm_1635,20262564,0.33,0,0.00555556,0.0555556,0.0,0.0,5.0,57861.414516129036,1157.2282258064517,10415088.870967742,0.0,0.0,269.0,703.016129032258,True,,0.1,0.2,0.1,30.0,0.7,0.01,8.0
arm_1636,20262565,0.3,0,0.0025022273548387097,0.0224719,0.0002886632258064516,0.00027808645161290325,2.2580645161290325,21991.40322580645,439.82867741935485,9777780.0,9557.948387096774,9557.948387096774,146.01612903225808,264.258064516129,True,,0.1,0.2,0.1,30.0,0.7,0.05,8.0
arm_1637,20262566,0.38,0,0.0104651,0.104651,0.0,0.0,9.0,102929.0,2058.57,9835390.0,0.0,0.0,416.6774193548387,1195.0,False,,0.1,0.2,0.1,30.0,0.7,0.1,8.0
arm_1638,20262567,0.23,0,0.00243902,0.0243902,0.0,0.0,2.0,15257.753225806451,305.15495161290323,6255675.806451613,0.0,0.0,27.532258064516128,168.90322580645162,True,,0.1,0.2,0.15,30.0,0.7,0.01,2.0
arm_1639,20262568,0.25,0,0.00357143,0.0357143,0.0,0.0,4.0,19524.453225806454,390.48893548387093,5466845.483870967,0.0,0.0,48.435483870967744,295.2096774193548,True,,0.1,0.2,0.15,30.0,0.7,0.05,2.0
arm_1640,20262569,0.24,0,0.004365290564516129,0.0425532,0.0,0.0002443790322580645,4.112903225806452,29617.43387096774,592.3488548387097,6958184.354838709,0.0,8363.204838709678,26.548387096774192,375.85483870967744,True,,0.1,0.2,0.15,30.0,0.7,0.1,2.0
arm_1641,20262570,0.29,0,0.006060610000000001,0.0606061,0.0,0.0,6.0,51218.27580645162,1024.3658387096775,8451015.967741935,0.0,0.0,197.0,684.5322580645161,True,,0.1,0.2,0.15,30.0,0.7,0.01,4.0
arm_1642,20262571,0.27,0,0.00176991,0.0176991,0.0,0.0,2.0,9119.167741935484,182.38324193548388,5152330.161290322,0.0,0.0,61.145161290322584,139.11290322580646,False,,0.1,0.2,0.15,30.0,0.7,0.05,4.0
arm_1643,20262572,0.27,0,0.0063110954838709685,0.0588235,0.000952767741935484,0.0,6.451612903225806,25733.174193548388,514.6634193548388,4359020.806451613,96774.09677419355,0.0,200.67741935483872,354.38709677419354,True,,0.1,0.2,0.15,30.0,0.7,0.1,4.0
arm_1644,20262573,0.33,0,0.00714286,0.0714286,0.0,0.0,7.0,55170.31451612903,1103.406612903226,7723843.870967742,0.0,0.0,604.983870967742,729.9032258064516,True,,0.1,0.2,0.15,30.0,0.7,0.01,8.0
arm_1645,20262574,0.29,0,0.0037037000000000003,0.037037,0.0,0.0,4.0,25781.009677419355,515.6201612903226,6960872.258064516,0.0,0.0,290.9193548387097,375.88709677419354,True,,0.1,0.2,0.15,30.0,0.7,0.05,8.0
arm_1646,20262575,0.29,0,0.006164909967741936,0.054767856451612904,0.0015291651612903225,0.0,5.661290322580645,35688.38387096774,713.7681451612904,6501731.29032258,75268.7629032258,0.0,548.4354838709677,438.51612903225805,True,,0.1,0.2,0.15,30.0,0.7,0.1,8.0
arm_1647,20262576,0.22,0,0.00714286,0.0714286,0.0,0.0,8.0,57676.22903225807,1153.5245161290322,8074671.612903226,0.0,0.0,88.5,872.0645161290323,True,,0.3,0.2,0.05,30.0,0.7,0.01,2.0
arm_1648,20262577,0.18,0,0.00196078,0.0196078,0.0,0.0,2.0,11492.954838709678,229.85917741935484,5861410.9677419355,0.0,0.0,13.612903225806452,158.25806451612902,True,,0.3,0.2,0.05,30.0,0.7,0.05,2.0
arm_1649,20262578,0.2,0,0.00421053,0.0421053,0.0,0.0,4.0,11991.450161290322,239.82901612903228,2847969.35483871,0.0,0.0,176.1290322580645,153.79032258064515,True,,0.3,0.2,0.05,30.0,0.7,0.1,2.0
arm_1650,20262579,0.23,0,0.00535714,0.0535714,0.0,0.0,6.0,34453.395161290326,689.0680483870967,6431301.612903226,0.0,0.0,240.96774193548387,520.9354838709677,True,,0.3,0.2,0.05,30.0,0.7,0.01,4.0
arm_1651,20262580,0.21,0,0.00155039,0.0155039,0.0,0.0,2.0,6754.466612903226,135.08935322580643,4356631.129032258,0.0,0.0,213.96774193548387,117.62903225806451,False,,0.3,0.2,0.05,30.0,0.7,0.05,4.0
arm_1652,20262581,0.22,0,0.004521893225806452,0.04521893225806452,0.0,0.0,5.064516129032258,23002.001612903226,460.0401129032258,5105974.193548387,0.0,0.0,217.30645161290323,347.7903225806452,True,,0.3,0.2,0.05,30.0,0.7,0.1,4.0
arm_1653,20262582,0.24,0,0.0038461500000000004,0.0384615,0.0,0.0,4.0,35525.23870967742,710.5045322580646,9236558.709677419,0.0,0.0,219.80645161290323,498.7741935483871,True,,0.3,0.2,0.05,30.0,0.7,0.01,8.0
arm_1654,20262583,0.25,0,0.006315790000000001,0.0631579,0.0,0.0,6.0,29518.956451612903,590.3791451612902,4673835.161290322,0.0,0.0,395.61290322580646,378.5806451612903,True,,0.3,0.2,0.05,30.0,0.7,0.05,8.0
arm_1655,20262584,0.26,0,0.005607480000000001,0.0560748,0.0,0.0,6.0,45720.70322580645,914.4139677419355,8153524.354838709,0.0,0.0,377.5806451612903,660.4354838709677,True,,0.3,0.2,0.05,30.0,0.7,0.1,8.0
arm_1656,20262585,0.16,0,0.0,0.0,0.0,0.0,0.0,0.0,0.0,0.0,0.0,0.0,0.9705882352941176,0.0,False,,0.3,0.2,0.1,30.0,0.7,0.01,2.0
arm_1657,20262586,0.18,0,0.00227273,0.0227273,0.0,0.0,2.0,853.9700806451613,17.079379032258064,375746.48387096776,0.0,0.0,13.064516129032258,10.14516129032258,False,,0.3,0.2,0.1,30.0,0.7,0.05,2.0
arm_1658,20262587,0.19,0,0.0020560064516129037,0.020560064516129035,0.0,0.0,1.8709677419354838,536.9779516129032,10.73955306451613,332736.0483870968,0.0,0.0,14.46774193548387,6.596774193548387,False,,0.3,0.2,0.1,30.0,0.7,0.1,2.0
arm_1659,20262588,0.2,0,0.0,0.0,0.0,0.0,0.0,0.0,0.0,0.0,0.0,0.0,11.903225806451612,0.0,False,,0.3,0.2,0.1,30.0,0.7,0.01,4.0
arm_1660,20262589,0.2,0,0.0,0.0,0.0,0.0,0.0,0.0,0.0,0.0,0.0,0.0,12.403225806451612,0.0,False,,0.3,0.2,0.1,30.0,0.7,0.05,4.0
arm_1661,20262590,0.2,0,0.0012034480000000002,0.0107527,0.0,0.00028484,1.1290322580645162,191.2328870967742,3.8246554838709677,161290.22258064518,0.0,17921.137096774193,25.580645161290324,2.4193548387096775,False,,0.3,0.2,0.1,30.0,0.7,0.1,4.0
arm_1662,20262591,0.25,0,0.0,0.0,0.0,0.0,0.0,0.0,0.0,0.0,0.0,0.0,146.33870967741936,0.0,False,,0.3,0.2,0.1,30.0,0.7,0.01,8.0
arm_1663,20262592,0.22,0,0.0024492253225806455,0.024492253225806452,0.0,0.0,1.9838709677419355,1932.2390322580645,38.64477580645161,833333.2741935484,0.0,0.0,215.58064516129033,21.129032258064516,False,,0.3,0.2,0.1,30.0,0.7,0.05,8.0
arm_1664,20262593,0.24,0,0.0,0.0,0.0,0.0,0.0,0.0,0.0,0.0,0.0,0.0,144.83870967741936,0.0,False,,0.3,0.2,0.1,30.0,0.7,0.1,8.0
arm_1665,20262594,0.17,0,0.0,0.0,0.0,0.0,0.0,0.0,0.0,0.0,0.0,0.0,0.9772727272727273,0.0,False,,0.3,0.2,0.15,30.0,0.7,0.01,2.0
arm_1666,20262595,0.17,0,0.0,0.0,0.0,0.0,0.0,0.0,0.0,0.0,0.0,0.0,3.5,0.0,False,,0.3,0.2,0.15,30.0,0.7,0.05,2.0
arm_1667,20262596,0.19,0,0.0006383130241935485,0.006203475000000001,0.0,3.9923387096774194e-05,0.7419354838709677,211.6872322580645,4.233743548387097,246117.1887096774,0.0,1194.7435483870968,6.193548387096774,3.338709677419355,False,,0.3,0.2,0.15,30.0,0.7,0.1,2.0
arm_1668,20262597,0.2,0,0.0,0.0,0.0,0.0,0.0,0.0,0.0,0.0,0.0,0.0,12.725806451612904,0.0,False,,0.3,0.2,0.15,30.0,0.7,0.01,4.0
arm_1669,20262598,0.21,0,0.0,0.0,0.0,0.0,0.0,0.0,0.0,0.0,0.0,0.0,25.79032258064516,0.0,False,,0.3,0.2,0.15,30.0,0.7,0.05,4.0
arm_1670,20262599,0.2,0,0.0,0.0,0.0,0.0,0.0,0.0,0.0,0.0,0.0,0.0,15.0,0.0,False,,0.3,0.2,0.15,30.0,0.7,0.1,4.0
arm_1671,20262600,0.23,0,0.000980392,0.00980392,0.0,0.0,1.0,447.4429677419355,8.948854838709677,456391.93548387097,0.0,0.0,125.93548387096774,6.161290322580645,False,,0.3,0.2,0.15,30.0,0.7,0.01,8.0
arm_1672,20262601,0.23,0,0.001,0.01,0.0,0.0,1.0,403.8230322580645,8.076473870967742,403823.03225806454,0.0,0.0,110.48387096774194,5.451612903225806,False,,0.3,0.2,0.15,30.0,0.7,0.05,8.0
arm_1673,20262602,0.24,0,0.0002238440806451613,0.0,0.00025145467741935485,0.0002459766129032258,0.22580645161290322,17.77843870967742,0.3555685483870968,0.0,9557.945161290325,8363.204838709678,123.20967741935483,0.24193548387096775,False,,0.3,0.2,0.15,30.0,0.7,0.1,8.0
arm_1674,20262603,0.19,0,0.00340909,0.0340909,0.0,0.0,3.0,17948.301612903226,358.96580645161293,5264835.322580645,0.0,0.0,68.25806451612904,213.2258064516129,True,,0.5,0.2,0.05,30.0,0.7,0.01,2.0
arm_1675,20262604,0.2,0,0.00196078,0.0196078,0.0,0.0,2.0,10192.787580645161,203.85591935483873,5198328.70967742,0.0,0.0,19.822580645161292,140.3548387096774,True,,0.5,0.2,0.05,30.0,0.7,0.05,2.0
arm_1676,20262605,0.2,0,0.00456186106451613,0.042574790322580644,0.0001897532258064516,0.0004866512903225807,5.032258064516129,7022.686612903226,140.45367096774194,1642413.4838709678,88411.06451612903,56152.930645161294,112.25806451612904,104.96774193548387,False,,0.5,0.2,0.05,30.0,0.7,0.1,2.0
arm_1677,20262606,0.2,0,0.0009259260000000001,0.00925926,0.0,0.0,1.0,257.7546935483871,5.155095161290323,278374.9193548387,0.0,0.0,54.274193548387096,3.7580645161290325,False,,0.5,0.2,0.05,30.0,0.7,0.01,4.0
arm_1678,20262607,0.21,0,0.0018181800000000002,0.0181818,0.0,0.0,2.0,364.9394032258065,7.298795967741936,200716.64516129033,0.0,0.0,31.580645161290324,5.419354838709677,False,,0.5,0.2,0.05,30.0,0.7,0.05,4.0
arm_1679,20262608,0.21,0,0.0,0.0,0.0,0.0,0.0,0.0,0.0,0.0,0.0,0.0,17.887096774193548,0.0,False,,0.5,0.2,0.05,30.0,0.7,0.1,4.0
arm_1680,20262609,0.23,0,0.000917431,0.00917431,0.0,0.0,1.0,790.2845161290322,15.805689032258064,861410.1935483871,0.0,0.0,130.66129032258064,11.629032258064516,False,,0.5,0.2,0.05,30.0,0.7,0.01,8.0
arm_1681,20262610,0.25,0,0.0017857100000000002,0.0178571,0.0,0.0,2.0,8915.772096774193,178.31539193548386,4992831.935483871,0.0,0.0,195.17741935483872,134.80645161290323,False,,0.5,0.2,0.05,30.0,0.7,0.05,8.0
arm_1682,20262611,0.25,0,0.0031258797741935485,0.0306122,0.0,0.0001436883870967742,3.064516129032258,12498.306451612903,249.96608064516127,4079649.193548387,0.0,9557.935483870968,328.1774193548387,165.3548387096774,True,,0.5,0.2,0.05,30.0,0.7,0.1,8.0
arm_1683,20262612,0.15,0,,,,,,,,,,,,,,no tail rows,0.5,0.2,0.1,30.0,0.7,0.01,2.0
arm_1684,20262613,0.16,0,,,,,,,,,,,,,,no tail rows,0.5,0.2,0.1,30.0,0.7,0.05,2.0
arm_1685,20262614,0.17,0,0.0,0.0,0.0,0.0,0.0,0.0,0.0,0.0,0.0,0.0,3.423076923076923,0.0,False,,0.5,0.2,0.1,30.0,0.7,0.1,2.0
arm_1686,20262615,0.21,0,0.0,0.0,0.0,0.0,0.0,0.0,0.0,0.0,0.0,0.0,36.58064516129032,0.0,False,,0.5,0.2,0.1,30.0,0.7,0.01,4.0
arm_1687,20262616,0.19,0,0.0,0.0,0.0,0.0,0.0,0.0,0.0,0.0,0.0,0.0,11.14516129032258,0.0,False,,0.5,0.2,0.1,30.0,0.7,0.05,4.0
arm_1688,20262617,0.19,0,4.2075725806451615e-05,0.0004207572580645161,0.0,0.0,0.04838709677419355,3.1167193548387098,0.0623341935483871,3584.230645161291,0.0,0.0,18.258064516129032,0.04838709677419355,False,,0.5,0.2,0.1,30.0,0.7,0.1,4.0
arm_1689,20262618,0.22,0,0.0,0.0,0.0,0.0,0.0,0.0,0.0,0.0,0.0,0.0,114.88709677419355,0.0,False,,0.5,0.2,0.1,30.0,0.7,0.01,8.0
arm_1690,20262619,0.19,0,0.0,0.0,0.0,0.0,0.0,0.0,0.0,0.0,0.0,0.0,75.45161290322581,0.0,False,,0.5,0.2,0.1,30.0,0.7,0.05,8.0
arm_1691,20262620,0.2,0,0.0,0.0,0.0,0.0,0.0,0.0,0.0,0.0,0.0,0.0,75.59677419354838,0.0,False,,0.5,0.2,0.1,30.0,0.7,0.1,8.0
arm_1692,20262621,0.17,0,0.0,0.0,0.0,0.0,0.0,0.0,0.0,0.0,0.0,0.0,0.9827586206896551,0.0,False,,0.5,0.2,0.15,30.0,0.7,0.01,2.0
arm_1693,20262622,0.15,0,,,,,,,,,,,,,,no tail rows,0.5,0.2,0.15,30.0,0.7,0.05,2.0
arm_1694,20262623,0.1,0,,,,,,,,,,,,,,no tail rows,0.5,0.2,0.15,30.0,0.7,0.1,2.0
arm_1695,20262624,0.18,0,0.0,0.0,0.0,0.0,0.0,0.0,0.0,0.0,0.0,0.0,13.725806451612904,0.0,False,,0.5,0.2,0.15,30.0,0.7,0.01,4.0
arm_1696,20262625,0.2,0,0.0,0.0,0.0,0.0,0.0,0.0,0.0,0.0,0.0,0.0,31.725806451612904,0.0,False,,0.5,0.2,0.15,30.0,0.7,0.05,4.0
arm_1697,20262626,0.2,0,0.0,0.0,0.0,0.0,0.0,0.0,0.0,0.0,0.0,0.0,18.274193548387096,0.0,False,,0.5,0.2,0.15,30.0,0.7,0.1,4.0
arm_1698,20262627,0.21,0,0.0,0.0,0.0,0.0,0.0,0.0,0.0,0.0,0.0,0.0,107.95161290322581,0.0,False,,0.5,0.2,0.15,30.0,0.7,0.01,8.0
arm_1699,20262628,0.21,0,1.567618548387097e-05,0.0,3.4835967741935484e-05,0.0,0.016129032258064516,5.805983870967742,0.11611967741935483,0.0,5973.709677419355,0.0,110.54838709677419,0.08064516129032258,False,,0.5,0.2,0.15,30.0,0.7,0.05,8.0
arm_1700,20262629,0.2,0,3.1625564516129036e-05,0.0,0.0,7.027903225806452e-05,0.03225806451612903,7.027903225806452,0.14055806451612904,0.0,0.0,7168.451612903225,82.66129032258064,0.0967741935483871,False,,0.5,0.2,0.15,30.0,0.7,0.1,8.0
arm_1701,20262630,0.25,0,0.0047619,0.047619,0.0,0.0,4.0,35391.41774193548,707.8283548387096,7432198.870967742,0.0,0.0,103.69354838709677,401.33870967741933,True,,0.1,0.6,0.05,30.0,0.3,0.01,2.0
arm_1702,20262631,0.25,0,0.0034787760645161292,0.0344828,0.0,6.776903225806451e-05,3.032258064516129,14902.224193548387,298.0443064516129,4320987.419354838,0.0,2389.4870967741936,68.79032258064517,175.03225806451613,True,,0.1,0.6,0.05,30.0,0.3,0.05,2.0
arm_1703,20262632,0.24,0,0.0011236,0.011236,0.0,0.0,1.0,11319.2,226.384,10074100.0,0.0,0.0,11.774193548387096,136.0,True,,0.1,0.6,0.05,30.0,0.3,0.1,2.0
arm_1704,20262633,0.29,0,0.004972044266129033,0.047619,0.0,0.00046698725806451613,5.209677419354839,33201.09516129032,664.0219838709677,6968459.0322580645,0.0,17921.14677419355,314.66129032258067,470.61290322580646,True,,0.1,0.6,0.05,30.0,0.3,0.01,4.0
arm_1705,20262634,0.29,0,0.007791860887096774,0.0761905,0.0003840241935483871,0.0,8.17741935483871,56000.91774193548,1120.0182258064517,7347371.29032258,21505.366129032256,0.0,300.7096774193548,793.8064516129032,True,,0.1,0.6,0.05,30.0,0.3,0.05,4.0
arm_1706,20262635,0.27,0,0.00119048,0.0119048,0.0,0.0,1.0,11463.8,229.277,9629630.0,0.0,0.0,39.67741935483871,130.0,True,,0.1,0.6,0.05,30.0,0.3,0.1,4.0
arm_1707,20262636,0.33,0,0.008823530000000001,0.0882353,0.0,0.0,9.0,60129.54677419355,1202.590806451613,6814682.580645162,0.0,0.0,596.0483870967741,827.983870967742,True,,0.1,0.6,0.05,30.0,0.3,0.01,8.0
arm_1708,20262637,0.38,0,0.008579826306451615,0.0776699,0.0006318603225806452,0.0011744425806451614,8.790322580645162,69983.13387096774,1399.6637096774193,8999551.935483871,22700.12741935484,52568.67741935484,520.1129032258065,973.0322580645161,True,,0.1,0.6,0.05,30.0,0.3,0.05,8.0
arm_1709,20262638,0.29,0,0.002552265975806452,0.0240964,0.0,0.00031694661290322586,2.1451612903225805,24432.00322580645,488.64008064516133,10134401.935483871,0.0,11947.432258064517,187.3709677419355,273.7903225806452,True,,0.1,0.6,0.05,30.0,0.3,0.1,8.0
arm_1710,20262639,0.25,0,0.0029519140322580646,0.029519140322580645,0.0,0.0,3.129032258064516,5795.630967741936,115.91265322580645,2225706.935483871,0.0,0.0,65.59677419354838,82.93548387096774,False,,0.1,0.6,0.1,30.0,0.3,0.01,2.0
arm_1711,20262640,0.25,0,0.0025836333870967744,0.025836333870967742,0.0,0.0,2.7903225806451615,1966.900806451613,39.338022580645166,751095.4032258064,0.0,0.0,37.725806451612904,28.677419354838708,False,,0.1,0.6,0.1,30.0,0.3,0.05,2.0
arm_1712,20262641,0.25,0,0.004414262258064516,0.04414262258064516,0.0,0.0,4.193548387096774,1406.0247096774194,28.120479032258068,323934.6935483871,0.0,0.0,27.016129032258064,18.032258064516128,False,,0.1,0.6,0.1,30.0,0.3,0.1,2.0
arm_1713,20262642,0.29,0,0.002096772096774194,0.020967720967741937,0.0,0.0,2.306451612903226,560.4430967741936,11.208856451612904,266427.5483870968,0.0,0.0,61.75806451612903,8.32258064516129,False,,0.1,0.6,0.1,30.0,0.3,0.01,4.0
arm_1714,20262643,0.27,0,0.0011318630967741938,0.011318630967741937,0.0,0.0,1.2903225806451613,1618.1433870967742,32.36287580645161,1649940.322580645,0.0,0.0,61.806451612903224,24.903225806451612,False,,0.1,0.6,0.1,30.0,0.3,0.05,4.0
arm_1715,20262644,0.26,0,0.0022011374193548388,0.022011374193548386,0.0,0.0,1.8709677419354838,1249.5609032258064,24.99121935483871,605137.7580645161,0.0,0.0,38.88709677419355,14.338709677419354,False,,0.1,0.6,0.1,30.0,0.3,0.1,4.0
arm_1716,20262645,0.32,0,0.0010752700000000001,0.0107527,0.0,0.0,1.0,511.2986935483871,10.225956612903227,475507.82258064515,0.0,0.0,165.4516129032258,6.419354838709677,False,,0.1,0.6,0.1,30.0,0.3,0.01,8.0
arm_1717,20262646,0.32,0,0.002163813419354839,0.019088463225806453,0.0,0.0005665935483870968,2.3225806451612905,1474.101,29.482016129032257,765034.0161290322,0.0,31063.296774193546,249.06451612903226,21.629032258064516,False,,0.1,0.6,0.1,30.0,0.3,0.05,8.0
arm_1718,20262647,0.28,0,0.002444529016129032,0.02173171612903226,0.0005671741935483871,3.584225806451613e-05,2.338709677419355,1581.006129032258,31.620122580645162,721226.7903225806,35842.26774193549,1194.7435483870968,185.20967741935485,20.306451612903224,False,,0.1,0.6,0.1,30.0,0.3,0.1,8.0
arm_1719,20262648,0.21,0,0.0,0.0,0.0,0.0,0.0,0.0,0.0,0.0,0.0,0.0,1.7037037037037037,0.0,False,,0.1,0.6,0.15,30.0,0.3,0.01,2.0
arm_1720,20262649,0.18,0,,,,,,,,,,,,,,no tail rows,0.1,0.6,0.15,30.0,0.3,0.05,2.0
arm_1721,20262650,0.22,0,0.0,0.0,0.0,0.0,0.0,0.0,0.0,0.0,0.0,0.0,2.6739130434782608,0.0,False,,0.1,0.6,0.15,30.0,0.3,0.1,2.0
arm_1722,20262651,0.27,0,0.0,0.0,0.0,0.0,0.0,0.0,0.0,0.0,0.0,0.0,13.629032258064516,0.0,False,,0.1,0.6,0.15,30.0,0.3,0.01,4.0
arm_1723,20262652,0.26,0,0.0,0.0,0.0,0.0,0.0,0.0,0.0,0.0,0.0,0.0,24.725806451612904,0.0,False,,0.1,0.6,0.15,30.0,0.3,0.05,4.0
arm_1724,20262653,0.26,0,0.0008490277258064516,0.00691243935483871,0.0,0.00035063064516129027,0.9838709677419355,110.07829032258066,2.2015653225806453,99163.61451612905,0.0,11947.435483870968,31.677419354838708,1.7419354838709677,False,,0.1,0.6,0.15,30.0,0.3,0.1,4.0
arm_1725,20262654,0.33,0,0.0,0.0,0.0,0.0,0.0,0.0,0.0,0.0,0.0,0.0,168.32258064516128,0.0,False,,0.1,0.6,0.15,30.0,0.3,0.01,8.0
arm_1726,20262655,0.3,0,0.001061388870967742,0.008960574193548388,0.0003674032258064516,0.0,1.1290322580645162,103.9061564516129,2.0781232258064515,88410.97741935485,21505.358064516127,0.0,118.46774193548387,1.4838709677419355,False,,0.1,0.6,0.15,30.0,0.3,0.05,8.0
arm_1727,20262656,0.31,0,0.00048132769354838705,0.0,0.00021698225806451613,0.0008526348387096773,0.4838709677419355,46.311890322580645,0.9262388709677418,0.0,7168.461290322582,39426.51129032258,109.6774193548387,0.6290322580645161,False,,0.1,0.6,0.15,30.0,0.3,0.1,8.0
arm_1728,20262657,0.16,0,,,,,,,,,,,,,,no tail rows,0.3,0.6,0.05,30.0,0.3,0.01,2.0
arm_1729,20262658,0.22,0,0.00027978983870967746,0.0027978983870967744,0.0,0.0,0.27419354838709675,23.16340322580645,0.46326870967741934,22700.120967741936,0.0,0.0,3.3548387096774195,0.3064516129032258,False,,0.3,0.6,0.05,30.0,0.3,0.05,2.0
arm_1730,20262659,0.22,0,0.0,0.0,0.0,0.0,0.0,0.0,0.0,0.0,0.0,0.0,2.838709677419355,0.0,False,,0.3,0.6,0.05,30.0,0.3,0.1,2.0
arm_1731,20262660,0.25,0,8.640551612903226e-05,0.0008640551612903226,0.0,0.0,0.0967741935483871,6.400412903225806,0.12800806451612903,7168.461290322582,0.0,0.0,14.112903225806452,0.0967741935483871,False,,0.3,0.6,0.05,30.0,0.3,0.01,4.0
arm_1732,20262661,0.23,0,0.0,0.0,0.0,0.0,0.0,0.0,0.0,0.0,0.0,0.0,17.096774193548388,0.0,False,,0.3,0.6,0.05,30.0,0.3,0.05,4.0
arm_1733,20262662,0.25,0,0.0,0.0,0.0,0.0,0.0,0.0,0.0,0.0,0.0,0.0,12.725806451612904,0.0,False,,0.3,0.6,0.05,30.0,0.3,0.1,4.0
arm_1734,20262663,0.27,0,0.0,0.0,0.0,0.0,0.0,0.0,0.0,0.0,0.0,0.0,112.08064516129032,0.0,False,,0.3,0.6,0.05,30.0,0.3,0.01,8.0
arm_1735,20262664,0.27,0,3.3217693548387094e-05,0.0,0.0,7.381709677419355e-05,0.03225806451612903,2.460570967741935,0.04921129032258064,0.0,0.0,2389.4870967741936,122.83870967741936,0.03225806451612903,False,,0.3,0.6,0.05,30.0,0.3,0.05,8.0
arm_1736,20262665,0.28,0,6.589262903225807e-05,0.0,0.00011097967741935483,3.5448387096774194e-05,0.06451612903225806,4.880933870967742,0.09761854838709678,0.0,3584.230645161291,1194.7435483870968,115.91935483870968,0.06451612903225806,False,,0.3,0.6,0.05,30.0,0.3,0.1,8.0
arm_1737,20262666,0.24,0,0.0,0.0,0.0,0.0,0.0,0.0,0.0,0.0,0.0,0.0,4.935483870967742,0.0,False,,0.3,0.6,0.1,30.0,0.3,0.01,2.0
arm_1738,20262667,0.14,0,,,,,,,,,,,,,,no tail rows,0.3,0.6,0.1,30.0,0.3,0.05,2.0
arm_1739,20262668,0.24,0,0.0,0.0,0.0,0.0,0.0,0.0,0.0,0.0,0.0,0.0,1.0483870967741935,0.0,False,,0.3,0.6,0.1,30.0,0.3,0.1,2.0
arm_1740,20262669,0.25,0,0.0,0.0,0.0,0.0,0.0,0.0,0.0,0.0,0.0,0.0,12.161290322580646,0.0,False,,0.3,0.6,0.1,30.0,0.3,0.01,4.0
arm_1741,20262670,0.24,0,0.0,0.0,0.0,0.0,0.0,0.0,0.0,0.0,0.0,0.0,12.080645161290322,0.0,False,,0.3,0.6,0.1,30.0,0.3,0.05,4.0
arm_1742,20262671,0.24,0,0.0001301893548387097,0.0,0.0,0.00028930967741935484,0.12903225806451613,10.849125806451614,0.21698274193548384,0.0,0.0,10752.68870967742,5.532258064516129,0.14516129032258066,False,,0.3,0.6,0.1,30.0,0.3,0.1,4.0
arm_1743,20262672,0.29,0,0.0,0.0,0.0,0.0,0.0,0.0,0.0,0.0,0.0,0.0,132.58064516129033,0.0,False,,0.3,0.6,0.1,30.0,0.3,0.01,8.0
arm_1744,20262673,0.25,0,9.786150000000001e-05,0.0,0.00021747000000000002,0.0,0.0967741935483871,7.249006451612903,0.14498032258064517,0.0,7168.461290322582,0.0,96.61290322580645,0.0967741935483871,False,,0.3,0.6,0.1,30.0,0.3,0.05,8.0
arm_1745,20262674,0.24,0,1.6273669354838712e-05,0.0,0.0,3.6163709677419355e-05,0.016129032258064516,1.205458064516129,0.024109193548387097,0.0,0.0,1194.7435483870968,76.25806451612904,0.016129032258064516,False,,0.3,0.6,0.1,30.0,0.3,0.1,8.0
arm_1746,20262675,0.2,0,0.0,0.0,0.0,0.0,0.0,0.0,0.0,0.0,0.0,0.0,3.8823529411764706,0.0,False,,0.3,0.6,0.15,30.0,0.3,0.01,2.0
arm_1747,20262676,0.19,0,0.0,0.0,0.0,0.0,0.0,0.0,0.0,0.0,0.0,0.0,0.9,0.0,False,,0.3,0.6,0.15,30.0,0.3,0.05,2.0
arm_1748,20262677,0.17,0,,,,,,,,,,,,,,no tail rows,0.3,0.6,0.15,30.0,0.3,0.1,2.0
arm_1749,20262678,0.24,0,0.0,0.0,0.0,0.0,0.0,0.0,0.0,0.0,0.0,0.0,13.596774193548388,0.0,False,,0.3,0.6,0.15,30.0,0.3,0.01,4.0
arm_1750,20262679,0.24,0,0.0,0.0,0.0,0.0,0.0,0.0,0.0,0.0,0.0,0.0,11.483870967741936,0.0,False,,0.3,0.6,0.15,30.0,0.3,0.05,4.0
arm_1751,20262680,0.23,0,0.0,0.0,0.0,0.0,0.0,0.0,0.0,0.0,0.0,0.0,10.935483870967742,0.0,False,,0.3,0.6,0.15,30.0,0.3,0.1,4.0
arm_1752,20262681,0.25,0,0.0,0.0,0.0,0.0,0.0,0.0,0.0,0.0,0.0,0.0,89.66129032258064,0.0,False,,0.3,0.6,0.15,30.0,0.3,0.01,8.0
arm_1753,20262682,0.27,0,0.0,0.0,0.0,0.0,0.0,0.0,0.0,0.0,0.0,0.0,91.90322580645162,0.0,False,,0.3,0.6,0.15,30.0,0.3,0.05,8.0
arm_1754,20262683,0.25,0,0.0,0.0,0.0,0.0,0.0,0.0,0.0,0.0,0.0,0.0,89.64516129032258,0.0,False,,0.3,0.6,0.15,30.0,0.3,0.1,8.0
arm_1755,20262684,0.16,0,,,,,,,,,,,,,,no tail rows,0.5,0.6,0.05,30.0,0.3,0.01,2.0
arm_1756,20262685,0.15,0,,,,,,,,,,,,,,no tail rows,0.5,0.6,0.05,30.0,0.3,0.05,2.0
arm_1757,20262686,0.19,0,0.0,0.0,0.0,0.0,0.0,0.0,0.0,0.0,0.0,0.0,2.85,0.0,False,,0.5,0.6,0.05,30.0,0.3,0.1,2.0
arm_1758,20262687,0.22,0,0.0,0.0,0.0,0.0,0.0,0.0,0.0,0.0,0.0,0.0,13.241935483870968,0.0,False,,0.5,0.6,0.05,30.0,0.3,0.01,4.0
arm_1759,20262688,0.22,0,0.0,0.0,0.0,0.0,0.0,0.0,0.0,0.0,0.0,0.0,14.14516129032258,0.0,False,,0.5,0.6,0.05,30.0,0.3,0.05,4.0
arm_1760,20262689,0.22,0,0.0,0.0,0.0,0.0,0.0,0.0,0.0,0.0,0.0,0.0,10.338709677419354,0.0,False,,0.5,0.6,0.05,30.0,0.3,0.1,4.0
arm_1761,20262690,0.22,0,0.0,0.0,0.0,0.0,0.0,0.0,0.0,0.0,0.0,0.0,55.774193548387096,0.0,False,,0.5,0.6,0.05,30.0,0.3,0.01,8.0
arm_1762,20262691,0.22,0,8.797654838709679e-05,0.0008797654838709678,0.0,0.0,0.0967741935483871,6.516783870967743,0.13033548387096774,7168.461290322582,0.0,0.0,52.87096774193548,0.0967741935483871,False,,0.5,0.6,0.05,30.0,0.3,0.05,8.0
arm_1763,20262692,0.24,0,0.0,0.0,0.0,0.0,0.0,0.0,0.0,0.0,0.0,0.0,68.30645161290323,0.0,False,,0.5,0.6,0.05,30.0,0.3,0.1,8.0
arm_1764,20262693,0.19,0,0.0,0.0,0.0,0.0,0.0,0.0,0.0,0.0,0.0,0.0,6.642857142857143,0.0,False,,0.5,0.6,0.1,30.0,0.3,0.01,2.0
arm_1765,20262694,0.15,0,,,,,,,,,,,,,,no tail rows,0.5,0.6,0.1,30.0,0.3,0.05,2.0
arm_1766,20262695,0.15,0,,,,,,,,,,,,,,no tail rows,0.5,0.6,0.1,30.0,0.3,0.1,2.0
arm_1767,20262696,0.24,0,0.0,0.0,0.0,0.0,0.0,0.0,0.0,0.0,0.0,0.0,33.61290322580645,0.0,False,,0.5,0.6,0.1,30.0,0.3,0.01,4.0
arm_1768,20262697,0.24,0,0.0,0.0,0.0,0.0,0.0,0.0,0.0,0.0,0.0,0.0,8.387096774193548,0.0,False,,0.5,0.6,0.1,30.0,0.3,0.05,4.0
arm_1769,20262698,0.24,0,0.0,0.0,0.0,0.0,0.0,0.0,0.0,0.0,0.0,0.0,19.806451612903224,0.0,False,,0.5,0.6,0.1,30.0,0.3,0.1,4.0
arm_1770,20262699,0.26,0,0.0,0.0,0.0,0.0,0.0,0.0,0.0,0.0,0.0,0.0,74.83870967741936,0.0,False,,0.5,0.6,0.1,30.0,0.3,0.01,8.0
arm_1771,20262700,0.26,0,0.0,0.0,0.0,0.0,0.0,0.0,0.0,0.0,0.0,0.0,137.9516129032258,0.0,False,,0.5,0.6,0.1,30.0,0.3,0.05,8.0
arm_1772,20262701,0.25,0,1.4812403225806452e-05,0.0,0.0,3.2916451612903224e-05,0.016129032258064516,1.0972129032258064,0.021944193548387097,0.0,0.0,1194.7435483870968,80.46774193548387,0.016129032258064516,False,,0.5,0.6,0.1,30.0,0.3,0.1,8.0
arm_1773,20262702,0.17,0,,,,,,,,,,,,,,no tail rows,0.5,0.6,0.15,30.0,0.3,0.01,2.0
arm_1774,20262703,0.18,0,0.0,0.0,0.0,0.0,0.0,0.0,0.0,0.0,0.0,0.0,0.8571428571428571,0.0,False,,0.5,0.6,0.15,30.0,0.3,0.05,2.0
arm_1775,20262704,0.18,0,,,,,,,,,,,,,,no tail rows,0.5,0.6,0.15,30.0,0.3,0.1,2.0
arm_1776,20262705,0.24,0,0.0,0.0,0.0,0.0,0.0,0.0,0.0,0.0,0.0,0.0,14.790322580645162,0.0,False,,0.5,0.6,0.15,30.0,0.3,0.01,4.0
arm_1777,20262706,0.25,0,0.0,0.0,0.0,0.0,0.0,0.0,0.0,0.0,0.0,0.0,16.79032258064516,0.0,False,,0.5,0.6,0.15,30.0,0.3,0.05,4.0
arm_1778,20262707,0.25,0,0.0,0.0,0.0,0.0,0.0,0.0,0.0,0.0,0.0,0.0,26.580645161290324,0.0,False,,0.5,0.6,0.15,30.0,0.3,0.1,4.0
arm_1779,20262708,0.28,0,0.0,0.0,0.0,0.0,0.0,0.0,0.0,0.0,0.0,0.0,90.2741935483871,0.0,False,,0.5,0.6,0.15,30.0,0.3,0.01,8.0
arm_1780,20262709,0.29,0,0.0,0.0,0.0,0.0,0.0,0.0,0.0,0.0,0.0,0.0,111.0,0.0,False,,0.5,0.6,0.15,30.0,0.3,0.05,8.0
arm_1781,20262710,0.29,0,0.00024853514516129036,0.0015280112903225808,0.00014025225806451613,7.249e-05,0.24193548387096775,43.200654838709674,0.8640125806451614,11947.432258064517,23894.854838709678,7168.451612903225,108.19354838709677,0.5806451612903226,False,,0.5,0.6,0.15,30.0,0.3,0.1,8.0
arm_1782,20262711,0.32,0,0.00235294,0.0235294,0.0,0.0,2.0,11618.517741935484,232.37051612903227,4937873.064516129,0.0,0.0,23.822580645161292,133.32258064516128,True,,0.1,0.6,0.05,30.0,0.5,0.01,2.0
arm_1783,20262712,0.34,0,0.0046729,0.046729,0.0,0.0,5.0,37051.55322580645,741.0310483870968,7929031.451612903,0.0,0.0,46.774193548387096,535.2096774193549,True,,0.1,0.6,0.05,30.0,0.5,0.05,2.0
arm_1784,20262713,0.37,0,0.0075453999435483865,0.0695652,0.0004787166129032258,0.0008299054838709676,8.580645161290322,58229.77741935484,1164.5957258064516,8346624.516129033,15531.666129032259,101553.18225806451,126.61290322580645,903.6612903225806,True,,0.1,0.6,0.05,30.0,0.5,0.1,2.0
arm_1785,20262714,0.41,0,0.009278350000000001,0.0927835,0.0,0.0,9.0,53031.809677419355,1060.6364516129033,5715651.774193549,0.0,0.0,329.06451612903226,694.4516129032259,True,,0.1,0.6,0.05,30.0,0.5,0.01,4.0
arm_1786,20262715,0.38,0,0.004572064032258065,0.0438596,0.0,0.00041356451612903225,5.17741935483871,38928.13548387097,778.5627258064517,8866188.709677419,0.0,39426.51129032258,293.43548387096774,599.0,True,,0.1,0.6,0.05,30.0,0.5,0.05,4.0
arm_1787,20262716,0.35,0,0.0009523810000000001,0.00952381,0.0,0.0,1.0,4551.402258064516,91.02804677419356,4778973.870967742,0.0,0.0,38.12903225806452,64.51612903225806,False,,0.1,0.6,0.05,30.0,0.5,0.1,4.0
arm_1788,20262717,0.45,0,0.0028301900000000002,0.0283019,0.0,0.0,3.0,24947.6,498.952,8814810.0,0.0,0.0,244.5,357.0,True,,0.1,0.6,0.05,30.0,0.5,0.01,8.0
arm_1789,20262718,0.47,0,0.0064220200000000005,0.0642202,0.0,0.0,7.0,46222.309677419355,924.4461935483871,7197474.677419355,0.0,0.0,761.3225806451613,680.1612903225806,True,,0.1,0.6,0.05,30.0,0.5,0.05,8.0
arm_1790,20262719,0.4,0,0.006206611290322582,0.06206611290322581,0.0,0.0,4.903225806451613,37964.096774193546,759.281935483871,6128912.096774193,0.0,0.0,303.8709677419355,404.88709677419354,True,,0.1,0.6,0.05,30.0,0.5,0.1,8.0
arm_1791,20262720,0.28,0,0.0019802,0.019802,0.0,0.0,2.0,593.8228709677419,11.876453709677419,299880.22580645164,0.0,0.0,12.516129032258064,8.096774193548388,False,,0.1,0.6,0.1,30.0,0.5,0.01,2.0
arm_1792,20262721,0.29,0,0.004152622379032259,0.0387597,0.000614783064516129,0.0,5.274193548387097,2005.4545161290323,40.10907258064516,507765.82258064515,35842.26612903226,0.0,38.225806451612904,34.774193548387096,False,,0.1,0.6,0.1,30.0,0.5,0.05,2.0
arm_1793,20262722,0.32,0,0.004536557564516129,0.0420619935483871,0.0005833906451612904,0.00015073870967741935,4.629032258064516,1814.8083870967741,36.29619838709678,439665.5,21505.38064516129,13142.161290322581,48.46774193548387,24.983870967741936,False,,0.1,0.6,0.1,30.0,0.5,0.1,2.0
arm_1794,20262723,0.35,0,0.0048387083870967745,0.04838708387096774,0.0,0.0,4.741935483870968,4794.82129032258,95.89644193548386,1040123.2741935484,0.0,0.0,113.66129032258064,63.435483870967744,False,,0.1,0.6,0.1,30.0,0.5,0.01,4.0
arm_1795,20262724,0.28,0,0.0023231698387096776,0.023231698387096777,0.0,0.0,2.532258064516129,795.7650322580645,15.915285161290322,366487.4032258064,0.0,0.0,80.43548387096774,11.709677419354838,False,,0.1,0.6,0.1,30.0,0.5,0.05,4.0
arm_1796,20262725,0.36,0,0.003240798661290323,0.031116177419354837,0.00021222387096774193,7.484483870967742e-05,3.6451612903225805,1860.8920967741935,37.217838709677416,572779.7741935484,7168.461290322582,2389.4870967741936,96.06451612903226,28.370967741935484,False,,0.1,0.6,0.1,30.0,0.5,0.1,4.0
arm_1797,20262726,0.39,0,0.0024096400000000002,0.0240964,0.0,0.0,2.0,606.0082580645162,12.120162258064516,251493.18387096774,0.0,0.0,150.61290322580646,6.790322580645161,False,,0.1,0.6,0.1,30.0,0.5,0.01,8.0
arm_1798,20262727,0.34,0,0.001599000435483871,0.01599000435483871,0.0,0.0,1.8548387096774193,594.2819838709678,11.885638548387096,410394.27419354836,0.0,0.0,179.79032258064515,9.306451612903226,False,,0.1,0.6,0.1,30.0,0.5,0.05,8.0
arm_1799,20262728,0.33,0,0.0007748252258064517,0.0077482522580645165,0.0,0.0,0.7903225806451613,182.72549032258064,3.6545070967741937,153524.34516129032,0.0,0.0,140.75806451612902,2.5161290322580645,False,,0.1,0.6,0.1,30.0,0.5,0.1,8.0
arm_1800,20262729,0.25,0,0.0,0.0,0.0,0.0,0.0,0.0,0.0,0.0,0.0,0.0,1.8387096774193548,0.0,False,,0.1,0.6,0.15,30.0,0.5,0.01,2.0
arm_1801,20262730,0.24,0,6.216764516129032e-05,0.0,0.0,0.00013815032258064516,0.06451612903225806,4.605006451612903,0.0921,0.0,0.0,4778.974193548387,1.1451612903225807,0.06451612903225806,False,,0.1,0.6,0.15,30.0,0.5,0.05,2.0
arm_1802,20262731,0.22,0,0.0,0.0,0.0,0.0,0.0,0.0,0.0,0.0,0.0,0.0,1.3448275862068966,0.0,False,,0.1,0.6,0.15,30.0,0.5,0.1,2.0
arm_1803,20262732,0.28,0,0.0006412751612903226,0.006412751612903226,0.0,0.0,0.532258064516129,164.09716129032256,3.2819443548387097,136200.5806451613,0.0,0.0,36.403225806451616,1.8387096774193548,False,,0.1,0.6,0.15,30.0,0.5,0.01,4.0
arm_1804,20262733,0.3,0,0.0,0.0,0.0,0.0,0.0,0.0,0.0,0.0,0.0,0.0,19.096774193548388,0.0,False,,0.1,0.6,0.15,30.0,0.5,0.05,4.0
arm_1805,20262734,0.26,0,0.00045582193548387106,0.00455821935483871,0.0,0.0,0.41935483870967744,33.764480645161285,0.6752912903225806,31063.332258064518,0.0,0.0,23.35483870967742,0.41935483870967744,False,,0.1,0.6,0.15,30.0,0.5,0.1,4.0
arm_1806,20262735,0.32,0,0.0,0.0,0.0,0.0,0.0,0.0,0.0,0.0,0.0,0.0,88.87096774193549,0.0,False,,0.1,0.6,0.15,30.0,0.5,0.01,8.0
arm_1807,20262736,0.31,0,0.00036638540322580653,0.0033206825806451614,7.626032258064516e-05,0.0,0.3709677419354839,37.68146129032258,0.7536301612903226,35842.27741935484,2389.4870967741936,0.0,115.25806451612904,0.5161290322580645,False,,0.1,0.6,0.15,30.0,0.5,0.05,8.0
arm_1808,20262737,0.31,0,0.0004269449032258065,0.004269449032258065,0.0,0.0,0.43548387096774194,44.50997741935483,0.8902008064516129,45400.21935483871,0.0,0.0,95.41935483870968,0.6129032258064516,False,,0.1,0.6,0.15,30.0,0.5,0.1,8.0
arm_1809,20262738,0.24,0,0.0,0.0,0.0,0.0,0.0,0.0,0.0,0.0,0.0,0.0,5.354838709677419,0.0,False,,0.3,0.6,0.05,30.0,0.5,0.01,2.0
arm_1810,20262739,0.2,0,0.0,0.0,0.0,0.0,0.0,0.0,0.0,0.0,0.0,0.0,2.0526315789473686,0.0,False,,0.3,0.6,0.05,30.0,0.5,0.05,2.0
arm_1811,20262740,0.21,0,0.0,0.0,0.0,0.0,0.0,0.0,0.0,0.0,0.0,0.0,2.938775510204082,0.0,False,,0.3,0.6,0.05,30.0,0.5,0.1,2.0
arm_1812,20262741,0.25,0,0.0,0.0,0.0,0.0,0.0,0.0,0.0,0.0,0.0,0.0,41.45161290322581,0.0,False,,0.3,0.6,0.05,30.0,0.5,0.01,4.0
arm_1813,20262742,0.24,0,0.0,0.0,0.0,0.0,0.0,0.0,0.0,0.0,0.0,0.0,23.225806451612904,0.0,False,,0.3,0.6,0.05,30.0,0.5,0.05,4.0
arm_1814,20262743,0.26,0,1.5812782258064518e-05,0.0,3.513951612903226e-05,0.0,0.016129032258064516,1.171316129032258,0.02342629032258065,0.0,1194.7435483870968,0.0,32.016129032258064,0.016129032258064516,False,,0.3,0.6,0.05,30.0,0.5,0.1,4.0
arm_1815,20262744,0.28,0,0.0,0.0,0.0,0.0,0.0,0.0,0.0,0.0,0.0,0.0,106.2258064516129,0.0,False,,0.3,0.6,0.05,30.0,0.5,0.01,8.0
arm_1816,20262745,0.29,0,0.0,0.0,0.0,0.0,0.0,0.0,0.0,0.0,0.0,0.0,97.54838709677419,0.0,False,,0.3,0.6,0.05,30.0,0.5,0.05,8.0
arm_1817,20262746,0.31,0,1.609323387096774e-05,0.0,3.576274193548387e-05,0.0,0.016129032258064516,1.192093548387097,0.023841935483870966,0.0,1194.7435483870968,0.0,129.32258064516128,0.016129032258064516,False,,0.3,0.6,0.05,30.0,0.5,0.1,8.0
arm_1818,20262747,0.2,0,,,,,,,,,,,,,,no tail rows,0.3,0.6,0.1,30.0,0.5,0.01,2.0
arm_1819,20262748,0.27,0,0.0,0.0,0.0,0.0,0.0,0.0,0.0,0.0,0.0,0.0,3.2096774193548385,0.0,False,,0.3,0.6,0.1,30.0,0.5,0.05,2.0
arm_1820,20262749,0.24,0,0.0,0.0,0.0,0.0,0.0,0.0,0.0,0.0,0.0,0.0,8.066666666666666,0.0,False,,0.3,0.6,0.1,30.0,0.5,0.1,2.0
arm_1821,20262750,0.29,0,0.0,0.0,0.0,0.0,0.0,0.0,0.0,0.0,0.0,0.0,20.5,0.0,False,,0.3,0.6,0.1,30.0,0.5,0.01,4.0
arm_1822,20262751,0.29,0,0.0,0.0,0.0,0.0,0.0,0.0,0.0,0.0,0.0,0.0,15.225806451612904,0.0,False,,0.3,0.6,0.1,30.0,0.5,0.05,4.0
arm_1823,20262752,0.27,0,0.0003384254193548388,0.003064516129032258,7.105290322580645e-05,0.0,0.3387096774193548,52.53707580645161,1.0507414516129032,48984.42419354838,3584.2274193548387,0.0,12.983870967741936,0.7096774193548387,False,,0.3,0.6,0.1,30.0,0.5,0.1,4.0
arm_1824,20262753,0.32,0,0.0,0.0,0.0,0.0,0.0,0.0,0.0,0.0,0.0,0.0,104.79032258064517,0.0,False,,0.3,0.6,0.1,30.0,0.5,0.01,8.0
arm_1825,20262754,0.34,0,0.0,0.0,0.0,0.0,0.0,0.0,0.0,0.0,0.0,0.0,116.29032258064517,0.0,False,,0.3,0.6,0.1,30.0,0.5,0.05,8.0
arm_1826,20262755,0.32,0,1.602225e-05,0.0,0.0,3.5605e-05,0.016129032258064516,1.1868306451612904,0.023736612903225807,0.0,0.0,1194.7435483870968,98.25806451612904,0.016129032258064516,False,,0.3,0.6,0.1,30.0,0.5,0.1,8.0
arm_1827,20262756,0.24,0,,,,,,,,,,,,,,no tail rows,0.3,0.6,0.15,30.0,0.5,0.01,2.0
arm_1828,20262757,0.22,0,0.0,0.0,0.0,0.0,0.0,0.0,0.0,0.0,0.0,0.0,0.9545454545454546,0.0,False,,0.3,0.6,0.15,30.0,0.5,0.05,2.0
arm_1829,20262758,0.19,0,,,,,,,,,,,,,,no tail rows,0.3,0.6,0.15,30.0,0.5,0.1,2.0
arm_1830,20262759,0.28,0,0.0,0.0,0.0,0.0,0.0,0.0,0.0,0.0,0.0,0.0,16.56451612903226,0.0,False,,0.3,0.6,0.15,30.0,0.5,0.01,4.0
arm_1831,20262760,0.31,0,0.0,0.0,0.0,0.0,0.0,0.0,0.0,0.0,0.0,0.0,12.741935483870968,0.0,False,,0.3,0.6,0.15,30.0,0.5,0.05,4.0
arm_1832,20262761,0.29,0,0.0,0.0,0.0,0.0,0.0,0.0,0.0,0.0,0.0,0.0,14.274193548387096,0.0,False,,0.3,0.6,0.15,30.0,0.5,0.1,4.0
arm_1833,20262762,0.35,0,0.0,0.0,0.0,0.0,0.0,0.0,0.0,0.0,0.0,0.0,75.40322580645162,0.0,False,,0.3,0.6,0.15,30.0,0.5,0.01,8.0
arm_1834,20262763,0.33,0,0.0,0.0,0.0,0.0,0.0,0.0,0.0,0.0,0.0,0.0,102.06451612903226,0.0,False,,0.3,0.6,0.15,30.0,0.5,0.05,8.0
arm_1835,20262764,0.36,0,0.0,0.0,0.0,0.0,0.0,0.0,0.0,0.0,0.0,0.0,100.75806451612904,0.0,False,,0.3,0.6,0.15,30.0,0.5,0.1,8.0
arm_1836,20262765,0.17,0,0.0,0.0,0.0,0.0,0.0,0.0,0.0,0.0,0.0,0.0,1.0666666666666667,0.0,False,,0.5,0.6,0.05,30.0,0.5,0.01,2.0
arm_1837,20262766,0.17,0,0.0,0.0,0.0,0.0,0.0,0.0,0.0,0.0,0.0,0.0,1.72,0.0,False,,0.5,0.6,0.05,30.0,0.5,0.05,2.0
arm_1838,20262767,0.22,0,0.0,0.0,0.0,0.0,0.0,0.0,0.0,0.0,0.0,0.0,2.85,0.0,False,,0.5,0.6,0.05,30.0,0.5,0.1,2.0
arm_1839,20262768,0.26,0,0.0,0.0,0.0,0.0,0.0,0.0,0.0,0.0,0.0,0.0,21.887096774193548,0.0,False,,0.5,0.6,0.05,30.0,0.5,0.01,4.0
arm_1840,20262769,0.25,0,0.0,0.0,0.0,0.0,0.0,0.0,0.0,0.0,0.0,0.0,7.387096774193548,0.0,False,,0.5,0.6,0.05,30.0,0.5,0.05,4.0
arm_1841,20262770,0.24,0,4.9826540322580644e-05,0.0,0.00011072564516129031,0.0,0.04838709677419355,9.842285483870967,0.19684548387096776,0.0,9557.937096774192,0.0,18.161290322580644,0.12903225806451613,False,,0.5,0.6,0.05,30.0,0.5,0.1,4.0
arm_1842,20262771,0.27,0,0.0,0.0,0.0,0.0,0.0,0.0,0.0,0.0,0.0,0.0,56.596774193548384,0.0,False,,0.5,0.6,0.05,30.0,0.5,0.01,8.0
arm_1843,20262772,0.27,0,1.638391935483871e-05,0.0,3.640870967741936e-05,0.0,0.016129032258064516,2.4272419354838712,0.04854483870967742,0.0,2389.483870967742,0.0,99.66129032258064,0.03225806451612903,False,,0.5,0.6,0.05,30.0,0.5,0.05,8.0
arm_1844,20262773,0.31,0,0.0,0.0,0.0,0.0,0.0,0.0,0.0,0.0,0.0,0.0,127.25806451612904,0.0,False,,0.5,0.6,0.05,30.0,0.5,0.1,8.0
arm_1845,20262774,0.23,0,0.0,0.0,0.0,0.0,0.0,0.0,0.0,0.0,0.0,0.0,1.2096774193548387,0.0,False,,0.5,0.6,0.1,30.0,0.5,0.01,2.0
arm_1846,20262775,0.18,0,,,,,,,,,,,,,,no tail rows,0.5,0.6,0.1,30.0,0.5,0.05,2.0
arm_1847,20262776,0.18,0,,,,,,,,,,,,,,no tail rows,0.5,0.6,0.1,30.0,0.5,0.1,2.0
arm_1848,20262777,0.23,0,0.0,0.0,0.0,0.0,0.0,0.0,0.0,0.0,0.0,0.0,7.67741935483871,0.0,False,,0.5,0.6,0.1,30.0,0.5,0.01,4.0
arm_1849,20262778,0.25,0,0.0,0.0,0.0,0.0,0.0,0.0,0.0,0.0,0.0,0.0,6.096774193548387,0.0,False,,0.5,0.6,0.1,30.0,0.5,0.05,4.0
arm_1850,20262779,0.26,0,0.0,0.0,0.0,0.0,0.0,0.0,0.0,0.0,0.0,0.0,5.870967741935484,0.0,False,,0.5,0.6,0.1,30.0,0.5,0.1,4.0
arm_1851,20262780,0.28,0,0.0,0.0,0.0,0.0,0.0,0.0,0.0,0.0,0.0,0.0,92.74193548387096,0.0,False,,0.5,0.6,0.1,30.0,0.5,0.01,8.0
arm_1852,20262781,0.28,0,3.2620500000000004e-05,0.0,0.0,7.249e-05,0.03225806451612903,4.832677419354838,0.09665322580645161,0.0,0.0,4778.967741935484,109.79032258064517,0.06451612903225806,False,,0.5,0.6,0.1,30.0,0.5,0.05,8.0
arm_1853,20262782,0.28,0,0.0,0.0,0.0,0.0,0.0,0.0,0.0,0.0,0.0,0.0,102.95161290322581,0.0,False,,0.5,0.6,0.1,30.0,0.5,0.1,8.0
arm_1854,20262783,0.12,0,,,,,,,,,,,,,,no tail rows,0.5,0.6,0.15,30.0,0.5,0.01,2.0
arm_1855,20262784,0.24,0,0.0,0.0,0.0,0.0,0.0,0.0,0.0,0.0,0.0,0.0,5.806451612903226,0.0,False,,0.5,0.6,0.15,30.0,0.5,0.05,2.0
arm_1856,20262785,0.18,0,,,,,,,,,,,,,,no tail rows,0.5,0.6,0.15,30.0,0.5,0.1,2.0
arm_1857,20262786,0.26,0,0.0,0.0,0.0,0.0,0.0,0.0,0.0,0.0,0.0,0.0,33.854838709677416,0.0,False,,0.5,0.6,0.15,30.0,0.5,0.01,4.0
arm_1858,20262787,0.25,0,0.0,0.0,0.0,0.0,0.0,0.0,0.0,0.0,0.0,0.0,12.112903225806452,0.0,False,,0.5,0.6,0.15,30.0,0.5,0.05,4.0
arm_1859,20262788,0.27,0,0.0,0.0,0.0,0.0,0.0,0.0,0.0,0.0,0.0,0.0,19.129032258064516,0.0,False,,0.5,0.6,0.15,30.0,0.5,0.1,4.0
arm_1860,20262789,0.27,0,0.0,0.0,0.0,0.0,0.0,0.0,0.0,0.0,0.0,0.0,76.20967741935483,0.0,False,,0.5,0.6,0.15,30.0,0.5,0.01,8.0
arm_1861,20262790,0.27,0,1.584733064516129e-05,0.0,0.0,3.521629032258065e-05,0.016129032258064516,1.173874193548387,0.02347741935483871,0.0,0.0,1194.7435483870968,109.37096774193549,0.016129032258064516,False,,0.5,0.6,0.15,30.0,0.5,0.05,8.0
arm_1862,20262791,0.27,0,4.8173008064516124e-05,0.0,0.00010705112903225805,0.0,0.04838709677419355,3.5683693548387097,0.07136758064516129,0.0,3584.230645161291,0.0,95.24193548387096,0.04838709677419355,False,,0.5,0.6,0.15,30.0,0.5,0.1,8.0
arm_1863,20262792,0.28,0,0.0061855700000000005,0.0618557,0.0,0.0,6.0,54802.9935483871,1096.060435483871,8859816.935483871,0.0,0.0,99.70967741935483,717.6451612903226,True,,0.1,0.6,0.05,30.0,0.7,0.01,2.0
arm_1864,20262793,0.28,0,0.00392157,0.0392157,0.0,0.0,4.0,24380.956451612903,487.61920967741935,6217144.516129033,0.0,0.0,105.62903225806451,335.7258064516129,True,,0.1,0.6,0.05,30.0,0.7,0.05,2.0
arm_1865,20262794,0.27,0,0.0076087,0.076087,0.0,0.0,7.0,37143.522580645156,742.8705161290322,4881720.483870967,0.0,0.0,128.75806451612902,461.3225806451613,True,,0.1,0.6,0.05,30.0,0.7,0.1,2.0
arm_1866,20262795,0.28,0,0.00434783,0.0434783,0.0,0.0,4.0,36369.53870967742,727.3908225806451,8364993.870967742,0.0,0.0,113.3225806451613,451.7096774193548,True,,0.1,0.6,0.05,30.0,0.7,0.01,4.0
arm_1867,20262796,0.31,0,0.005000000000000001,0.05,0.0,0.0,5.0,40894.86129032258,817.8972096774194,8178972.096774193,0.0,0.0,195.06451612903226,552.0806451612904,True,,0.1,0.6,0.05,30.0,0.7,0.05,4.0
arm_1868,20262797,0.3,0,0.009222613112903226,0.08998301612903227,0.0,0.0004984700000000001,10.483870967741936,64047.848387096776,1280.9567741935484,7122514.354838709,0.0,28673.81935483871,261.2903225806452,985.6451612903226,True,,0.1,0.6,0.05,30.0,0.7,0.1,4.0
arm_1869,20262798,0.36,0,0.00454545,0.0454545,0.0,0.0,5.0,32489.414516129033,649.7881451612903,7147669.516129033,0.0,0.0,309.3225806451613,482.46774193548384,True,,0.1,0.6,0.05,30.0,0.7,0.01,8.0
arm_1870,20262799,0.39,0,0.002073053870967742,0.019802,0.00020634193548387095,0.0,2.096774193548387,15344.53870967742,306.8908064516129,7745519.354838709,7168.461290322582,0.0,325.9193548387097,209.2258064516129,True,,0.1,0.6,0.05,30.0,0.7,0.05,8.0
arm_1871,20262800,0.37,0,0.0042206996612903225,0.0412371,0.0,0.0002155325806451613,4.096774193548387,23663.00322580645,473.2599193548387,5735663.548387097,0.0,10752.682258064517,144.3709677419355,309.8709677419355,True,,0.1,0.6,0.05,30.0,0.7,0.1,8.0
arm_1872,20262801,0.27,0,0.0053363085483870976,0.05336308548387097,0.0,0.0,5.016129032258065,2028.521935483871,40.570432258064514,379928.3387096774,0.0,0.0,44.516129032258064,25.741935483870968,False,,0.1,0.6,0.1,30.0,0.7,0.01,2.0
arm_1873,20262802,0.27,0,0.0035459809596774194,0.0352941,0.0,3.6824354838709676e-05,3.0161290322580645,2546.733387096774,50.93465806451613,721226.5645161291,0.0,1194.7435483870968,23.951612903225808,29.225806451612904,False,,0.1,0.6,0.1,30.0,0.7,0.05,2.0
arm_1874,20262803,0.27,0,0.0032735158548387096,0.03240599516129032,7.31474193548387e-05,0.0,3.564516129032258,1697.3695161290323,33.9473935483871,520211.12903225806,5973.709677419355,0.0,33.79032258064516,24.967741935483872,False,,0.1,0.6,0.1,30.0,0.7,0.1,2.0
arm_1875,20262804,0.35,0,0.0048217238951612906,0.047703696774193546,0.0,0.00011412048387096775,5.67741935483871,2817.279193548387,56.34558870967742,602190.2741935484,0.0,7168.453225806451,114.6774193548387,44.854838709677416,False,,0.1,0.6,0.1,30.0,0.7,0.01,4.0
arm_1876,20262805,0.34,0,0.0047331954838709675,0.047331954838709674,0.0,0.0,5.064516129032258,2853.98435483871,57.07968225806452,604858.5967741936,0.0,0.0,108.51612903225806,41.225806451612904,False,,0.1,0.6,0.1,30.0,0.7,0.05,4.0
arm_1877,20262806,0.32,0,0.00108696,0.0108696,0.0,0.0,1.0,211.67740806451613,4.233546290322581,194742.95322580644,0.0,0.0,25.5,2.629032258064516,False,,0.1,0.6,0.1,30.0,0.7,0.1,4.0
arm_1878,20262807,0.32,0,0.0009090910000000001,0.00909091,0.0,0.0,1.0,95.5794177419355,1.9115870967741935,105137.35322580645,0.0,0.0,77.66129032258064,1.4193548387096775,False,,0.1,0.6,0.1,30.0,0.7,0.01,8.0
arm_1879,20262808,0.39,0,0.0018345678387096775,0.018018,7.281741935483871e-05,0.0,2.032258064516129,891.6248387096774,17.83250806451613,492831.5483870968,3584.2274193548387,0.0,168.79032258064515,13.35483870967742,False,,0.1,0.6,0.1,30.0,0.7,0.05,8.0
arm_1880,20262809,0.44,0,0.008020248185483872,0.07709677419354839,0.00011412048387096775,0.0005760367741935484,8.03225806451613,7206.474032258065,144.12943548387096,938869.2903225806,3584.230645161291,29868.562903225808,435.93548387096774,97.30645161290323,False,,0.1,0.6,0.1,30.0,0.7,0.1,8.0
arm_1881,20262810,0.27,0,0.0,0.0,0.0,0.0,0.0,0.0,0.0,0.0,0.0,0.0,2.4838709677419355,0.0,False,,0.1,0.6,0.15,30.0,0.7,0.01,2.0
arm_1882,20262811,0.27,0,0.0,0.0,0.0,0.0,0.0,0.0,0.0,0.0,0.0,0.0,4.129032258064516,0.0,False,,0.1,0.6,0.15,30.0,0.7,0.05,2.0
arm_1883,20262812,0.27,0,0.0018321476290322585,0.01740659435483871,0.0,0.00020330709677419357,1.8548387096774193,393.53633709677416,7.870724354838709,212664.0758064516,0.0,8363.201612903225,19.419354838709676,5.370967741935484,False,,0.1,0.6,0.15,30.0,0.7,0.1,2.0
arm_1884,20262813,0.31,0,0.00031593016129032264,0.003159301612903226,0.0,0.0,0.3064516129032258,24.633870967741935,0.4926774193548388,23894.867741935486,0.0,0.0,42.33870967741935,0.3225806451612903,False,,0.1,0.6,0.15,30.0,0.7,0.01,4.0
arm_1885,20262814,0.3,0,0.0,0.0,0.0,0.0,0.0,0.0,0.0,0.0,0.0,0.0,9.17741935483871,0.0,False,,0.1,0.6,0.15,30.0,0.7,0.05,4.0
arm_1886,20262815,0.29,0,3.329390322580645e-05,0.0,7.398645161290322e-05,0.0,0.03225806451612903,2.4662129032258067,0.049324193548387095,0.0,2389.4870967741936,0.0,18.838709677419356,0.03225806451612903,False,,0.1,0.6,0.15,30.0,0.7,0.1,4.0
arm_1887,20262816,0.34,0,0.0,0.0,0.0,0.0,0.0,0.0,0.0,0.0,0.0,0.0,90.2258064516129,0.0,False,,0.1,0.6,0.15,30.0,0.7,0.01,8.0
arm_1888,20262817,0.37,0,0.0003780886935483871,0.0,0.00047438322580645165,0.00036581387096774193,0.3870967741935484,28.006553225806453,0.560131129032258,0.0,10752.691935483872,13142.179032258065,113.35483870967742,0.3870967741935484,False,,0.1,0.6,0.15,30.0,0.7,0.05,8.0
arm_1889,20262818,0.35,0,0.0003348621290322581,0.0013957809677419355,0.0,0.00043396451612903226,0.3387096774193548,24.804627419354837,0.49609258064516126,10752.691935483872,0.0,13142.179032258065,89.95161290322581,0.3387096774193548,False,,0.1,0.6,0.15,30.0,0.7,0.1,8.0
arm_1890,20262819,0.26,0,0.0,0.0,0.0,0.0,0.0,0.0,0.0,0.0,0.0,0.0,7.596774193548387,0.0,False,,0.3,0.6,0.05,30.0,0.7,0.01,2.0
arm_1891,20262820,0.26,0,0.0,0.0,0.0,0.0,0.0,0.0,0.0,0.0,0.0,0.0,1.2413793103448276,0.0,False,,0.3,0.6,0.05,30.0,0.7,0.05,2.0
arm_1892,20262821,0.25,0,0.0011821239516129033,0.0114943,7.26532258064516e-05,0.0,1.032258064516129,266.0891322580645,5.321781129032257,229390.70806451613,2389.4870967741936,0.0,30.403225806451612,3.129032258064516,False,,0.3,0.6,0.05,30.0,0.7,0.1,2.0
arm_1893,20262822,0.28,0,0.0,0.0,0.0,0.0,0.0,0.0,0.0,0.0,0.0,0.0,24.177419354838708,0.0,False,,0.3,0.6,0.05,30.0,0.7,0.01,4.0
arm_1894,20262823,0.28,0,0.0014002112903225806,0.014002112903225805,0.0,0.0,1.2741935483870968,434.5709838709678,8.691420806451614,258064.38709677418,0.0,0.0,69.0,5.338709677419355,False,,0.3,0.6,0.05,30.0,0.7,0.05,4.0
arm_1895,20262824,0.3,0,3.2547338709677424e-05,0.0,0.0,7.232741935483871e-05,0.03225806451612903,2.410916129032258,0.048218387096774194,0.0,0.0,2389.4870967741936,28.338709677419356,0.03225806451612903,False,,0.3,0.6,0.05,30.0,0.7,0.1,4.0
arm_1896,20262825,0.3,0,0.0,0.0,0.0,0.0,0.0,0.0,0.0,0.0,0.0,0.0,68.5,0.0,False,,0.3,0.6,0.05,30.0,0.7,0.01,8.0
arm_1897,20262826,0.33,0,0.00020590258064516126,0.0020590258064516124,0.0,0.0,0.1935483870967742,22.878064516129033,0.45756064516129036,21505.370967741936,0.0,0.0,125.91935483870968,0.2903225806451613,False,,0.3,0.6,0.05,30.0,0.7,0.05,8.0
arm_1898,20262827,0.34,0,0.0009735273870967743,0.009571064516129033,0.0,3.649096774193549e-05,0.8870967741935484,290.0551838709677,5.8011025806451615,139784.86451612902,0.0,1194.7435483870968,205.09677419354838,3.564516129032258,False,,0.3,0.6,0.05,30.0,0.7,0.1,8.0
arm_1899,20262828,0.18,0,,,,,,,,,,,,,,no tail rows,0.3,0.6,0.1,30.0,0.7,0.01,2.0
arm_1900,20262829,0.26,0,0.0,0.0,0.0,0.0,0.0,0.0,0.0,0.0,0.0,0.0,0.95,0.0,False,,0.3,0.6,0.1,30.0,0.7,0.05,2.0
arm_1901,20262830,0.31,0,0.0,0.0,0.0,0.0,0.0,0.0,0.0,0.0,0.0,0.0,1.467741935483871,0.0,False,,0.3,0.6,0.1,30.0,0.7,0.1,2.0
arm_1902,20262831,0.31,0,0.0,0.0,0.0,0.0,0.0,0.0,0.0,0.0,0.0,0.0,5.709677419354839,0.0,False,,0.3,0.6,0.1,30.0,0.7,0.01,4.0
arm_1903,20262832,0.34,0,0.0,0.0,0.0,0.0,0.0,0.0,0.0,0.0,0.0,0.0,15.838709677419354,0.0,False,,0.3,0.6,0.1,30.0,0.7,0.05,4.0
arm_1904,20262833,0.35,0,0.0,0.0,0.0,0.0,0.0,0.0,0.0,0.0,0.0,0.0,13.983870967741936,0.0,False,,0.3,0.6,0.1,30.0,0.7,0.1,4.0
arm_1905,20262834,0.4,0,0.0,0.0,0.0,0.0,0.0,0.0,0.0,0.0,0.0,0.0,78.83870967741936,0.0,False,,0.3,0.6,0.1,30.0,0.7,0.01,8.0
arm_1906,20262835,0.39,0,0.0,0.0,0.0,0.0,0.0,0.0,0.0,0.0,0.0,0.0,95.06451612903226,0.0,False,,0.3,0.6,0.1,30.0,0.7,0.05,8.0
arm_1907,20262836,0.41,0,1.5986903225806454e-05,0.0,3.552645161290323e-05,0.0,0.016129032258064516,1.1842161290322581,0.023684354838709676,0.0,1194.7435483870968,0.0,102.53225806451613,0.016129032258064516,False,,0.3,0.6,0.1,30.0,0.7,0.1,8.0
arm_1908,20262837,0.3,0,0.0,0.0,0.0,0.0,0.0,0.0,0.0,0.0,0.0,0.0,0.96,0.0,False,,0.3,0.6,0.15,30.0,0.7,0.01,2.0
arm_1909,20262838,0.31,0,0.0,0.0,0.0,0.0,0.0,0.0,0.0,0.0,0.0,0.0,1.8333333333333333,0.0,False,,0.3,0.6,0.15,30.0,0.7,0.05,2.0
arm_1910,20262839,0.3,0,0.0,0.0,0.0,0.0,0.0,0.0,0.0,0.0,0.0,0.0,0.8571428571428571,0.0,False,,0.3,0.6,0.15,30.0,0.7,0.1,2.0
arm_1911,20262840,0.43,0,0.0,0.0,0.0,0.0,0.0,0.0,0.0,0.0,0.0,0.0,12.564516129032258,0.0,False,,0.3,0.6,0.15,30.0,0.7,0.01,4.0
arm_1912,20262841,0.43,0,0.0,0.0,0.0,0.0,0.0,0.0,0.0,0.0,0.0,0.0,21.983870967741936,0.0,False,,0.3,0.6,0.15,30.0,0.7,0.05,4.0
arm_1913,20262842,0.43,0,0.0,0.0,0.0,0.0,0.0,0.0,0.0,0.0,0.0,0.0,15.14516129032258,0.0,False,,0.3,0.6,0.15,30.0,0.7,0.1,4.0
arm_1914,20262843,0.47,0,0.0,0.0,0.0,0.0,0.0,0.0,0.0,0.0,0.0,0.0,106.40322580645162,0.0,False,,0.3,0.6,0.15,30.0,0.7,0.01,8.0
arm_1915,20262844,0.49,0,0.0,0.0,0.0,0.0,0.0,0.0,0.0,0.0,0.0,0.0,95.41935483870968,0.0,False,,0.3,0.6,0.15,30.0,0.7,0.05,8.0
arm_1916,20262845,0.43,0,0.0,0.0,0.0,0.0,0.0,0.0,0.0,0.0,0.0,0.0,85.2258064516129,0.0,False,,0.3,0.6,0.15,30.0,0.7,0.1,8.0
arm_1917,20262846,0.3,0,,,,,,,,,,,,,,no tail rows,0.5,0.6,0.05,30.0,0.7,0.01,2.0
arm_1918,20262847,0.26,0,,,,,,,,,,,,,,no tail rows,0.5,0.6,0.05,30.0,0.7,0.05,2.0
arm_1919,20262848,0.29,0,,,,,,,,,,,,,,no tail rows,0.5,0.6,0.05,30.0,0.7,0.1,2.0
arm_1920,20262849,0.37,0,0.0,0.0,0.0,0.0,0.0,0.0,0.0,0.0,0.0,0.0,11.258064516129032,0.0,False,,0.5,0.6,0.05,30.0,0.7,0.01,4.0
arm_1921,20262850,0.36,0,0.0,0.0,0.0,0.0,0.0,0.0,0.0,0.0,0.0,0.0,7.919354838709677,0.0,False,,0.5,0.6,0.05,30.0,0.7,0.05,4.0
arm_1922,20262851,0.33,0,0.0,0.0,0.0,0.0,0.0,0.0,0.0,0.0,0.0,0.0,16.806451612903224,0.0,False,,0.5,0.6,0.05,30.0,0.7,0.1,4.0
arm_1923,20262852,0.32,0,0.0,0.0,0.0,0.0,0.0,0.0,0.0,0.0,0.0,0.0,84.04838709677419,0.0,False,,0.5,0.6,0.05,30.0,0.7,0.01,8.0
arm_1924,20262853,0.31,0,0.0,0.0,0.0,0.0,0.0,0.0,0.0,0.0,0.0,0.0,64.8225806451613,0.0,False,,0.5,0.6,0.05,30.0,0.7,0.05,8.0
arm_1925,20262854,0.36,0,0.0,0.0,0.0,0.0,0.0,0.0,0.0,0.0,0.0,0.0,151.16129032258064,0.0,False,,0.5,0.6,0.05,30.0,0.7,0.1,8.0
arm_1926,20262855,0.25,0,0.0,0.0,0.0,0.0,0.0,0.0,0.0,0.0,0.0,0.0,7.254901960784314,0.0,False,,0.5,0.6,0.1,30.0,0.7,0.01,2.0
arm_1927,20262856,0.15,0,,,,,,,,,,,,,,no tail rows,0.5,0.6,0.1,30.0,0.7,0.05,2.0
arm_1928,20262857,0.22,0,0.0,0.0,0.0,0.0,0.0,0.0,0.0,0.0,0.0,0.0,4.848484848484849,0.0,False,,0.5,0.6,0.1,30.0,0.7,0.1,2.0
arm_1929,20262858,0.26,0,0.0,0.0,0.0,0.0,0.0,0.0,0.0,0.0,0.0,0.0,15.096774193548388,0.0,False,,0.5,0.6,0.1,30.0,0.7,0.01,4.0
arm_1930,20262859,0.27,0,0.0,0.0,0.0,0.0,0.0,0.0,0.0,0.0,0.0,0.0,11.306451612903226,0.0,False,,0.5,0.6,0.1,30.0,0.7,0.05,4.0
arm_1931,20262860,0.32,0,0.0,0.0,0.0,0.0,0.0,0.0,0.0,0.0,0.0,0.0,21.387096774193548,0.0,False,,0.5,0.6,0.1,30.0,0.7,0.1,4.0
arm_1932,20262861,0.32,0,0.0,0.0,0.0,0.0,0.0,0.0,0.0,0.0,0.0,0.0,69.98387096774194,0.0,False,,0.5,0.6,0.1,30.0,0.7,0.01,8.0
arm_1933,20262862,0.31,0,0.0,0.0,0.0,0.0,0.0,0.0,0.0,0.0,0.0,0.0,94.2258064516129,0.0,False,,0.5,0.6,0.1,30.0,0.7,0.05,8.0
arm_1934,20262863,0.35,0,0.0,0.0,0.0,0.0,0.0,0.0,0.0,0.0,0.0,0.0,114.33870967741936,0.0,False,,0.5,0.6,0.1,30.0,0.7,0.1,8.0
arm_1935,20262864,0.23,0,,,,,,,,,,,,,,no tail rows,0.5,0.6,0.15,30.0,0.7,0.01,2.0
arm_1936,20262865,0.28,0,0.0,0.0,0.0,0.0,0.0,0.0,0.0,0.0,0.0,0.0,3.3783783783783785,0.0,False,,0.5,0.6,0.15,30.0,0.7,0.05,2.0
arm_1937,20262866,0.2,0,,,,,,,,,,,,,,no tail rows,0.5,0.6,0.15,30.0,0.7,0.1,2.0
arm_1938,20262867,0.27,0,0.0,0.0,0.0,0.0,0.0,0.0,0.0,0.0,0.0,0.0,13.806451612903226,0.0,False,,0.5,0.6,0.15,30.0,0.7,0.01,4.0
arm_1939,20262868,0.3,0,0.0,0.0,0.0,0.0,0.0,0.0,0.0,0.0,0.0,0.0,10.403225806451612,0.0,False,,0.5,0.6,0.15,30.0,0.7,0.05,4.0
arm_1940,20262869,0.29,0,0.0,0.0,0.0,0.0,0.0,0.0,0.0,0.0,0.0,0.0,19.112903225806452,0.0,False,,0.5,0.6,0.15,30.0,0.7,0.1,4.0
arm_1941,20262870,0.27,0,4.904092741935484e-05,0.0,0.00010897983870967742,0.0,0.04838709677419355,4.843551612903226,0.09687096774193549,0.0,4778.970967741936,0.0,67.61290322580645,0.06451612903225806,False,,0.5,0.6,0.15,30.0,0.7,0.01,8.0
arm_1942,20262871,0.3,0,0.0,0.0,0.0,0.0,0.0,0.0,0.0,0.0,0.0,0.0,92.45161290322581,0.0,False,,0.5,0.6,0.15,30.0,0.7,0.05,8.0
arm_1943,20262872,0.27,0,0.0,0.0,0.0,0.0,0.0,0.0,0.0,0.0,0.0,0.0,113.83870967741936,0.0,False,,0.5,0.6,0.15,30.0,0.7,0.1,8.0
arm_1944,20262873,0.33,0,0.008053075612903226,0.0795455,0.0002189458064516129,0.0,7.096774193548387,19918.774193548386,398.37541935483875,2503157.419354839,7168.461290322582,0.0,133.43548387096774,236.6451612903226,True,,0.1,1.0,0.05,30.0,0.3,0.01,2.0
arm_1945,20262874,0.31,0,0.006229782911290323,0.06212664838709678,0.0,3.804016129032258e-05,5.048387096774194,11202.13629032258,224.0431451612903,1805177.4193548388,0.0,2389.483870967742,98.25806451612904,122.5,True,,0.1,1.0,0.05,30.0,0.3,0.05,2.0
arm_1946,20262875,0.3,0,0.00235294,0.0235294,0.0,0.0,2.0,2939.0687096774195,58.781370967741935,1249103.5483870967,0.0,0.0,20.967741935483872,33.725806451612904,False,,0.1,1.0,0.05,30.0,0.3,0.1,2.0
arm_1947,20262876,0.36,0,0.00614035,0.0614035,0.0,0.0,7.0,10444.569032258065,208.89141935483872,1700972.7419354839,0.0,0.0,231.75806451612902,160.74193548387098,True,,0.1,1.0,0.05,30.0,0.3,0.01,4.0
arm_1948,20262877,0.38,0,0.008233613580645163,0.07709677419354839,0.0011643025806451614,0.0,8.258064516129032,8898.492580645161,177.96985483870967,1147529.9838709678,52568.68387096775,0.0,227.91935483870967,120.16129032258064,False,,0.1,1.0,0.05,30.0,0.3,0.05,4.0
arm_1949,20262878,0.35,0,0.003621924677419355,0.0353982,0.00018245483870967744,0.0,4.080645161290323,3900.098064516129,78.00198870967742,1100060.4032258065,5973.717741935484,0.0,121.30645161290323,59.483870967741936,False,,0.1,1.0,0.05,30.0,0.3,0.1,4.0
arm_1950,20262879,0.39,0,0.0016129029032258065,0.016129029032258064,0.0,0.0,1.5483870967741935,1383.911870967742,27.678222580645162,941458.4032258064,0.0,0.0,181.06451612903226,17.93548387096774,False,,0.1,1.0,0.05,30.0,0.3,0.01,8.0
arm_1951,20262880,0.41,0,0.004953915967741936,0.049539159677419356,0.0,0.0,4.854838709677419,6647.891774193548,132.9578870967742,1355137.3064516129,0.0,0.0,302.38709677419354,87.95161290322581,False,,0.1,1.0,0.05,30.0,0.3,0.05,8.0
arm_1952,20262881,0.36,0,0.0020554502741935484,0.0196078,0.0002103783870967742,0.0,2.096774193548387,16205.13870967742,324.10275806451614,8257467.580645162,14336.909677419355,0.0,221.0,223.1451612903226,True,,0.1,1.0,0.05,30.0,0.3,0.1,8.0
arm_1953,20262882,0.26,0,0.0,0.0,0.0,0.0,0.0,0.0,0.0,0.0,0.0,0.0,0.9615384615384616,0.0,False,,0.1,1.0,0.1,30.0,0.3,0.01,2.0
arm_1954,20262883,0.3,0,0.0,0.0,0.0,0.0,0.0,0.0,0.0,0.0,0.0,0.0,1.0,0.0,False,,0.1,1.0,0.1,30.0,0.3,0.05,2.0
arm_1955,20262884,0.3,0,0.0,0.0,0.0,0.0,0.0,0.0,0.0,0.0,0.0,0.0,1.6935483870967742,0.0,False,,0.1,1.0,0.1,30.0,0.3,0.1,2.0
arm_1956,20262885,0.33,0,0.0,0.0,0.0,0.0,0.0,0.0,0.0,0.0,0.0,0.0,18.370967741935484,0.0,False,,0.1,1.0,0.1,30.0,0.3,0.01,4.0
arm_1957,20262886,0.32,0,0.0,0.0,0.0,0.0,0.0,0.0,0.0,0.0,0.0,0.0,19.080645161290324,0.0,False,,0.1,1.0,0.1,30.0,0.3,0.05,4.0
arm_1958,20262887,0.32,0,0.00022776350806451613,0.0,0.0,0.0005061411290322581,0.24193548387096775,17.996129032258064,0.3599225806451613,0.0,0.0,19115.8935483871,24.016129032258064,0.25806451612903225,False,,0.1,1.0,0.1,30.0,0.3,0.1,4.0
arm_1959,20262888,0.36,0,0.0,0.0,0.0,0.0,0.0,0.0,0.0,0.0,0.0,0.0,103.48387096774194,0.0,False,,0.1,1.0,0.1,30.0,0.3,0.01,8.0
arm_1960,20262889,0.37,0,0.0,0.0,0.0,0.0,0.0,0.0,0.0,0.0,0.0,0.0,101.19354838709677,0.0,False,,0.1,1.0,0.1,30.0,0.3,0.05,8.0
arm_1961,20262890,0.37,0,0.0010640297741935484,0.01,3.640870967741936e-05,0.00010587967741935484,1.064516129032258,301.02068709677417,6.020420483870968,295101.2677419355,1194.7435483870968,4778.970967741936,126.38709677419355,4.064516129032258,False,,0.1,1.0,0.1,30.0,0.3,0.1,8.0
arm_1962,20262891,0.24,0,0.0,0.0,0.0,0.0,0.0,0.0,0.0,0.0,0.0,0.0,0.875,0.0,False,,0.1,1.0,0.15,30.0,0.3,0.01,2.0
arm_1963,20262892,0.21,0,,,,,,,,,,,,,,no tail rows,0.1,1.0,0.15,30.0,0.3,0.05,2.0
arm_1964,20262893,0.27,0,0.0,0.0,0.0,0.0,0.0,0.0,0.0,0.0,0.0,0.0,3.4285714285714284,0.0,False,,0.1,1.0,0.15,30.0,0.3,0.1,2.0
arm_1965,20262894,0.32,0,0.0,0.0,0.0,0.0,0.0,0.0,0.0,0.0,0.0,0.0,20.838709677419356,0.0,False,,0.1,1.0,0.15,30.0,0.3,0.01,4.0
arm_1966,20262895,0.3,0,1.649562096774194e-05,0.0,0.0,3.665693548387097e-05,0.016129032258064516,1.2218967741935483,0.02443790322580645,0.0,0.0,1194.7435483870968,12.709677419354838,0.016129032258064516,False,,0.1,1.0,0.15,30.0,0.3,0.05,4.0
arm_1967,20262896,0.31,0,0.00012568064516129036,0.0,0.0,0.0002792903225806452,0.12903225806451613,15.128230645161292,0.3025645161290323,0.0,0.0,15531.650000000001,9.96774193548387,0.20967741935483872,False,,0.1,1.0,0.15,30.0,0.3,0.1,4.0
arm_1968,20262897,0.38,0,3.2474612903225806e-05,0.0,7.21658064516129e-05,0.0,0.03225806451612903,3.6082774193548386,0.07216564516129031,0.0,3584.2274193548387,0.0,120.69354838709677,0.04838709677419355,False,,0.1,1.0,0.15,30.0,0.3,0.01,8.0
arm_1969,20262898,0.33,0,0.0,0.0,0.0,0.0,0.0,0.0,0.0,0.0,0.0,0.0,96.37096774193549,0.0,False,,0.1,1.0,0.15,30.0,0.3,0.05,8.0
arm_1970,20262899,0.33,0,0.00011788062096774196,0.0,0.000261956935483871,0.0,0.11290322580645161,8.731879032258064,0.1746375806451613,0.0,8363.204838709678,0.0,70.37096774193549,0.11290322580645161,False,,0.1,1.0,0.15,30.0,0.3,0.1,8.0
arm_1971,20262900,0.24,0,0.0,0.0,0.0,0.0,0.0,0.0,0.0,0.0,0.0,0.0,0.9642857142857143,0.0,False,,0.3,1.0,0.05,30.0,0.3,0.01,2.0
arm_1972,20262901,0.26,0,0.0,0.0,0.0,0.0,0.0,0.0,0.0,0.0,0.0,0.0,1.0980392156862746,0.0,False,,0.3,1.0,0.05,30.0,0.3,0.05,2.0
arm_1973,20262902,0.25,0,0.0,0.0,0.0,0.0,0.0,0.0,0.0,0.0,0.0,0.0,1.9722222222222223,0.0,False,,0.3,1.0,0.05,30.0,0.3,0.1,2.0
arm_1974,20262903,0.31,0,0.0,0.0,0.0,0.0,0.0,0.0,0.0,0.0,0.0,0.0,22.56451612903226,0.0,False,,0.3,1.0,0.05,30.0,0.3,0.01,4.0
arm_1975,20262904,0.31,0,0.0,0.0,0.0,0.0,0.0,0.0,0.0,0.0,0.0,0.0,13.580645161290322,0.0,False,,0.3,1.0,0.05,30.0,0.3,0.05,4.0
arm_1976,20262905,0.3,0,0.0,0.0,0.0,0.0,0.0,0.0,0.0,0.0,0.0,0.0,25.225806451612904,0.0,False,,0.3,1.0,0.05,30.0,0.3,0.1,4.0
arm_1977,20262906,0.33,0,0.0,0.0,0.0,0.0,0.0,0.0,0.0,0.0,0.0,0.0,116.61290322580645,0.0,False,,0.3,1.0,0.05,30.0,0.3,0.01,8.0
arm_1978,20262907,0.32,0,5.0055604838709676e-05,0.0,0.00011123467741935484,0.0,0.04838709677419355,3.7078258064516127,0.07415661290322581,0.0,3584.230645161291,0.0,87.37096774193549,0.04838709677419355,False,,0.3,1.0,0.05,30.0,0.3,0.05,8.0
arm_1979,20262908,0.3,0,4.937450806451613e-05,0.0,0.00010972112903225807,0.0,0.04838709677419355,7.314754838709678,0.14629516129032258,0.0,7168.453225806451,0.0,83.09677419354838,0.0967741935483871,False,,0.3,1.0,0.05,30.0,0.3,0.1,8.0
arm_1980,20262909,0.19,0,,,,,,,,,,,,,,no tail rows,0.3,1.0,0.1,30.0,0.3,0.01,2.0
arm_1981,20262910,0.2,0,,,,,,,,,,,,,,no tail rows,0.3,1.0,0.1,30.0,0.3,0.05,2.0
arm_1982,20262911,0.19,0,,,,,,,,,,,,,,no tail rows,0.3,1.0,0.1,30.0,0.3,0.1,2.0
arm_1983,20262912,0.29,0,0.0,0.0,0.0,0.0,0.0,0.0,0.0,0.0,0.0,0.0,13.580645161290322,0.0,False,,0.3,1.0,0.1,30.0,0.3,0.01,4.0
arm_1984,20262913,0.29,0,1.7077790322580647e-05,0.0,0.0,3.7950645161290325e-05,0.016129032258064516,2.530048387096774,0.0506008064516129,0.0,0.0,2389.483870967742,12.5,0.03225806451612903,False,,0.3,1.0,0.1,30.0,0.3,0.05,4.0
arm_1985,20262914,0.29,0,0.0,0.0,0.0,0.0,0.0,0.0,0.0,0.0,0.0,0.0,5.983870967741935,0.0,False,,0.3,1.0,0.1,30.0,0.3,0.1,4.0
arm_1986,20262915,0.32,0,0.0,0.0,0.0,0.0,0.0,0.0,0.0,0.0,0.0,0.0,74.09677419354838,0.0,False,,0.3,1.0,0.1,30.0,0.3,0.01,8.0
arm_1987,20262916,0.32,0,0.0,0.0,0.0,0.0,0.0,0.0,0.0,0.0,0.0,0.0,77.48387096774194,0.0,False,,0.3,1.0,0.1,30.0,0.3,0.05,8.0
arm_1988,20262917,0.32,0,4.89708870967742e-05,0.0,7.298193548387098e-05,3.584225806451613e-05,0.04838709677419355,6.060227419354839,0.12120419354838709,0.0,4778.967741935484,1194.7435483870968,87.38709677419355,0.08064516129032258,False,,0.3,1.0,0.1,30.0,0.3,0.1,8.0
arm_1989,20262918,0.22,0,0.0,0.0,0.0,0.0,0.0,0.0,0.0,0.0,0.0,0.0,0.8666666666666667,0.0,False,,0.3,1.0,0.15,30.0,0.3,0.01,2.0
arm_1990,20262919,0.23,0,0.0,0.0,0.0,0.0,0.0,0.0,0.0,0.0,0.0,0.0,0.9,0.0,False,,0.3,1.0,0.15,30.0,0.3,0.05,2.0
arm_1991,20262920,0.2,0,,,,,,,,,,,,,,no tail rows,0.3,1.0,0.15,30.0,0.3,0.1,2.0
arm_1992,20262921,0.29,0,0.0,0.0,0.0,0.0,0.0,0.0,0.0,0.0,0.0,0.0,15.306451612903226,0.0,False,,0.3,1.0,0.15,30.0,0.3,0.01,4.0
arm_1993,20262922,0.29,0,0.0,0.0,0.0,0.0,0.0,0.0,0.0,0.0,0.0,0.0,14.35483870967742,0.0,False,,0.3,1.0,0.15,30.0,0.3,0.05,4.0
arm_1994,20262923,0.29,0,0.0,0.0,0.0,0.0,0.0,0.0,0.0,0.0,0.0,0.0,8.03225806451613,0.0,False,,0.3,1.0,0.15,30.0,0.3,0.1,4.0
arm_1995,20262924,0.34,0,0.0,0.0,0.0,0.0,0.0,0.0,0.0,0.0,0.0,0.0,116.1774193548387,0.0,False,,0.3,1.0,0.15,30.0,0.3,0.01,8.0
arm_1996,20262925,0.31,0,0.0,0.0,0.0,0.0,0.0,0.0,0.0,0.0,0.0,0.0,84.40322580645162,0.0,False,,0.3,1.0,0.15,30.0,0.3,0.05,8.0
arm_1997,20262926,0.31,0,8.136834677419356e-05,0.0,0.0,0.0001808185483870968,0.08064516129032258,6.027290322580646,0.12054596774193548,0.0,0.0,5973.717741935484,96.29032258064517,0.08064516129032258,False,,0.3,1.0,0.15,30.0,0.3,0.1,8.0
arm_1998,20262927,0.2,0,,,,,,,,,,,,,,no tail rows,0.5,1.0,0.05,30.0,0.3,0.01,2.0
arm_1999,20262928,0.21,0,0.0,0.0,0.0,0.0,0.0,0.0,0.0,0.0,0.0,0.0,2.3333333333333335,0.0,False,,0.5,1.0,0.05,30.0,0.3,0.05,2.0
arm_2000,20262929,0.27,0,0.0,0.0,0.0,0.0,0.0,0.0,0.0,0.0,0.0,0.0,1.6129032258064515,0.0,False,,0.5,1.0,0.05,30.0,0.3,0.1,2.0
arm_2001,20262930,0.28,0,0.0,0.0,0.0,0.0,0.0,0.0,0.0,0.0,0.0,0.0,26.338709677419356,0.0,False,,0.5,1.0,0.05,30.0,0.3,0.01,4.0
arm_2002,20262931,0.29,0,0.0,0.0,0.0,0.0,0.0,0.0,0.0,0.0,0.0,0.0,8.403225806451612,0.0,False,,0.5,1.0,0.05,30.0,0.3,0.05,4.0
arm_2003,20262932,0.29,0,0.0,0.0,0.0,0.0,0.0,0.0,0.0,0.0,0.0,0.0,22.725806451612904,0.0,False,,0.5,1.0,0.05,30.0,0.3,0.1,4.0
arm_2004,20262933,0.31,0,0.0,0.0,0.0,0.0,0.0,0.0,0.0,0.0,0.0,0.0,114.69354838709677,0.0,False,,0.5,1.0,0.05,30.0,0.3,0.01,8.0
arm_2005,20262934,0.31,0,0.0,0.0,0.0,0.0,0.0,0.0,0.0,0.0,0.0,0.0,81.69354838709677,0.0,False,,0.5,1.0,0.05,30.0,0.3,0.05,8.0
arm_2006,20262935,0.3,0,1.638391935483871e-05,0.0,0.0,3.640870967741936e-05,0.016129032258064516,1.2136209677419356,0.02427241935483871,0.0,0.0,1194.7435483870968,107.48387096774194,0.016129032258064516,False,,0.5,1.0,0.05,30.0,0.3,0.1,8.0
arm_2007,20262936,0.21,0,,,,,,,,,,,,,,no tail rows,0.5,1.0,0.1,30.0,0.3,0.01,2.0
arm_2008,20262937,0.26,0,0.0,0.0,0.0,0.0,0.0,0.0,0.0,0.0,0.0,0.0,1.96,0.0,False,,0.5,1.0,0.1,30.0,0.3,0.05,2.0
arm_2009,20262938,0.15,0,,,,,,,,,,,,,,no tail rows,0.5,1.0,0.1,30.0,0.3,0.1,2.0
arm_2010,20262939,0.28,0,0.0,0.0,0.0,0.0,0.0,0.0,0.0,0.0,0.0,0.0,20.951612903225808,0.0,False,,0.5,1.0,0.1,30.0,0.3,0.01,4.0
arm_2011,20262940,0.28,0,0.0,0.0,0.0,0.0,0.0,0.0,0.0,0.0,0.0,0.0,12.483870967741936,0.0,False,,0.5,1.0,0.1,30.0,0.3,0.05,4.0
arm_2012,20262941,0.29,0,6.896032258064517e-05,0.0,0.00015324516129032258,0.0,0.06451612903225806,10.216325806451612,0.20432661290322582,0.0,9557.938709677419,0.0,28.032258064516128,0.12903225806451613,False,,0.5,1.0,0.1,30.0,0.3,0.1,4.0
arm_2013,20262942,0.3,0,0.0,0.0,0.0,0.0,0.0,0.0,0.0,0.0,0.0,0.0,84.16129032258064,0.0,False,,0.5,1.0,0.1,30.0,0.3,0.01,8.0
arm_2014,20262943,0.29,0,0.0,0.0,0.0,0.0,0.0,0.0,0.0,0.0,0.0,0.0,42.564516129032256,0.0,False,,0.5,1.0,0.1,30.0,0.3,0.05,8.0
arm_2015,20262944,0.31,0,0.0,0.0,0.0,0.0,0.0,0.0,0.0,0.0,0.0,0.0,91.98387096774194,0.0,False,,0.5,1.0,0.1,30.0,0.3,0.1,8.0
arm_2016,20262945,0.2,0,,,,,,,,,,,,,,no tail rows,0.5,1.0,0.15,30.0,0.3,0.01,2.0
arm_2017,20262946,0.23,0,0.0,0.0,0.0,0.0,0.0,0.0,0.0,0.0,0.0,0.0,0.96,0.0,False,,0.5,1.0,0.15,30.0,0.3,0.05,2.0
arm_2018,20262947,0.21,0,0.0,0.0,0.0,0.0,0.0,0.0,0.0,0.0,0.0,0.0,1.7142857142857142,0.0,False,,0.5,1.0,0.15,30.0,0.3,0.1,2.0
arm_2019,20262948,0.28,0,0.0,0.0,0.0,0.0,0.0,0.0,0.0,0.0,0.0,0.0,10.290322580645162,0.0,False,,0.5,1.0,0.15,30.0,0.3,0.01,4.0
arm_2020,20262949,0.28,0,6.325112903225807e-05,0.0,0.00014055806451612903,0.0,0.06451612903225806,12.884493548387097,0.25768967741935483,0.0,13142.162903225806,0.0,6.064516129032258,0.1774193548387097,False,,0.5,1.0,0.15,30.0,0.3,0.05,4.0
arm_2021,20262950,0.29,0,0.0,0.0,0.0,0.0,0.0,0.0,0.0,0.0,0.0,0.0,24.096774193548388,0.0,False,,0.5,1.0,0.15,30.0,0.3,0.1,4.0
arm_2022,20262951,0.33,0,0.0,0.0,0.0,0.0,0.0,0.0,0.0,0.0,0.0,0.0,107.53225806451613,0.0,False,,0.5,1.0,0.15,30.0,0.3,0.01,8.0
arm_2023,20262952,0.41,0,0.0,0.0,0.0,0.0,0.0,0.0,0.0,0.0,0.0,0.0,60.79032258064516,0.0,False,,0.5,1.0,0.15,30.0,0.3,0.05,8.0
arm_2024,20262953,0.35,0,0.0,0.0,0.0,0.0,0.0,0.0,0.0,0.0,0.0,0.0,90.24193548387096,0.0,False,,0.5,1.0,0.15,30.0,0.3,0.1,8.0
arm_2025,20262954,0.41,0,0.008670087306451614,0.0865385,0.0,3.608290322580645e-05,9.016129032258064,14177.290322580646,283.5457096774193,1638125.322580645,0.0,1194.7435483870968,201.06451612903226,199.0483870967742,True,,0.1,1.0,0.05,30.0,0.5,0.01,2.0
arm_2026,20262955,0.38,0,0.003739835467741936,0.0363636,0.0,0.00022994548387096777,4.112903225806452,8413.271774193548,168.26543548387096,2310035.4838709678,0.0,14336.911290322581,126.08064516129032,124.93548387096774,False,,0.1,1.0,0.05,30.0,0.5,0.05,2.0
arm_2027,20262956,0.38,0,0.0028642654516129033,0.0283019,0.0,7.57232258064516e-05,3.032258064516129,5209.800806451613,104.19605,1839903.5483870967,0.0,2389.4870967741936,59.67741935483871,74.54838709677419,False,,0.1,1.0,0.05,30.0,0.5,0.1,2.0
arm_2028,20262957,0.41,0,0.004838712580645162,0.04838712580645162,0.0,0.0,4.016129032258065,12195.016129032258,243.9003870967742,2522341.7741935486,0.0,0.0,171.46774193548387,136.6451612903226,True,,0.1,1.0,0.05,30.0,0.5,0.01,4.0
arm_2029,20262958,0.38,0,0.0020202,0.020202,0.0,0.0,2.0,1963.4824193548388,39.26963225806452,971923.9193548387,0.0,0.0,68.6774193548387,26.241935483870968,False,,0.1,1.0,0.05,30.0,0.5,0.05,4.0
arm_2030,20262959,0.4,0,0.003466946435483871,0.0337079,6.967193548387097e-05,0.00014400903225806453,3.096774193548387,5351.067903225807,107.02135806451614,1585025.8064516129,3584.2274193548387,4778.974193548387,129.53225806451613,64.30645161290323,False,,0.1,1.0,0.05,30.0,0.5,0.1,4.0
arm_2031,20262960,0.46,0,0.00505051,0.0505051,0.0,0.0,5.0,3835.245,76.70492258064516,759378.7258064516,0.0,0.0,293.9032258064516,51.25806451612903,False,,0.1,1.0,0.05,30.0,0.5,0.01,8.0
arm_2032,20262961,0.47,0,0.005571053322580646,0.05538285483870968,7.281741935483871e-05,0.0,4.629032258064516,6479.950322580645,129.5989677419355,1183392.9193548388,2389.4870967741936,0.0,345.53225806451616,72.61290322580645,False,,0.1,1.0,0.05,30.0,0.5,0.05,8.0
arm_2033,20262962,0.45,0,0.00275275560483871,0.027027,0.0,0.00011123467741935484,3.0483870967741935,4429.638870967742,88.59274516129032,1637595.1612903227,0.0,3584.230645161291,343.1290322580645,66.37096774193549,False,,0.1,1.0,0.05,30.0,0.5,0.1,8.0
arm_2034,20262963,0.28,0,0.0,0.0,0.0,0.0,0.0,0.0,0.0,0.0,0.0,0.0,2.3333333333333335,0.0,False,,0.1,1.0,0.1,30.0,0.5,0.01,2.0
arm_2035,20262964,0.37,0,0.0,0.0,0.0,0.0,0.0,0.0,0.0,0.0,0.0,0.0,3.161290322580645,0.0,False,,0.1,1.0,0.1,30.0,0.5,0.05,2.0
arm_2036,20262965,0.37,0,0.0,0.0,0.0,0.0,0.0,0.0,0.0,0.0,0.0,0.0,2.6774193548387095,0.0,False,,0.1,1.0,0.1,30.0,0.5,0.1,2.0
arm_2037,20262966,0.4,0,0.0,0.0,0.0,0.0,0.0,0.0,0.0,0.0,0.0,0.0,26.758064516129032,0.0,False,,0.1,1.0,0.1,30.0,0.5,0.01,4.0
arm_2038,20262967,0.4,0,0.0,0.0,0.0,0.0,0.0,0.0,0.0,0.0,0.0,0.0,20.79032258064516,0.0,False,,0.1,1.0,0.1,30.0,0.5,0.05,4.0
arm_2039,20262968,0.43,0,0.0001482345,0.0001596933870967742,0.00029392258064516125,0.0,0.14516129032258066,10.980346774193547,0.2196066129032258,1194.7435483870968,9557.948387096774,0.0,31.903225806451612,0.14516129032258066,False,,0.1,1.0,0.1,30.0,0.5,0.1,4.0
arm_2040,20262969,0.42,0,0.0,0.0,0.0,0.0,0.0,0.0,0.0,0.0,0.0,0.0,68.51612903225806,0.0,False,,0.1,1.0,0.1,30.0,0.5,0.01,8.0
arm_2041,20262970,0.52,0,0.0006590364516129033,0.006590364516129033,0.0,0.0,0.6129032258064516,70.65681451612903,1.4131362903225806,65710.84032258064,0.0,0.0,118.41935483870968,0.8870967741935484,False,,0.1,1.0,0.1,30.0,0.5,0.05,8.0
arm_2042,20262971,0.5,0,0.00015248032258064517,0.0,0.0,0.00033884516129032257,0.16129032258064516,11.294838709677421,0.2258967741935484,0.0,0.0,11947.435483870968,111.43548387096774,0.16129032258064516,False,,0.1,1.0,0.1,30.0,0.5,0.1,8.0
arm_2043,20262972,0.43,0,0.0,0.0,0.0,0.0,0.0,0.0,0.0,0.0,0.0,0.0,2.096774193548387,0.0,False,,0.1,1.0,0.15,30.0,0.5,0.01,2.0
arm_2044,20262973,0.32,0,,,,,,,,,,,,,,no tail rows,0.1,1.0,0.15,30.0,0.5,0.05,2.0
arm_2045,20262974,0.42,0,0.0,0.0,0.0,0.0,0.0,0.0,0.0,0.0,0.0,0.0,1.697674418604651,0.0,False,,0.1,1.0,0.15,30.0,0.5,0.1,2.0
arm_2046,20262975,0.43,0,0.0,0.0,0.0,0.0,0.0,0.0,0.0,0.0,0.0,0.0,9.661290322580646,0.0,False,,0.1,1.0,0.15,30.0,0.5,0.01,4.0
arm_2047,20262976,0.35,0,0.0,0.0,0.0,0.0,0.0,0.0,0.0,0.0,0.0,0.0,21.43548387096774,0.0,False,,0.1,1.0,0.15,30.0,0.5,0.05,4.0
arm_2048,20262977,0.35,0,3.062467741935484e-05,0.0,0.0,6.805483870967742e-05,0.03225806451612903,2.2685,0.04537,0.0,0.0,2389.4870967741936,24.225806451612904,0.03225806451612903,False,,0.1,1.0,0.15,30.0,0.5,0.1,4.0
arm_2049,20262978,0.4,0,0.0,0.0,0.0,0.0,0.0,0.0,0.0,0.0,0.0,0.0,89.0,0.0,False,,0.1,1.0,0.15,30.0,0.5,0.01,8.0
arm_2050,20262979,0.37,0,0.0,0.0,0.0,0.0,0.0,0.0,0.0,0.0,0.0,0.0,77.3225806451613,0.0,False,,0.1,1.0,0.15,30.0,0.5,0.05,8.0
arm_2051,20262980,0.38,0,0.0,0.0,0.0,0.0,0.0,0.0,0.0,0.0,0.0,0.0,70.2741935483871,0.0,False,,0.1,1.0,0.15,30.0,0.5,0.1,8.0
arm_2052,20262981,0.25,0,,,,,,,,,,,,,,no tail rows,0.3,1.0,0.05,30.0,0.5,0.01,2.0
arm_2053,20262982,0.21,0,,,,,,,,,,,,,,no tail rows,0.3,1.0,0.05,30.0,0.5,0.05,2.0
arm_2054,20262983,0.19,0,,,,,,,,,,,,,,no tail rows,0.3,1.0,0.05,30.0,0.5,0.1,2.0
arm_2055,20262984,0.31,0,0.0,0.0,0.0,0.0,0.0,0.0,0.0,0.0,0.0,0.0,12.983870967741936,0.0,False,,0.3,1.0,0.05,30.0,0.5,0.01,4.0
arm_2056,20262985,0.3,0,0.0,0.0,0.0,0.0,0.0,0.0,0.0,0.0,0.0,0.0,8.983870967741936,0.0,False,,0.3,1.0,0.05,30.0,0.5,0.05,4.0
arm_2057,20262986,0.32,0,0.0,0.0,0.0,0.0,0.0,0.0,0.0,0.0,0.0,0.0,24.70967741935484,0.0,False,,0.3,1.0,0.05,30.0,0.5,0.1,4.0
arm_2058,20262987,0.34,0,0.0,0.0,0.0,0.0,0.0,0.0,0.0,0.0,0.0,0.0,85.75806451612904,0.0,False,,0.3,1.0,0.05,30.0,0.5,0.01,8.0
arm_2059,20262988,0.33,0,0.0,0.0,0.0,0.0,0.0,0.0,0.0,0.0,0.0,0.0,82.0,0.0,False,,0.3,1.0,0.05,30.0,0.5,0.05,8.0
arm_2060,20262989,0.34,0,1.6273669354838712e-05,0.0,3.6163709677419355e-05,0.0,0.016129032258064516,3.6163709677419353,0.07232741935483872,0.0,3584.2258064516127,0.0,103.25806451612904,0.04838709677419355,False,,0.3,1.0,0.05,30.0,0.5,0.1,8.0
arm_2061,20262990,0.28,0,0.0,0.0,0.0,0.0,0.0,0.0,0.0,0.0,0.0,0.0,1.1428571428571428,0.0,False,,0.3,1.0,0.1,30.0,0.5,0.01,2.0
arm_2062,20262991,0.2,0,,,,,,,,,,,,,,no tail rows,0.3,1.0,0.1,30.0,0.5,0.05,2.0
arm_2063,20262992,0.24,0,,,,,,,,,,,,,,no tail rows,0.3,1.0,0.1,30.0,0.5,0.1,2.0
arm_2064,20262993,0.34,0,0.0,0.0,0.0,0.0,0.0,0.0,0.0,0.0,0.0,0.0,12.96774193548387,0.0,False,,0.3,1.0,0.1,30.0,0.5,0.01,4.0
arm_2065,20262994,0.34,0,0.0,0.0,0.0,0.0,0.0,0.0,0.0,0.0,0.0,0.0,18.64516129032258,0.0,False,,0.3,1.0,0.1,30.0,0.5,0.05,4.0
arm_2066,20262995,0.32,0,1.6608846774193547e-05,0.0,0.0,3.690854838709677e-05,0.016129032258064516,2.460564516129032,0.049211451612903225,0.0,0.0,2389.483870967742,15.919354838709678,0.03225806451612903,False,,0.3,1.0,0.1,30.0,0.5,0.1,4.0
arm_2067,20262996,0.38,0,0.0,0.0,0.0,0.0,0.0,0.0,0.0,0.0,0.0,0.0,97.8225806451613,0.0,False,,0.3,1.0,0.1,30.0,0.5,0.01,8.0
arm_2068,20262997,0.36,0,1.591679032258065e-05,0.0,3.5370645161290326e-05,0.0,0.016129032258064516,1.1790225806451613,0.02358048387096774,0.0,1194.7435483870968,0.0,63.38709677419355,0.016129032258064516,False,,0.3,1.0,0.1,30.0,0.5,0.05,8.0
arm_2069,20262998,0.36,0,1.5812782258064518e-05,0.0,0.0,3.513951612903226e-05,0.016129032258064516,1.171316129032258,0.02342629032258065,0.0,0.0,1194.7435483870968,94.12903225806451,0.016129032258064516,False,,0.3,1.0,0.1,30.0,0.5,0.1,8.0
arm_2070,20262999,0.28,0,0.0,0.0,0.0,0.0,0.0,0.0,0.0,0.0,0.0,0.0,4.615384615384615,0.0,False,,0.3,1.0,0.15,30.0,0.5,0.01,2.0
arm_2071,20263000,0.23,0,,,,,,,,,,,,,,no tail rows,0.3,1.0,0.15,30.0,0.5,0.05,2.0
arm_2072,20263001,0.22,0,,,,,,,,,,,,,,no tail rows,0.3,1.0,0.15,30.0,0.5,0.1,2.0
arm_2073,20263002,0.25,0,0.0,0.0,0.0,0.0,0.0,0.0,0.0,0.0,0.0,0.0,10.96774193548387,0.0,False,,0.3,1.0,0.15,30.0,0.5,0.01,4.0
arm_2074,20263003,0.23,0,0.0,0.0,0.0,0.0,0.0,0.0,0.0,0.0,0.0,0.0,6.225806451612903,0.0,False,,0.3,1.0,0.15,30.0,0.5,0.05,4.0
arm_2075,20263004,0.36,0,0.0,0.0,0.0,0.0,0.0,0.0,0.0,0.0,0.0,0.0,8.193548387096774,0.0,False,,0.3,1.0,0.15,30.0,0.5,0.1,4.0
arm_2076,20263005,0.4,0,0.0,0.0,0.0,0.0,0.0,0.0,0.0,0.0,0.0,0.0,81.74193548387096,0.0,False,,0.3,1.0,0.15,30.0,0.5,0.01,8.0
arm_2077,20263006,0.39,0,0.0,0.0,0.0,0.0,0.0,0.0,0.0,0.0,0.0,0.0,70.25806451612904,0.0,False,,0.3,1.0,0.15,30.0,0.5,0.05,8.0
arm_2078,20263007,0.4,0,4.796070967741935e-05,0.0,0.00010657935483870967,0.0,0.04838709677419355,3.5526483870967747,0.07105306451612903,0.0,3584.230645161291,0.0,91.2741935483871,0.04838709677419355,False,,0.3,1.0,0.15,30.0,0.5,0.1,8.0
arm_2079,20263008,0.16,0,0.0,0.0,0.0,0.0,0.0,0.0,0.0,0.0,0.0,0.0,0.6,0.0,False,,0.5,1.0,0.05,30.0,0.5,0.01,2.0
arm_2080,20263009,0.16,0,,,,,,,,,,,,,,no tail rows,0.5,1.0,0.05,30.0,0.5,0.05,2.0
arm_2081,20263010,0.24,0,0.0,0.0,0.0,0.0,0.0,0.0,0.0,0.0,0.0,0.0,0.5,0.0,False,,0.5,1.0,0.05,30.0,0.5,0.1,2.0
arm_2082,20263011,0.25,0,0.0,0.0,0.0,0.0,0.0,0.0,0.0,0.0,0.0,0.0,5.846153846153846,0.0,False,,0.5,1.0,0.05,30.0,0.5,0.01,4.0
arm_2083,20263012,0.31,0,0.0,0.0,0.0,0.0,0.0,0.0,0.0,0.0,0.0,0.0,30.177419354838708,0.0,False,,0.5,1.0,0.05,30.0,0.5,0.05,4.0
arm_2084,20263013,0.3,0,0.0,0.0,0.0,0.0,0.0,0.0,0.0,0.0,0.0,0.0,2.7580645161290325,0.0,False,,0.5,1.0,0.05,30.0,0.5,0.1,4.0
arm_2085,20263014,0.32,0,0.0,0.0,0.0,0.0,0.0,0.0,0.0,0.0,0.0,0.0,66.54838709677419,0.0,False,,0.5,1.0,0.05,30.0,0.5,0.01,8.0
arm_2086,20263015,0.34,0,0.0,0.0,0.0,0.0,0.0,0.0,0.0,0.0,0.0,0.0,103.6774193548387,0.0,False,,0.5,1.0,0.05,30.0,0.5,0.05,8.0
arm_2087,20263016,0.32,0,1.6533145161290322e-05,0.0,0.0,3.6740322580645156e-05,0.016129032258064516,2.4493548387096777,0.04898725806451613,0.0,0.0,2389.483870967742,83.12903225806451,0.03225806451612903,False,,0.5,1.0,0.05,30.0,0.5,0.1,8.0
arm_2088,20263017,0.19,0,,,,,,,,,,,,,,no tail rows,0.5,1.0,0.1,30.0,0.5,0.01,2.0
arm_2089,20263018,0.24,0,0.0,0.0,0.0,0.0,0.0,0.0,0.0,0.0,0.0,0.0,1.9130434782608696,0.0,False,,0.5,1.0,0.1,30.0,0.5,0.05,2.0
arm_2090,20263019,0.17,0,,,,,,,,,,,,,,no tail rows,0.5,1.0,0.1,30.0,0.5,0.1,2.0
arm_2091,20263020,0.29,0,0.0,0.0,0.0,0.0,0.0,0.0,0.0,0.0,0.0,0.0,14.67741935483871,0.0,False,,0.5,1.0,0.1,30.0,0.5,0.01,4.0
arm_2092,20263021,0.31,0,0.0,0.0,0.0,0.0,0.0,0.0,0.0,0.0,0.0,0.0,11.17741935483871,0.0,False,,0.5,1.0,0.1,30.0,0.5,0.05,4.0
arm_2093,20263022,0.31,0,1.5812782258064518e-05,0.0,3.513951612903226e-05,0.0,0.016129032258064516,1.171316129032258,0.02342629032258065,0.0,1194.7435483870968,0.0,9.516129032258064,0.016129032258064516,False,,0.5,1.0,0.1,30.0,0.5,0.1,4.0
arm_2094,20263023,0.32,0,0.0,0.0,0.0,0.0,0.0,0.0,0.0,0.0,0.0,0.0,76.29032258064517,0.0,False,,0.5,1.0,0.1,30.0,0.5,0.01,8.0
arm_2095,20263024,0.33,0,8.145967741935484e-05,0.0008145967741935484,0.0,0.0,0.08064516129032258,6.034056451612903,0.12068145161290324,5973.717741935484,0.0,0.0,95.69354838709677,0.08064516129032258,False,,0.5,1.0,0.1,30.0,0.5,0.05,8.0
arm_2096,20263025,0.32,0,0.0,0.0,0.0,0.0,0.0,0.0,0.0,0.0,0.0,0.0,104.16129032258064,0.0,False,,0.5,1.0,0.1,30.0,0.5,0.1,8.0
arm_2097,20263026,0.19,0,,,,,,,,,,,,,,no tail rows,0.5,1.0,0.15,30.0,0.5,0.01,2.0
arm_2098,20263027,0.28,0,0.0,0.0,0.0,0.0,0.0,0.0,0.0,0.0,0.0,0.0,5.0,0.0,False,,0.5,1.0,0.15,30.0,0.5,0.05,2.0
arm_2099,20263028,0.15,0,,,,,,,,,,,,,,no tail rows,0.5,1.0,0.15,30.0,0.5,0.1,2.0
arm_2100,20263029,0.28,0,0.0,0.0,0.0,0.0,0.0,0.0,0.0,0.0,0.0,0.0,10.435483870967742,0.0,False,,0.5,1.0,0.15,30.0,0.5,0.01,4.0
arm_2101,20263030,0.29,0,0.0,0.0,0.0,0.0,0.0,0.0,0.0,0.0,0.0,0.0,5.17741935483871,0.0,False,,0.5,1.0,0.15,30.0,0.5,0.05,4.0
arm_2102,20263031,0.29,0,3.291645161290323e-05,0.00032916451612903226,0.0,0.0,0.03225806451612903,4.876516129032258,0.09752999999999999,4778.967741935484,0.0,0.0,21.806451612903224,0.06451612903225806,False,,0.5,1.0,0.15,30.0,0.5,0.1,4.0
arm_2103,20263032,0.31,0,0.0,0.0,0.0,0.0,0.0,0.0,0.0,0.0,0.0,0.0,87.2741935483871,0.0,False,,0.5,1.0,0.15,30.0,0.5,0.01,8.0
arm_2104,20263033,0.3,0,0.0,0.0,0.0,0.0,0.0,0.0,0.0,0.0,0.0,0.0,90.33870967741936,0.0,False,,0.5,1.0,0.15,30.0,0.5,0.05,8.0
arm_2105,20263034,0.3,0,3.229591935483871e-05,0.0,3.6163709677419355e-05,3.5605e-05,0.03225806451612903,5.95278064516129,0.11905564516129033,0.0,1194.7435483870968,4778.967741935484,85.54838709677419,0.08064516129032258,False,,0.5,1.0,0.15,30.0,0.5,0.1,8.0
arm_2106,20263035,0.32,0,0.004485402580645162,0.04485402580645161,0.0,0.0,4.709677419354839,9232.519516129032,184.65037096774194,2057526.6129032257,0.0,0.0,137.03225806451613,130.8709677419355,False,,0.1,1.0,0.05,30.0,0.7,0.01,2.0
arm_2107,20263036,0.3,0,0.004098353669354839,0.0408163,0.0,3.716370967741935e-05,4.016129032258065,8541.213870967742,170.82422580645164,2092293.8709677418,0.0,1194.7435483870968,104.29032258064517,113.0,False,,0.1,1.0,0.05,30.0,0.7,0.05,2.0
arm_2108,20263037,0.29,0,0.00206186,0.0206186,0.0,0.0,2.0,8614.463387096774,172.2893548387097,4178016.935483871,0.0,0.0,45.54838709677419,112.80645161290323,False,,0.1,1.0,0.05,30.0,0.7,0.1,2.0
arm_2109,20263038,0.35,0,0.0075,0.075,0.0,0.0,6.0,13122.758064516129,262.45520967741936,1749701.935483871,0.0,0.0,236.41935483870967,141.7258064516129,True,,0.1,1.0,0.05,30.0,0.7,0.01,4.0
arm_2110,20263039,0.34,0,0.00366972,0.0366972,0.0,0.0,4.0,5854.241451612904,117.08483064516129,1595281.6129032257,0.0,0.0,152.48387096774192,86.14516129032258,False,,0.1,1.0,0.05,30.0,0.7,0.05,4.0
arm_2111,20263040,0.35,0,0.003125997693548387,0.0309278,7.381709677419355e-05,0.0,3.032258064516129,6649.913225806452,132.99825806451614,2149342.9032258065,2389.4870967741936,0.0,142.61290322580646,87.08064516129032,False,,0.1,1.0,0.05,30.0,0.7,0.1,4.0
arm_2112,20263041,0.35,0,0.0021052600000000003,0.0210526,0.0,0.0,2.0,1151.9854677419355,23.039691935483873,547192.3709677419,0.0,0.0,167.9516129032258,14.774193548387096,False,,0.1,1.0,0.05,30.0,0.7,0.01,8.0
arm_2113,20263042,0.44,0,0.011960114451612904,0.11706003225806452,0.0005646916129032259,0.0,11.612903225806452,19475.50483870968,389.51016129032257,1668292.2580645161,27479.087096774198,0.0,731.5806451612904,255.0483870967742,False,,0.1,1.0,0.05,30.0,0.7,0.05,8.0
arm_2114,20263043,0.34,0,0.0015407501612903227,0.015088466129032259,7.089677419354839e-05,0.0,1.435483870967742,3360.284193548387,67.20569516129032,2679012.580645161,4778.9693548387095,0.0,145.7258064516129,42.193548387096776,False,,0.1,1.0,0.05,30.0,0.7,0.1,8.0
arm_2115,20263044,0.25,0,0.0,0.0,0.0,0.0,0.0,0.0,0.0,0.0,0.0,0.0,0.9666666666666667,0.0,False,,0.1,1.0,0.1,30.0,0.7,0.01,2.0
arm_2116,20263045,0.27,0,0.00111111,0.0111111,0.0,0.0,1.0,167.2641693548387,3.345279677419355,150537.52096774193,0.0,0.0,1.1451612903225807,2.032258064516129,False,,0.1,1.0,0.1,30.0,0.7,0.05,2.0
arm_2117,20263046,0.24,0,0.0,0.0,0.0,0.0,0.0,0.0,0.0,0.0,0.0,0.0,1.0,0.0,False,,0.1,1.0,0.1,30.0,0.7,0.1,2.0
arm_2118,20263047,0.31,0,0.00016129032258064516,0.0016129032258064516,0.0,0.0,0.16129032258064516,15.531656451612903,0.31063290322580644,15531.656451612904,0.0,0.0,25.677419354838708,0.20967741935483872,False,,0.1,1.0,0.1,30.0,0.7,0.01,4.0
arm_2119,20263048,0.3,0,0.0005657684032258065,0.005498516129032258,0.0,3.5370645161290326e-05,0.5,89.42702903225806,1.788541935483871,77658.23870967742,0.0,1194.7435483870968,21.838709677419356,1.064516129032258,False,,0.1,1.0,0.1,30.0,0.7,0.05,4.0
arm_2120,20263049,0.32,0,0.0,0.0,0.0,0.0,0.0,0.0,0.0,0.0,0.0,0.0,37.67741935483871,0.0,False,,0.1,1.0,0.1,30.0,0.7,0.1,4.0
arm_2121,20263050,0.34,0,0.0,0.0,0.0,0.0,0.0,0.0,0.0,0.0,0.0,0.0,77.54838709677419,0.0,False,,0.1,1.0,0.1,30.0,0.7,0.01,8.0
arm_2122,20263051,0.35,0,0.0012792032258064517,0.012792032258064516,0.0,0.0,1.1129032258064515,104.36830322580644,2.087364516129032,82437.28225806452,0.0,0.0,108.3225806451613,1.2258064516129032,False,,0.1,1.0,0.1,30.0,0.7,0.05,8.0
arm_2123,20263052,0.37,0,0.00102041,0.0102041,0.0,0.0,1.0,245.04433870967742,4.9008845161290315,240143.14516129033,0.0,0.0,126.48387096774194,3.2419354838709675,False,,0.1,1.0,0.1,30.0,0.7,0.1,8.0
arm_2124,20263053,0.19,0,,,,,,,,,,,,,,no tail rows,0.1,1.0,0.15,30.0,0.7,0.01,2.0
arm_2125,20263054,0.21,0,,,,,,,,,,,,,,no tail rows,0.1,1.0,0.15,30.0,0.7,0.05,2.0
arm_2126,20263055,0.28,0,0.0,0.0,0.0,0.0,0.0,0.0,0.0,0.0,0.0,0.0,0.9814814814814815,0.0,False,,0.1,1.0,0.15,30.0,0.7,0.1,2.0
arm_2127,20263056,0.3,0,0.0,0.0,0.0,0.0,0.0,0.0,0.0,0.0,0.0,0.0,15.129032258064516,0.0,False,,0.1,1.0,0.15,30.0,0.7,0.01,4.0
arm_2128,20263057,0.31,0,0.0,0.0,0.0,0.0,0.0,0.0,0.0,0.0,0.0,0.0,24.322580645161292,0.0,False,,0.1,1.0,0.15,30.0,0.7,0.05,4.0
arm_2129,20263058,0.31,0,0.0,0.0,0.0,0.0,0.0,0.0,0.0,0.0,0.0,0.0,14.983870967741936,0.0,False,,0.1,1.0,0.15,30.0,0.7,0.1,4.0
arm_2130,20263059,0.35,0,0.0,0.0,0.0,0.0,0.0,0.0,0.0,0.0,0.0,0.0,92.7741935483871,0.0,False,,0.1,1.0,0.15,30.0,0.7,0.01,8.0
arm_2131,20263060,0.33,0,4.8603048387096774e-05,0.0,0.00010800677419354839,0.0,0.04838709677419355,3.600232258064516,0.07200483870967742,0.0,3584.230645161291,0.0,71.51612903225806,0.04838709677419355,False,,0.1,1.0,0.15,30.0,0.7,0.05,8.0
arm_2132,20263061,0.35,0,8.266572580645161e-05,0.0,0.0001837016129032258,0.0,0.08064516129032258,6.123395161290322,0.12246774193548388,0.0,5973.717741935484,0.0,94.70967741935483,0.08064516129032258,False,,0.1,1.0,0.15,30.0,0.7,0.1,8.0
arm_2133,20263062,0.21,0,,,,,,,,,,,,,,no tail rows,0.3,1.0,0.05,30.0,0.7,0.01,2.0
arm_2134,20263063,0.23,0,0.0,0.0,0.0,0.0,0.0,0.0,0.0,0.0,0.0,0.0,0.95,0.0,False,,0.3,1.0,0.05,30.0,0.7,0.05,2.0
arm_2135,20263064,0.21,0,,,,,,,,,,,,,,no tail rows,0.3,1.0,0.05,30.0,0.7,0.1,2.0
arm_2136,20263065,0.3,0,0.0,0.0,0.0,0.0,0.0,0.0,0.0,0.0,0.0,0.0,13.790322580645162,0.0,False,,0.3,1.0,0.05,30.0,0.7,0.01,4.0
arm_2137,20263066,0.3,0,0.0,0.0,0.0,0.0,0.0,0.0,0.0,0.0,0.0,0.0,16.774193548387096,0.0,False,,0.3,1.0,0.05,30.0,0.7,0.05,4.0
arm_2138,20263067,0.32,0,0.0,0.0,0.0,0.0,0.0,0.0,0.0,0.0,0.0,0.0,28.306451612903224,0.0,False,,0.3,1.0,0.05,30.0,0.7,0.1,4.0
arm_2139,20263068,0.35,0,0.0,0.0,0.0,0.0,0.0,0.0,0.0,0.0,0.0,0.0,99.90322580645162,0.0,False,,0.3,1.0,0.05,30.0,0.7,0.01,8.0
arm_2140,20263069,0.36,0,0.0,0.0,0.0,0.0,0.0,0.0,0.0,0.0,0.0,0.0,103.43548387096774,0.0,False,,0.3,1.0,0.05,30.0,0.7,0.05,8.0
arm_2141,20263070,0.35,0,0.0,0.0,0.0,0.0,0.0,0.0,0.0,0.0,0.0,0.0,69.96774193548387,0.0,False,,0.3,1.0,0.05,30.0,0.7,0.1,8.0
arm_2142,20263071,0.22,0,,,,,,,,,,,,,,no tail rows,0.3,1.0,0.1,30.0,0.7,0.01,2.0
arm_2143,20263072,0.23,0,,,,,,,,,,,,,,no tail rows,0.3,1.0,0.1,30.0,0.7,0.05,2.0
arm_2144,20263073,0.25,0,0.0,0.0,0.0,0.0,0.0,0.0,0.0,0.0,0.0,0.0,2.5714285714285716,0.0,False,,0.3,1.0,0.1,30.0,0.7,0.1,2.0
arm_2145,20263074,0.33,0,0.0,0.0,0.0,0.0,0.0,0.0,0.0,0.0,0.0,0.0,12.53225806451613,0.0,False,,0.3,1.0,0.1,30.0,0.7,0.01,4.0
arm_2146,20263075,0.33,0,0.0,0.0,0.0,0.0,0.0,0.0,0.0,0.0,0.0,0.0,16.403225806451612,0.0,False,,0.3,1.0,0.1,30.0,0.7,0.05,4.0
arm_2147,20263076,0.32,0,1.5377225806451613e-05,0.0,3.417161290322581e-05,0.0,0.016129032258064516,2.2781129032258063,0.04556225806451613,0.0,2389.483870967742,0.0,13.758064516129032,0.03225806451612903,False,,0.3,1.0,0.1,30.0,0.7,0.1,4.0
arm_2148,20263077,0.34,0,0.0,0.0,0.0,0.0,0.0,0.0,0.0,0.0,0.0,0.0,63.225806451612904,0.0,False,,0.3,1.0,0.1,30.0,0.7,0.01,8.0
arm_2149,20263078,0.34,0,0.0,0.0,0.0,0.0,0.0,0.0,0.0,0.0,0.0,0.0,65.46774193548387,0.0,False,,0.3,1.0,0.1,30.0,0.7,0.05,8.0
arm_2150,20263079,0.39,0,0.0,0.0,0.0,0.0,0.0,0.0,0.0,0.0,0.0,0.0,137.90322580645162,0.0,False,,0.3,1.0,0.1,30.0,0.7,0.1,8.0
arm_2151,20263080,0.24,0,,,,,,,,,,,,,,no tail rows,0.3,1.0,0.15,30.0,0.7,0.01,2.0
arm_2152,20263081,0.2,0,,,,,,,,,,,,,,no tail rows,0.3,1.0,0.15,30.0,0.7,0.05,2.0
arm_2153,20263082,0.21,0,,,,,,,,,,,,,,no tail rows,0.3,1.0,0.15,30.0,0.7,0.1,2.0
arm_2154,20263083,0.31,0,0.0,0.0,0.0,0.0,0.0,0.0,0.0,0.0,0.0,0.0,10.629032258064516,0.0,False,,0.3,1.0,0.15,30.0,0.7,0.01,4.0
arm_2155,20263084,0.31,0,0.0,0.0,0.0,0.0,0.0,0.0,0.0,0.0,0.0,0.0,11.629032258064516,0.0,False,,0.3,1.0,0.15,30.0,0.7,0.05,4.0
arm_2156,20263085,0.29,0,0.0,0.0,0.0,0.0,0.0,0.0,0.0,0.0,0.0,0.0,12.85483870967742,0.0,False,,0.3,1.0,0.15,30.0,0.7,0.1,4.0
arm_2157,20263086,0.31,0,0.0,0.0,0.0,0.0,0.0,0.0,0.0,0.0,0.0,0.0,63.38709677419355,0.0,False,,0.3,1.0,0.15,30.0,0.7,0.01,8.0
arm_2158,20263087,0.31,0,1.6533145161290322e-05,0.0,0.0,3.6740322580645156e-05,0.016129032258064516,1.2246790322580645,0.02449354838709677,0.0,0.0,1194.7435483870968,81.29032258064517,0.016129032258064516,False,,0.3,1.0,0.15,30.0,0.7,0.05,8.0
arm_2159,20263088,0.3,0,0.0,0.0,0.0,0.0,0.0,0.0,0.0,0.0,0.0,0.0,77.11290322580645,0.0,False,,0.3,1.0,0.15,30.0,0.7,0.1,8.0
arm_2160,20263089,0.25,0,0.0,0.0,0.0,0.0,0.0,0.0,0.0,0.0,0.0,0.0,1.962962962962963,0.0,False,,0.5,1.0,0.05,30.0,0.7,0.01,2.0
arm_2161,20263090,0.19,0,,,,,,,,,,,,,,no tail rows,0.5,1.0,0.05,30.0,0.7,0.05,2.0
arm_2162,20263091,0.26,0,0.0,0.0,0.0,0.0,0.0,0.0,0.0,0.0,0.0,0.0,4.0,0.0,False,,0.5,1.0,0.05,30.0,0.7,0.1,2.0
arm_2163,20263092,0.29,0,0.0,0.0,0.0,0.0,0.0,0.0,0.0,0.0,0.0,0.0,20.725806451612904,0.0,False,,0.5,1.0,0.05,30.0,0.7,0.01,4.0
arm_2164,20263093,0.27,0,0.0,0.0,0.0,0.0,0.0,0.0,0.0,0.0,0.0,0.0,13.435483870967742,0.0,False,,0.5,1.0,0.05,30.0,0.7,0.05,4.0
arm_2165,20263094,0.28,0,0.0,0.0,0.0,0.0,0.0,0.0,0.0,0.0,0.0,0.0,16.661290322580644,0.0,False,,0.5,1.0,0.05,30.0,0.7,0.1,4.0
arm_2166,20263095,0.29,0,0.0,0.0,0.0,0.0,0.0,0.0,0.0,0.0,0.0,0.0,71.2258064516129,0.0,False,,0.5,1.0,0.05,30.0,0.7,0.01,8.0
arm_2167,20263096,0.27,0,0.0,0.0,0.0,0.0,0.0,0.0,0.0,0.0,0.0,0.0,66.59677419354838,0.0,False,,0.5,1.0,0.05,30.0,0.7,0.05,8.0
arm_2168,20263097,0.3,0,0.0,0.0,0.0,0.0,0.0,0.0,0.0,0.0,0.0,0.0,76.85483870967742,0.0,False,,0.5,1.0,0.05,30.0,0.7,0.1,8.0
arm_2169,20263098,0.17,0,,,,,,,,,,,,,,no tail rows,0.5,1.0,0.1,30.0,0.7,0.01,2.0
arm_2170,20263099,0.15,0,,,,,,,,,,,,,,no tail rows,0.5,1.0,0.1,30.0,0.7,0.05,2.0
arm_2171,20263100,0.22,0,0.0,0.0,0.0,0.0,0.0,0.0,0.0,0.0,0.0,0.0,1.8333333333333333,0.0,False,,0.5,1.0,0.1,30.0,0.7,0.1,2.0
arm_2172,20263101,0.27,0,0.0,0.0,0.0,0.0,0.0,0.0,0.0,0.0,0.0,0.0,22.806451612903224,0.0,False,,0.5,1.0,0.1,30.0,0.7,0.01,4.0
arm_2173,20263102,0.27,0,0.0,0.0,0.0,0.0,0.0,0.0,0.0,0.0,0.0,0.0,26.0,0.0,False,,0.5,1.0,0.1,30.0,0.7,0.05,4.0
arm_2174,20263103,0.27,0,0.0,0.0,0.0,0.0,0.0,0.0,0.0,0.0,0.0,0.0,16.274193548387096,0.0,False,,0.5,1.0,0.1,30.0,0.7,0.1,4.0
arm_2175,20263104,0.28,0,0.0,0.0,0.0,0.0,0.0,0.0,0.0,0.0,0.0,0.0,85.91935483870968,0.0,False,,0.5,1.0,0.1,30.0,0.7,0.01,8.0
arm_2176,20263105,0.28,0,0.0,0.0,0.0,0.0,0.0,0.0,0.0,0.0,0.0,0.0,67.74193548387096,0.0,False,,0.5,1.0,0.1,30.0,0.7,0.05,8.0
arm_2177,20263106,0.3,0,1.591679032258065e-05,0.0,3.5370645161290326e-05,0.0,0.016129032258064516,5.895112903225806,0.11790225806451612,0.0,5973.709677419355,0.0,122.87096774193549,0.08064516129032258,False,,0.5,1.0,0.1,30.0,0.7,0.1,8.0
arm_2178,20263107,0.26,0,0.0,0.0,0.0,0.0,0.0,0.0,0.0,0.0,0.0,0.0,1.0,0.0,False,,0.5,1.0,0.15,30.0,0.7,0.01,2.0
arm_2179,20263108,0.19,0,,,,,,,,,,,,,,no tail rows,0.5,1.0,0.15,30.0,0.7,0.05,2.0
arm_2180,20263109,0.26,0,0.0,0.0,0.0,0.0,0.0,0.0,0.0,0.0,0.0,0.0,3.0,0.0,False,,0.5,1.0,0.15,30.0,0.7,0.1,2.0
arm_2181,20263110,0.27,0,0.0,0.0,0.0,0.0,0.0,0.0,0.0,0.0,0.0,0.0,12.129032258064516,0.0,False,,0.5,1.0,0.15,30.0,0.7,0.01,4.0
arm_2182,20263111,0.27,0,0.0,0.0,0.0,0.0,0.0,0.0,0.0,0.0,0.0,0.0,18.403225806451612,0.0,False,,0.5,1.0,0.15,30.0,0.7,0.05,4.0
arm_2183,20263112,0.28,0,3.193867741935484e-05,0.0003193867741935484,0.0,0.0,0.03225806451612903,2.3658290322580644,0.047316451612903224,2389.4870967741936,0.0,0.0,25.338709677419356,0.03225806451612903,False,,0.5,1.0,0.15,30.0,0.7,0.1,4.0
arm_2184,20263113,0.29,0,0.0,0.0,0.0,0.0,0.0,0.0,0.0,0.0,0.0,0.0,74.46774193548387,0.0,False,,0.5,1.0,0.15,30.0,0.7,0.01,8.0
arm_2185,20263114,0.29,0,0.0,0.0,0.0,0.0,0.0,0.0,0.0,0.0,0.0,0.0,74.8225806451613,0.0,False,,0.5,1.0,0.15,30.0,0.7,0.05,8.0
arm_2186,20263115,0.29,0,7.906387096774195e-05,0.0007906387096774195,0.0,0.0,0.08064516129032258,5.856580645161291,0.11713145161290323,5973.717741935484,0.0,0.0,67.46774193548387,0.08064516129032258,False,,0.5,1.0,0.15,30.0,0.7,0.1,8.0
arm_2187,20263116,0.23,0,0.004609422911290323,0.0344828,0.002268142419354839,0.00031217516129032255,4.161290322580645,38400.208064516126,768.0040161290323,11111100.0,74074.1,10752.691935483872,11.790322580645162,451.16129032258067,True,,0.1,0.2,0.05,100.0,0.3,0.01,2.0
arm_2188,20263117,0.22,0,0.00756303,0.0756303,0.0,0.0,9.0,68893.50967741937,1377.8709677419354,9109252.096774194,0.0,0.0,20.14516129032258,1106.774193548387,True,,0.1,0.2,0.05,100.0,0.3,0.05,2.0
arm_2189,20263118,0.25,0,0.012371362629032259,0.121495,0.000493028064516129,0.0,13.225806451612904,113260.64032258064,2265.212741935484,9320191.612903226,25089.59677419355,0.0,71.51612903225806,1636.032258064516,False,,0.1,0.2,0.05,100.0,0.3,0.1,2.0
arm_2190,20263119,0.26,0,0.0034883699999999998,0.0348837,0.0,0.0,3.0,32988.8,659.776,9456790.0,0.0,0.0,76.30645161290323,383.0,True,,0.1,0.2,0.05,100.0,0.3,0.01,4.0
arm_2191,20263120,0.24,0,0.0020991046290322578,0.0165289,0.000754976129032258,0.000236611935483871,2.4516129032258065,17541.445161290325,350.8292580645161,10592600.0,26284.35806451613,7168.461290322582,40.0,286.4516129032258,True,,0.1,0.2,0.05,100.0,0.3,0.05,4.0
arm_2192,20263121,0.28,0,0.013741194669354839,0.122807,0.0003742240322580646,0.002871319677419355,15.46774193548387,115208.01612903226,2304.1601612903223,9369429.677419355,10752.691935483872,87017.0935483871,137.24193548387098,1772.7903225806451,False,,0.1,0.2,0.05,100.0,0.3,0.1,4.0
arm_2193,20263122,0.34,0,0.004734380322580645,0.0454545,0.00041984516129032264,0.0,4.193548387096774,46057.7935483871,921.1550645161291,10129600.0,14336.922580645163,0.0,206.53225806451613,547.1935483870968,True,,0.1,0.2,0.05,100.0,0.3,0.01,8.0
arm_2194,20263123,0.28,0,0.001962708266129032,0.007611483870967742,0.002204183709677419,0.00046594935483870964,1.903225806451613,402.77549999999997,8.055515161290323,277180.3064516129,52568.709677419356,15531.666129032259,146.8709677419355,5.0,False,,0.1,0.2,0.05,100.0,0.3,0.05,8.0
arm_2195,20263124,0.33,0,0.009900289225806451,0.0681818,0.0029390651612903225,0.0039100664516129036,9.129032258064516,59041.80483870968,1180.836129032258,8611708.387096774,83034.61612903226,119474.2435483871,193.25806451612902,702.016129032258,True,,0.1,0.2,0.05,100.0,0.3,0.1,8.0
arm_2196,20263125,0.23,0,0.00487505460483871,0.047619,0.00025145467741935485,0.0,5.112903225806452,46265.42741935484,925.3081451612903,9713980.967741935,8363.204838709678,0.0,62.854838709677416,655.8064516129032,True,,0.1,0.2,0.1,100.0,0.3,0.01,2.0
arm_2197,20263126,0.22,0,0.0025869728225806454,0.0241935,0.0003724951612903226,0.0,3.161290322580645,34373.245161290324,687.4650322580645,14031064.516129032,410991.6129032258,0.0,93.48387096774194,573.8064516129032,True,,0.1,0.2,0.1,100.0,0.3,0.05,2.0
arm_2198,20263127,0.22,0,0.008483457185483871,0.03693098387096774,0.006917645806451613,0.003727595967741936,8.693548387096774,30448.674193548388,608.9735483870968,8112801.774193549,82258.07741935486,90422.07741935484,37.61290322580645,439.2741935483871,True,,0.1,0.2,0.1,100.0,0.3,0.1,2.0
arm_2199,20263128,0.25,0,0.0033344002500000003,0.0280374,0.001179245,0.0,3.5,29118.90806451613,582.3782580645161,10370400.0,24492.23548387097,0.0,98.48387096774194,420.5483870967742,True,,0.1,0.2,0.1,100.0,0.3,0.01,4.0
arm_2200,20263129,0.26,0,0.014218845153225808,0.104167,0.006493058387096773,0.001956153064516129,13.887096774193548,81855.27741935484,1637.1053225806452,7826523.387096774,76463.58387096775,84229.34193548387,82.80645161290323,1061.0967741935483,False,,0.1,0.2,0.1,100.0,0.3,0.05,4.0
arm_2201,20263130,0.29,0,0.01647390508870968,0.0927835,0.004269448064516129,0.01172067435483871,16.29032258064516,87228.64838709678,1744.5727419354837,9289924.193548387,192652.1935483871,135051.63225806452,184.90322580645162,1142.8225806451612,False,,0.1,0.2,0.1,100.0,0.3,0.1,4.0
arm_2202,20263131,0.28,0,0.003125,0.03125,0.0,0.0,3.0,29321.0,586.42,9382720.0,0.0,0.0,185.40322580645162,380.0,True,,0.1,0.2,0.1,100.0,0.3,0.01,8.0
arm_2203,20263132,0.33,0,0.004398647266129032,0.0344828,0.0003000748387096774,0.0018118524193548387,4.951612903225806,38019.63064516129,760.3927096774194,10999401.612903226,11947.429032258065,48387.07741935484,387.69354838709677,595.1935483870968,True,,0.1,0.2,0.1,100.0,0.3,0.05,8.0
arm_2204,20263133,0.34,0,0.012694130951612904,0.0873786,0.005791786129032258,0.0029999270967741936,12.919354838709678,75089.63225806452,1501.7927419354837,8529802.41935484,146156.87096774194,117283.93225806451,409.61290322580646,1043.8225806451612,False,,0.1,0.2,0.1,100.0,0.3,0.1,8.0
arm_2205,20263134,0.23,0,0.007045623838709678,0.0612245,0.002051497419354839,0.0,6.935483870967742,51003.903225806454,1020.0775967741936,8304062.580645162,164874.4064516129,0.0,88.19354838709677,674.8548387096774,True,,0.1,0.2,0.15,100.0,0.3,0.01,2.0
arm_2206,20263135,0.25,0,0.012432663822580644,0.10523801129032256,0.002848478387096774,0.0013934387096774194,12.516129032258064,61875.68548387097,1237.5135483870968,5824949.193548387,164277.04032258064,348865.08225806453,213.0,843.6451612903226,False,,0.1,0.2,0.15,100.0,0.3,0.05,2.0
arm_2207,20263136,0.23,0,0.008175023846774194,0.0729167,0.001072883870967742,0.0008901246774193549,7.887096774193548,30855.895161290322,617.1178548387097,4214712.580645162,26881.717741935485,80047.79193548387,127.51612903225806,399.96774193548384,True,,0.1,0.2,0.15,100.0,0.3,0.1,2.0
arm_2208,20263137,0.29,0,0.0078095335,0.0683761,0.00215983,0.0,9.0,45708.31774193548,914.1662580645161,6671594.516129033,93189.94516129034,0.0,340.88709677419354,721.7903225806451,True,,0.1,0.2,0.15,100.0,0.3,0.01,4.0
arm_2209,20263138,0.27,0,0.003714703717741936,0.023297467741935488,0.0008189140322580645,0.002258768064516129,3.5,16018.698387096774,320.37387096774194,6884906.29032258,21505.379032258064,85424.1129032258,165.82258064516128,194.83870967741936,True,,0.1,0.2,0.15,100.0,0.3,0.05,4.0
arm_2210,20263139,0.27,0,0.010505849612903228,0.07910090806451613,0.001649561935483871,0.004118790967741935,10.080645161290322,45937.153225806454,918.7428387096775,5753605.806451613,70489.82096774194,194742.93548387097,251.11290322580646,583.4516129032259,False,,0.1,0.2,0.15,100.0,0.3,0.1,4.0
arm_2211,20263140,0.36,0,0.007680494596774194,0.0714286,0.0011947435483870966,0.0,7.548387096774194,27701.4,554.0280806451614,3871309.193548387,47789.72096774194,0.0,502.56451612903226,366.51612903225805,True,,0.1,0.2,0.15,100.0,0.3,0.01,8.0
arm_2212,20263141,0.31,0,0.0048556044112903225,0.0337079,0.0005136629032258063,0.002785924677419355,4.467741935483871,18506.13870967742,370.12279032258067,5400636.451612903,19115.8935483871,252688.14677419353,288.0967741935484,222.7258064516129,True,,0.1,0.2,0.15,100.0,0.3,0.05,8.0
arm_2213,20263142,0.38,0,0.020783282653225807,0.12444654838709679,0.006990548709677419,0.011539735322580645,21.177419354838708,70341.70967741935,1406.8346774193549,5501234.838709678,128833.19032258065,254846.2258064516,796.983870967742,969.0483870967741,False,,0.1,0.2,0.15,100.0,0.3,0.1,8.0
arm_2214,20263143,0.19,0,0.0010989,0.010989,0.0,0.0,1.0,11803.0,236.06,10740700.0,0.0,0.0,0.9032258064516129,145.0,True,,0.3,0.2,0.05,100.0,0.3,0.01,2.0
arm_2215,20263144,0.21,0,0.00638758535483871,0.0612245,0.0005891896774193548,0.0,6.258064516129032,43798.71451612903,875.9743064516128,7143966.935483871,58542.36774193548,0.0,134.6290322580645,579.4516129032259,True,,0.3,0.2,0.05,100.0,0.3,0.05,2.0
arm_2216,20263145,0.2,0,0.005318778653225807,0.0520833,0.0,0.0002454414516129032,5.112903225806452,26638.509677419355,532.7701612903226,5113023.064516129,0.0,8363.204838709678,47.88709677419355,345.241935483871,True,,0.3,0.2,0.05,100.0,0.3,0.1,2.0
arm_2217,20263146,0.21,0,0.0043010800000000005,0.0430108,0.0,0.0,4.0,30916.885483870967,618.3372096774193,7188172.096774193,0.0,0.0,63.53225806451613,388.16129032258067,True,,0.3,0.2,0.05,100.0,0.3,0.01,4.0
arm_2218,20263147,0.23,0,0.006438018088709678,0.0612245,0.0007012624193548387,0.0,6.306451612903226,28505.28064516129,570.1055483870967,4639585.645161291,96774.18548387097,0.0,243.25806451612902,377.11290322580646,True,,0.3,0.2,0.05,100.0,0.3,0.05,4.0
arm_2219,20263148,0.24,0,0.009481285750000002,0.08390356774193548,0.0017595317741935486,0.0006647548387096775,9.387096774193548,82340.92741935483,1646.8190322580645,9847868.870967742,48984.48548387097,299880.56451612903,206.88709677419354,1100.6129032258063,True,,0.3,0.2,0.05,100.0,0.3,0.1,4.0
arm_2220,20263149,0.26,0,0.005437020870967743,0.0520833,0.00040414354838709673,0.00010405838709677419,5.225806451612903,39089.31612903226,781.7862741935484,7500120.0,13142.179032258065,13142.161290322581,329.2903225806452,506.61290322580646,True,,0.3,0.2,0.05,100.0,0.3,0.01,8.0
arm_2221,20263150,0.26,0,0.002098605556451613,0.0181818,0.0,0.0006231679032258065,2.274193548387097,10243.729032258063,204.87393548387095,5610511.774193549,0.0,41815.97258064516,177.96774193548387,152.0483870967742,True,,0.3,0.2,0.05,100.0,0.3,0.05,8.0
arm_2222,20263151,0.26,0,0.005854971693548387,0.0470588,0.0009216593548387097,0.0016318777419354839,5.145161290322581,43178.86451612903,863.5772903225807,9146953.870967742,28673.825806451616,62723.995161290324,194.0483870967742,495.7258064516129,True,,0.3,0.2,0.05,100.0,0.3,0.1,8.0
arm_2223,20263152,0.18,0,0.0,0.0,0.0,0.0,0.0,0.0,0.0,0.0,0.0,0.0,0.9803921568627451,0.0,False,,0.3,0.2,0.1,100.0,0.3,0.01,2.0
arm_2224,20263153,0.19,0,0.00176991,0.0176991,0.0,0.0,2.0,2840.9517741935483,56.81903225806452,1605137.2580645161,0.0,0.0,131.29032258064515,43.33870967741935,False,,0.3,0.2,0.1,100.0,0.3,0.05,2.0
arm_2225,20263154,0.2,0,0.003327632822580645,0.0277778,0.0,0.0012218951612903226,3.564516129032258,2915.5985483870963,58.31196612903226,1020709.6612903225,0.0,55555.51935483871,34.70967741935484,42.45161290322581,False,,0.3,0.2,0.1,100.0,0.3,0.1,2.0
arm_2226,20263155,0.21,0,0.0018867900000000002,0.0188679,0.0,0.0,2.0,1187.9799838709678,23.75961129032258,629629.9032258064,0.0,0.0,77.66129032258064,17.0,False,,0.3,0.2,0.1,100.0,0.3,0.01,4.0
arm_2227,20263156,0.24,0,0.0015212595161290324,0.015212595161290322,0.0,0.0,1.3387096774193548,529.4886129032259,10.589759838709677,378136.12903225806,0.0,0.0,57.0,6.290322580645161,False,,0.3,0.2,0.1,100.0,0.3,0.05,4.0
arm_2228,20263157,0.22,0,0.004137522588709678,0.03141801129032258,0.0011801708064516129,0.0010325435483870967,4.016129032258065,1039.6091451612904,20.792181451612905,276184.72580645164,51373.932258064524,31660.683870967743,75.24193548387096,13.53225806451613,False,,0.3,0.2,0.1,100.0,0.3,0.1,4.0
arm_2229,20263158,0.25,0,6.451612903225807e-05,0.0006451612903225806,0.0,0.0,0.06451612903225806,4.778974193548387,0.09557935483870968,4778.974193548387,0.0,0.0,163.2258064516129,0.06451612903225806,False,,0.3,0.2,0.1,100.0,0.3,0.01,8.0
arm_2230,20263159,0.25,0,0.0025000000000000005,0.025,0.0,0.0,3.0,1795.1017741935484,35.90202580645161,718040.6935483871,0.0,0.0,227.5,29.080645161290324,False,,0.3,0.2,0.1,100.0,0.3,0.05,8.0
arm_2231,20263160,0.23,0,0.004557816435483871,0.032967,0.0012461725806451611,0.0015563083870967745,4.274193548387097,1237.6665322580645,24.753345161290323,330943.77419354836,38829.12096774193,76463.51935483872,140.83870967741936,15.403225806451612,False,,0.3,0.2,0.1,100.0,0.3,0.1,8.0
arm_2232,20263161,0.19,0,0.0,0.0,0.0,0.0,0.0,0.0,0.0,0.0,0.0,0.0,3.9344262295081966,0.0,False,,0.3,0.2,0.15,100.0,0.3,0.01,2.0
arm_2233,20263162,0.17,0,0.0,0.0,0.0,0.0,0.0,0.0,0.0,0.0,0.0,0.0,0.8666666666666667,0.0,False,,0.3,0.2,0.15,100.0,0.3,0.05,2.0
arm_2234,20263163,0.17,0,0.0,0.0,0.0,0.0,0.0,0.0,0.0,0.0,0.0,0.0,0.975,0.0,False,,0.3,0.2,0.15,100.0,0.3,0.1,2.0
arm_2235,20263164,0.21,0,0.00013378935483870967,0.0,0.0,0.0002973096774193548,0.12903225806451613,14.86547741935484,0.2973096774193548,0.0,0.0,14336.909677419355,24.322580645161292,0.1935483870967742,False,,0.3,0.2,0.15,100.0,0.3,0.01,4.0
arm_2236,20263165,0.21,0,0.0008643864032258066,0.008313951612903226,0.0,7.331387096774195e-05,0.8387096774193549,64.02848387096773,1.2805693548387098,32258.075806451616,0.0,2389.4870967741936,24.951612903225808,0.8387096774193549,False,,0.3,0.2,0.15,100.0,0.3,0.05,4.0
arm_2237,20263166,0.23,0,0.0004892643145161292,0.0,0.00016559596774193549,0.0009216580645161292,0.46774193548387094,38.44979193548387,0.768995,0.0,8363.198387096774,27479.101612903225,44.774193548387096,0.5,False,,0.3,0.2,0.15,100.0,0.3,0.1,4.0
arm_2238,20263167,0.24,0,0.0,0.0,0.0,0.0,0.0,0.0,0.0,0.0,0.0,0.0,89.88709677419355,0.0,False,,0.3,0.2,0.15,100.0,0.3,0.01,8.0
arm_2239,20263168,0.23,0,8.061546774193549e-05,0.0,0.00010824870967741934,7.089677419354839e-05,0.08064516129032258,8.334735483870968,0.16669451612903227,0.0,3584.230645161291,4778.967741935484,77.7741935483871,0.11290322580645161,False,,0.3,0.2,0.15,100.0,0.3,0.05,8.0
arm_2240,20263169,0.23,0,4.994085483870968e-05,0.0,0.0,0.00011097967741935483,0.04838709677419355,3.6993193548387096,0.07398629032258065,0.0,0.0,3584.230645161291,138.0,0.04838709677419355,False,,0.3,0.2,0.15,100.0,0.3,0.1,8.0
arm_2241,20263170,0.18,0,0.000917431,0.00917431,0.0,0.0,1.0,1866.65,37.33298064516129,2034647.822580645,0.0,0.0,45.564516129032256,27.467741935483872,False,,0.5,0.2,0.05,100.0,0.3,0.01,2.0
arm_2242,20263171,0.2,0,0.0047619,0.047619,0.0,0.0,5.0,22355.351612903225,447.1071129032258,4694623.70967742,0.0,0.0,24.870967741935484,316.88709677419354,True,,0.5,0.2,0.05,100.0,0.3,0.05,2.0
arm_2243,20263172,0.2,0,0.003395591129032258,0.03241164193548387,0.0,0.0003431709677419355,3.564516129032258,11182.764032258065,223.65519354838707,3502986.7741935486,0.0,217443.29516129033,127.12903225806451,158.5,True,,0.5,0.2,0.05,100.0,0.3,0.1,2.0
arm_2244,20263173,0.21,0,0.0021739100000000003,0.0217391,0.0,0.0,2.0,3615.3953225806454,72.30792258064515,1663082.435483871,0.0,0.0,101.53225806451613,44.903225806451616,False,,0.5,0.2,0.05,100.0,0.3,0.01,4.0
arm_2245,20263174,0.19,0,0.002555940806451613,0.023244767741935485,0.0,0.0005143645161290322,2.596774193548387,10418.437096774192,208.3686935483871,4675429.0322580645,0.0,16726.409677419357,64.06451612903226,143.4516129032258,True,,0.5,0.2,0.05,100.0,0.3,0.05,4.0
arm_2246,20263175,0.2,0,0.005727706048387097,0.0543478,0.0006509467741935484,0.0,5.290322580645161,22468.343548387096,449.3668064516129,4098685.3225806453,191158.9241935484,0.0,105.54838709677419,279.241935483871,True,,0.5,0.2,0.05,100.0,0.3,0.1,4.0
arm_2247,20263176,0.2,0,0.0030390456451612905,0.030390456451612903,0.0,0.0,2.8870967741935485,2475.005693548387,49.50009193548387,932397.8225806452,0.0,0.0,96.87096774193549,31.741935483870968,False,,0.5,0.2,0.05,100.0,0.3,0.01,8.0
arm_2248,20263177,0.21,0,0.002953741725806452,0.024800582258064516,0.0,0.00105263,2.806451612903226,2075.574516129032,41.51147903225806,862007.5645161291,0.0,53763.41774193548,168.74193548387098,26.14516129032258,False,,0.5,0.2,0.05,100.0,0.3,0.05,8.0
arm_2249,20263178,0.22,0,0.0017173827822580647,0.010847843225806451,0.0008324670967741935,0.0005733072580645162,1.8548387096774193,400.1824322580645,8.003650322580645,246714.30161290322,76463.55645161291,22102.745161290324,182.40322580645162,5.935483870967742,False,,0.5,0.2,0.05,100.0,0.3,0.1,8.0
arm_2250,20263179,0.16,0,0.0,0.0,0.0,0.0,0.0,0.0,0.0,0.0,0.0,0.0,0.9696969696969697,0.0,False,,0.5,0.2,0.1,100.0,0.3,0.01,2.0
arm_2251,20263180,0.16,0,0.0,0.0,0.0,0.0,0.0,0.0,0.0,0.0,0.0,0.0,3.7,0.0,False,,0.5,0.2,0.1,100.0,0.3,0.05,2.0
arm_2252,20263181,0.18,0,0.0,0.0,0.0,0.0,0.0,0.0,0.0,0.0,0.0,0.0,1.0,0.0,False,,0.5,0.2,0.1,100.0,0.3,0.1,2.0
arm_2253,20263182,0.19,0,0.0,0.0,0.0,0.0,0.0,0.0,0.0,0.0,0.0,0.0,27.177419354838708,0.0,False,,0.5,0.2,0.1,100.0,0.3,0.01,4.0
arm_2254,20263183,0.2,0,0.0,0.0,0.0,0.0,0.0,0.0,0.0,0.0,0.0,0.0,35.82258064516129,0.0,False,,0.5,0.2,0.1,100.0,0.3,0.05,4.0
arm_2255,20263184,0.2,0,0.0008024267096774194,0.004545455,0.0007730693548387096,0.0,0.8548387096774194,115.51306129032258,2.310262096774194,88410.91129032258,35842.28064516129,0.0,39.70967741935484,1.6774193548387097,False,,0.5,0.2,0.1,100.0,0.3,0.1,4.0
arm_2256,20263185,0.21,0,0.0,0.0,0.0,0.0,0.0,0.0,0.0,0.0,0.0,0.0,94.80645161290323,0.0,False,,0.5,0.2,0.1,100.0,0.3,0.01,8.0
arm_2257,20263186,0.21,0,0.0,0.0,0.0,0.0,0.0,0.0,0.0,0.0,0.0,0.0,104.09677419354838,0.0,False,,0.5,0.2,0.1,100.0,0.3,0.05,8.0
arm_2258,20263187,0.2,0,0.0001526229435483871,0.0,0.00033916209677419353,0.0,0.14516129032258066,18.84230322580645,0.3768459677419355,0.0,17921.133870967744,0.0,98.88709677419355,0.24193548387096775,False,,0.5,0.2,0.1,100.0,0.3,0.1,8.0
arm_2259,20263188,0.15,0,0.0,0.0,0.0,0.0,0.0,0.0,0.0,0.0,0.0,0.0,2.2777777777777777,0.0,False,,0.5,0.2,0.15,100.0,0.3,0.01,2.0
arm_2260,20263189,0.16,0,0.0,0.0,0.0,0.0,0.0,0.0,0.0,0.0,0.0,0.0,3.2083333333333335,0.0,False,,0.5,0.2,0.15,100.0,0.3,0.05,2.0
arm_2261,20263190,0.12,0,,,,,,,,,,,,,,no tail rows,0.5,0.2,0.15,100.0,0.3,0.1,2.0
arm_2262,20263191,0.2,0,0.0,0.0,0.0,0.0,0.0,0.0,0.0,0.0,0.0,0.0,27.5,0.0,False,,0.5,0.2,0.15,100.0,0.3,0.01,4.0
arm_2263,20263192,0.18,0,0.0,0.0,0.0,0.0,0.0,0.0,0.0,0.0,0.0,0.0,5.661290322580645,0.0,False,,0.5,0.2,0.15,100.0,0.3,0.05,4.0
arm_2264,20263193,0.2,0,3.095129032258064e-05,0.0,6.878064516129032e-05,0.0,0.03225806451612903,2.2926838709677417,0.04585354838709677,0.0,2389.4870967741936,0.0,22.903225806451612,0.03225806451612903,False,,0.5,0.2,0.15,100.0,0.3,0.1,4.0
arm_2265,20263194,0.2,0,0.0,0.0,0.0,0.0,0.0,0.0,0.0,0.0,0.0,0.0,67.37096774193549,0.0,False,,0.5,0.2,0.15,100.0,0.3,0.01,8.0
arm_2266,20263195,0.22,0,0.0002033507177419355,0.0,0.0,0.00045189048387096775,0.20967741935483872,15.063037096774194,0.30126032258064517,0.0,0.0,15531.666129032259,118.88709677419355,0.20967741935483872,False,,0.5,0.2,0.15,100.0,0.3,0.05,8.0
arm_2267,20263196,0.22,0,0.0006043780161290322,0.0014179354838709678,6.834322580645161e-05,0.000959622258064516,0.5806451612903226,107.03555967741936,2.1407117741935484,38231.74193548387,2389.4870967741936,57945.00322580645,129.7258064516129,1.3709677419354838,False,,0.5,0.2,0.15,100.0,0.3,0.1,8.0
arm_2268,20263197,0.22,0,0.00555556,0.0555556,0.0,0.0,7.0,54791.3,1095.83,9862430.0,0.0,0.0,1.3548387096774193,932.0,True,,0.1,0.2,0.05,100.0,0.5,0.01,2.0
arm_2269,20263198,0.2,0,0.002375196064516129,0.019802,0.0008777690322580645,0.0,2.3870967741935485,11943.224838709677,238.86437096774193,6002390.161290322,56152.87258064516,0.0,6.596774193548387,162.82258064516128,True,,0.1,0.2,0.05,100.0,0.5,0.05,2.0
arm_2270,20263199,0.22,0,0.00895462731451613,0.0877193,0.0,0.0004059940322580645,10.17741935483871,71927.82096774194,1438.5562903225807,8198087.903225807,0.0,14336.91935483871,16.548387096774192,1106.9354838709678,True,,0.1,0.2,0.05,100.0,0.5,0.1,2.0
arm_2271,20263200,0.23,0,0.0020202,0.020202,0.0,0.0,2.0,28888.651612903224,577.7729677419354,14299877.741935484,0.0,0.0,55.483870967741936,386.0967741935484,True,,0.1,0.2,0.05,100.0,0.5,0.01,4.0
arm_2272,20263201,0.23,0,0.0023496640806451616,0.022367609677419357,0.0,0.0002508958064516129,2.4838709677419355,19447.08387096774,388.94164516129035,8675029.838709677,0.0,16726.387096774193,55.87096774193548,278.2741935483871,True,,0.1,0.2,0.05,100.0,0.5,0.05,4.0
arm_2273,20263202,0.26,0,0.010712539879032257,0.09196649193548387,0.002410863709677419,0.0009577822580645161,11.112903225806452,85675.87741935485,1713.5174193548387,9275893.064516129,411588.8870967742,32258.06935483871,72.93548387096774,1202.9354838709678,False,,0.1,0.2,0.05,100.0,0.5,0.1,4.0
arm_2274,20263203,0.27,0,0.003063980177419355,0.030303,7.484483870967742e-05,0.0,3.032258064516129,31577.493548387098,631.5499032258064,10419800.0,2389.4870967741936,0.0,121.6774193548387,422.03225806451616,True,,0.1,0.2,0.05,100.0,0.5,0.01,8.0
arm_2275,20263204,0.31,0,0.008194336887096774,0.0695652,0.0005412435483870968,0.0022094606451612906,9.209677419354838,57534.94193548387,1150.698677419355,8257467.741935484,17921.15322580645,66905.63870967743,232.06451612903226,893.016129032258,True,,0.1,0.2,0.05,100.0,0.5,0.05,8.0
arm_2276,20263205,0.31,0,0.009578588427419356,0.0900901,0.0012657298387096774,0.0,10.564516129032258,164267.82258064515,3285.357096774194,18223296.774193548,93189.88064516129,0.0,502.9032258064516,2461.4032258064517,False,,0.1,0.2,0.05,100.0,0.5,0.1,8.0
arm_2277,20263206,0.22,0,0.00510204,0.0510204,0.0,0.0,5.0,46113.412903225806,922.2686935483871,9038229.516129032,0.0,0.0,44.61290322580645,610.0806451612904,True,,0.1,0.2,0.1,100.0,0.5,0.01,2.0
arm_2278,20263207,0.22,0,0.006122450000000001,0.0612245,0.0,0.0,6.0,56680.80806451613,1133.616129032258,9257861.935483871,0.0,0.0,56.38709677419355,749.8870967741935,True,,0.1,0.2,0.1,100.0,0.5,0.05,2.0
arm_2279,20263208,0.25,0,0.010069260838709678,0.0891089,0.001859581612903226,0.0007145758064516129,10.129032258064516,66969.34193548387,1339.3870967741937,7497941.935483871,110513.74516129032,31063.31612903226,56.354838709677416,913.0322580645161,False,,0.1,0.2,0.1,100.0,0.5,0.1,2.0
arm_2280,20263209,0.28,0,0.004448231419354839,0.0392157,0.0,0.0011703587096774193,4.516129032258065,38716.25,774.3242903225806,9814810.0,0.0,222222.21129032256,68.35483870967742,533.0,True,,0.1,0.2,0.1,100.0,0.5,0.01,4.0
arm_2281,20263210,0.34,0,0.00994001381451613,0.0917431,0.000833635,0.0008679290322580645,10.758064516129032,84354.06129032258,1687.0809677419356,9184467.741935484,27479.101612903225,64516.08064516129,165.43548387096774,1241.1451612903227,True,,0.1,0.2,0.1,100.0,0.5,0.05,4.0
arm_2282,20263211,0.36,0,0.012812936129032261,0.102804,0.0018006303225806453,0.0038272277419354843,13.564516129032258,81490.50161290322,1629.8098387096775,7890301.29032258,89605.68548387097,137992.73870967742,144.7258064516129,1176.8709677419354,False,,0.1,0.2,0.1,100.0,0.5,0.1,4.0
arm_2283,20263212,0.41,0,0.005551116008064516,0.0550459,0.00010339112903225808,0.0,6.048387096774194,56748.245161290324,1134.9687096774196,10308600.0,3584.230645161291,0.0,223.46774193548387,835.0483870967741,True,,0.1,0.2,0.1,100.0,0.5,0.01,8.0
arm_2284,20263213,0.33,0,0.009044842540322581,0.0721649,0.001703515,0.0023594906451612904,8.838709677419354,35637.440322580645,712.7487741935483,4883596.935483871,101553.07903225807,224611.48870967742,259.85483870967744,466.8709677419355,True,,0.1,0.2,0.1,100.0,0.5,0.05,8.0
arm_2285,20263214,0.36,0,0.004588472467741935,0.0384615,0.0004586458064516129,0.0011909596774193549,4.758064516129032,38777.62741935484,775.5524193548387,10054934.516129032,22102.729032258063,63321.36129032259,290.9516129032258,544.3870967741935,True,,0.1,0.2,0.1,100.0,0.5,0.1,8.0
arm_2286,20263215,0.31,0,0.004,0.04,0.0,0.0,4.0,27735.953225806454,554.7191935483871,6933990.322580645,0.0,0.0,81.88709677419355,374.43548387096774,True,,0.1,0.2,0.15,100.0,0.5,0.01,2.0
arm_2287,20263216,0.21,0,0.010715426798387098,0.0865385,0.003154906451612903,0.001426375322580645,11.064516129032258,63580.329032258065,1271.6061290322582,7304393.70967742,198924.53548387095,84229.30806451612,150.06451612903226,892.483870967742,False,,0.1,0.2,0.15,100.0,0.5,0.05,2.0
arm_2288,20263217,0.25,0,0.005226018870967743,0.04690861451612904,0.0011892387096774193,0.0,6.145161290322581,20370.387096774193,407.4076612903226,4427308.70967742,48984.45645161291,0.0,47.693548387096776,329.83870967741933,True,,0.1,0.2,0.15,100.0,0.5,0.1,2.0
arm_2289,20263218,0.27,0,0.0032667206048387094,0.0309278,0.0,0.0003865346774193548,3.1774193548387095,28005.122580645162,560.1024032258065,9040224.193548387,0.0,46594.97096774194,132.11290322580646,366.758064516129,True,,0.1,0.2,0.15,100.0,0.5,0.01,4.0
arm_2290,20263219,0.3,0,0.005615838306451613,0.0471698,0.0013593919354838709,0.0006380709677419355,5.887096774193548,43092.76935483871,861.8554193548387,9116367.903225806,66905.57741935484,22700.12419354839,198.59677419354838,616.5645161290323,True,,0.1,0.2,0.15,100.0,0.5,0.05,4.0
arm_2291,20263220,0.27,0,0.00553043045967742,0.0449438,0.0016026717741935484,0.0006996625806451613,5.064516129032258,20657.89677419355,413.15770967741935,4562723.70967742,86618.80322580645,29868.56935483871,151.46774193548387,248.5,True,,0.1,0.2,0.15,100.0,0.5,0.1,4.0
arm_2292,20263221,0.37,0,0.006196582612903226,0.0582524,0.0,0.0008252058064516128,6.354838709677419,40318.55483870968,806.3709032258064,6915770.483870967,0.0,31063.31935483871,485.4516129032258,560.5967741935484,True,,0.1,0.2,0.15,100.0,0.5,0.01,8.0
arm_2293,20263222,0.32,0,0.006446534,0.0618557,0.00057992,0.0,6.258064516129032,41386.37903225807,827.7279193548387,6682596.774193549,50179.16129032258,0.0,287.2258064516129,541.9677419354839,True,,0.1,0.2,0.15,100.0,0.5,0.05,8.0
arm_2294,20263223,0.36,0,0.010575720290322584,0.07995142741935485,0.0037829290322580643,0.001951687741935484,10.064516129032258,34935.31774193548,698.7063709677419,4324593.548387097,123755.38387096774,137992.7629032258,425.80645161290323,439.1290322580645,False,,0.1,0.2,0.15,100.0,0.5,0.1,8.0
arm_2295,20263224,0.21,0,0.003,0.03,0.0,0.0,3.0,21951.03064516129,439.0201451612903,7317004.838709678,0.0,0.0,6.17741935483871,296.33870967741933,True,,0.3,0.2,0.05,100.0,0.5,0.01,2.0
arm_2296,20263225,0.22,0,0.004301070967741935,0.04301070967741935,0.0,0.0,4.516129032258065,22514.64677419355,450.2929677419355,5295639.354838709,0.0,0.0,30.370967741935484,319.14516129032256,True,,0.3,0.2,0.05,100.0,0.5,0.05,2.0
arm_2297,20263226,0.22,0,0.005896571862903226,0.0549451,0.00027868774193548387,0.000614783064516129,5.403225806451613,37462.440322580645,749.2493870967742,6807407.580645162,31063.290322580644,28673.829032258065,84.64516129032258,460.30645161290323,True,,0.3,0.2,0.05,100.0,0.5,0.1,2.0
arm_2298,20263227,0.23,0,0.006587761048387097,0.0636364,0.0004980467741935484,0.0,7.209677419354839,33996.87741935484,679.9375161290322,5336747.580645162,33452.783870967745,0.0,185.6451612903226,504.7741935483871,True,,0.3,0.2,0.05,100.0,0.5,0.01,4.0
arm_2299,20263228,0.26,0,0.00717856306451613,0.0693069,0.00010383483870967741,0.0004469941935483871,7.241935483870968,40985.262903225805,819.7052903225807,5905615.0,8363.193548387097,45400.19677419355,384.7903225806452,558.8064516129032,True,,0.3,0.2,0.05,100.0,0.5,0.05,4.0
arm_2300,20263229,0.23,0,0.0050438087016129035,0.04409590967741935,0.0004733132258064516,0.0009360595161290322,5.435483870967742,16841.140967741936,336.82282258064515,3752628.2258064514,78853.07096774194,38231.76129032258,230.9516129032258,247.6451612903226,True,,0.3,0.2,0.05,100.0,0.5,0.1,4.0
arm_2301,20263230,0.28,0,0.002958420080645161,0.0294118,0.0,3.8311290322580646e-05,3.0161290322580645,22175.475806451614,443.5094193548387,7539227.741935484,0.0,1194.7435483870968,290.64516129032256,305.35483870967744,True,,0.3,0.2,0.05,100.0,0.5,0.01,8.0
arm_2302,20263231,0.22,0,0.0014062335,0.0111111,0.00013553806451612903,0.0005202919354838709,1.2903225806451613,1506.1743225806451,30.123509677419356,1310633.7096774194,9557.938709677419,39426.49677419355,90.24193548387096,18.35483870967742,False,,0.3,0.2,0.05,100.0,0.5,0.05,8.0
arm_2303,20263232,0.26,0,0.005292139370967742,0.04643207580645161,0.000985256935483871,0.00045681370967741935,5.241935483870968,31949.904838709677,638.9980161290323,6942831.129032258,34647.540322580644,25089.58870967742,342.8709677419355,427.01612903225805,True,,0.3,0.2,0.05,100.0,0.5,0.1,8.0
arm_2304,20263233,0.21,0,0.0011823356451612903,0.00909091,0.0,0.0006072103225806452,1.2580645161290323,290.1244193548387,5.80248935483871,284348.6129032258,0.0,29868.56935483871,4.935483870967742,4.241935483870968,False,,0.3,0.2,0.1,100.0,0.5,0.01,2.0
arm_2305,20263234,0.22,0,0.0010526300000000001,0.0105263,0.0,0.0,1.0,1268.943,25.37886161290323,1205495.8548387096,0.0,0.0,23.887096774193548,16.274193548387096,False,,0.3,0.2,0.1,100.0,0.5,0.05,2.0
arm_2306,20263235,0.23,0,0.005520549112903226,0.0543731435483871,0.00018496612903225805,0.0,5.354838709677419,5679.349838709678,113.58695322580645,1021505.2096774194,7168.4580645161295,0.0,122.46774193548387,74.37096774193549,False,,0.3,0.2,0.1,100.0,0.5,0.1,2.0
arm_2307,20263236,0.18,0,0.003847445322580646,0.038474453225806456,0.0,0.0,3.693548387096774,1294.304064516129,25.886094677419354,322441.1612903226,0.0,0.0,143.6451612903226,16.774193548387096,False,,0.3,0.2,0.1,100.0,0.5,0.01,4.0
arm_2308,20263237,0.23,0,0.00011093131451612904,0.0,0.0,0.0002465140322580645,0.11290322580645161,16.434193548387096,0.328685,0.0,0.0,16726.387096774193,24.822580645161292,0.22580645161290322,False,,0.3,0.2,0.1,100.0,0.5,0.05,4.0
arm_2309,20263238,0.17,0,0.000609214491935484,0.002367563870967742,0.0003368017741935484,0.0004908829032258064,0.6290322580645161,70.9295370967742,1.4185893548387096,19115.89677419355,29868.553225806452,22700.111290322584,45.33870967741935,0.967741935483871,False,,0.3,0.2,0.1,100.0,0.5,0.1,4.0
arm_2310,20263239,0.29,0,0.0025891353225806456,0.025891353225806452,0.0,0.0,2.9516129032258065,2783.5417741935485,55.67084193548387,1146257.1129032257,0.0,0.0,243.59677419354838,42.83870967741935,False,,0.3,0.2,0.1,100.0,0.5,0.01,8.0
arm_2311,20263240,0.27,0,0.004090905000000001,0.04090905,0.0,0.0,4.5,1732.375806451613,34.647522580645166,420390.3387096774,0.0,0.0,300.4032258064516,25.725806451612904,False,,0.3,0.2,0.1,100.0,0.5,0.05,8.0
arm_2312,20263241,0.32,0,0.004381086475806452,0.03983870967741935,0.0007786427419354838,0.00010405838709677419,4.370967741935484,1302.1976129032257,26.043967741935482,363600.1935483871,33452.7935483871,4778.970967741936,233.2258064516129,17.56451612903226,False,,0.3,0.2,0.1,100.0,0.5,0.1,8.0
arm_2313,20263242,0.19,0,0.0,0.0,0.0,0.0,0.0,0.0,0.0,0.0,0.0,0.0,1.25,0.0,False,,0.3,0.2,0.15,100.0,0.5,0.01,2.0
arm_2314,20263243,0.22,0,0.0,0.0,0.0,0.0,0.0,0.0,0.0,0.0,0.0,0.0,5.319148936170213,0.0,False,,0.3,0.2,0.15,100.0,0.5,0.05,2.0
arm_2315,20263244,0.23,0,0.0002592165483870968,0.0,0.0005760367741935484,0.0,0.27419354838709675,19.201225806451614,0.38402451612903227,0.0,20310.64032258065,0.0,0.7258064516129032,0.27419354838709675,False,,0.3,0.2,0.15,100.0,0.5,0.1,2.0
arm_2316,20263245,0.21,0,0.001134302741935484,0.006806742903225806,0.0,0.0010080632258064517,1.1935483870967742,115.91333548387097,2.318265322580645,67502.94838709678,0.0,34647.559677419355,17.838709677419356,1.6612903225806452,False,,0.3,0.2,0.15,100.0,0.5,0.01,4.0
arm_2317,20263246,0.21,0,0.0,0.0,0.0,0.0,0.0,0.0,0.0,0.0,0.0,0.0,10.96774193548387,0.0,False,,0.3,0.2,0.15,100.0,0.5,0.05,4.0
arm_2318,20263247,0.21,0,6.538790322580645e-05,0.0,0.0,0.0001453064516129032,0.06451612903225806,4.843554838709678,0.09687096774193549,0.0,0.0,4778.974193548387,13.629032258064516,0.06451612903225806,False,,0.3,0.2,0.15,100.0,0.5,0.1,4.0
arm_2319,20263248,0.24,0,0.0,0.0,0.0,0.0,0.0,0.0,0.0,0.0,0.0,0.0,111.2258064516129,0.0,False,,0.3,0.2,0.15,100.0,0.5,0.01,8.0
arm_2320,20263249,0.25,0,0.0015761008467741937,0.0131579,7.232741935483871e-05,0.0005061411290322581,1.2741935483870968,271.61694032258066,5.432335322580646,174432.34838709678,7168.451612903225,37037.00967741936,125.33870967741936,2.9516129032258065,False,,0.3,0.2,0.15,100.0,0.5,0.05,8.0
arm_2321,20263250,0.24,0,0.0007293111532258065,0.0015121016129032256,0.0006465977419354839,0.0006380711290322581,0.7258064516129032,54.02302419354838,1.080460322580645,10752.691935483872,21505.383870967744,13142.179032258065,144.2258064516129,0.7258064516129032,False,,0.3,0.2,0.15,100.0,0.5,0.1,8.0
arm_2322,20263251,0.19,0,0.0027205612903225805,0.027205612903225804,0.0,0.0,2.2580645161290325,2383.7287096774194,47.67457096774193,903624.1935483871,0.0,0.0,40.46774193548387,26.70967741935484,False,,0.5,0.2,0.05,100.0,0.5,0.01,2.0
arm_2323,20263252,0.19,0,0.0019802,0.019802,0.0,0.0,2.0,519.299,10.385989516129031,262246.0193548387,0.0,0.0,12.548387096774194,7.080645161290323,False,,0.5,0.2,0.05,100.0,0.5,0.05,2.0
arm_2324,20263253,0.19,0,0.002710341935483871,0.02710341935483871,0.0,0.0,2.629032258064516,12517.708548387098,250.35406451612906,4826961.935483871,0.0,0.0,34.03225806451613,163.91935483870967,True,,0.5,0.2,0.05,100.0,0.5,0.1,2.0
arm_2325,20263254,0.19,0,0.0035063106451612906,0.0350631064516129,0.0,0.0,4.032258064516129,6650.043709677419,133.0009,1904898.5967741935,0.0,0.0,85.93548387096774,103.24193548387096,False,,0.5,0.2,0.05,100.0,0.5,0.01,4.0
arm_2326,20263255,0.22,0,0.003944638887096775,0.0384615,0.0001493425806451613,6.952161290322581e-05,4.096774193548387,12718.735322580646,254.37462903225807,3303165.64516129,4778.974193548387,9557.935483870968,102.5,178.56451612903226,True,,0.5,0.2,0.05,100.0,0.5,0.05,4.0
arm_2327,20263256,0.19,0,0.002344781370967742,0.0212766,0.000482491935483871,0.0,2.225806451612903,2367.561612903226,47.35122741935484,1077658.0967741935,72879.40967741936,0.0,54.83870967741935,30.14516129032258,False,,0.5,0.2,0.05,100.0,0.5,0.1,4.0
arm_2328,20263257,0.22,0,0.00224719,0.0224719,0.0,0.0,2.0,7763.1449999999995,155.2629177419355,3454599.6774193547,0.0,0.0,295.38709677419354,93.2741935483871,False,,0.5,0.2,0.05,100.0,0.5,0.01,8.0
arm_2329,20263258,0.22,0,0.002270508661290323,0.019780866129032258,0.0002873767741935484,0.00036245,2.3870967741935485,3925.2412903225804,78.50482741935484,2010951.677419355,14336.909677419355,46594.99193548387,191.6451612903226,56.11290322580645,False,,0.5,0.2,0.05,100.0,0.5,0.05,8.0
arm_2330,20263259,0.23,0,0.00022487296774193548,0.0015735612903225807,0.0001500374193548387,0.0,0.1935483870967742,18.114303225806452,0.36228532258064516,10752.68870967742,4778.974193548387,0.0,137.4516129032258,0.20967741935483872,False,,0.5,0.2,0.05,100.0,0.5,0.1,8.0
arm_2331,20263260,0.19,0,0.0004503688524590164,0.0045036885245901635,0.0,0.0,0.4098360655737705,280.22981967213116,5.604590163934426,255009.16393442624,0.0,0.0,6.360655737704918,3.442622950819672,False,,0.5,0.2,0.1,100.0,0.5,0.01,2.0
arm_2332,20263261,0.17,0,0.0,0.0,0.0,0.0,0.0,0.0,0.0,0.0,0.0,0.0,4.864864864864865,0.0,False,,0.5,0.2,0.1,100.0,0.5,0.05,2.0
arm_2333,20263262,0.14,0,,,,,,,,,,,,,,no tail rows,0.5,0.2,0.1,100.0,0.5,0.1,2.0
arm_2334,20263263,0.19,0,0.00012874587096774193,0.0,0.0,0.00028610193548387095,0.12903225806451613,25.033954838709676,0.5006801612903226,0.0,0.0,25089.60322580645,25.193548387096776,0.3387096774193548,False,,0.5,0.2,0.1,100.0,0.5,0.01,4.0
arm_2335,20263264,0.19,0,1.609323387096774e-05,0.0,0.0,3.576274193548387e-05,0.016129032258064516,1.192093548387097,0.023841935483870966,0.0,0.0,1194.7435483870968,22.951612903225808,0.016129032258064516,False,,0.5,0.2,0.1,100.0,0.5,0.05,4.0
arm_2336,20263265,0.18,0,0.0002530045161290323,0.0,0.0005622322580645161,0.0,0.25806451612903225,21.083683870967743,0.42167354838709675,0.0,21505.37741935484,0.0,20.322580645161292,0.2903225806451613,False,,0.5,0.2,0.1,100.0,0.5,0.1,4.0
arm_2337,20263266,0.2,0,0.0,0.0,0.0,0.0,0.0,0.0,0.0,0.0,0.0,0.0,63.88709677419355,0.0,False,,0.5,0.2,0.1,100.0,0.5,0.01,8.0
arm_2338,20263267,0.2,0,0.0,0.0,0.0,0.0,0.0,0.0,0.0,0.0,0.0,0.0,79.29032258064517,0.0,False,,0.5,0.2,0.1,100.0,0.5,0.05,8.0
arm_2339,20263268,0.21,0,0.00037771880645161293,0.00016458225806451613,0.0008028012903225807,0.0,0.3709677419354839,82.71576774193548,1.6543185483870968,1194.7435483870968,80047.80806451612,0.0,105.43548387096774,1.096774193548387,False,,0.5,0.2,0.1,100.0,0.5,0.1,8.0
arm_2340,20263269,0.13,0,,,,,,,,,,,,,,no tail rows,0.5,0.2,0.15,100.0,0.5,0.01,2.0
arm_2341,20263270,0.14,0,0.0,0.0,0.0,0.0,0.0,0.0,0.0,0.0,0.0,0.0,0.6666666666666666,0.0,False,,0.5,0.2,0.15,100.0,0.5,0.05,2.0
arm_2342,20263271,0.16,0,0.0,0.0,0.0,0.0,0.0,0.0,0.0,0.0,0.0,0.0,1.8571428571428572,0.0,False,,0.5,0.2,0.15,100.0,0.5,0.1,2.0
arm_2343,20263272,0.19,0,0.0,0.0,0.0,0.0,0.0,0.0,0.0,0.0,0.0,0.0,13.580645161290322,0.0,False,,0.5,0.2,0.15,100.0,0.5,0.01,4.0
arm_2344,20263273,0.21,0,0.0,0.0,0.0,0.0,0.0,0.0,0.0,0.0,0.0,0.0,30.43548387096774,0.0,False,,0.5,0.2,0.15,100.0,0.5,0.05,4.0
arm_2345,20263274,0.19,0,9.59214193548387e-05,0.0,0.00021315870967741934,0.0,0.0967741935483871,7.105296774193549,0.14210612903225806,0.0,7168.461290322582,0.0,15.193548387096774,0.0967741935483871,False,,0.5,0.2,0.15,100.0,0.5,0.1,4.0
arm_2346,20263275,0.21,0,0.0,0.0,0.0,0.0,0.0,0.0,0.0,0.0,0.0,0.0,89.25806451612904,0.0,False,,0.5,0.2,0.15,100.0,0.5,0.01,8.0
arm_2347,20263276,0.22,0,1.620101612903226e-05,0.0,3.600225806451613e-05,0.0,0.016129032258064516,1.2000774193548387,0.024001612903225805,0.0,1194.7435483870968,0.0,99.56451612903226,0.016129032258064516,False,,0.5,0.2,0.15,100.0,0.5,0.05,8.0
arm_2348,20263277,0.25,0,0.0005469357096774194,0.000686341935483871,0.0006230090322580645,0.0004398832258064516,0.5483870967741935,95.66600000000001,1.9133204838709679,10752.68064516129,65710.80967741935,20310.629032258064,166.7258064516129,1.3064516129032258,False,,0.5,0.2,0.15,100.0,0.5,0.1,8.0
arm_2349,20263278,0.2,0,0.0048230516129032265,0.04823051612903226,0.0,0.0,4.967741935483871,39687.52096774193,793.7503709677419,8241338.70967742,0.0,0.0,0.8225806451612904,551.8548387096774,True,,0.1,0.2,0.05,100.0,0.7,0.01,2.0
arm_2350,20263279,0.22,0,0.009416093241935484,0.08,0.0012670351612903226,0.0018798387096774197,9.403225806451612,75706.61612903226,1514.1329032258066,9431898.064516129,112305.87903225806,137395.32903225807,34.82258064516129,1022.016129032258,True,,0.1,0.2,0.05,100.0,0.7,0.05,2.0
arm_2351,20263280,0.24,0,0.009966938693548389,0.0927835,0.00046907774193548384,0.00106111935483871,9.693548387096774,103119.02903225805,2062.3809677419354,11096246.612903226,15531.666129032259,150537.54032258064,106.59677419354838,1350.4354838709678,False,,0.1,0.2,0.05,100.0,0.7,0.1,2.0
arm_2352,20263281,0.23,0,0.005950051241935484,0.0571429,0.000523913870967742,0.0,6.225806451612903,49717.6370967742,994.3525322580646,8697530.967741935,16726.409677419357,0.0,28.693548387096776,704.7258064516129,True,,0.1,0.2,0.05,100.0,0.7,0.01,4.0
arm_2353,20263282,0.24,0,0.007768384290322582,0.0505051,0.003253796129032258,0.0027859245161290327,7.725806451612903,41520.43870967742,830.4087258064516,8171804.354838709,66507.38548387097,106132.95967741935,38.693548387096776,554.9516129032259,True,,0.1,0.2,0.05,100.0,0.7,0.05,4.0
arm_2354,20263283,0.24,0,0.005516685137096775,0.05082167096774194,0.0,0.0009655956451612905,5.82258064516129,59229.97419354838,1184.6000161290324,11584270.161290323,0.0,25089.595161290326,134.56451612903226,847.5483870967741,True,,0.1,0.2,0.05,100.0,0.7,0.1,4.0
arm_2355,20263284,0.25,0,0.00537634,0.0537634,0.0,0.0,5.0,54958.2,1099.16,10222200.0,0.0,0.0,109.80645161290323,690.0,True,,0.1,0.2,0.05,100.0,0.7,0.01,8.0
arm_2356,20263285,0.31,0,0.007159364790322581,0.0625,0.0020208106451612908,0.0,7.870967741935484,55394.66129032258,1107.8933870967742,8849974.677419355,78853.0435483871,0.0,205.17741935483872,837.3870967741935,True,,0.1,0.2,0.05,100.0,0.7,0.05,8.0
arm_2357,20263286,0.31,0,0.008792206258064515,0.08536589999999998,0.00023279048387096773,0.00033524564516129035,7.258064516129032,65603.29516129031,1312.0669354838708,7682027.903225807,8363.201612903225,15531.65322580645,165.29032258064515,726.2903225806451,True,,0.1,0.2,0.05,100.0,0.7,0.1,8.0
arm_2358,20263287,0.21,0,0.00277778,0.0277778,0.0,0.0,3.0,26611.8,532.236,9580250.0,0.0,0.0,5.82258064516129,388.0,True,,0.1,0.2,0.1,100.0,0.7,0.01,2.0
arm_2359,20263288,0.19,0,0.0010101,0.010101,0.0,0.0,1.0,9128.32,182.566,9037040.0,0.0,0.0,6.419354838709677,122.0,False,,0.1,0.2,0.1,100.0,0.7,0.05,2.0
arm_2360,20263289,0.24,0,0.017445150645161292,0.1671413870967742,0.00047239838709677414,0.0011520725806451614,17.758064516129032,112556.75806451614,2251.1353225806456,6731741.29032258,16726.409677419357,35842.3064516129,43.20967741935484,1549.8709677419354,False,,0.1,0.2,0.1,100.0,0.7,0.1,2.0
arm_2361,20263290,0.24,0,0.006131682419354839,0.0566038,0.0,0.0010473387096774196,6.483870967741935,54893.65645161291,1097.873548387097,9686775.0,0.0,64516.096774193546,181.0,785.5,True,,0.1,0.2,0.1,100.0,0.7,0.01,4.0
arm_2362,20263291,0.24,0,0.00462963,0.0462963,0.0,0.0,5.0,46482.14677419355,929.6426935483871,10040143.225806452,0.0,0.0,153.30645161290323,677.7096774193549,True,,0.1,0.2,0.1,100.0,0.7,0.05,4.0
arm_2363,20263292,0.25,0,0.006542687782258065,0.0510204,0.003124998548387097,7.644096774193548e-05,6.532258064516129,44533.45,890.6692419354839,8700836.774193548,76563.12096774194,2389.4870967741936,103.93548387096774,589.3387096774194,True,,0.1,0.2,0.1,100.0,0.7,0.1,4.0
arm_2364,20263293,0.27,0,0.005970082580645162,0.0543478,0.0011895612903225809,0.0,5.548387096774194,53669.84516129032,1073.3954838709678,9866670.0,47789.72258064517,0.0,170.08064516129033,666.6451612903226,True,,0.1,0.2,0.1,100.0,0.7,0.01,8.0
arm_2365,20263294,0.28,0,0.005083344814516129,0.0438596,7.364870967741935e-05,0.0014760953225806453,5.693548387096774,38879.987096774195,777.6001935483871,8824135.967741935,2389.4870967741936,100955.70322580644,362.4193548387097,598.016129032258,True,,0.1,0.2,0.1,100.0,0.7,0.05,8.0
arm_2366,20263295,0.29,0,0.0030640140322580646,0.0204082,0.0012985212903225808,0.0009752432258064515,3.032258064516129,19661.845161290326,393.2368064516129,9592590.0,52568.69677419355,33452.81290322581,172.32258064516128,260.16129032258067,True,,0.1,0.2,0.1,100.0,0.7,0.1,8.0
arm_2367,20263296,0.22,0,0.0038461500000000004,0.0384615,0.0,0.0,4.0,29388.38870967742,587.7678709677419,7640979.0322580645,0.0,0.0,79.43548387096774,412.61290322580646,True,,0.1,0.2,0.15,100.0,0.7,0.01,2.0
arm_2368,20263297,0.22,0,0.00505051,0.0505051,0.0,0.0,5.0,30639.740322580645,612.7946290322581,6066666.451612903,0.0,0.0,38.0,409.5,True,,0.1,0.2,0.15,100.0,0.7,0.05,2.0
arm_2369,20263298,0.24,0,0.009469088177419354,0.09102382741935483,0.00017724193548387097,0.0006376590322580644,10.82258064516129,49095.22258064516,981.904370967742,5447787.419354838,5376.343548387097,63321.329032258065,93.33870967741936,762.016129032258,True,,0.1,0.2,0.15,100.0,0.7,0.1,2.0
arm_2370,20263299,0.25,0,0.0051724100000000005,0.0517241,0.0,0.0,6.0,32721.541935483874,654.4308064516129,6326164.677419355,0.0,0.0,324.7258064516129,512.4193548387096,True,,0.1,0.2,0.15,100.0,0.7,0.01,4.0
arm_2371,20263300,0.25,0,0.006975010427419356,0.0531915,0.001003736935483871,0.0026759529032258068,6.645161290322581,37697.820967741936,753.9566451612903,7027956.129032258,127837.47258064516,125248.83064516129,229.91935483870967,478.64516129032256,True,,0.1,0.2,0.15,100.0,0.7,0.05,4.0
arm_2372,20263301,0.25,0,0.0074952179838709675,0.0666667,0.001841217741935484,0.0,7.806451612903226,36799.15967741935,735.9832096774194,5510667.741935484,59737.17741935485,0.0,236.8548387096774,521.5645161290323,True,,0.1,0.2,0.15,100.0,0.7,0.1,4.0
arm_2373,20263302,0.3,0,0.00432135764516129,0.040404,0.0,0.0006243503225806451,4.290322580645161,28613.790322580644,572.2758225806452,7076761.612903226,0.0,21505.383870967744,355.69354838709677,382.43548387096774,True,,0.1,0.2,0.15,100.0,0.7,0.01,8.0
arm_2374,20263303,0.39,0,0.014927743451612904,0.13164764516129032,0.001980756129032258,0.0019369748387096776,16.35483870967742,77213.76774193547,1544.2751612903226,5837582.903225807,77658.26612903226,102747.82419354838,979.9516129032259,1156.6451612903227,False,,0.1,0.2,0.15,100.0,0.7,0.05,8.0
arm_2375,20263304,0.32,0,0.010837283048387096,0.08471509516129032,0.003910067419354839,0.0013472070967741937,11.451612903225806,51916.901612903224,1038.3379838709677,6083667.903225807,336419.65806451614,103942.65,567.6451612903226,749.4354838709677,False,,0.1,0.2,0.15,100.0,0.7,0.1,8.0
arm_2376,20263305,0.19,0,0.00322581,0.0322581,0.0,0.0,3.0,22756.65,455.13251612903224,7054560.322580645,0.0,0.0,3.274193548387097,285.7096774193548,True,,0.3,0.2,0.05,100.0,0.7,0.01,2.0
arm_2377,20263306,0.2,0,0.0028301900000000002,0.0283019,0.0,0.0,3.0,4902.955161290322,98.05913225806451,1732377.2580645161,0.0,0.0,58.95161290322581,70.16129032258064,False,,0.3,0.2,0.05,100.0,0.7,0.05,2.0
arm_2378,20263307,0.22,0,0.006495540612903227,0.0588235,0.0012186367741935484,0.00014400903225806453,6.612903225806452,59112.022580645156,1182.2401612903225,10025879.516129032,121863.95967741935,4778.974193548387,161.51612903225808,813.9354838709677,True,,0.3,0.2,0.05,100.0,0.7,0.1,2.0
arm_2379,20263308,0.2,0,0.0010746926048387099,0.00961538,0.00025145467741935485,0.0,1.1129032258064515,1911.4128064516128,38.228237096774194,1962962.8709677418,23894.854838709678,0.0,33.95161290322581,26.822580645161292,False,,0.3,0.2,0.05,100.0,0.7,0.01,4.0
arm_2380,20263309,0.22,0,0.00454545,0.0454545,0.0,0.0,4.0,36064.94677419355,721.2990645161291,7934287.903225807,0.0,0.0,73.29032258064517,428.4516129032258,True,,0.3,0.2,0.05,100.0,0.7,0.05,4.0
arm_2381,20263310,0.22,0,0.005555483,0.05281465806451613,0.00010824870967741934,0.0005006783870967742,5.661290322580645,47863.14032258065,957.2624677419356,9109437.903225806,3584.230645161291,39426.49193548387,54.306451612903224,659.0645161290323,True,,0.3,0.2,0.05,100.0,0.7,0.1,4.0
arm_2382,20263311,0.25,0,0.00408163,0.0408163,0.0,0.0,4.0,25359.040322580644,507.1806612903226,6212963.064516129,0.0,0.0,508.1290322580645,335.5,True,,0.3,0.2,0.05,100.0,0.7,0.01,8.0
arm_2383,20263312,0.24,0,0.004867928516129032,0.0462963,0.00041623354838709676,0.00011331870967741936,5.241935483870968,24408.659677419353,488.17327419354837,5227478.70967742,209080.17741935485,4778.970967741936,262.9516129032258,355.741935483871,True,,0.3,0.2,0.05,100.0,0.7,0.05,8.0
arm_2384,20263313,0.22,0,0.004514922338709678,0.0377358,0.00023319096774193548,0.0014142364516129035,4.774193548387097,27851.787096774195,557.0357903225806,7340203.225806451,9557.941935483872,79649.53548387098,213.09677419354838,398.5483870967742,True,,0.3,0.2,0.05,100.0,0.7,0.1,8.0
arm_2385,20263314,0.2,0,0.00303706306451613,0.030370630645161295,0.0,0.0,2.8548387096774195,2000.5595161290323,40.01118870967742,668857.0645161291,0.0,0.0,53.11290322580645,25.387096774193548,False,,0.3,0.2,0.1,100.0,0.7,0.01,2.0
arm_2386,20263315,0.21,0,0.004453914693548388,0.042741935483870966,0.00036408709677419356,3.529322580645162e-05,4.451612903225806,3568.9632258064516,71.37925,844384.9677419355,17921.140322580646,1194.7435483870968,94.04838709677419,48.17741935483871,False,,0.3,0.2,0.1,100.0,0.7,0.05,2.0
arm_2387,20263316,0.19,0,0.0012987,0.012987,0.0,0.0,1.0,384.80009677419355,7.696009032258065,296296.0967741936,0.0,0.0,1.9516129032258065,4.0,False,,0.3,0.2,0.1,100.0,0.7,0.1,2.0
arm_2388,20263317,0.22,0,0.00462963,0.0462963,0.0,0.0,5.0,7728.218225806451,154.5643870967742,1669295.1612903227,0.0,0.0,176.2258064516129,112.6774193548387,False,,0.3,0.2,0.1,100.0,0.7,0.01,4.0
arm_2389,20263318,0.18,0,0.0009560055483870968,0.007640056451612903,0.0002454414516129032,0.000181225,0.9193548387096774,324.8554306451613,6.4971120967741935,295101.585483871,8363.204838709678,5973.717741935484,38.145161290322584,4.17741935483871,False,,0.3,0.2,0.1,100.0,0.7,0.05,4.0
arm_2390,20263319,0.24,0,0.005979467193548387,0.052273641935483874,0.000543675,0.0011276650000000001,5.112903225806452,4489.05564516129,89.78110967741935,792831.6612903225,33452.78064516129,204102.0,185.25806451612902,51.17741935483871,False,,0.3,0.2,0.1,100.0,0.7,0.1,4.0
arm_2391,20263320,0.21,0,0.002374048064516129,0.02374048064516129,0.0,0.0,2.1129032258064515,4654.128548387096,93.08258225806452,1971127.564516129,0.0,0.0,329.8225806451613,55.91935483870968,False,,0.3,0.2,0.1,100.0,0.7,0.01,8.0
arm_2392,20263321,0.23,0,0.0037309460645161296,0.03700191612903226,0.0,6.834322580645161e-05,3.806451612903226,2295.5866612903224,45.91174741935484,592194.7580645161,0.0,7168.451612903225,218.1451612903226,31.612903225806452,False,,0.3,0.2,0.1,100.0,0.7,0.05,8.0
arm_2393,20263322,0.23,0,0.0,0.0,0.0,0.0,0.0,0.0,0.0,0.0,0.0,0.0,114.46774193548387,0.0,False,,0.3,0.2,0.1,100.0,0.7,0.1,8.0
arm_2394,20263323,0.14,0,,,,,,,,,,,,,,no tail rows,0.3,0.2,0.15,100.0,0.7,0.01,2.0
arm_2395,20263324,0.19,0,0.0,0.0,0.0,0.0,0.0,0.0,0.0,0.0,0.0,0.0,1.3548387096774193,0.0,False,,0.3,0.2,0.15,100.0,0.7,0.05,2.0
arm_2396,20263325,0.17,0,0.0,0.0,0.0,0.0,0.0,0.0,0.0,0.0,0.0,0.0,1.3611111111111112,0.0,False,,0.3,0.2,0.15,100.0,0.7,0.1,2.0
arm_2397,20263326,0.2,0,0.0,0.0,0.0,0.0,0.0,0.0,0.0,0.0,0.0,0.0,28.06451612903226,0.0,False,,0.3,0.2,0.15,100.0,0.7,0.01,4.0
arm_2398,20263327,0.22,0,0.0005040321774193549,0.005040321774193549,0.0,0.0,0.5645161290322581,41.602670967741936,0.8320524193548388,46594.98548387097,0.0,0.0,32.61290322580645,0.6290322580645161,False,,0.3,0.2,0.15,100.0,0.7,0.05,4.0
arm_2399,20263328,0.2,0,0.00022480737096774192,0.0,0.0004995719354838709,0.0,0.22580645161290322,16.652390322580647,0.33304870967741934,0.0,16726.409677419357,0.0,21.580645161290324,0.22580645161290322,False,,0.3,0.2,0.15,100.0,0.7,0.1,4.0
arm_2400,20263329,0.24,0,0.0,0.0,0.0,0.0,0.0,0.0,0.0,0.0,0.0,0.0,107.45161290322581,0.0,False,,0.3,0.2,0.15,100.0,0.7,0.01,8.0
arm_2401,20263330,0.26,0,0.0014537052338709677,0.007909425483870967,0.0014728059677419356,0.0,1.4838709677419355,239.48829032258064,4.789763870967741,146953.26612903227,75866.12258064515,0.0,165.6451612903226,3.306451612903226,False,,0.3,0.2,0.15,100.0,0.7,0.05,8.0
arm_2402,20263331,0.24,0,0.0003388811370967742,0.0,0.0004184417741935484,0.00033462741935483877,0.3387096774193548,37.47722580645161,0.7495443548387096,0.0,21505.362903225807,14336.916129032259,101.2258064516129,0.5,False,,0.3,0.2,0.15,100.0,0.7,0.1,8.0
arm_2403,20263332,0.18,0,0.003180844741935484,0.03135196451612903,0.0,0.00010144064516129034,2.838709677419355,14621.448387096774,292.42891935483874,4725607.580645162,0.0,22700.129032258064,35.935483870967744,175.7258064516129,True,,0.5,0.2,0.05,100.0,0.7,0.01,2.0
arm_2404,20263333,0.18,0,0.0009900990000000001,0.00990099,0.0,0.0,1.0,669.5292919354838,13.390588064516129,676225.2629032257,0.0,0.0,9.516129032258064,9.129032258064516,False,,0.5,0.2,0.05,100.0,0.7,0.05,2.0
arm_2405,20263334,0.18,0,0.0009259260000000001,0.00925926,0.0,0.0,1.0,9327.85,186.557,10074100.0,0.0,0.0,1.7419354838709677,136.0,False,,0.5,0.2,0.05,100.0,0.7,0.1,2.0
arm_2406,20263335,0.19,0,0.0,0.0,0.0,0.0,0.0,0.0,0.0,0.0,0.0,0.0,28.032258064516128,0.0,False,,0.5,0.2,0.05,100.0,0.7,0.01,4.0
arm_2407,20263336,0.22,0,0.002659326588709678,0.026428309677419357,0.0,3.665693548387097e-05,2.2096774193548385,8010.315806451613,160.2063806451613,3184588.064516129,0.0,1194.7435483870968,85.93548387096774,89.75806451612904,False,,0.5,0.2,0.05,100.0,0.7,0.05,4.0
arm_2408,20263337,0.19,0,0.00027231133870967745,0.001265021935483871,0.0,0.0003240203225806452,0.27419354838709675,36.56966451612903,0.7313941935483871,26284.322580645163,0.0,10752.691935483872,28.20967741935484,0.5,False,,0.5,0.2,0.05,100.0,0.7,0.1,4.0
arm_2409,20263338,0.21,0,0.0010989,0.010989,0.0,0.0,1.0,10826.2,216.524,9851850.0,0.0,0.0,120.90322580645162,133.0,True,,0.5,0.2,0.05,100.0,0.7,0.01,8.0
arm_2410,20263339,0.2,0,0.0018518500000000002,0.0185185,0.0,0.0,2.0,5110.845161290323,102.21687741935483,2759856.4516129033,0.0,0.0,278.38709677419354,74.51612903225806,False,,0.5,0.2,0.05,100.0,0.7,0.05,8.0
arm_2411,20263340,0.22,0,0.0021154917096774194,0.020202,0.0002117593548387097,0.0,2.096774193548387,392.6306774193548,7.852610161290323,179211.29032258064,31063.291935483874,0.0,155.0483870967742,5.258064516129032,False,,0.5,0.2,0.05,100.0,0.7,0.1,8.0
arm_2412,20263341,0.14,0,,,,,,,,,,,,,,no tail rows,0.5,0.2,0.1,100.0,0.7,0.01,2.0
arm_2413,20263342,0.16,0,0.0,0.0,0.0,0.0,0.0,0.0,0.0,0.0,0.0,0.0,5.571428571428571,0.0,False,,0.5,0.2,0.1,100.0,0.7,0.05,2.0
arm_2414,20263343,0.18,0,0.0020990564516129035,0.019749870967741938,0.0,0.0002757096774193549,2.064516129032258,746.9956774193549,14.939908387096773,358422.82258064515,0.0,26284.322580645163,8.435483870967742,9.903225806451612,False,,0.5,0.2,0.1,100.0,0.7,0.1,2.0
arm_2415,20263344,0.18,0,0.0,0.0,0.0,0.0,0.0,0.0,0.0,0.0,0.0,0.0,7.596774193548387,0.0,False,,0.5,0.2,0.1,100.0,0.7,0.01,4.0
arm_2416,20263345,0.18,0,4.849483064516129e-05,0.0,0.00010776629032258064,0.0,0.04838709677419355,7.1844193548387105,0.1436883870967742,0.0,7168.451612903225,0.0,39.45161290322581,0.0967741935483871,False,,0.5,0.2,0.1,100.0,0.7,0.05,4.0
arm_2417,20263346,0.19,0,1.6129016129032257e-05,0.0,0.0,3.584225806451613e-05,0.016129032258064516,1.1947435483870967,0.02389483870967742,0.0,0.0,1194.7435483870968,21.677419354838708,0.016129032258064516,False,,0.5,0.2,0.1,100.0,0.7,0.1,4.0
arm_2418,20263347,0.21,0,0.0,0.0,0.0,0.0,0.0,0.0,0.0,0.0,0.0,0.0,83.40322580645162,0.0,False,,0.5,0.2,0.1,100.0,0.7,0.01,8.0
arm_2419,20263348,0.21,0,6.338932258064516e-05,0.0,0.0001408651612903226,0.0,0.06451612903225806,4.695496774193548,0.09390967741935484,0.0,4778.974193548387,0.0,96.74193548387096,0.06451612903225806,False,,0.5,0.2,0.1,100.0,0.7,0.05,8.0
arm_2420,20263349,0.22,0,0.0003294873870967743,0.0,0.0005613361290322581,0.00017085806451612903,0.3225806451612903,31.45750806451613,0.62915,0.0,19115.89032258065,10752.682258064517,125.35483870967742,0.41935483870967744,False,,0.5,0.2,0.1,100.0,0.7,0.1,8.0
arm_2421,20263350,0.12,0,,,,,,,,,,,,,,no tail rows,0.5,0.2,0.15,100.0,0.7,0.01,2.0
arm_2422,20263351,0.18,0,0.0,0.0,0.0,0.0,0.0,0.0,0.0,0.0,0.0,0.0,3.9130434782608696,0.0,False,,0.5,0.2,0.15,100.0,0.7,0.05,2.0
arm_2423,20263352,0.18,0,0.0,0.0,0.0,0.0,0.0,0.0,0.0,0.0,0.0,0.0,3.193548387096774,0.0,False,,0.5,0.2,0.15,100.0,0.7,0.1,2.0
arm_2424,20263353,0.19,0,0.00020518393548387098,0.0011520774193548387,0.00019994709677419355,0.0,0.1935483870967742,33.37734677419355,0.6675469354838709,21505.354838709678,8363.201612903225,0.0,11.46774193548387,0.4032258064516129,False,,0.5,0.2,0.15,100.0,0.7,0.01,4.0
arm_2425,20263354,0.2,0,0.00011679641129032258,0.0,0.0002595475806451613,0.0,0.11290322580645161,16.067264516129033,0.32134435483870966,0.0,15531.646774193548,0.0,4.516129032258065,0.20967741935483872,False,,0.5,0.2,0.15,100.0,0.7,0.05,4.0
arm_2426,20263355,0.21,0,1.642093548387097e-05,0.0,0.0,3.649096774193549e-05,0.016129032258064516,1.216367741935484,0.02432741935483871,0.0,0.0,1194.7435483870968,9.483870967741936,0.016129032258064516,False,,0.5,0.2,0.15,100.0,0.7,0.1,4.0
arm_2427,20263356,0.22,0,0.0,0.0,0.0,0.0,0.0,0.0,0.0,0.0,0.0,0.0,95.79032258064517,0.0,False,,0.5,0.2,0.15,100.0,0.7,0.01,8.0
arm_2428,20263357,0.21,0,0.00012677864516129033,0.0,0.0,0.0002817303225806452,0.12903225806451613,32.86847741935484,0.6573693548387097,0.0,0.0,33452.77903225806,85.01612903225806,0.45161290322580644,False,,0.5,0.2,0.15,100.0,0.7,0.05,8.0
arm_2429,20263358,0.2,0,9.426048387096776e-05,0.0,0.0002094677419354839,0.0,0.0967741935483871,6.982267741935483,0.1396451612903226,0.0,7168.461290322582,0.0,72.01612903225806,0.0967741935483871,False,,0.5,0.2,0.15,100.0,0.7,0.1,8.0
arm_2430,20263359,0.24,0,0.0011627900000000001,0.0116279,0.0,0.0,1.0,9732.99,194.66,8370370.0,0.0,0.0,7.758064516129032,113.0,False,,0.1,0.6,0.05,100.0,0.3,0.01,2.0
arm_2431,20263360,0.25,0,0.0077594812822580645,0.0714286,0.0009164227419354839,0.00045384677419354845,7.612903225806452,62190.70483870968,1243.8140322580646,8694144.838709677,62723.9564516129,15531.666129032259,41.58064516129032,822.7903225806451,True,,0.1,0.6,0.05,100.0,0.3,0.05,2.0
arm_2432,20263361,0.26,0,0.005816056274193549,0.0576923,0.0,0.00010405838709677419,6.048387096774194,48425.06290322581,968.5013064516129,8392074.838709677,0.0,9557.937096774192,102.51612903225806,679.8870967741935,True,,0.1,0.6,0.05,100.0,0.3,0.1,2.0
arm_2433,20263362,0.29,0,0.0030230260000000003,0.0263158,0.0008698800000000001,0.0,3.3870967741935485,14618.48870967742,292.3697741935484,5544006.29032258,28673.845161290326,0.0,141.8548387096774,224.91935483870967,True,,0.1,0.6,0.05,100.0,0.3,0.01,4.0
arm_2434,20263363,0.28,0,0.0019047600000000001,0.0190476,0.0,0.0,2.0,17354.5,347.09,9111110.0,0.0,0.0,37.37096774193548,246.0,True,,0.1,0.6,0.05,100.0,0.3,0.05,4.0
arm_2435,20263364,0.33,0,0.01219995306451613,0.09772294516129032,0.00221239,0.0031824067741935487,12.387096774193548,57002.10322580645,1140.0420483870969,5795194.0322580645,108124.17419354839,139187.47096774192,298.80645161290323,784.8064516129032,False,,0.1,0.6,0.05,100.0,0.3,0.1,4.0
arm_2436,20263365,0.34,0,0.0033707900000000002,0.0337079,0.0,0.0,3.0,31396.25322580645,627.925064516129,9314215.64516129,0.0,0.0,211.2258064516129,377.2258064516129,True,,0.1,0.6,0.05,100.0,0.3,0.01,8.0
arm_2437,20263366,0.36,0,0.007236945556451613,0.0695652,0.0006231679032258065,0.0,8.274193548387096,36560.162903225806,731.2035,5252538.064516129,20310.64032258065,0.0,275.1290322580645,567.5483870967741,True,,0.1,0.6,0.05,100.0,0.3,0.05,8.0
arm_2438,20263367,0.4,0,0.008451611653225808,0.06693548387096775,0.0005017916129032258,0.0034050156451612907,8.451612903225806,46045.39838709678,920.9077741935483,6828440.645161291,17921.15,131421.65645161291,562.1290322580645,621.6129032258065,True,,0.1,0.6,0.05,100.0,0.3,0.1,8.0
arm_2439,20263368,0.29,0,0.0020903225806451617,0.020903225806451615,0.0,0.0,2.6129032258064515,739.7850161290323,14.795713548387097,354838.5806451613,0.0,0.0,18.64516129032258,12.483870967741936,False,,0.1,0.6,0.1,100.0,0.3,0.01,2.0
arm_2440,20263369,0.29,0,0.0027530163548387097,0.025279196774193546,3.63266129032258e-05,0.0004638882258064516,2.8548387096774195,1085.1320967741935,21.702616129032258,428116.17741935485,1194.7435483870968,17921.14677419355,16.629032258064516,15.225806451612904,False,,0.1,0.6,0.1,100.0,0.3,0.05,2.0
arm_2441,20263370,0.28,0,0.0027115869516129033,0.0210526,0.0002155325806451613,0.0011318606451612904,2.6129032258064515,2882.1927419354843,57.6438435483871,1339307.5806451612,7168.461290322582,56152.90806451613,42.854838709677416,37.016129032258064,False,,0.1,0.6,0.1,100.0,0.3,0.1,2.0
arm_2442,20263371,0.35,0,0.002457040967741936,0.024570409677419355,0.0,0.0,2.629032258064516,2886.3658064516126,57.72731290322581,1266627.0,0.0,0.0,75.80645161290323,41.693548387096776,False,,0.1,0.6,0.1,100.0,0.3,0.01,4.0
arm_2443,20263372,0.36,0,0.0021527101693548387,0.0188679,0.0,0.0005909337096774193,2.274193548387097,808.9317580645161,16.178620967741935,413380.96774193546,0.0,29868.562903225808,53.33870967741935,11.564516129032258,False,,0.1,0.6,0.1,100.0,0.3,0.05,4.0
arm_2444,20263373,0.36,0,0.004106651903225807,0.036890879032258066,0.0007932309677419354,0.00013468903225806453,3.870967741935484,2830.939516129032,56.61878225806452,767244.0806451613,26284.354838709678,4778.974193548387,124.11290322580645,35.935483870967744,False,,0.1,0.6,0.1,100.0,0.3,0.1,4.0
arm_2445,20263374,0.36,0,0.0041555071774193545,0.03912491935483871,0.0005400338709677419,0.0,4.193548387096774,3174.0153225806453,63.4803129032258,807049.0483870967,17921.15322580645,0.0,269.2903225806452,43.274193548387096,False,,0.1,0.6,0.1,100.0,0.3,0.01,8.0
arm_2446,20263375,0.4,0,0.00366094935483871,0.03584225806451613,0.0001704967741935484,0.0,3.629032258064516,1114.532629032258,22.290654838709678,305655.1935483871,9557.938709677419,0.0,199.06451612903226,14.903225806451612,False,,0.1,0.6,0.1,100.0,0.3,0.05,8.0
arm_2447,20263376,0.35,0,0.005052250774193548,0.03632949032258064,0.002971135322580645,0.00018286854838709678,5.17741935483871,2899.88,57.99758548387097,773735.6451612903,72182.38225806452,5973.717741935484,265.11290322580646,40.29032258064516,False,,0.1,0.6,0.1,100.0,0.3,0.1,8.0
arm_2448,20263377,0.28,0,7.754338709677419e-05,0.0007754338709677419,0.0,0.0,0.08064516129032258,5.743959677419355,0.11487903225806452,5973.717741935484,0.0,0.0,4.241935483870968,0.08064516129032258,False,,0.1,0.6,0.15,100.0,0.3,0.01,2.0
arm_2449,20263378,0.24,0,0.0,0.0,0.0,0.0,0.0,0.0,0.0,0.0,0.0,0.0,0.975609756097561,0.0,False,,0.1,0.6,0.15,100.0,0.3,0.05,2.0
arm_2450,20263379,0.25,0,6.061006451612904e-05,0.0,0.00013468903225806453,0.0,0.06451612903225806,4.489638709677419,0.08979290322580645,0.0,4778.974193548387,0.0,3.8225806451612905,0.06451612903225806,False,,0.1,0.6,0.15,100.0,0.3,0.1,2.0
arm_2451,20263380,0.27,0,0.0,0.0,0.0,0.0,0.0,0.0,0.0,0.0,0.0,0.0,19.20967741935484,0.0,False,,0.1,0.6,0.15,100.0,0.3,0.01,4.0
arm_2452,20263381,0.27,0,0.0,0.0,0.0,0.0,0.0,0.0,0.0,0.0,0.0,0.0,24.241935483870968,0.0,False,,0.1,0.6,0.15,100.0,0.3,0.05,4.0
arm_2453,20263382,0.28,0,0.0007262970967741936,0.0,0.0012977379032258064,0.0003162556451612903,0.7096774193548387,121.45343225806451,2.429068064516129,0.0,91397.75967741935,16726.393548387096,26.20967741935484,1.596774193548387,False,,0.1,0.6,0.15,100.0,0.3,0.1,4.0
arm_2454,20263383,0.3,0,0.0,0.0,0.0,0.0,0.0,0.0,0.0,0.0,0.0,0.0,103.61290322580645,0.0,False,,0.1,0.6,0.15,100.0,0.3,0.01,8.0
arm_2455,20263384,0.33,0,0.00010344048387096773,0.0,0.00022986774193548383,0.0,0.0967741935483871,17.878590322580646,0.3575712903225806,0.0,16726.38870967742,0.0,132.3709677419355,0.22580645161290322,False,,0.1,0.6,0.15,100.0,0.3,0.05,8.0
arm_2456,20263385,0.36,0,0.0022177170322580644,0.019191516129032256,0.0002481387096774194,0.00041534,1.8225806451612903,592.2654951612902,11.845299032258065,282954.80806451617,8363.204838709678,9557.948387096774,189.2741935483871,6.387096774193548,False,,0.1,0.6,0.15,100.0,0.3,0.1,8.0
arm_2457,20263386,0.23,0,0.0,0.0,0.0,0.0,0.0,0.0,0.0,0.0,0.0,0.0,3.0,0.0,False,,0.3,0.6,0.05,100.0,0.3,0.01,2.0
arm_2458,20263387,0.23,0,0.0005774601612903226,0.0057746016129032254,0.0,0.0,0.46774193548387094,67.84958870967742,1.3569925806451613,54958.15645161291,0.0,0.0,2.0483870967741935,0.7419354838709677,False,,0.3,0.6,0.05,100.0,0.3,0.05,2.0
arm_2459,20263388,0.22,0,0.0,0.0,0.0,0.0,0.0,0.0,0.0,0.0,0.0,0.0,2.391304347826087,0.0,False,,0.3,0.6,0.05,100.0,0.3,0.1,2.0
arm_2460,20263389,0.24,0,0.0,0.0,0.0,0.0,0.0,0.0,0.0,0.0,0.0,0.0,19.20967741935484,0.0,False,,0.3,0.6,0.05,100.0,0.3,0.01,4.0
arm_2461,20263390,0.24,0,0.0002071618387096774,0.002071618387096774,0.0,0.0,0.22580645161290322,16.44143064516129,0.32882887096774194,17921.15,0.0,0.0,26.0,0.24193548387096775,False,,0.3,0.6,0.05,100.0,0.3,0.05,4.0
arm_2462,20263391,0.24,0,4.789045161290323e-05,0.0,3.552645161290323e-05,7.089677419354839e-05,0.04838709677419355,3.5474532258064513,0.07094887096774194,0.0,1194.7435483870968,2389.4870967741936,45.33870967741935,0.04838709677419355,False,,0.3,0.6,0.05,100.0,0.3,0.1,4.0
arm_2463,20263392,0.27,0,6.516774193548388e-05,0.0006516774193548388,0.0,0.0,0.06451612903225806,10.861322580645162,0.21722596774193548,10752.677419354839,0.0,0.0,129.24193548387098,0.14516129032258066,False,,0.3,0.6,0.05,100.0,0.3,0.01,8.0
arm_2464,20263393,0.28,0,0.000917431,0.00917431,0.0,0.0,1.0,2769.8310322580646,55.39661209677419,3019115.4677419355,0.0,0.0,239.69354838709677,40.75806451612903,False,,0.3,0.6,0.05,100.0,0.3,0.05,8.0
arm_2465,20263394,0.28,0,0.0007042201612903227,0.00609755,0.00020992258064516132,0.0,0.5967741935483871,70.52715483870968,1.4105429032258063,45400.23225806452,15531.650000000001,0.0,133.33870967741936,0.8225806451612904,False,,0.3,0.6,0.05,100.0,0.3,0.1,8.0
arm_2466,20263395,0.15,0,,,,,,,,,,,,,,no tail rows,0.3,0.6,0.1,100.0,0.3,0.01,2.0
arm_2467,20263396,0.19,0,0.0,0.0,0.0,0.0,0.0,0.0,0.0,0.0,0.0,0.0,0.3333333333333333,0.0,False,,0.3,0.6,0.1,100.0,0.3,0.05,2.0
arm_2468,20263397,0.16,0,,,,,,,,,,,,,,no tail rows,0.3,0.6,0.1,100.0,0.3,0.1,2.0
arm_2469,20263398,0.25,0,0.0,0.0,0.0,0.0,0.0,0.0,0.0,0.0,0.0,0.0,14.516129032258064,0.0,False,,0.3,0.6,0.1,100.0,0.3,0.01,4.0
arm_2470,20263399,0.24,0,0.0,0.0,0.0,0.0,0.0,0.0,0.0,0.0,0.0,0.0,28.79032258064516,0.0,False,,0.3,0.6,0.1,100.0,0.3,0.05,4.0
arm_2471,20263400,0.23,0,1.6570959677419355e-05,0.0,0.0,3.6824354838709676e-05,0.016129032258064516,1.227475806451613,0.024549516129032257,0.0,0.0,1194.7435483870968,13.225806451612904,0.016129032258064516,False,,0.3,0.6,0.1,100.0,0.3,0.1,4.0
arm_2472,20263401,0.28,0,0.0,0.0,0.0,0.0,0.0,0.0,0.0,0.0,0.0,0.0,101.0,0.0,False,,0.3,0.6,0.1,100.0,0.3,0.01,8.0
arm_2473,20263402,0.26,0,3.292722580645161e-05,0.0,3.592209677419355e-05,3.724951612903226e-05,0.03225806451612903,2.4390532258064512,0.04878112903225806,0.0,1194.7435483870968,1194.7435483870968,84.56451612903226,0.03225806451612903,False,,0.3,0.6,0.1,100.0,0.3,0.05,8.0
arm_2474,20263403,0.25,0,0.0001134138629032258,0.0,0.00010897983870967742,0.00014305096774193548,0.11290322580645161,8.401040322580645,0.1680209677419355,0.0,3584.230645161291,4778.974193548387,60.12903225806452,0.11290322580645161,False,,0.3,0.6,0.1,100.0,0.3,0.1,8.0
arm_2475,20263404,0.16,0,,,,,,,,,,,,,,no tail rows,0.3,0.6,0.15,100.0,0.3,0.01,2.0
arm_2476,20263405,0.16,0,,,,,,,,,,,,,,no tail rows,0.3,0.6,0.15,100.0,0.3,0.05,2.0
arm_2477,20263406,0.17,0,,,,,,,,,,,,,,no tail rows,0.3,0.6,0.15,100.0,0.3,0.1,2.0
arm_2478,20263407,0.24,0,0.0,0.0,0.0,0.0,0.0,0.0,0.0,0.0,0.0,0.0,11.338709677419354,0.0,False,,0.3,0.6,0.15,100.0,0.3,0.01,4.0
arm_2479,20263408,0.25,0,0.00015508677419354838,0.0015508677419354838,0.0,0.0,0.16129032258064516,17.231862903225803,0.3446370967741935,17921.137096774193,0.0,0.0,22.5,0.24193548387096775,False,,0.3,0.6,0.15,100.0,0.3,0.05,4.0
arm_2480,20263409,0.24,0,0.00018975329032258067,0.0018975329032258066,0.0,0.0,0.1935483870967742,16.398429032258065,0.32796822580645163,16726.404838709677,0.0,0.0,13.951612903225806,0.22580645161290322,False,,0.3,0.6,0.15,100.0,0.3,0.1,4.0
arm_2481,20263410,0.27,0,0.0001090265806451613,0.0,0.0,0.00024228129032258065,0.11290322580645161,14.998374193548388,0.29996822580645166,0.0,0.0,15531.651612903226,99.09677419354838,0.20967741935483872,False,,0.3,0.6,0.15,100.0,0.3,0.01,8.0
arm_2482,20263411,0.27,0,1.588195161290323e-05,0.0,0.0,3.529322580645162e-05,0.016129032258064516,1.1764435483870967,0.023528870967741936,0.0,0.0,1194.7435483870968,94.93548387096774,0.016129032258064516,False,,0.3,0.6,0.15,100.0,0.3,0.05,8.0
arm_2483,20263412,0.27,0,0.001307025233870968,0.007971853225806453,0.0007815824193548387,0.0003513951612903226,1.2096774193548387,162.35520967741934,3.247103709677419,106332.06290322581,23894.86612903226,11947.435483870968,106.5,1.9838709677419355,False,,0.3,0.6,0.15,100.0,0.3,0.1,8.0
arm_2484,20263413,0.12,0,,,,,,,,,,,,,,no tail rows,0.5,0.6,0.05,100.0,0.3,0.01,2.0
arm_2485,20263414,0.16,0,,,,,,,,,,,,,,no tail rows,0.5,0.6,0.05,100.0,0.3,0.05,2.0
arm_2486,20263415,0.19,0,0.0,0.0,0.0,0.0,0.0,0.0,0.0,0.0,0.0,0.0,1.25,0.0,False,,0.5,0.6,0.05,100.0,0.3,0.1,2.0
arm_2487,20263416,0.23,0,0.0,0.0,0.0,0.0,0.0,0.0,0.0,0.0,0.0,0.0,14.951612903225806,0.0,False,,0.5,0.6,0.05,100.0,0.3,0.01,4.0
arm_2488,20263417,0.23,0,4.8603048387096774e-05,0.0,0.0,0.00010800677419354839,0.04838709677419355,7.200464516129033,0.1440093548387097,0.0,0.0,7168.453225806451,18.596774193548388,0.0967741935483871,False,,0.5,0.6,0.05,100.0,0.3,0.05,4.0
arm_2489,20263418,0.22,0,0.0,0.0,0.0,0.0,0.0,0.0,0.0,0.0,0.0,0.0,7.67741935483871,0.0,False,,0.5,0.6,0.05,100.0,0.3,0.1,4.0
arm_2490,20263419,0.25,0,0.0,0.0,0.0,0.0,0.0,0.0,0.0,0.0,0.0,0.0,61.32258064516129,0.0,False,,0.5,0.6,0.05,100.0,0.3,0.01,8.0
arm_2491,20263420,0.26,0,3.2620500000000004e-05,0.0,7.249e-05,0.0,0.03225806451612903,2.416335483870968,0.04832677419354839,0.0,2389.4870967741936,0.0,115.12903225806451,0.03225806451612903,False,,0.5,0.6,0.05,100.0,0.3,0.05,8.0
arm_2492,20263421,0.25,0,0.0,0.0,0.0,0.0,0.0,0.0,0.0,0.0,0.0,0.0,67.41935483870968,0.0,False,,0.5,0.6,0.05,100.0,0.3,0.1,8.0
arm_2493,20263422,0.2,0,0.0,0.0,0.0,0.0,0.0,0.0,0.0,0.0,0.0,0.0,0.9736842105263158,0.0,False,,0.5,0.6,0.1,100.0,0.3,0.01,2.0
arm_2494,20263423,0.15,0,,,,,,,,,,,,,,no tail rows,0.5,0.6,0.1,100.0,0.3,0.05,2.0
arm_2495,20263424,0.22,0,0.0,0.0,0.0,0.0,0.0,0.0,0.0,0.0,0.0,0.0,1.0,0.0,False,,0.5,0.6,0.1,100.0,0.3,0.1,2.0
arm_2496,20263425,0.23,0,0.0,0.0,0.0,0.0,0.0,0.0,0.0,0.0,0.0,0.0,14.5,0.0,False,,0.5,0.6,0.1,100.0,0.3,0.01,4.0
arm_2497,20263426,0.24,0,1.5986903225806454e-05,0.0,3.552645161290323e-05,0.0,0.016129032258064516,1.1842161290322581,0.023684354838709676,0.0,1194.7435483870968,0.0,15.483870967741936,0.016129032258064516,False,,0.5,0.6,0.1,100.0,0.3,0.05,4.0
arm_2498,20263427,0.23,0,6.538790322580645e-05,0.0,0.0001453064516129032,0.0,0.06451612903225806,18.16330806451613,0.3632666129032258,0.0,17921.13064516129,0.0,16.70967741935484,0.24193548387096775,False,,0.5,0.6,0.1,100.0,0.3,0.1,4.0
arm_2499,20263428,0.24,0,0.0,0.0,0.0,0.0,0.0,0.0,0.0,0.0,0.0,0.0,73.5,0.0,False,,0.5,0.6,0.1,100.0,0.3,0.01,8.0
arm_2500,20263429,0.24,0,0.0,0.0,0.0,0.0,0.0,0.0,0.0,0.0,0.0,0.0,70.35483870967742,0.0,False,,0.5,0.6,0.1,100.0,0.3,0.05,8.0
arm_2501,20263430,0.27,0,1.638391935483871e-05,0.0,3.640870967741936e-05,0.0,0.016129032258064516,1.2136209677419356,0.02427241935483871,0.0,1194.7435483870968,0.0,112.58064516129032,0.016129032258064516,False,,0.5,0.6,0.1,100.0,0.3,0.1,8.0
arm_2502,20263431,0.14,0,,,,,,,,,,,,,,no tail rows,0.5,0.6,0.15,100.0,0.3,0.01,2.0
arm_2503,20263432,0.22,0,0.0,0.0,0.0,0.0,0.0,0.0,0.0,0.0,0.0,0.0,3.096774193548387,0.0,False,,0.5,0.6,0.15,100.0,0.3,0.05,2.0
arm_2504,20263433,0.18,0,0.0,0.0,0.0,0.0,0.0,0.0,0.0,0.0,0.0,0.0,0.8461538461538461,0.0,False,,0.5,0.6,0.15,100.0,0.3,0.1,2.0
arm_2505,20263434,0.22,0,0.00010914401612903227,0.0,0.0,0.00024254225806451615,0.0967741935483871,12.127074193548387,0.2425417741935484,0.0,0.0,10752.682258064517,20.322580645161292,0.14516129032258066,False,,0.5,0.6,0.15,100.0,0.3,0.01,4.0
arm_2506,20263435,0.22,0,0.0,0.0,0.0,0.0,0.0,0.0,0.0,0.0,0.0,0.0,16.193548387096776,0.0,False,,0.5,0.6,0.15,100.0,0.3,0.05,4.0
arm_2507,20263436,0.23,0,0.0,0.0,0.0,0.0,0.0,0.0,0.0,0.0,0.0,0.0,8.64516129032258,0.0,False,,0.5,0.6,0.15,100.0,0.3,0.1,4.0
arm_2508,20263437,0.26,0,0.0,0.0,0.0,0.0,0.0,0.0,0.0,0.0,0.0,0.0,81.11290322580645,0.0,False,,0.5,0.6,0.15,100.0,0.3,0.01,8.0
arm_2509,20263438,0.24,0,0.0,0.0,0.0,0.0,0.0,0.0,0.0,0.0,0.0,0.0,80.46774193548387,0.0,False,,0.5,0.6,0.15,100.0,0.3,0.05,8.0
arm_2510,20263439,0.26,0,0.0,0.0,0.0,0.0,0.0,0.0,0.0,0.0,0.0,0.0,111.6774193548387,0.0,False,,0.5,0.6,0.15,100.0,0.3,0.1,8.0
arm_2511,20263440,0.26,0,0.00581395,0.0581395,0.0,0.0,5.0,39152.84516129032,783.0568548387097,6734289.0322580645,0.0,0.0,126.66129032258064,454.56451612903226,True,,0.1,0.6,0.05,100.0,0.5,0.01,2.0
arm_2512,20263441,0.25,0,0.0019047600000000001,0.0190476,0.0,0.0,2.0,18553.8,371.07599999999996,9740740.0,0.0,0.0,12.435483870967742,263.0,True,,0.1,0.6,0.05,100.0,0.5,0.05,2.0
arm_2513,20263442,0.3,0,0.01117560170967742,0.09498207258064516,0.0024138682258064517,0.001313675,12.758064516129032,80789.36935483871,1615.7869354838708,8483625.483870968,101553.1806451613,74074.07258064517,218.0483870967742,1275.4516129032259,False,,0.1,0.6,0.05,100.0,0.5,0.1,2.0
arm_2514,20263443,0.28,0,0.003,0.03,0.0,0.0,3.0,29750.285483870968,595.0057096774193,9916738.225806452,0.0,0.0,92.43548387096774,401.6290322580645,True,,0.1,0.6,0.05,100.0,0.5,0.01,4.0
arm_2515,20263444,0.26,0,0.004006044943548388,0.0363636,0.0007477050000000001,7.381709677419355e-05,4.370967741935484,26697.85322580645,533.9572419354839,7325566.451612903,57347.66612903226,2389.4870967741936,66.96774193548387,396.38709677419354,True,,0.1,0.6,0.05,100.0,0.5,0.05,4.0
arm_2516,20263445,0.28,0,0.007046124233870968,0.0594059,0.002456742741935484,0.0,7.112903225806452,31206.959677419356,624.1390645161291,5227597.741935484,115890.06290322581,0.0,115.74193548387096,425.5,True,,0.1,0.6,0.05,100.0,0.5,0.1,4.0
arm_2517,20263446,0.32,0,0.0018867900000000002,0.0188679,0.0,0.0,2.0,15790.898387096775,315.81785483870965,8369176.29032258,0.0,0.0,323.30645161290323,225.96774193548387,True,,0.1,0.6,0.05,100.0,0.5,0.01,8.0
arm_2518,20263447,0.41,0,0.009304021282258067,0.0819672,0.0012714314516129033,0.0011892380645161292,11.080645161290322,72447.42580645162,1448.9482258064515,8813380.483870968,102150.55,73476.68709677419,811.4516129032259,1192.532258064516,True,,0.1,0.6,0.05,100.0,0.5,0.05,8.0
arm_2519,20263448,0.35,0,0.009415706967741938,0.0865385,6.878064516129032e-05,0.0016242348387096775,9.725806451612904,41375.29838709677,827.5060000000001,4772733.225806451,2389.4870967741936,54958.16935483871,437.5,580.8225806451613,True,,0.1,0.6,0.05,100.0,0.5,0.1,8.0
arm_2520,20263449,0.26,0,0.002079799193548387,0.02079799193548387,0.0,0.0,2.370967741935484,1771.154758064516,35.423080645161285,851055.4677419355,0.0,0.0,32.096774193548384,27.258064516129032,False,,0.1,0.6,0.1,100.0,0.5,0.01,2.0
arm_2521,20263450,0.28,0,0.009790076048387098,0.0967742,0.00021505354838709676,3.529322580645162e-05,9.112903225806452,9149.458709677418,182.9893387096774,943847.2096774194,10752.683870967743,4778.967741935484,124.3225806451613,114.88709677419355,False,,0.1,0.6,0.1,100.0,0.5,0.05,2.0
arm_2522,20263451,0.27,0,0.0066785185725806466,0.05913982580645162,0.00033447338709677424,0.0013644954838709677,6.983870967741935,3964.6070967741935,79.29214677419355,661517.8064516129,10752.691935483872,44205.48225806451,54.983870967741936,56.16129032258065,False,,0.1,0.6,0.1,100.0,0.5,0.1,2.0
arm_2523,20263452,0.29,0,0.005238451411290323,0.0515464,0.0,0.0001862475806451613,5.080645161290323,3730.851935483871,74.61699516129032,722580.6129032258,0.0,5973.717741935484,143.98387096774192,48.854838709677416,False,,0.1,0.6,0.1,100.0,0.5,0.01,4.0
arm_2524,20263453,0.3,0,0.003727481258064516,0.032076830645161286,0.00020634193548387095,0.0009487651612903226,3.370967741935484,3840.782258064516,76.81566612903227,1128832.6935483871,7168.461290322582,76463.49516129032,193.32258064516128,46.25806451612903,False,,0.1,0.6,0.1,100.0,0.5,0.05,4.0
arm_2525,20263454,0.28,0,0.0016434357903225808,0.013337476774193549,0.0003068941935483871,0.00038130161290322574,1.6935483870967742,1337.1340483870968,26.74265,1149343.8548387096,13142.172580645163,11947.435483870968,52.20967741935484,18.758064516129032,False,,0.1,0.6,0.1,100.0,0.5,0.1,4.0
arm_2526,20263455,0.31,0,0.00315789,0.0315789,0.0,0.0,3.0,2653.587741935484,53.071753225806454,840302.8548387097,0.0,0.0,178.93548387096774,34.03225806451613,False,,0.1,0.6,0.1,100.0,0.5,0.01,8.0
arm_2527,20263456,0.32,0,0.003537992725806452,0.034213075806451616,0.00022505612903225806,3.4244193548387095e-05,3.5,1040.4669032258064,20.809335483870967,319534.1129032258,7168.461290322582,1194.7435483870968,169.09677419354838,13.903225806451612,False,,0.1,0.6,0.1,100.0,0.5,0.05,8.0
arm_2528,20263457,0.36,0,0.0068268698629032265,0.0618557,0.000845190806451613,0.00057992,6.645161290322581,2688.1179032258065,53.762312903225805,426324.1612903226,29868.582258064518,9956.195161290325,244.09677419354838,35.225806451612904,False,,0.1,0.6,0.1,100.0,0.5,0.1,8.0
arm_2529,20263458,0.22,0,0.0,0.0,0.0,0.0,0.0,0.0,0.0,0.0,0.0,0.0,1.6666666666666667,0.0,False,,0.1,0.6,0.15,100.0,0.5,0.01,2.0
arm_2530,20263459,0.26,0,0.00024544258064516125,0.0024544258064516126,0.0,0.0,0.22580645161290322,36.36182741935484,0.7272346774193549,33452.77580645162,0.0,0.0,5.451612903225806,0.45161290322580644,False,,0.1,0.6,0.15,100.0,0.5,0.05,2.0
arm_2531,20263460,0.22,0,0.0,0.0,0.0,0.0,0.0,0.0,0.0,0.0,0.0,0.0,0.9736842105263158,0.0,False,,0.1,0.6,0.15,100.0,0.5,0.1,2.0
arm_2532,20263461,0.26,0,0.0,0.0,0.0,0.0,0.0,0.0,0.0,0.0,0.0,0.0,11.596774193548388,0.0,False,,0.1,0.6,0.15,100.0,0.5,0.01,4.0
arm_2533,20263462,0.26,0,4.832571774193549e-05,0.0,3.506306451612903e-05,7.232741935483871e-05,0.04838709677419355,3.579687096774194,0.07159387096774193,0.0,1194.7435483870968,2389.4870967741936,21.661290322580644,0.04838709677419355,False,,0.1,0.6,0.15,100.0,0.5,0.05,4.0
arm_2534,20263463,0.28,0,0.0011190753387096775,0.0108696,0.0,7.13674193548387e-05,1.032258064516129,438.71970967741936,8.774392580645161,401433.46774193546,0.0,2389.4870967741936,32.20967741935484,5.451612903225806,False,,0.1,0.6,0.15,100.0,0.5,0.1,4.0
arm_2535,20263464,0.35,0,0.0011232693870967742,0.011232693870967743,0.0,0.0,1.2580645161290323,230.41464193548387,4.608295483870967,134408.47258064515,0.0,0.0,169.11290322580646,3.4838709677419355,False,,0.1,0.6,0.15,100.0,0.5,0.01,8.0
arm_2536,20263465,0.31,0,6.377777419354838e-05,0.0,6.907516129032258e-05,7.26532258064516e-05,0.06451612903225806,4.72428064516129,0.09448548387096775,0.0,2389.4870967741936,2389.4870967741936,93.1774193548387,0.06451612903225806,False,,0.1,0.6,0.15,100.0,0.5,0.05,8.0
arm_2537,20263466,0.32,0,0.00043252156451612905,0.0,0.0008135248387096775,0.0001476341935483871,0.43548387096774194,32.03867741935484,0.6407737096774193,0.0,21505.383870967744,4778.974193548387,104.69354838709677,0.43548387096774194,False,,0.1,0.6,0.15,100.0,0.5,0.1,8.0
arm_2538,20263467,0.23,0,0.0003445036774193549,0.003445036774193549,0.0,0.0,0.3548387096774194,34.79832903225807,0.6959661290322581,35842.28064516129,0.0,0.0,7.82258064516129,0.4838709677419355,False,,0.3,0.6,0.05,100.0,0.5,0.01,2.0
arm_2539,20263468,0.24,0,0.0,0.0,0.0,0.0,0.0,0.0,0.0,0.0,0.0,0.0,3.806451612903226,0.0,False,,0.3,0.6,0.05,100.0,0.5,0.05,2.0
arm_2540,20263469,0.23,0,0.0005748961935483871,0.005748961935483871,0.0,0.0,0.5806451612903226,42.584922580645156,0.8516961290322581,43010.76774193549,0.0,0.0,4.193548387096774,0.5806451612903226,False,,0.3,0.6,0.05,100.0,0.5,0.1,2.0
arm_2541,20263470,0.24,0,0.0,0.0,0.0,0.0,0.0,0.0,0.0,0.0,0.0,0.0,9.774193548387096,0.0,False,,0.3,0.6,0.05,100.0,0.5,0.01,4.0
arm_2542,20263471,0.26,0,0.001573692443548387,0.014177916129032258,0.0,0.00034644629032258063,1.903225806451613,509.021370967742,10.180429193548386,338112.01612903224,0.0,22700.101612903225,43.38709677419355,8.419354838709678,False,,0.3,0.6,0.05,100.0,0.5,0.05,4.0
arm_2543,20263472,0.23,0,0.0,0.0,0.0,0.0,0.0,0.0,0.0,0.0,0.0,0.0,18.596774193548388,0.0,False,,0.3,0.6,0.05,100.0,0.5,0.1,4.0
arm_2544,20263473,0.29,0,0.0,0.0,0.0,0.0,0.0,0.0,0.0,0.0,0.0,0.0,104.46774193548387,0.0,False,,0.3,0.6,0.05,100.0,0.5,0.01,8.0
arm_2545,20263474,0.26,0,0.0,0.0,0.0,0.0,0.0,0.0,0.0,0.0,0.0,0.0,58.70967741935484,0.0,False,,0.3,0.6,0.05,100.0,0.5,0.05,8.0
arm_2546,20263475,0.3,0,0.00021574267741935485,0.0004838709677419355,0.0003375841935483871,3.431709677419355e-05,0.20967741935483872,27.12736935483871,0.5425474193548387,3584.230645161291,20310.61935483871,2389.483870967742,114.03225806451613,0.3548387096774194,False,,0.3,0.6,0.05,100.0,0.5,0.1,8.0
arm_2547,20263476,0.23,0,,,,,,,,,,,,,,no tail rows,0.3,0.6,0.1,100.0,0.5,0.01,2.0
arm_2548,20263477,0.29,0,0.0,0.0,0.0,0.0,0.0,0.0,0.0,0.0,0.0,0.0,2.3392857142857144,0.0,False,,0.3,0.6,0.1,100.0,0.5,0.05,2.0
arm_2549,20263478,0.24,0,0.0,0.0,0.0,0.0,0.0,0.0,0.0,0.0,0.0,0.0,1.2156862745098038,0.0,False,,0.3,0.6,0.1,100.0,0.5,0.1,2.0
arm_2550,20263479,0.3,0,0.0,0.0,0.0,0.0,0.0,0.0,0.0,0.0,0.0,0.0,20.887096774193548,0.0,False,,0.3,0.6,0.1,100.0,0.5,0.01,4.0
arm_2551,20263480,0.3,0,0.0,0.0,0.0,0.0,0.0,0.0,0.0,0.0,0.0,0.0,8.96774193548387,0.0,False,,0.3,0.6,0.1,100.0,0.5,0.05,4.0
arm_2552,20263481,0.28,0,1.6997806451612904e-05,0.0,0.0,3.777290322580645e-05,0.016129032258064516,1.2590967741935484,0.025181935483870967,0.0,0.0,1194.7435483870968,10.709677419354838,0.016129032258064516,False,,0.3,0.6,0.1,100.0,0.5,0.1,4.0
arm_2553,20263482,0.24,0,0.0,0.0,0.0,0.0,0.0,0.0,0.0,0.0,0.0,0.0,122.45161290322581,0.0,False,,0.3,0.6,0.1,100.0,0.5,0.01,8.0
arm_2554,20263483,0.25,0,0.00014657668548387096,0.0,0.00010776629032258064,0.00021795967741935484,0.14516129032258066,10.857541935483871,0.21715064516129032,0.0,3584.230645161291,7168.461290322582,67.48387096774194,0.14516129032258066,False,,0.3,0.6,0.1,100.0,0.5,0.05,8.0
arm_2555,20263484,0.27,0,0.0,0.0,0.0,0.0,0.0,0.0,0.0,0.0,0.0,0.0,78.12903225806451,0.0,False,,0.3,0.6,0.1,100.0,0.5,0.1,8.0
arm_2556,20263485,0.17,0,,,,,,,,,,,,,,no tail rows,0.3,0.6,0.15,100.0,0.5,0.01,2.0
arm_2557,20263486,0.21,0,0.0,0.0,0.0,0.0,0.0,0.0,0.0,0.0,0.0,0.0,0.9714285714285714,0.0,False,,0.3,0.6,0.15,100.0,0.5,0.05,2.0
arm_2558,20263487,0.16,0,,,,,,,,,,,,,,no tail rows,0.3,0.6,0.15,100.0,0.5,0.1,2.0
arm_2559,20263488,0.25,0,0.0,0.0,0.0,0.0,0.0,0.0,0.0,0.0,0.0,0.0,25.983870967741936,0.0,False,,0.3,0.6,0.15,100.0,0.5,0.01,4.0
arm_2560,20263489,0.25,0,0.0001454844919354839,0.0,0.0,0.00032329887096774196,0.14516129032258066,10.776629032258066,0.2155325806451613,0.0,0.0,10752.691935483872,29.967741935483872,0.14516129032258066,False,,0.3,0.6,0.15,100.0,0.5,0.05,4.0
arm_2561,20263490,0.26,0,9.733037096774195e-05,0.0009733037096774194,0.0,0.0,0.11290322580645161,12.35941935483871,0.24718838709677418,14336.906451612902,0.0,0.0,21.79032258064516,0.1935483870967742,False,,0.3,0.6,0.15,100.0,0.5,0.1,4.0
arm_2562,20263491,0.29,0,0.0,0.0,0.0,0.0,0.0,0.0,0.0,0.0,0.0,0.0,89.69354838709677,0.0,False,,0.3,0.6,0.15,100.0,0.5,0.01,8.0
arm_2563,20263492,0.29,0,6.494922580645161e-05,0.0,0.0,0.0001443316129032258,0.06451612903225806,13.23037741935484,0.2646074193548387,0.0,0.0,13142.16451612903,103.19354838709677,0.1774193548387097,False,,0.3,0.6,0.15,100.0,0.5,0.05,8.0
arm_2564,20263493,0.26,0,4.1713016129032265e-05,0.0004171301612903226,0.0,0.0,0.04838709677419355,3.0898548387096776,0.061797096774193545,3584.230645161291,0.0,0.0,87.53225806451613,0.04838709677419355,False,,0.3,0.6,0.15,100.0,0.5,0.1,8.0
arm_2565,20263494,0.16,0,,,,,,,,,,,,,,no tail rows,0.5,0.6,0.05,100.0,0.5,0.01,2.0
arm_2566,20263495,0.2,0,0.0,0.0,0.0,0.0,0.0,0.0,0.0,0.0,0.0,0.0,0.9047619047619048,0.0,False,,0.5,0.6,0.05,100.0,0.5,0.05,2.0
arm_2567,20263496,0.15,0,,,,,,,,,,,,,,no tail rows,0.5,0.6,0.05,100.0,0.5,0.1,2.0
arm_2568,20263497,0.25,0,0.0,0.0,0.0,0.0,0.0,0.0,0.0,0.0,0.0,0.0,16.29032258064516,0.0,False,,0.5,0.6,0.05,100.0,0.5,0.01,4.0
arm_2569,20263498,0.24,0,0.0,0.0,0.0,0.0,0.0,0.0,0.0,0.0,0.0,0.0,7.451612903225806,0.0,False,,0.5,0.6,0.05,100.0,0.5,0.05,4.0
arm_2570,20263499,0.25,0,0.0,0.0,0.0,0.0,0.0,0.0,0.0,0.0,0.0,0.0,25.0,0.0,False,,0.5,0.6,0.05,100.0,0.5,0.1,4.0
arm_2571,20263500,0.28,0,0.0,0.0,0.0,0.0,0.0,0.0,0.0,0.0,0.0,0.0,88.7258064516129,0.0,False,,0.5,0.6,0.05,100.0,0.5,0.01,8.0
arm_2572,20263501,0.27,0,6.538920967741937e-05,0.0,7.298193548387098e-05,7.232741935483871e-05,0.06451612903225806,4.843651612903225,0.09687322580645162,0.0,2389.4870967741936,2389.4870967741936,79.37096774193549,0.06451612903225806,False,,0.5,0.6,0.05,100.0,0.5,0.05,8.0
arm_2573,20263502,0.28,0,6.495198387096774e-05,0.0,7.168451612903225e-05,7.26532258064516e-05,0.06451612903225806,4.811264516129032,0.09622516129032258,0.0,2389.4870967741936,2389.4870967741936,97.7741935483871,0.06451612903225806,False,,0.5,0.6,0.05,100.0,0.5,0.1,8.0
arm_2574,20263503,0.22,0,0.0,0.0,0.0,0.0,0.0,0.0,0.0,0.0,0.0,0.0,0.9444444444444444,0.0,False,,0.5,0.6,0.1,100.0,0.5,0.01,2.0
arm_2575,20263504,0.2,0,0.0,0.0,0.0,0.0,0.0,0.0,0.0,0.0,0.0,0.0,0.5,0.0,False,,0.5,0.6,0.1,100.0,0.5,0.05,2.0
arm_2576,20263505,0.17,0,,,,,,,,,,,,,,no tail rows,0.5,0.6,0.1,100.0,0.5,0.1,2.0
arm_2577,20263506,0.25,0,0.0,0.0,0.0,0.0,0.0,0.0,0.0,0.0,0.0,0.0,8.193548387096774,0.0,False,,0.5,0.6,0.1,100.0,0.5,0.01,4.0
arm_2578,20263507,0.33,0,0.0,0.0,0.0,0.0,0.0,0.0,0.0,0.0,0.0,0.0,33.37096774193548,0.0,False,,0.5,0.6,0.1,100.0,0.5,0.05,4.0
arm_2579,20263508,0.27,0,0.0,0.0,0.0,0.0,0.0,0.0,0.0,0.0,0.0,0.0,8.048387096774194,0.0,False,,0.5,0.6,0.1,100.0,0.5,0.1,4.0
arm_2580,20263509,0.28,0,0.0,0.0,0.0,0.0,0.0,0.0,0.0,0.0,0.0,0.0,112.1774193548387,0.0,False,,0.5,0.6,0.1,100.0,0.5,0.01,8.0
arm_2581,20263510,0.29,0,1.6164943548387097e-05,0.0,0.0,3.592209677419355e-05,0.016129032258064516,2.3948064516129035,0.04789612903225807,0.0,0.0,2389.483870967742,101.69354838709677,0.03225806451612903,False,,0.5,0.6,0.1,100.0,0.5,0.05,8.0
arm_2582,20263511,0.36,0,0.0002398012258064516,0.0011178537096774193,0.0001719516129032258,0.00011252806451612903,0.24193548387096775,22.452398387096775,0.4490472580645161,8363.204838709678,9557.940322580645,4778.970967741936,119.5,0.3064516129032258,False,,0.5,0.6,0.1,100.0,0.5,0.1,8.0
arm_2583,20263512,0.25,0,,,,,,,,,,,,,,no tail rows,0.5,0.6,0.15,100.0,0.5,0.01,2.0
arm_2584,20263513,0.23,0,0.0,0.0,0.0,0.0,0.0,0.0,0.0,0.0,0.0,0.0,0.975609756097561,0.0,False,,0.5,0.6,0.15,100.0,0.5,0.05,2.0
arm_2585,20263514,0.17,0,,,,,,,,,,,,,,no tail rows,0.5,0.6,0.15,100.0,0.5,0.1,2.0
arm_2586,20263515,0.25,0,0.0,0.0,0.0,0.0,0.0,0.0,0.0,0.0,0.0,0.0,7.403225806451613,0.0,False,,0.5,0.6,0.15,100.0,0.5,0.01,4.0
arm_2587,20263516,0.27,0,0.0,0.0,0.0,0.0,0.0,0.0,0.0,0.0,0.0,0.0,13.17741935483871,0.0,False,,0.5,0.6,0.15,100.0,0.5,0.05,4.0
arm_2588,20263517,0.27,0,3.1625548387096776e-05,0.00031625548387096775,0.0,0.0,0.03225806451612903,2.342632258064516,0.0468525806451613,2389.4870967741936,0.0,0.0,7.225806451612903,0.03225806451612903,False,,0.5,0.6,0.15,100.0,0.5,0.1,4.0
arm_2589,20263518,0.28,0,0.0,0.0,0.0,0.0,0.0,0.0,0.0,0.0,0.0,0.0,104.45161290322581,0.0,False,,0.5,0.6,0.15,100.0,0.5,0.01,8.0
arm_2590,20263519,0.27,0,1.584733064516129e-05,0.0,0.0,3.521629032258065e-05,0.016129032258064516,1.173874193548387,0.02347741935483871,0.0,0.0,1194.7435483870968,88.2258064516129,0.016129032258064516,False,,0.5,0.6,0.15,100.0,0.5,0.05,8.0
arm_2591,20263520,0.28,0,3.337040322580645e-05,0.0,0.0,7.415645161290321e-05,0.03225806451612903,14.831290322580644,0.2966258064516129,0.0,0.0,14336.90322580645,89.40322580645162,0.1935483870967742,False,,0.5,0.6,0.15,100.0,0.5,0.1,8.0
arm_2592,20263521,0.27,0,0.005000000000000001,0.05,0.0,0.0,5.0,42544.79677419355,850.8960161290322,8508960.161290323,0.0,0.0,41.225806451612904,574.3548387096774,True,,0.1,0.6,0.05,100.0,0.7,0.01,2.0
arm_2593,20263522,0.28,0,0.010314760040322581,0.09526214516129032,0.0008253677419354838,0.0009269556451612902,9.935483870967742,47114.44516129032,942.2889838709677,4930970.806451613,48984.4435483871,47789.68870967742,153.19354838709677,610.6612903225806,False,,0.1,0.6,0.05,100.0,0.7,0.05,2.0
arm_2594,20263523,0.26,0,0.008109676983870969,0.07486305483870968,0.0012379725806451615,0.0001472974193548387,8.564516129032258,26451.232258064516,529.0246290322581,3509482.7419354836,50179.19032258065,9557.935483870968,71.24193548387096,378.46774193548384,True,,0.1,0.6,0.05,100.0,0.7,0.1,2.0
arm_2595,20263524,0.3,0,0.0061855700000000005,0.0618557,0.0,0.0,6.0,35395.190322580645,707.9037580645162,5722222.419354838,0.0,0.0,345.06451612903226,463.5,True,,0.1,0.6,0.05,100.0,0.7,0.01,4.0
arm_2596,20263525,0.27,0,0.00212766,0.0212766,0.0,0.0,2.0,21749.4,434.988,10222200.0,0.0,0.0,82.95161290322581,276.0,True,,0.1,0.6,0.05,100.0,0.7,0.05,4.0
arm_2597,20263526,0.3,0,0.00780927014516129,0.07635554032258064,0.00015324516129032258,0.0002327906451612903,7.354838709677419,42452.93387096774,849.0588387096774,5585232.419354838,4778.974193548387,8363.204838709678,160.46774193548387,538.741935483871,True,,0.1,0.6,0.05,100.0,0.7,0.1,4.0
arm_2598,20263527,0.31,0,0.005294177338709677,0.0526316,0.0,6.892741935483872e-05,5.032258064516129,27193.385483870967,543.8679193548387,5166308.70967742,0.0,2389.4870967741936,235.3709677419355,348.758064516129,True,,0.1,0.6,0.05,100.0,0.7,0.01,8.0
arm_2599,20263528,0.32,0,0.002689682725806452,0.0227273,0.0009265616129032257,0.0,2.435483870967742,13553.2,271.0641129032258,5949820.9677419355,32258.075806451616,0.0,208.43548387096774,161.08064516129033,True,,0.1,0.6,0.05,100.0,0.7,0.05,8.0
arm_2600,20263529,0.35,0,0.008257758935483871,0.0715155064516129,0.0012672803225806453,0.0011909603225806452,8.67741935483871,42467.0064516129,849.3402419354838,5952082.096774193,40422.12903225807,80645.16451612904,455.0,607.5967741935484,True,,0.1,0.6,0.05,100.0,0.7,0.1,8.0
arm_2601,20263530,0.26,0,0.004184874919354839,0.04023942580645161,0.0003576274193548387,0.0,4.064516129032258,1932.1337903225806,38.64262419354839,474512.1935483871,11947.435483870968,0.0,39.37096774193548,25.306451612903224,False,,0.1,0.6,0.1,100.0,0.7,0.01,2.0
arm_2602,20263531,0.25,0,0.0033277838225806455,0.032967,6.907516129032258e-05,0.0,3.032258064516129,1157.6575483870968,23.153148387096774,350458.03225806454,2389.4870967741936,0.0,20.403225806451612,14.225806451612904,False,,0.1,0.6,0.1,100.0,0.7,0.05,2.0
arm_2603,20263532,0.26,0,0.0032334125403225807,0.027589140322580644,0.0,0.0010544411290322581,3.5806451612903225,1357.364129032258,27.14727741935484,482775.82258064515,0.0,37037.01612903226,24.758064516129032,20.725806451612904,False,,0.1,0.6,0.1,100.0,0.7,0.1,2.0
arm_2604,20263533,0.28,0,0.0010101,0.010101,0.0,0.0,1.0,596.1646774193548,11.923298548387097,590203.3387096775,0.0,0.0,50.17741935483871,7.967741935483871,False,,0.1,0.6,0.1,100.0,0.7,0.01,4.0
arm_2605,20263534,0.29,0,0.0049177741048387095,0.04805454032258065,0.0001408651612903226,0.00010873500000000001,4.774193548387097,2716.816612903226,54.33628064516129,569414.6451612903,4778.974193548387,3584.230645161291,98.45161290322581,35.58064516129032,False,,0.1,0.6,0.1,100.0,0.7,0.05,4.0
arm_2606,20263535,0.29,0,0.004385401282258064,0.04222872096774193,0.00010972129032258065,0.00025145467741935485,4.806451612903226,1634.7161290322579,32.694322580645164,404924.0483870968,2389.4870967741936,8363.204838709678,82.58064516129032,24.258064516129032,False,,0.1,0.6,0.1,100.0,0.7,0.1,4.0
arm_2607,20263536,0.32,0,0.0011434398870967743,0.0111111,7.18441935483871e-05,0.0,1.032258064516129,396.6601612903226,7.93319564516129,354838.4516129032,2389.4870967741936,0.0,135.74193548387098,4.82258064516129,False,,0.1,0.6,0.1,100.0,0.7,0.01,8.0
arm_2608,20263537,0.35,0,0.0020566759193548388,0.01827004193548387,7.249e-05,0.0004378916129032258,2.2903225806451615,1599.0441612903226,31.980875806451614,871963.9193548387,2389.4870967741936,16726.40322580645,205.75806451612902,24.35483870967742,False,,0.1,0.6,0.1,100.0,0.7,0.05,8.0
arm_2609,20263538,0.34,0,0.00471921085483871,0.043825343548387095,0.00040661419354838714,0.0003415558064516129,4.67741935483871,2615.1629032258065,52.30327096774194,635702.8387096775,14336.922580645163,19115.877419354838,229.82258064516128,34.95161290322581,False,,0.1,0.6,0.1,100.0,0.7,0.1,8.0
arm_2610,20263539,0.24,0,0.0010249935967741937,0.00990099,0.0,7.754354838709677e-05,1.032258064516129,240.3504,4.80701064516129,240143.1387096774,0.0,2389.4870967741936,8.46774193548387,3.274193548387097,False,,0.1,0.6,0.15,100.0,0.7,0.01,2.0
arm_2611,20263540,0.21,0,5.9753117647058825e-05,0.0,0.0,0.00013278470588235294,0.058823529411764705,4.426147058823529,0.0885229411764706,0.0,0.0,4357.3,3.2941176470588234,0.058823529411764705,False,,0.1,0.6,0.15,100.0,0.7,0.05,2.0
arm_2612,20263541,0.21,0,0.0,0.0,0.0,0.0,0.0,0.0,0.0,0.0,0.0,0.0,1.7647058823529411,0.0,False,,0.1,0.6,0.15,100.0,0.7,0.1,2.0
arm_2613,20263542,0.28,0,0.00025806451612903227,0.0025806451612903226,0.0,0.0,0.25806451612903225,27.479079032258063,0.5495812903225806,27479.079032258065,0.0,0.0,38.403225806451616,0.3709677419354839,False,,0.1,0.6,0.15,100.0,0.7,0.01,4.0
arm_2614,20263543,0.27,0,0.0013342474354838712,0.00988554677419355,0.0005665935483870968,0.0002016125806451613,1.2580645161290323,197.24123387096773,3.9448225806451616,136200.60161290324,41815.97419354838,7168.461290322582,44.225806451612904,2.5,False,,0.1,0.6,0.15,100.0,0.7,0.05,4.0
arm_2615,20263544,0.26,0,0.00019243419354838712,0.00032916451612903226,0.00035448387096774194,0.0,0.1935483870967742,17.87427258064516,0.3574848387096774,4778.967741935484,13142.175806451613,0.0,26.048387096774192,0.24193548387096775,False,,0.1,0.6,0.15,100.0,0.7,0.1,4.0
arm_2616,20263545,0.31,0,0.0,0.0,0.0,0.0,0.0,0.0,0.0,0.0,0.0,0.0,112.70967741935483,0.0,False,,0.1,0.6,0.15,100.0,0.7,0.01,8.0
arm_2617,20263546,0.28,0,0.0006364210645161291,0.005246796774193548,0.0001010167741935484,0.0001472974193548387,0.5483870967741935,47.142266129032265,0.9428466129032258,32258.075806451616,3584.230645161291,4778.974193548387,80.04838709677419,0.5483870967741935,False,,0.1,0.6,0.15,100.0,0.7,0.05,8.0
arm_2618,20263547,0.3,0,1.5120943548387096e-05,0.0,0.0,3.3602096774193545e-05,0.016129032258064516,1.1200709677419356,0.022401451612903224,0.0,0.0,1194.7435483870968,89.06451612903226,0.016129032258064516,False,,0.1,0.6,0.15,100.0,0.7,0.1,8.0
arm_2619,20263548,0.2,0,0.0,0.0,0.0,0.0,0.0,0.0,0.0,0.0,0.0,0.0,3.2,0.0,False,,0.3,0.6,0.05,100.0,0.7,0.01,2.0
arm_2620,20263549,0.17,0,,,,,,,,,,,,,,no tail rows,0.3,0.6,0.05,100.0,0.7,0.05,2.0
arm_2621,20263550,0.24,0,0.0010989,0.010989,0.0,0.0,1.0,112.90973870967743,2.2581935483870965,102747.86774193548,0.0,0.0,2.935483870967742,1.3870967741935485,False,,0.3,0.6,0.05,100.0,0.7,0.1,2.0
arm_2622,20263551,0.24,0,0.0,0.0,0.0,0.0,0.0,0.0,0.0,0.0,0.0,0.0,36.54838709677419,0.0,False,,0.3,0.6,0.05,100.0,0.7,0.01,4.0
arm_2623,20263552,0.24,0,0.0005161649435483872,0.005,3.592209677419355e-05,0.0,0.5161290322580645,38.23445161290323,0.764688064516129,37037.05,1194.7435483870968,0.0,19.322580645161292,0.5161290322580645,False,,0.3,0.6,0.05,100.0,0.7,0.05,4.0
arm_2624,20263553,0.25,0,0.0,0.0,0.0,0.0,0.0,0.0,0.0,0.0,0.0,0.0,19.306451612903224,0.0,False,,0.3,0.6,0.05,100.0,0.7,0.1,4.0
arm_2625,20263554,0.28,0,0.0,0.0,0.0,0.0,0.0,0.0,0.0,0.0,0.0,0.0,120.96774193548387,0.0,False,,0.3,0.6,0.05,100.0,0.7,0.01,8.0
arm_2626,20263555,0.28,0,0.0010029690967741937,0.008634725806451615,3.777290322580645e-05,0.00027221935483870966,1.0,106.99443870967742,2.1398870967741934,87216.21451612902,7168.451612903225,11947.429032258065,143.1451612903226,1.435483870967742,False,,0.3,0.6,0.05,100.0,0.7,0.05,8.0
arm_2627,20263556,0.29,0,0.00020801387903225806,0.0,0.00031694661290322586,0.0001453064516129032,0.20967741935483872,28.395070967741937,0.5679009677419354,0.0,21505.364516129033,7168.4548387096775,140.16129032258064,0.3870967741935484,False,,0.3,0.6,0.05,100.0,0.7,0.1,8.0
arm_2628,20263557,0.2,0,0.0,0.0,0.0,0.0,0.0,0.0,0.0,0.0,0.0,0.0,0.9444444444444444,0.0,False,,0.3,0.6,0.1,100.0,0.7,0.01,2.0
arm_2629,20263558,0.17,0,,,,,,,,,,,,,,no tail rows,0.3,0.6,0.1,100.0,0.7,0.05,2.0
arm_2630,20263559,0.19,0,0.0,0.0,0.0,0.0,0.0,0.0,0.0,0.0,0.0,0.0,0.6666666666666666,0.0,False,,0.3,0.6,0.1,100.0,0.7,0.1,2.0
arm_2631,20263560,0.25,0,0.0,0.0,0.0,0.0,0.0,0.0,0.0,0.0,0.0,0.0,12.548387096774194,0.0,False,,0.3,0.6,0.1,100.0,0.7,0.01,4.0
arm_2632,20263561,0.25,0,0.0,0.0,0.0,0.0,0.0,0.0,0.0,0.0,0.0,0.0,16.64516129032258,0.0,False,,0.3,0.6,0.1,100.0,0.7,0.05,4.0
arm_2633,20263562,0.24,0,0.0,0.0,0.0,0.0,0.0,0.0,0.0,0.0,0.0,0.0,17.274193548387096,0.0,False,,0.3,0.6,0.1,100.0,0.7,0.1,4.0
arm_2634,20263563,0.27,0,0.0,0.0,0.0,0.0,0.0,0.0,0.0,0.0,0.0,0.0,81.40322580645162,0.0,False,,0.3,0.6,0.1,100.0,0.7,0.01,8.0
arm_2635,20263564,0.29,0,0.0,0.0,0.0,0.0,0.0,0.0,0.0,0.0,0.0,0.0,127.5,0.0,False,,0.3,0.6,0.1,100.0,0.7,0.05,8.0
arm_2636,20263565,0.26,0,0.00026881722580645163,0.0026881722580645163,0.0,0.0,0.2903225806451613,19.91238387096774,0.3982470967741935,21505.383870967744,0.0,0.0,85.56451612903226,0.2903225806451613,False,,0.3,0.6,0.1,100.0,0.7,0.1,8.0
arm_2637,20263566,0.16,0,,,,,,,,,,,,,,no tail rows,0.3,0.6,0.15,100.0,0.7,0.01,2.0
arm_2638,20263567,0.2,0,0.0,0.0,0.0,0.0,0.0,0.0,0.0,0.0,0.0,0.0,5.708333333333333,0.0,False,,0.3,0.6,0.15,100.0,0.7,0.05,2.0
arm_2639,20263568,0.22,0,0.0,0.0,0.0,0.0,0.0,0.0,0.0,0.0,0.0,0.0,2.9375,0.0,False,,0.3,0.6,0.15,100.0,0.7,0.1,2.0
arm_2640,20263569,0.25,0,0.0,0.0,0.0,0.0,0.0,0.0,0.0,0.0,0.0,0.0,9.290322580645162,0.0,False,,0.3,0.6,0.15,100.0,0.7,0.01,4.0
arm_2641,20263570,0.24,0,0.00023528728225806454,0.0021922961290322582,3.568370967741935e-05,0.0,0.24193548387096775,26.708229032258064,0.5341643548387096,26284.33387096774,1194.7435483870968,0.0,19.241935483870968,0.3709677419354839,False,,0.3,0.6,0.15,100.0,0.7,0.05,4.0
arm_2642,20263571,0.24,0,6.736035483870968e-05,0.0,0.0,0.00014968967741935485,0.06451612903225806,4.989645161290323,0.09979290322580646,0.0,0.0,4778.974193548387,18.048387096774192,0.06451612903225806,False,,0.3,0.6,0.15,100.0,0.7,0.1,4.0
arm_2643,20263572,0.29,0,0.0,0.0,0.0,0.0,0.0,0.0,0.0,0.0,0.0,0.0,94.59677419354838,0.0,False,,0.3,0.6,0.15,100.0,0.7,0.01,8.0
arm_2644,20263573,0.26,0,3.237495967741936e-05,0.0,3.657370967741935e-05,3.5370645161290326e-05,0.03225806451612903,9.672806451612903,0.1934559677419355,0.0,7168.451612903225,2389.483870967742,62.483870967741936,0.12903225806451613,False,,0.3,0.6,0.15,100.0,0.7,0.05,8.0
arm_2645,20263574,0.27,0,1.602225e-05,0.0,0.0,3.5605e-05,0.016129032258064516,2.373661290322581,0.047473225806451615,0.0,0.0,2389.483870967742,90.54838709677419,0.03225806451612903,False,,0.3,0.6,0.15,100.0,0.7,0.1,8.0
arm_2646,20263575,0.18,0,0.0,0.0,0.0,0.0,0.0,0.0,0.0,0.0,0.0,0.0,0.5,0.0,False,,0.5,0.6,0.05,100.0,0.7,0.01,2.0
arm_2647,20263576,0.22,0,0.0,0.0,0.0,0.0,0.0,0.0,0.0,0.0,0.0,0.0,5.672727272727273,0.0,False,,0.5,0.6,0.05,100.0,0.7,0.05,2.0
arm_2648,20263577,0.2,0,0.00034013666666666675,0.003401366666666667,0.0,0.0,0.3333333333333333,25.19526666666667,0.5039066666666666,24691.36666666667,0.0,0.0,0.6388888888888888,0.3333333333333333,False,,0.5,0.6,0.05,100.0,0.7,0.1,2.0
arm_2649,20263578,0.22,0,0.0,0.0,0.0,0.0,0.0,0.0,0.0,0.0,0.0,0.0,25.774193548387096,0.0,False,,0.5,0.6,0.05,100.0,0.7,0.01,4.0
arm_2650,20263579,0.22,0,0.0,0.0,0.0,0.0,0.0,0.0,0.0,0.0,0.0,0.0,7.145161290322581,0.0,False,,0.5,0.6,0.05,100.0,0.7,0.05,4.0
arm_2651,20263580,0.23,0,0.0,0.0,0.0,0.0,0.0,0.0,0.0,0.0,0.0,0.0,7.774193548387097,0.0,False,,0.5,0.6,0.05,100.0,0.7,0.1,4.0
arm_2652,20263581,0.25,0,0.0,0.0,0.0,0.0,0.0,0.0,0.0,0.0,0.0,0.0,101.62903225806451,0.0,False,,0.5,0.6,0.05,100.0,0.7,0.01,8.0
arm_2653,20263582,0.24,0,1.54426935483871e-05,0.0,0.0,3.431709677419355e-05,0.016129032258064516,1.1439032258064517,0.022878064516129032,0.0,0.0,1194.7435483870968,66.46774193548387,0.016129032258064516,False,,0.5,0.6,0.05,100.0,0.7,0.05,8.0
arm_2654,20263583,0.24,0,4.721601612903226e-05,0.0001565925806451613,7.012612903225806e-05,0.0,0.04838709677419355,4.666264516129032,0.09332516129032259,1194.7435483870968,3584.2274193548387,0.0,72.48387096774194,0.06451612903225806,False,,0.5,0.6,0.05,100.0,0.7,0.1,8.0
arm_2655,20263584,0.17,0,,,,,,,,,,,,,,no tail rows,0.5,0.6,0.1,100.0,0.7,0.01,2.0
arm_2656,20263585,0.15,0,,,,,,,,,,,,,,no tail rows,0.5,0.6,0.1,100.0,0.7,0.05,2.0
arm_2657,20263586,0.16,0,,,,,,,,,,,,,,no tail rows,0.5,0.6,0.1,100.0,0.7,0.1,2.0
arm_2658,20263587,0.23,0,0.0,0.0,0.0,0.0,0.0,0.0,0.0,0.0,0.0,0.0,8.241935483870968,0.0,False,,0.5,0.6,0.1,100.0,0.7,0.01,4.0
arm_2659,20263588,0.23,0,0.0,0.0,0.0,0.0,0.0,0.0,0.0,0.0,0.0,0.0,17.774193548387096,0.0,False,,0.5,0.6,0.1,100.0,0.7,0.05,4.0
arm_2660,20263589,0.23,0,4.702855645161291e-05,0.0,0.0,0.00010450790322580647,0.04838709677419355,12.773164516129032,0.2554633870967742,0.0,0.0,13142.162903225806,21.919354838709676,0.1774193548387097,False,,0.5,0.6,0.1,100.0,0.7,0.1,4.0
arm_2661,20263590,0.25,0,0.0,0.0,0.0,0.0,0.0,0.0,0.0,0.0,0.0,0.0,117.61290322580645,0.0,False,,0.5,0.6,0.1,100.0,0.7,0.01,8.0
arm_2662,20263591,0.24,0,0.0,0.0,0.0,0.0,0.0,0.0,0.0,0.0,0.0,0.0,77.1774193548387,0.0,False,,0.5,0.6,0.1,100.0,0.7,0.05,8.0
arm_2663,20263592,0.25,0,0.0,0.0,0.0,0.0,0.0,0.0,0.0,0.0,0.0,0.0,84.74193548387096,0.0,False,,0.5,0.6,0.1,100.0,0.7,0.1,8.0
arm_2664,20263593,0.15,0,,,,,,,,,,,,,,no tail rows,0.5,0.6,0.15,100.0,0.7,0.01,2.0
arm_2665,20263594,0.22,0,0.0,0.0,0.0,0.0,0.0,0.0,0.0,0.0,0.0,0.0,4.112903225806452,0.0,False,,0.5,0.6,0.15,100.0,0.7,0.05,2.0
arm_2666,20263595,0.15,0,,,,,,,,,,,,,,no tail rows,0.5,0.6,0.15,100.0,0.7,0.1,2.0
arm_2667,20263596,0.22,0,0.0,0.0,0.0,0.0,0.0,0.0,0.0,0.0,0.0,0.0,10.403225806451612,0.0,False,,0.5,0.6,0.15,100.0,0.7,0.01,4.0
arm_2668,20263597,0.23,0,3.3066290322580644e-05,0.0,7.348064516129031e-05,0.0,0.03225806451612903,3.674033870967742,0.07348080645161291,0.0,3584.2274193548387,0.0,10.306451612903226,0.04838709677419355,False,,0.5,0.6,0.15,100.0,0.7,0.05,4.0
arm_2669,20263598,0.24,0,0.0,0.0,0.0,0.0,0.0,0.0,0.0,0.0,0.0,0.0,10.838709677419354,0.0,False,,0.5,0.6,0.15,100.0,0.7,0.1,4.0
arm_2670,20263599,0.26,0,3.423614516129032e-05,0.0,0.0,7.608032258064516e-05,0.03225806451612903,8.876038709677418,0.1775208064516129,0.0,0.0,8363.195161290323,87.09677419354838,0.11290322580645161,False,,0.5,0.6,0.15,100.0,0.7,0.01,8.0
arm_2671,20263600,0.26,0,0.0,0.0,0.0,0.0,0.0,0.0,0.0,0.0,0.0,0.0,99.62903225806451,0.0,False,,0.5,0.6,0.15,100.0,0.7,0.05,8.0
arm_2672,20263601,0.24,0,0.0,0.0,0.0,0.0,0.0,0.0,0.0,0.0,0.0,0.0,59.61290322580645,0.0,False,,0.5,0.6,0.15,100.0,0.7,0.1,8.0
arm_2673,20263602,0.28,0,0.0043529588064516135,0.04320985,0.0,7.105290322580645e-05,3.532258064516129,10038.201935483872,200.76433870967742,2404121.7741935486,0.0,2389.4870967741936,85.75806451612904,109.7741935483871,True,,0.1,1.0,0.05,100.0,0.3,0.01,2.0
arm_2674,20263603,0.3,0,0.010456547741935485,0.095179,0.001703515,0.00038236887096774195,9.596774193548388,13952.364516129031,279.04746774193546,1494543.8709677418,45997.61129032259,26284.32903225806,149.8548387096774,171.51612903225808,False,,0.1,1.0,0.05,100.0,0.3,0.05,2.0
arm_2675,20263604,0.29,0,0.009278025201612904,0.07455873225806452,0.0024437911290322582,0.0016054354838709677,9.725806451612904,8102.564032258065,162.05127419354838,1061699.6290322582,66905.5870967742,44205.47258064517,76.03225806451613,115.79032258064517,False,,0.1,1.0,0.05,100.0,0.3,0.1,2.0
arm_2676,20263605,0.3,0,0.0031914900000000004,0.0319149,0.0,0.0,3.0,7296.831129032258,145.9365483870968,2286340.3225806453,0.0,0.0,115.25806451612904,92.59677419354838,False,,0.1,1.0,0.05,100.0,0.3,0.01,4.0
arm_2677,20263606,0.29,0,0.002434938491935484,0.0229885,0.00030241887096774193,0.0,2.1451612903225805,5588.295322580645,111.76595,2426523.5483870967,10752.691935483872,0.0,75.90322580645162,65.66129032258064,False,,0.1,1.0,0.05,100.0,0.3,0.05,4.0
arm_2678,20263607,0.35,0,0.011005866999999999,0.0941176,0.0009076935483870969,0.002634766451612903,9.612903225806452,12610.811290322581,252.21606451612905,1321684.8387096773,33452.809677419355,86718.41612903225,220.33870967741936,145.08064516129033,False,,0.1,1.0,0.05,100.0,0.3,0.1,4.0
arm_2679,20263608,0.34,0,0.002375661620967742,0.0192308,0.0,0.001005736935483871,2.435483870967742,5879.341612903226,117.5869064516129,3018518.5483870967,0.0,71684.53387096773,325.6290322580645,82.46774193548387,False,,0.1,1.0,0.05,100.0,0.3,0.01,8.0
arm_2680,20263609,0.36,0,0.006179340217741936,0.05660378225806452,0.00047224596774193546,0.0006810029032258064,6.516129032258065,18289.68387096774,365.79369354838707,3242567.419354839,17921.14677419355,37037.022580645156,474.758064516129,261.6774193548387,True,,0.1,1.0,0.05,100.0,0.3,0.05,8.0
arm_2681,20263610,0.37,0,0.009447268774193548,0.07717653709677419,0.0017960295161290323,0.0020475595161290323,8.919354838709678,5712.145645161289,114.24299032258065,726873.3709677419,62126.635483870974,54161.691935483876,300.2903225806452,71.87096774193549,False,,0.1,1.0,0.05,100.0,0.3,0.1,8.0
arm_2682,20263611,0.23,0,0.0,0.0,0.0,0.0,0.0,0.0,0.0,0.0,0.0,0.0,1.368421052631579,0.0,False,,0.1,1.0,0.1,100.0,0.3,0.01,2.0
arm_2683,20263612,0.22,0,0.0,0.0,0.0,0.0,0.0,0.0,0.0,0.0,0.0,0.0,1.5,0.0,False,,0.1,1.0,0.1,100.0,0.3,0.05,2.0
arm_2684,20263613,0.28,0,0.0,0.0,0.0,0.0,0.0,0.0,0.0,0.0,0.0,0.0,3.3870967741935485,0.0,False,,0.1,1.0,0.1,100.0,0.3,0.1,2.0
arm_2685,20263614,0.28,0,7.737822580645161e-05,0.0,0.0,0.0001719516129032258,0.08064516129032258,5.731709677419355,0.11463387096774193,0.0,0.0,5973.717741935484,17.903225806451612,0.08064516129032258,False,,0.1,1.0,0.1,100.0,0.3,0.01,4.0
arm_2686,20263615,0.29,0,4.72325806451613e-05,0.0,0.0,0.00010496129032258066,0.04838709677419355,3.4987064516129034,0.0699740322580645,0.0,0.0,3584.230645161291,15.435483870967742,0.04838709677419355,False,,0.1,1.0,0.1,100.0,0.3,0.05,4.0
arm_2687,20263616,0.28,0,0.00014362185483870966,0.0,0.00013994838709677419,0.00017921129032258065,0.14516129032258066,12.971124193548388,0.25942225806451613,0.0,7168.4548387096775,5973.717741935484,17.20967741935484,0.1774193548387097,False,,0.1,1.0,0.1,100.0,0.3,0.1,4.0
arm_2688,20263617,0.34,0,0.0,0.0,0.0,0.0,0.0,0.0,0.0,0.0,0.0,0.0,96.62903225806451,0.0,False,,0.1,1.0,0.1,100.0,0.3,0.01,8.0
arm_2689,20263618,0.37,0,0.0007680681935483872,0.005031073225806451,0.0005179051612903226,7.089677419354839e-05,0.8064516129032258,64.56656774193549,1.2913324193548386,48984.46612903226,16726.409677419357,2389.4870967741936,157.51612903225808,0.9193548387096774,False,,0.1,1.0,0.1,100.0,0.3,0.05,8.0
arm_2690,20263619,0.32,0,0.0004103346048387097,0.0,0.0002459766129032258,0.000665878064516129,0.4032258064516129,30.395129032258065,0.6079017741935483,0.0,8363.204838709678,21505.383870967744,90.2258064516129,0.4032258064516129,False,,0.1,1.0,0.1,100.0,0.3,0.1,8.0
arm_2691,20263620,0.26,0,0.0,0.0,0.0,0.0,0.0,0.0,0.0,0.0,0.0,0.0,0.9607843137254902,0.0,False,,0.1,1.0,0.15,100.0,0.3,0.01,2.0
arm_2692,20263621,0.22,0,0.0,0.0,0.0,0.0,0.0,0.0,0.0,0.0,0.0,0.0,0.8888888888888888,0.0,False,,0.1,1.0,0.15,100.0,0.3,0.05,2.0
arm_2693,20263622,0.28,0,1.609323387096774e-05,0.0,0.0,3.576274193548387e-05,0.016129032258064516,1.192093548387097,0.023841935483870966,0.0,0.0,1194.7435483870968,1.8225806451612903,0.016129032258064516,False,,0.1,1.0,0.15,100.0,0.3,0.1,2.0
arm_2694,20263623,0.28,0,0.0,0.0,0.0,0.0,0.0,0.0,0.0,0.0,0.0,0.0,11.693548387096774,0.0,False,,0.1,1.0,0.15,100.0,0.3,0.01,4.0
arm_2695,20263624,0.29,0,0.0,0.0,0.0,0.0,0.0,0.0,0.0,0.0,0.0,0.0,13.96774193548387,0.0,False,,0.1,1.0,0.15,100.0,0.3,0.05,4.0
arm_2696,20263625,0.3,0,8.108934677419354e-05,0.0,7.31474193548387e-05,0.00010705112903225805,0.08064516129032258,6.006620967741935,0.12013274193548389,0.0,2389.4870967741936,3584.230645161291,23.483870967741936,0.08064516129032258,False,,0.1,1.0,0.15,100.0,0.3,0.1,4.0
arm_2697,20263626,0.36,0,0.0,0.0,0.0,0.0,0.0,0.0,0.0,0.0,0.0,0.0,125.11290322580645,0.0,False,,0.1,1.0,0.15,100.0,0.3,0.01,8.0
arm_2698,20263627,0.34,0,0.0009303894516129032,0.009150122258064516,0.0,3.417161290322581e-05,0.967741935483871,103.38144516129032,2.067627903225807,101553.1129032258,0.0,1194.7435483870968,112.2258064516129,1.4516129032258065,False,,0.1,1.0,0.15,100.0,0.3,0.05,8.0
arm_2699,20263628,0.34,0,0.0010830512177419356,0.0,0.0,0.002406780483870968,1.0806451612903225,92.20004838709677,1.8440009677419356,0.0,0.0,59139.77903225807,92.30645161290323,1.2419354838709677,False,,0.1,1.0,0.15,100.0,0.3,0.1,8.0
arm_2700,20263629,0.21,0,0.0,0.0,0.0,0.0,0.0,0.0,0.0,0.0,0.0,0.0,0.9090909090909091,0.0,False,,0.3,1.0,0.05,100.0,0.3,0.01,2.0
arm_2701,20263630,0.22,0,0.0,0.0,0.0,0.0,0.0,0.0,0.0,0.0,0.0,0.0,1.3333333333333333,0.0,False,,0.3,1.0,0.05,100.0,0.3,0.05,2.0
arm_2702,20263631,0.2,0,,,,,,,,,,,,,,no tail rows,0.3,1.0,0.05,100.0,0.3,0.1,2.0
arm_2703,20263632,0.27,0,0.0,0.0,0.0,0.0,0.0,0.0,0.0,0.0,0.0,0.0,13.629032258064516,0.0,False,,0.3,1.0,0.05,100.0,0.3,0.01,4.0
arm_2704,20263633,0.27,0,0.0,0.0,0.0,0.0,0.0,0.0,0.0,0.0,0.0,0.0,15.951612903225806,0.0,False,,0.3,1.0,0.05,100.0,0.3,0.05,4.0
arm_2705,20263634,0.28,0,6.150890322580645e-05,0.0,0.0,0.00013668645161290323,0.06451612903225806,6.83433064516129,0.13668677419354838,0.0,0.0,7168.456451612904,24.887096774193548,0.0967741935483871,False,,0.3,1.0,0.05,100.0,0.3,0.1,4.0
arm_2706,20263635,0.32,0,0.0,0.0,0.0,0.0,0.0,0.0,0.0,0.0,0.0,0.0,106.08064516129032,0.0,False,,0.3,1.0,0.05,100.0,0.3,0.01,8.0
arm_2707,20263636,0.3,0,0.0001183781935483871,0.001183781935483871,0.0,0.0,0.12903225806451613,14.249253225806452,0.28498435483870965,15531.650000000001,0.0,0.0,71.5,0.20967741935483872,False,,0.3,1.0,0.05,100.0,0.3,0.05,8.0
arm_2708,20263637,0.31,0,3.211533870967742e-05,0.0,7.13674193548387e-05,0.0,0.03225806451612903,3.568375806451613,0.07136741935483872,0.0,3584.2274193548387,0.0,87.75806451612904,0.04838709677419355,False,,0.3,1.0,0.05,100.0,0.3,0.1,8.0
arm_2709,20263638,0.23,0,0.0,0.0,0.0,0.0,0.0,0.0,0.0,0.0,0.0,0.0,0.7142857142857143,0.0,False,,0.3,1.0,0.1,100.0,0.3,0.01,2.0
arm_2710,20263639,0.25,0,0.0,0.0,0.0,0.0,0.0,0.0,0.0,0.0,0.0,0.0,0.9411764705882353,0.0,False,,0.3,1.0,0.1,100.0,0.3,0.05,2.0
arm_2711,20263640,0.22,0,0.0,0.0,0.0,0.0,0.0,0.0,0.0,0.0,0.0,0.0,0.5,0.0,False,,0.3,1.0,0.1,100.0,0.3,0.1,2.0
arm_2712,20263641,0.31,0,0.0,0.0,0.0,0.0,0.0,0.0,0.0,0.0,0.0,0.0,9.96774193548387,0.0,False,,0.3,1.0,0.1,100.0,0.3,0.01,4.0
arm_2713,20263642,0.3,0,0.0,0.0,0.0,0.0,0.0,0.0,0.0,0.0,0.0,0.0,11.806451612903226,0.0,False,,0.3,1.0,0.1,100.0,0.3,0.05,4.0
arm_2714,20263643,0.3,0,0.0,0.0,0.0,0.0,0.0,0.0,0.0,0.0,0.0,0.0,15.016129032258064,0.0,False,,0.3,1.0,0.1,100.0,0.3,0.1,4.0
arm_2715,20263644,0.33,0,0.0,0.0,0.0,0.0,0.0,0.0,0.0,0.0,0.0,0.0,90.69354838709677,0.0,False,,0.3,1.0,0.1,100.0,0.3,0.01,8.0
arm_2716,20263645,0.32,0,0.00011958612903225808,0.0005161290322580645,3.529322580645162e-05,0.0001157583870967742,0.12903225806451613,15.548808064516129,0.3109764516129032,13142.161290322581,1194.7435483870968,3584.230645161291,72.80645161290323,0.24193548387096775,False,,0.3,1.0,0.1,100.0,0.3,0.05,8.0
arm_2717,20263646,0.3,0,0.00018430776612903227,0.0013602806451612904,0.0001072882258064516,0.0,0.16129032258064516,14.84453064516129,0.29689080645161287,8363.204838709678,4778.970967741936,0.0,65.35483870967742,0.1774193548387097,False,,0.3,1.0,0.1,100.0,0.3,0.1,8.0
arm_2718,20263647,0.2,0,,,,,,,,,,,,,,no tail rows,0.3,1.0,0.15,100.0,0.3,0.01,2.0
arm_2719,20263648,0.23,0,0.0,0.0,0.0,0.0,0.0,0.0,0.0,0.0,0.0,0.0,2.272727272727273,0.0,False,,0.3,1.0,0.15,100.0,0.3,0.05,2.0
arm_2720,20263649,0.23,0,0.0,0.0,0.0,0.0,0.0,0.0,0.0,0.0,0.0,0.0,0.9375,0.0,False,,0.3,1.0,0.15,100.0,0.3,0.1,2.0
arm_2721,20263650,0.3,0,0.0,0.0,0.0,0.0,0.0,0.0,0.0,0.0,0.0,0.0,4.387096774193548,0.0,False,,0.3,1.0,0.15,100.0,0.3,0.01,4.0
arm_2722,20263651,0.29,0,0.0,0.0,0.0,0.0,0.0,0.0,0.0,0.0,0.0,0.0,9.596774193548388,0.0,False,,0.3,1.0,0.15,100.0,0.3,0.05,4.0
arm_2723,20263652,0.32,0,0.00016018330645161291,0.0012733446774193548,3.468612903225806e-05,3.8311290322580646e-05,0.1774193548387097,11.865433870967742,0.2373091935483871,10752.691935483872,1194.7435483870968,1194.7435483870968,28.774193548387096,0.1774193548387097,False,,0.3,1.0,0.15,100.0,0.3,0.1,4.0
arm_2724,20263653,0.33,0,0.0,0.0,0.0,0.0,0.0,0.0,0.0,0.0,0.0,0.0,73.69354838709677,0.0,False,,0.3,1.0,0.15,100.0,0.3,0.01,8.0
arm_2725,20263654,0.31,0,0.00021899308064516132,0.0,0.0004866512903225807,0.0,0.22580645161290322,16.221732258064517,0.32443419354838704,0.0,16726.409677419357,0.0,73.5,0.22580645161290322,False,,0.3,1.0,0.15,100.0,0.3,0.05,8.0
arm_2726,20263655,0.31,0,1.6608846774193547e-05,0.0,0.0,3.690854838709677e-05,0.016129032258064516,1.2302854838709676,0.02460564516129032,0.0,0.0,1194.7435483870968,70.37096774193549,0.016129032258064516,False,,0.3,1.0,0.15,100.0,0.3,0.1,8.0
arm_2727,20263656,0.21,0,,,,,,,,,,,,,,no tail rows,0.5,1.0,0.05,100.0,0.3,0.01,2.0
arm_2728,20263657,0.17,0,,,,,,,,,,,,,,no tail rows,0.5,1.0,0.05,100.0,0.3,0.05,2.0
arm_2729,20263658,0.19,0,,,,,,,,,,,,,,no tail rows,0.5,1.0,0.05,100.0,0.3,0.1,2.0
arm_2730,20263659,0.26,0,0.0,0.0,0.0,0.0,0.0,0.0,0.0,0.0,0.0,0.0,23.725806451612904,0.0,False,,0.5,1.0,0.05,100.0,0.3,0.01,4.0
arm_2731,20263660,0.27,0,1.6685201612903225e-05,0.0,0.0,3.707822580645161e-05,0.016129032258064516,2.4718870967741937,0.04943758064516129,0.0,0.0,2389.483870967742,20.338709677419356,0.03225806451612903,False,,0.5,1.0,0.05,100.0,0.3,0.05,4.0
arm_2732,20263661,0.26,0,0.0,0.0,0.0,0.0,0.0,0.0,0.0,0.0,0.0,0.0,17.338709677419356,0.0,False,,0.5,1.0,0.05,100.0,0.3,0.1,4.0
arm_2733,20263662,0.27,0,0.0,0.0,0.0,0.0,0.0,0.0,0.0,0.0,0.0,0.0,83.66129032258064,0.0,False,,0.5,1.0,0.05,100.0,0.3,0.01,8.0
arm_2734,20263663,0.28,0,6.728595967741936e-05,0.0,0.00011520725806451615,3.431709677419355e-05,0.06451612903225806,7.544309677419355,0.15088612903225804,0.0,5973.712903225806,1194.7435483870968,110.33870967741936,0.0967741935483871,False,,0.5,1.0,0.05,100.0,0.3,0.05,8.0
arm_2735,20263664,0.28,0,3.2693951612903224e-05,0.0,7.26532258064516e-05,0.0,0.03225806451612903,2.421777419354839,0.048435483870967744,0.0,2389.4870967741936,0.0,75.1774193548387,0.03225806451612903,False,,0.5,1.0,0.05,100.0,0.3,0.1,8.0
arm_2736,20263665,0.23,0,0.0,0.0,0.0,0.0,0.0,0.0,0.0,0.0,0.0,0.0,1.8,0.0,False,,0.5,1.0,0.1,100.0,0.3,0.01,2.0
arm_2737,20263666,0.19,0,,,,,,,,,,,,,,no tail rows,0.5,1.0,0.1,100.0,0.3,0.05,2.0
arm_2738,20263667,0.13,0,,,,,,,,,,,,,,no tail rows,0.5,1.0,0.1,100.0,0.3,0.1,2.0
arm_2739,20263668,0.21,0,0.0,0.0,0.0,0.0,0.0,0.0,0.0,0.0,0.0,0.0,4.887096774193548,0.0,False,,0.5,1.0,0.1,100.0,0.3,0.01,4.0
arm_2740,20263669,0.29,0,0.0,0.0,0.0,0.0,0.0,0.0,0.0,0.0,0.0,0.0,31.419354838709676,0.0,False,,0.5,1.0,0.1,100.0,0.3,0.05,4.0
arm_2741,20263670,0.29,0,0.0,0.0,0.0,0.0,0.0,0.0,0.0,0.0,0.0,0.0,21.322580645161292,0.0,False,,0.5,1.0,0.1,100.0,0.3,0.1,4.0
arm_2742,20263671,0.27,0,0.0,0.0,0.0,0.0,0.0,0.0,0.0,0.0,0.0,0.0,101.37096774193549,0.0,False,,0.5,1.0,0.1,100.0,0.3,0.01,8.0
arm_2743,20263672,0.28,0,1.5951774193548388e-05,0.0,0.0,3.5448387096774194e-05,0.016129032258064516,4.726451612903226,0.0945291935483871,0.0,0.0,4778.967741935484,54.274193548387096,0.06451612903225806,False,,0.5,1.0,0.1,100.0,0.3,0.05,8.0
arm_2744,20263673,0.28,0,0.0,0.0,0.0,0.0,0.0,0.0,0.0,0.0,0.0,0.0,91.11290322580645,0.0,False,,0.5,1.0,0.1,100.0,0.3,0.1,8.0
arm_2745,20263674,0.18,0,,,,,,,,,,,,,,no tail rows,0.5,1.0,0.15,100.0,0.3,0.01,2.0
arm_2746,20263675,0.2,0,0.0,0.0,0.0,0.0,0.0,0.0,0.0,0.0,0.0,0.0,2.75,0.0,False,,0.5,1.0,0.15,100.0,0.3,0.05,2.0
arm_2747,20263676,0.21,0,0.0,0.0,0.0,0.0,0.0,0.0,0.0,0.0,0.0,0.0,4.8,0.0,False,,0.5,1.0,0.15,100.0,0.3,0.1,2.0
arm_2748,20263677,0.27,0,0.0,0.0,0.0,0.0,0.0,0.0,0.0,0.0,0.0,0.0,16.306451612903224,0.0,False,,0.5,1.0,0.15,100.0,0.3,0.01,4.0
arm_2749,20263678,0.26,0,0.0,0.0,0.0,0.0,0.0,0.0,0.0,0.0,0.0,0.0,11.870967741935484,0.0,False,,0.5,1.0,0.15,100.0,0.3,0.05,4.0
arm_2750,20263679,0.27,0,0.0,0.0,0.0,0.0,0.0,0.0,0.0,0.0,0.0,0.0,9.919354838709678,0.0,False,,0.5,1.0,0.15,100.0,0.3,0.1,4.0
arm_2751,20263680,0.3,0,0.0,0.0,0.0,0.0,0.0,0.0,0.0,0.0,0.0,0.0,104.93548387096774,0.0,False,,0.5,1.0,0.15,100.0,0.3,0.01,8.0
arm_2752,20263681,0.29,0,3.240203225806452e-05,0.0,7.200451612903226e-05,0.0,0.03225806451612903,4.800303225806451,0.09600629032258065,0.0,4778.9693548387095,0.0,77.06451612903226,0.06451612903225806,False,,0.5,1.0,0.15,100.0,0.3,0.05,8.0
arm_2753,20263682,0.28,0,1.5344709677419357e-05,0.0,3.409935483870968e-05,0.0,0.016129032258064516,3.4099354838709677,0.06819887096774194,0.0,3584.2258064516127,0.0,85.96774193548387,0.04838709677419355,False,,0.5,1.0,0.15,100.0,0.3,0.1,8.0
arm_2754,20263683,0.29,0,0.00229885,0.0229885,0.0,0.0,2.0,2813.8259677419355,56.27650806451613,1224014.1612903227,0.0,0.0,29.048387096774192,33.04838709677419,False,,0.1,1.0,0.05,100.0,0.5,0.01,2.0
arm_2755,20263684,0.29,0,0.0023349018709677423,0.02140489677419355,0.00043202709677419356,0.0,2.4838709677419355,3963.387258064516,79.26776290322582,1968538.435483871,25089.593548387096,0.0,56.11290322580645,57.225806451612904,False,,0.1,1.0,0.05,100.0,0.5,0.05,2.0
arm_2756,20263685,0.3,0,0.0042526059516129035,0.04152032258064516,0.0,0.00022349709677419355,4.290322580645161,4993.608709677419,99.87217096774194,1210931.7096774194,0.0,10752.682258064517,70.2258064516129,68.08064516129032,False,,0.1,1.0,0.05,100.0,0.5,0.1,2.0
arm_2757,20263686,0.34,0,0.007165013870967742,0.07165013870967742,0.0,0.0,7.451612903225806,7693.4566129032255,153.86919354838707,1086768.6451612904,0.0,0.0,225.1290322580645,108.01612903225806,False,,0.1,1.0,0.05,100.0,0.5,0.01,4.0
arm_2758,20263687,0.32,0,0.0025658844677419355,0.024824699999999998,6.848838709677419e-05,0.00011687709677419356,2.935483870967742,3651.703870967742,73.03407903225806,1492533.064516129,2389.4870967741936,3584.230645161291,78.29032258064517,56.67741935483871,False,,0.1,1.0,0.05,100.0,0.5,0.05,4.0
arm_2759,20263688,0.31,0,0.0024036399919354842,0.020202,0.0002560159677419355,0.0005960729032258064,2.3870967741935485,2756.699193548387,55.13398064516129,1345877.9032258065,8363.204838709678,20310.624193548385,89.41935483870968,36.854838709677416,False,,0.1,1.0,0.05,100.0,0.5,0.1,4.0
arm_2760,20263689,0.36,0,0.00206186,0.0206186,0.0,0.0,2.0,2926.5056451612904,58.53007741935484,1419355.5,0.0,0.0,207.03225806451613,38.32258064516129,False,,0.1,1.0,0.05,100.0,0.5,0.01,8.0
arm_2761,20263690,0.38,0,0.0042603138709677415,0.04180379354838709,0.00017763225806451615,0.0,4.17741935483871,4430.127903225806,88.60255645161291,1061051.5483870967,5973.717741935484,0.0,306.1774193548387,58.61290322580645,False,,0.1,1.0,0.05,100.0,0.5,0.05,8.0
arm_2762,20263691,0.38,0,0.005120942677419355,0.05022637419354839,0.00010873500000000001,0.00010972112903225807,5.82258064516129,6105.711612903226,122.1143870967742,1225847.0,3584.230645161291,3584.230645161291,317.93548387096774,93.95161290322581,False,,0.1,1.0,0.05,100.0,0.5,0.1,8.0
arm_2763,20263692,0.19,0,,,,,,,,,,,,,,no tail rows,0.1,1.0,0.1,100.0,0.5,0.01,2.0
arm_2764,20263693,0.26,0,0.0,0.0,0.0,0.0,0.0,0.0,0.0,0.0,0.0,0.0,4.96969696969697,0.0,False,,0.1,1.0,0.1,100.0,0.5,0.05,2.0
arm_2765,20263694,0.19,0,,,,,,,,,,,,,,no tail rows,0.1,1.0,0.1,100.0,0.5,0.1,2.0
arm_2766,20263695,0.31,0,4.796070967741935e-05,0.0,0.0,0.00010657935483870967,0.04838709677419355,3.5526483870967747,0.07105306451612903,0.0,0.0,3584.230645161291,31.129032258064516,0.04838709677419355,False,,0.1,1.0,0.1,100.0,0.5,0.01,4.0
arm_2767,20263696,0.32,0,0.0,0.0,0.0,0.0,0.0,0.0,0.0,0.0,0.0,0.0,32.774193548387096,0.0,False,,0.1,1.0,0.1,100.0,0.5,0.05,4.0
arm_2768,20263697,0.3,0,0.0011143691612903227,0.011143691612903227,0.0,0.0,1.2258064516129032,160.7471096774194,3.214941935483871,152329.6112903226,0.0,0.0,17.580645161290324,2.3870967741935485,False,,0.1,1.0,0.1,100.0,0.5,0.1,4.0
arm_2769,20263698,0.38,0,0.0,0.0,0.0,0.0,0.0,0.0,0.0,0.0,0.0,0.0,143.88709677419354,0.0,False,,0.1,1.0,0.1,100.0,0.5,0.01,8.0
arm_2770,20263699,0.35,0,0.001042579806451613,0.00961538,7.18441935483871e-05,0.00010824870967741934,1.0806451612903225,141.56037419354837,2.8312082258064515,140979.5870967742,2389.4870967741936,3584.230645161291,115.6774193548387,1.9838709677419355,False,,0.1,1.0,0.1,100.0,0.5,0.05,8.0
arm_2771,20263700,0.33,0,0.00019185212903225806,0.0,0.0002763006451612903,0.0001500374193548387,0.1935483870967742,14.211264516129031,0.2842251612903226,0.0,9557.948387096774,4778.974193548387,83.93548387096774,0.1935483870967742,False,,0.1,1.0,0.1,100.0,0.5,0.1,8.0
arm_2772,20263701,0.24,0,6.927332142857143e-05,0.0,0.0,0.0001539407142857143,0.07142857142857142,5.131364285714286,0.10262714285714285,0.0,0.0,5291.007142857144,0.8571428571428571,0.07142857142857142,False,,0.1,1.0,0.15,100.0,0.5,0.01,2.0
arm_2773,20263702,0.25,0,0.0,0.0,0.0,0.0,0.0,0.0,0.0,0.0,0.0,0.0,0.9047619047619048,0.0,False,,0.1,1.0,0.15,100.0,0.5,0.05,2.0
arm_2774,20263703,0.25,0,0.0,0.0,0.0,0.0,0.0,0.0,0.0,0.0,0.0,0.0,1.875,0.0,False,,0.1,1.0,0.15,100.0,0.5,0.1,2.0
arm_2775,20263704,0.31,0,0.0,0.0,0.0,0.0,0.0,0.0,0.0,0.0,0.0,0.0,15.870967741935484,0.0,False,,0.1,1.0,0.15,100.0,0.5,0.01,4.0
arm_2776,20263705,0.3,0,0.00011494654838709678,0.0,0.0,0.0002554367741935484,0.11290322580645161,12.16369677419355,0.24327370967741935,0.0,0.0,11947.425806451613,14.790322580645162,0.16129032258064516,False,,0.1,1.0,0.15,100.0,0.5,0.05,4.0
arm_2777,20263706,0.31,0,0.0,0.0,0.0,0.0,0.0,0.0,0.0,0.0,0.0,0.0,21.112903225806452,0.0,False,,0.1,1.0,0.15,100.0,0.5,0.1,4.0
arm_2778,20263707,0.35,0,0.0,0.0,0.0,0.0,0.0,0.0,0.0,0.0,0.0,0.0,98.53225806451613,0.0,False,,0.1,1.0,0.15,100.0,0.5,0.01,8.0
arm_2779,20263708,0.36,0,0.00025011,0.0,0.0001500374193548387,0.00040576258064516134,0.25806451612903225,18.52665806451613,0.3705322580645161,0.0,4778.974193548387,14336.922580645163,103.3225806451613,0.25806451612903225,False,,0.1,1.0,0.15,100.0,0.5,0.05,8.0
arm_2780,20263709,0.34,0,0.00015442715322580645,0.0,0.0003431714516129032,0.0,0.14516129032258066,11.439029032258064,0.22878000000000004,0.0,10752.691935483872,0.0,95.61290322580645,0.14516129032258066,False,,0.1,1.0,0.15,100.0,0.5,0.1,8.0
arm_2781,20263710,0.23,0,0.0,0.0,0.0,0.0,0.0,0.0,0.0,0.0,0.0,0.0,5.473684210526316,0.0,False,,0.3,1.0,0.05,100.0,0.5,0.01,2.0
arm_2782,20263711,0.27,0,0.0001369445806451613,0.001369445806451613,0.0,0.0,0.14516129032258066,20.28807741935484,0.40576177419354836,21505.36129032258,0.0,0.0,2.693548387096774,0.2903225806451613,False,,0.3,1.0,0.05,100.0,0.5,0.05,2.0
arm_2783,20263712,0.23,0,0.0,0.0,0.0,0.0,0.0,0.0,0.0,0.0,0.0,0.0,0.9523809523809523,0.0,False,,0.3,1.0,0.05,100.0,0.5,0.1,2.0
arm_2784,20263713,0.28,0,0.0,0.0,0.0,0.0,0.0,0.0,0.0,0.0,0.0,0.0,10.96774193548387,0.0,False,,0.3,1.0,0.05,100.0,0.5,0.01,4.0
arm_2785,20263714,0.27,0,3.344733870967742e-05,0.0,7.43274193548387e-05,0.0,0.03225806451612903,2.477577419354839,0.04955161290322581,0.0,2389.4870967741936,0.0,8.64516129032258,0.03225806451612903,False,,0.3,1.0,0.05,100.0,0.5,0.05,4.0
arm_2786,20263715,0.28,0,0.0,0.0,0.0,0.0,0.0,0.0,0.0,0.0,0.0,0.0,12.53225806451613,0.0,False,,0.3,1.0,0.05,100.0,0.5,0.1,4.0
arm_2787,20263716,0.36,0,1.6164943548387097e-05,0.0,3.592209677419355e-05,0.0,0.016129032258064516,1.1974032258064518,0.023948064516129033,0.0,1194.7435483870968,0.0,101.3225806451613,0.016129032258064516,False,,0.3,1.0,0.05,100.0,0.5,0.01,8.0
arm_2788,20263717,0.38,0,8.309714516129032e-05,0.0,0.00011200709677419354,7.26532258064516e-05,0.08064516129032258,7.399874193548387,0.14799741935483873,0.0,3584.2274193548387,2389.4870967741936,109.12903225806451,0.0967741935483871,False,,0.3,1.0,0.05,100.0,0.5,0.05,8.0
arm_2789,20263718,0.34,0,0.0,0.0,0.0,0.0,0.0,0.0,0.0,0.0,0.0,0.0,107.40322580645162,0.0,False,,0.3,1.0,0.05,100.0,0.5,0.1,8.0
arm_2790,20263719,0.29,0,0.0,0.0,0.0,0.0,0.0,0.0,0.0,0.0,0.0,0.0,2.9473684210526314,0.0,False,,0.3,1.0,0.1,100.0,0.5,0.01,2.0
arm_2791,20263720,0.21,0,,,,,,,,,,,,,,no tail rows,0.3,1.0,0.1,100.0,0.5,0.05,2.0
arm_2792,20263721,0.22,0,,,,,,,,,,,,,,no tail rows,0.3,1.0,0.1,100.0,0.5,0.1,2.0
arm_2793,20263722,0.31,0,0.0,0.0,0.0,0.0,0.0,0.0,0.0,0.0,0.0,0.0,13.838709677419354,0.0,False,,0.3,1.0,0.1,100.0,0.5,0.01,4.0
arm_2794,20263723,0.32,0,3.3217693548387094e-05,0.0,0.0,7.381709677419355e-05,0.03225806451612903,2.460570967741935,0.04921129032258064,0.0,0.0,2389.4870967741936,24.64516129032258,0.03225806451612903,False,,0.3,1.0,0.1,100.0,0.5,0.05,4.0
arm_2795,20263724,0.26,0,0.0001596933870967742,0.001596933870967742,0.0,0.0,0.16129032258064516,11.829145161290322,0.2365822580645161,11947.435483870968,0.0,0.0,5.032258064516129,0.16129032258064516,False,,0.3,1.0,0.1,100.0,0.5,0.1,4.0
arm_2796,20263725,0.3,0,1.6997806451612904e-05,0.0,0.0,3.777290322580645e-05,0.016129032258064516,1.2590967741935484,0.025181935483870967,0.0,0.0,1194.7435483870968,88.53225806451613,0.016129032258064516,False,,0.3,1.0,0.1,100.0,0.5,0.01,8.0
arm_2797,20263726,0.31,0,3.284187096774194e-05,0.0,7.298193548387098e-05,0.0,0.03225806451612903,4.865483870967743,0.09730935483870967,0.0,4778.967741935484,0.0,74.93548387096774,0.06451612903225806,False,,0.3,1.0,0.1,100.0,0.5,0.05,8.0
arm_2798,20263727,0.31,0,1.6801040322580646e-05,0.0,0.0,3.7335645161290325e-05,0.016129032258064516,1.244524193548387,0.02489048387096774,0.0,0.0,1194.7435483870968,82.61290322580645,0.016129032258064516,False,,0.3,1.0,0.1,100.0,0.5,0.1,8.0
arm_2799,20263728,0.15,0,,,,,,,,,,,,,,no tail rows,0.3,1.0,0.15,100.0,0.5,0.01,2.0
arm_2800,20263729,0.22,0,0.0,0.0,0.0,0.0,0.0,0.0,0.0,0.0,0.0,0.0,0.8571428571428571,0.0,False,,0.3,1.0,0.15,100.0,0.5,0.05,2.0
arm_2801,20263730,0.16,0,,,,,,,,,,,,,,no tail rows,0.3,1.0,0.15,100.0,0.5,0.1,2.0
arm_2802,20263731,0.29,0,0.0,0.0,0.0,0.0,0.0,0.0,0.0,0.0,0.0,0.0,15.225806451612904,0.0,False,,0.3,1.0,0.15,100.0,0.5,0.01,4.0
arm_2803,20263732,0.28,0,0.0,0.0,0.0,0.0,0.0,0.0,0.0,0.0,0.0,0.0,9.370967741935484,0.0,False,,0.3,1.0,0.15,100.0,0.5,0.05,4.0
arm_2804,20263733,0.28,0,0.0,0.0,0.0,0.0,0.0,0.0,0.0,0.0,0.0,0.0,10.17741935483871,0.0,False,,0.3,1.0,0.15,100.0,0.5,0.1,4.0
arm_2805,20263734,0.29,0,0.0,0.0,0.0,0.0,0.0,0.0,0.0,0.0,0.0,0.0,70.48387096774194,0.0,False,,0.3,1.0,0.15,100.0,0.5,0.01,8.0
arm_2806,20263735,0.31,0,3.25668629032258e-05,0.0,3.768467741935484e-05,3.468612903225806e-05,0.03225806451612903,2.412358064516129,0.048247096774193546,0.0,1194.7435483870968,1194.7435483870968,71.64516129032258,0.03225806451612903,False,,0.3,1.0,0.15,100.0,0.5,0.05,8.0
arm_2807,20263736,0.32,0,0.00011226229838709676,0.0,7.415645161290321e-05,0.00017531532258064514,0.11290322580645161,13.058016129032257,0.2611598387096774,0.0,3584.2274193548387,9557.938709677419,78.24193548387096,0.1774193548387097,False,,0.3,1.0,0.15,100.0,0.5,0.1,8.0
arm_2808,20263737,0.23,0,0.0,0.0,0.0,0.0,0.0,0.0,0.0,0.0,0.0,0.0,6.65,0.0,False,,0.5,1.0,0.05,100.0,0.5,0.01,2.0
arm_2809,20263738,0.17,0,,,,,,,,,,,,,,no tail rows,0.5,1.0,0.05,100.0,0.5,0.05,2.0
arm_2810,20263739,0.2,0,,,,,,,,,,,,,,no tail rows,0.5,1.0,0.05,100.0,0.5,0.1,2.0
arm_2811,20263740,0.28,0,0.0,0.0,0.0,0.0,0.0,0.0,0.0,0.0,0.0,0.0,16.596774193548388,0.0,False,,0.5,1.0,0.05,100.0,0.5,0.01,4.0
arm_2812,20263741,0.27,0,0.0,0.0,0.0,0.0,0.0,0.0,0.0,0.0,0.0,0.0,11.983870967741936,0.0,False,,0.5,1.0,0.05,100.0,0.5,0.05,4.0
arm_2813,20263742,0.27,0,1.728108870967742e-05,0.0,0.0,3.840241935483871e-05,0.016129032258064516,1.2800822580645161,0.025601612903225806,0.0,0.0,1194.7435483870968,12.758064516129032,0.016129032258064516,False,,0.5,1.0,0.05,100.0,0.5,0.1,4.0
arm_2814,20263743,0.28,0,0.0,0.0,0.0,0.0,0.0,0.0,0.0,0.0,0.0,0.0,75.8225806451613,0.0,False,,0.5,1.0,0.05,100.0,0.5,0.01,8.0
arm_2815,20263744,0.3,0,3.0689419354838714e-05,0.0,6.819870967741936e-05,0.0,0.03225806451612903,3.4099387096774194,0.06819887096774194,0.0,3584.2274193548387,0.0,76.48387096774194,0.04838709677419355,False,,0.5,1.0,0.05,100.0,0.5,0.05,8.0
arm_2816,20263745,0.28,0,4.986566129032259e-05,0.0,3.491129032258065e-05,7.590129032258065e-05,0.04838709677419355,4.958782258064516,0.09917548387096774,0.0,1194.7435483870968,3584.2274193548387,63.74193548387097,0.06451612903225806,False,,0.5,1.0,0.05,100.0,0.5,0.1,8.0
arm_2817,20263746,0.18,0,,,,,,,,,,,,,,no tail rows,0.5,1.0,0.1,100.0,0.5,0.01,2.0
arm_2818,20263747,0.15,0,,,,,,,,,,,,,,no tail rows,0.5,1.0,0.1,100.0,0.5,0.05,2.0
arm_2819,20263748,0.18,0,,,,,,,,,,,,,,no tail rows,0.5,1.0,0.1,100.0,0.5,0.1,2.0
arm_2820,20263749,0.27,0,0.0,0.0,0.0,0.0,0.0,0.0,0.0,0.0,0.0,0.0,5.589285714285714,0.0,False,,0.5,1.0,0.1,100.0,0.5,0.01,4.0
arm_2821,20263750,0.29,0,0.0,0.0,0.0,0.0,0.0,0.0,0.0,0.0,0.0,0.0,19.693548387096776,0.0,False,,0.5,1.0,0.1,100.0,0.5,0.05,4.0
arm_2822,20263751,0.29,0,3.169466129032258e-05,0.0,0.0,7.04325806451613e-05,0.03225806451612903,4.695503225806451,0.09390983870967741,0.0,0.0,4778.9693548387095,24.322580645161292,0.06451612903225806,False,,0.5,1.0,0.1,100.0,0.5,0.1,4.0
arm_2823,20263752,0.3,0,0.0,0.0,0.0,0.0,0.0,0.0,0.0,0.0,0.0,0.0,94.93548387096774,0.0,False,,0.5,1.0,0.1,100.0,0.5,0.01,8.0
arm_2824,20263753,0.3,0,0.0,0.0,0.0,0.0,0.0,0.0,0.0,0.0,0.0,0.0,92.75806451612904,0.0,False,,0.5,1.0,0.1,100.0,0.5,0.05,8.0
arm_2825,20263754,0.29,0,1.5508677419354838e-05,0.00015508677419354838,0.0,0.0,0.016129032258064516,1.148791935483871,0.022975806451612905,1194.7435483870968,0.0,0.0,99.35483870967742,0.016129032258064516,False,,0.5,1.0,0.1,100.0,0.5,0.1,8.0
arm_2826,20263755,0.22,0,0.0,0.0,0.0,0.0,0.0,0.0,0.0,0.0,0.0,0.0,6.611111111111111,0.0,False,,0.5,1.0,0.15,100.0,0.5,0.01,2.0
arm_2827,20263756,0.21,0,0.0,0.0,0.0,0.0,0.0,0.0,0.0,0.0,0.0,0.0,2.4,0.0,False,,0.5,1.0,0.15,100.0,0.5,0.05,2.0
arm_2828,20263757,0.2,0,,,,,,,,,,,,,,no tail rows,0.5,1.0,0.15,100.0,0.5,0.1,2.0
arm_2829,20263758,0.27,0,1.5642362903225808e-05,0.0,0.0,3.4760806451612906e-05,0.016129032258064516,1.1586951612903227,0.023173870967741934,0.0,0.0,1194.7435483870968,17.612903225806452,0.016129032258064516,False,,0.5,1.0,0.15,100.0,0.5,0.01,4.0
arm_2830,20263759,0.27,0,0.0,0.0,0.0,0.0,0.0,0.0,0.0,0.0,0.0,0.0,8.225806451612904,0.0,False,,0.5,1.0,0.15,100.0,0.5,0.05,4.0
arm_2831,20263760,0.26,0,0.0,0.0,0.0,0.0,0.0,0.0,0.0,0.0,0.0,0.0,15.096774193548388,0.0,False,,0.5,1.0,0.15,100.0,0.5,0.1,4.0
arm_2832,20263761,0.28,0,0.0,0.0,0.0,0.0,0.0,0.0,0.0,0.0,0.0,0.0,82.90322580645162,0.0,False,,0.5,1.0,0.15,100.0,0.5,0.01,8.0
arm_2833,20263762,0.31,0,1.6997806451612904e-05,0.0,0.0,3.777290322580645e-05,0.016129032258064516,1.2590967741935484,0.025181935483870967,0.0,0.0,1194.7435483870968,108.3225806451613,0.016129032258064516,False,,0.5,1.0,0.15,100.0,0.5,0.05,8.0
arm_2834,20263763,0.3,0,0.00010082875806451613,0.0006651161290322581,0.0,7.626032258064516e-05,0.0967741935483871,7.468777419354838,0.14937548387096775,4778.974193548387,0.0,2389.4870967741936,86.35483870967742,0.0967741935483871,False,,0.5,1.0,0.15,100.0,0.5,0.1,8.0
arm_2835,20263764,0.31,0,0.004040866169354839,0.039604,0.0,0.00017881370967741934,4.080645161290323,8402.292419354839,168.04583870967744,2119773.5483870967,0.0,7168.4580645161295,132.93548387096774,114.56451612903226,False,,0.1,1.0,0.05,100.0,0.7,0.01,2.0
arm_2836,20263765,0.3,0,0.003063089782258065,0.03,3.768467741935484e-05,0.00010251483870967743,3.064516129032258,3665.032258064516,73.30064032258063,1217841.677419355,1194.7435483870968,10752.679032258064,52.53225806451613,49.483870967741936,False,,0.1,1.0,0.05,100.0,0.7,0.05,2.0
arm_2837,20263766,0.3,0,0.003936872903225807,0.03936872903225806,0.0,0.0,3.661290322580645,2552.640161290323,51.052787096774196,679251.4516129033,0.0,0.0,22.758064516129032,32.04838709677419,False,,0.1,1.0,0.05,100.0,0.7,0.1,2.0
arm_2838,20263767,0.36,0,0.004131714266129033,0.0392157,0.0,0.00046698725806451613,4.209677419354839,10830.33193548387,216.60667741935484,2757765.0,0.0,15531.666129032259,191.25806451612902,149.1290322580645,True,,0.1,1.0,0.05,100.0,0.7,0.01,4.0
arm_2839,20263768,0.36,0,0.007282232016129032,0.07201045483870967,0.00018041451612903225,0.0,7.209677419354839,11743.452741935484,234.86912903225806,1649599.2258064516,7168.4580645161295,0.0,220.6290322580645,156.9516129032258,True,,0.1,1.0,0.05,100.0,0.7,0.05,4.0
arm_2840,20263769,0.36,0,0.002679766741935484,0.0255102,0.0001433690322580645,0.0001427348387096774,2.629032258064516,2097.809532258065,41.9562064516129,770210.9032258064,4778.974193548387,8363.195161290323,95.16129032258064,27.758064516129032,False,,0.1,1.0,0.05,100.0,0.7,0.1,4.0
arm_2841,20263770,0.35,0,0.0020849687096774192,0.02084968709677419,0.0,0.0,1.7096774193548387,1513.8267419354838,30.276540322580644,805854.2419354839,0.0,0.0,130.79032258064515,16.758064516129032,False,,0.1,1.0,0.05,100.0,0.7,0.01,8.0
arm_2842,20263771,0.42,0,0.005238733322580645,0.0490196,0.0005659303225806452,0.00018245483870967744,5.338709677419355,8066.059193548387,161.32117741935485,1639665.4838709678,17323.774193548386,5973.717741935484,388.93548387096774,111.06451612903226,False,,0.1,1.0,0.05,100.0,0.7,0.05,8.0
arm_2843,20263772,0.4,0,0.0043683963387096784,0.03798615483870968,0.0008654590322580646,0.00040072064516129036,4.612903225806452,4745.807419354839,94.91615161290323,1235125.7741935484,26284.351612903225,23894.85,247.67741935483872,68.48387096774194,False,,0.1,1.0,0.05,100.0,0.7,0.1,8.0
arm_2844,20263773,0.3,0,0.0,0.0,0.0,0.0,0.0,0.0,0.0,0.0,0.0,0.0,3.357142857142857,0.0,False,,0.1,1.0,0.1,100.0,0.7,0.01,2.0
arm_2845,20263774,0.29,0,0.0,0.0,0.0,0.0,0.0,0.0,0.0,0.0,0.0,0.0,2.2083333333333335,0.0,False,,0.1,1.0,0.1,100.0,0.7,0.05,2.0
arm_2846,20263775,0.24,0,,,,,,,,,,,,,,no tail rows,0.1,1.0,0.1,100.0,0.7,0.1,2.0
arm_2847,20263776,0.35,0,6.86341935483871e-05,0.000686341935483871,0.0,0.0,0.06451612903225806,5.084012903225807,0.10168,4778.974193548387,0.0,0.0,44.03225806451613,0.06451612903225806,False,,0.1,1.0,0.1,100.0,0.7,0.01,4.0
arm_2848,20263777,0.32,0,0.0,0.0,0.0,0.0,0.0,0.0,0.0,0.0,0.0,0.0,22.032258064516128,0.0,False,,0.1,1.0,0.1,100.0,0.7,0.05,4.0
arm_2849,20263778,0.33,0,1.711807258064516e-05,0.0,3.804016129032258e-05,0.0,0.016129032258064516,1.2680064516129033,0.02536016129032258,0.0,1194.7435483870968,0.0,21.193548387096776,0.016129032258064516,False,,0.1,1.0,0.1,100.0,0.7,0.1,4.0
arm_2850,20263779,0.37,0,0.0,0.0,0.0,0.0,0.0,0.0,0.0,0.0,0.0,0.0,102.79032258064517,0.0,False,,0.1,1.0,0.1,100.0,0.7,0.01,8.0
arm_2851,20263780,0.36,0,3.1284725806451616e-05,0.0,0.0,6.952161290322581e-05,0.03225806451612903,2.3173903225806454,0.04634774193548387,0.0,0.0,2389.4870967741936,97.14516129032258,0.03225806451612903,False,,0.1,1.0,0.1,100.0,0.7,0.05,8.0
arm_2852,20263781,0.41,0,0.0005021995000000001,0.0046920825806451615,0.0,7.331387096774195e-05,0.5483870967741935,39.37222903225807,0.7874435483870967,40621.27419354839,0.0,2389.4870967741936,147.93548387096774,0.5806451612903226,False,,0.1,1.0,0.1,100.0,0.7,0.1,8.0
arm_2853,20263782,0.26,0,0.0,0.0,0.0,0.0,0.0,0.0,0.0,0.0,0.0,0.0,1.945945945945946,0.0,False,,0.1,1.0,0.15,100.0,0.7,0.01,2.0
arm_2854,20263783,0.25,0,0.0,0.0,0.0,0.0,0.0,0.0,0.0,0.0,0.0,0.0,0.9615384615384616,0.0,False,,0.1,1.0,0.15,100.0,0.7,0.05,2.0
arm_2855,20263784,0.21,0,,,,,,,,,,,,,,no tail rows,0.1,1.0,0.15,100.0,0.7,0.1,2.0
arm_2856,20263785,0.32,0,0.0,0.0,0.0,0.0,0.0,0.0,0.0,0.0,0.0,0.0,20.516129032258064,0.0,False,,0.1,1.0,0.15,100.0,0.7,0.01,4.0
arm_2857,20263786,0.3,0,0.0,0.0,0.0,0.0,0.0,0.0,0.0,0.0,0.0,0.0,15.064516129032258,0.0,False,,0.1,1.0,0.15,100.0,0.7,0.05,4.0
arm_2858,20263787,0.31,0,0.0005850591532258065,0.004682627419354839,0.0002595475806451613,0.0,0.5483870967741935,53.61502580645161,1.0723004838709678,41815.99838709677,7168.461290322582,0.0,17.20967741935484,0.6774193548387096,False,,0.1,1.0,0.15,100.0,0.7,0.1,4.0
arm_2859,20263788,0.36,0,0.0,0.0,0.0,0.0,0.0,0.0,0.0,0.0,0.0,0.0,118.41935483870968,0.0,False,,0.1,1.0,0.15,100.0,0.7,0.01,8.0
arm_2860,20263789,0.32,0,8.960559677419356e-05,0.0,0.0001991235483870968,0.0,0.0967741935483871,7.743701612903227,0.15487387096774194,0.0,8363.201612903225,0.0,73.43548387096774,0.11290322580645161,False,,0.1,1.0,0.15,100.0,0.7,0.05,8.0
arm_2861,20263790,0.33,0,8.200720161290323e-05,0.0,0.00010450790322580647,7.773032258064515e-05,0.08064516129032258,8.39698064516129,0.16794,0.0,5973.711290322581,2389.4870967741936,79.88709677419355,0.11290322580645161,False,,0.1,1.0,0.15,100.0,0.7,0.1,8.0
arm_2862,20263791,0.22,0,0.0,0.0,0.0,0.0,0.0,0.0,0.0,0.0,0.0,0.0,1.8,0.0,False,,0.3,1.0,0.05,100.0,0.7,0.01,2.0
arm_2863,20263792,0.27,0,0.0,0.0,0.0,0.0,0.0,0.0,0.0,0.0,0.0,0.0,1.0,0.0,False,,0.3,1.0,0.05,100.0,0.7,0.05,2.0
arm_2864,20263793,0.23,0,0.0,0.0,0.0,0.0,0.0,0.0,0.0,0.0,0.0,0.0,1.92,0.0,False,,0.3,1.0,0.05,100.0,0.7,0.1,2.0
arm_2865,20263794,0.28,0,0.0,0.0,0.0,0.0,0.0,0.0,0.0,0.0,0.0,0.0,6.419354838709677,0.0,False,,0.3,1.0,0.05,100.0,0.7,0.01,4.0
arm_2866,20263795,0.29,0,0.0,0.0,0.0,0.0,0.0,0.0,0.0,0.0,0.0,0.0,10.693548387096774,0.0,False,,0.3,1.0,0.05,100.0,0.7,0.05,4.0
arm_2867,20263796,0.28,0,0.0,0.0,0.0,0.0,0.0,0.0,0.0,0.0,0.0,0.0,10.53225806451613,0.0,False,,0.3,1.0,0.05,100.0,0.7,0.1,4.0
arm_2868,20263797,0.31,0,0.0,0.0,0.0,0.0,0.0,0.0,0.0,0.0,0.0,0.0,59.53225806451613,0.0,False,,0.3,1.0,0.05,100.0,0.7,0.01,8.0
arm_2869,20263798,0.31,0,0.0,0.0,0.0,0.0,0.0,0.0,0.0,0.0,0.0,0.0,84.48387096774194,0.0,False,,0.3,1.0,0.05,100.0,0.7,0.05,8.0
arm_2870,20263799,0.3,0,5.002693548387097e-05,0.0,3.3813548387096776e-05,7.735741935483871e-05,0.04838709677419355,4.8328096774193545,0.09665629032258063,0.0,2389.483870967742,2389.4870967741936,95.24193548387096,0.06451612903225806,False,,0.3,1.0,0.05,100.0,0.7,0.1,8.0
arm_2871,20263800,0.23,0,0.0,0.0,0.0,0.0,0.0,0.0,0.0,0.0,0.0,0.0,1.4761904761904763,0.0,False,,0.3,1.0,0.1,100.0,0.7,0.01,2.0
arm_2872,20263801,0.15,0,,,,,,,,,,,,,,no tail rows,0.3,1.0,0.1,100.0,0.7,0.05,2.0
arm_2873,20263802,0.18,0,,,,,,,,,,,,,,no tail rows,0.3,1.0,0.1,100.0,0.7,0.1,2.0
arm_2874,20263803,0.28,0,0.0,0.0,0.0,0.0,0.0,0.0,0.0,0.0,0.0,0.0,15.419354838709678,0.0,False,,0.3,1.0,0.1,100.0,0.7,0.01,4.0
arm_2875,20263804,0.28,0,0.0,0.0,0.0,0.0,0.0,0.0,0.0,0.0,0.0,0.0,14.67741935483871,0.0,False,,0.3,1.0,0.1,100.0,0.7,0.05,4.0
arm_2876,20263805,0.29,0,0.0,0.0,0.0,0.0,0.0,0.0,0.0,0.0,0.0,0.0,14.306451612903226,0.0,False,,0.3,1.0,0.1,100.0,0.7,0.1,4.0
arm_2877,20263806,0.3,0,0.0,0.0,0.0,0.0,0.0,0.0,0.0,0.0,0.0,0.0,81.43548387096774,0.0,False,,0.3,1.0,0.1,100.0,0.7,0.01,8.0
arm_2878,20263807,0.31,0,2.9807274193548384e-05,0.0,6.623838709677419e-05,0.0,0.03225806451612903,6.623827419354838,0.1324767741935484,0.0,7168.453225806451,0.0,101.7741935483871,0.0967741935483871,False,,0.3,1.0,0.1,100.0,0.7,0.05,8.0
arm_2879,20263808,0.31,0,0.0,0.0,0.0,0.0,0.0,0.0,0.0,0.0,0.0,0.0,91.12903225806451,0.0,False,,0.3,1.0,0.1,100.0,0.7,0.1,8.0
arm_2880,20263809,0.25,0,0.0,0.0,0.0,0.0,0.0,0.0,0.0,0.0,0.0,0.0,0.9787234042553191,0.0,False,,0.3,1.0,0.15,100.0,0.7,0.01,2.0
arm_2881,20263810,0.2,0,,,,,,,,,,,,,,no tail rows,0.3,1.0,0.15,100.0,0.7,0.05,2.0
arm_2882,20263811,0.27,0,0.0,0.0,0.0,0.0,0.0,0.0,0.0,0.0,0.0,0.0,1.0,0.0,False,,0.3,1.0,0.15,100.0,0.7,0.1,2.0
arm_2883,20263812,0.29,0,6.67408064516129e-05,0.0,0.00014831290322580643,0.0,0.06451612903225806,11.12348064516129,0.22246951612903226,0.0,10752.68064516129,0.0,29.258064516129032,0.14516129032258066,False,,0.3,1.0,0.15,100.0,0.7,0.01,4.0
arm_2884,20263813,0.29,0,0.0,0.0,0.0,0.0,0.0,0.0,0.0,0.0,0.0,0.0,23.516129032258064,0.0,False,,0.3,1.0,0.15,100.0,0.7,0.05,4.0
arm_2885,20263814,0.29,0,0.0,0.0,0.0,0.0,0.0,0.0,0.0,0.0,0.0,0.0,20.032258064516128,0.0,False,,0.3,1.0,0.15,100.0,0.7,0.1,4.0
arm_2886,20263815,0.31,0,3.135237096774194e-05,0.0,6.967193548387097e-05,0.0,0.03225806451612903,2.322393548387097,0.04644774193548387,0.0,2389.4870967741936,0.0,94.11290322580645,0.03225806451612903,False,,0.3,1.0,0.15,100.0,0.7,0.01,8.0
arm_2887,20263816,0.29,0,1.6129016129032257e-05,0.0,0.0,3.584225806451613e-05,0.016129032258064516,1.1947435483870967,0.02389483870967742,0.0,0.0,1194.7435483870968,46.903225806451616,0.016129032258064516,False,,0.3,1.0,0.15,100.0,0.7,0.05,8.0
arm_2888,20263817,0.3,0,1.5710080645161295e-05,0.0,0.0,3.491129032258065e-05,0.016129032258064516,1.1637112903225806,0.023274193548387098,0.0,0.0,1194.7435483870968,58.33870967741935,0.016129032258064516,False,,0.3,1.0,0.15,100.0,0.7,0.1,8.0
arm_2889,20263818,0.22,0,0.0,0.0,0.0,0.0,0.0,0.0,0.0,0.0,0.0,0.0,0.9230769230769231,0.0,False,,0.5,1.0,0.05,100.0,0.7,0.01,2.0
arm_2890,20263819,0.2,0,,,,,,,,,,,,,,no tail rows,0.5,1.0,0.05,100.0,0.7,0.05,2.0
arm_2891,20263820,0.2,0,,,,,,,,,,,,,,no tail rows,0.5,1.0,0.05,100.0,0.7,0.1,2.0
arm_2892,20263821,0.27,0,1.515251612903226e-05,0.0,0.0,3.367225806451613e-05,0.016129032258064516,2.2448225806451614,0.044896451612903225,0.0,0.0,2389.483870967742,13.709677419354838,0.03225806451612903,False,,0.5,1.0,0.05,100.0,0.7,0.01,4.0
arm_2893,20263822,0.27,0,0.0,0.0,0.0,0.0,0.0,0.0,0.0,0.0,0.0,0.0,15.838709677419354,0.0,False,,0.5,1.0,0.05,100.0,0.7,0.05,4.0
arm_2894,20263823,0.28,0,0.0,0.0,0.0,0.0,0.0,0.0,0.0,0.0,0.0,0.0,15.96774193548387,0.0,False,,0.5,1.0,0.05,100.0,0.7,0.1,4.0
arm_2895,20263824,0.29,0,1.5710080645161295e-05,0.0,0.0,3.491129032258065e-05,0.016129032258064516,3.491129032258064,0.06982258064516128,0.0,0.0,3584.2258064516127,92.19354838709677,0.04838709677419355,False,,0.5,1.0,0.05,100.0,0.7,0.01,8.0
arm_2896,20263825,0.29,0,0.000303417435483871,0.00303417435483871,0.0,0.0,0.3064516129032258,22.475375806451613,0.44950629032258066,22700.12741935484,0.0,0.0,69.98387096774194,0.3064516129032258,False,,0.5,1.0,0.05,100.0,0.7,0.05,8.0
arm_2897,20263826,0.3,0,3.2693951612903224e-05,0.0,0.0,7.26532258064516e-05,0.03225806451612903,7.265322580645161,0.14530645161290323,0.0,0.0,7168.451612903225,77.79032258064517,0.0967741935483871,False,,0.5,1.0,0.05,100.0,0.7,0.1,8.0
arm_2898,20263827,0.16,0,,,,,,,,,,,,,,no tail rows,0.5,1.0,0.1,100.0,0.7,0.01,2.0
arm_2899,20263828,0.22,0,0.0,0.0,0.0,0.0,0.0,0.0,0.0,0.0,0.0,0.0,6.588235294117647,0.0,False,,0.5,1.0,0.1,100.0,0.7,0.05,2.0
arm_2900,20263829,0.18,0,,,,,,,,,,,,,,no tail rows,0.5,1.0,0.1,100.0,0.7,0.1,2.0
arm_2901,20263830,0.27,0,0.0,0.0,0.0,0.0,0.0,0.0,0.0,0.0,0.0,0.0,16.306451612903224,0.0,False,,0.5,1.0,0.1,100.0,0.7,0.01,4.0
arm_2902,20263831,0.26,0,0.0,0.0,0.0,0.0,0.0,0.0,0.0,0.0,0.0,0.0,4.870967741935484,0.0,False,,0.5,1.0,0.1,100.0,0.7,0.05,4.0
arm_2903,20263832,0.27,0,0.0,0.0,0.0,0.0,0.0,0.0,0.0,0.0,0.0,0.0,9.709677419354838,0.0,False,,0.5,1.0,0.1,100.0,0.7,0.1,4.0
arm_2904,20263833,0.3,0,0.0,0.0,0.0,0.0,0.0,0.0,0.0,0.0,0.0,0.0,128.2258064516129,0.0,False,,0.5,1.0,0.1,100.0,0.7,0.01,8.0
arm_2905,20263834,0.28,0,0.0,0.0,0.0,0.0,0.0,0.0,0.0,0.0,0.0,0.0,56.516129032258064,0.0,False,,0.5,1.0,0.1,100.0,0.7,0.05,8.0
arm_2906,20263835,0.29,0,9.457258870967742e-05,0.00015508677419354838,0.0,0.0001756975806451613,0.0967741935483871,9.348012903225808,0.18696000000000002,1194.7435483870968,0.0,8363.2,76.87096774193549,0.12903225806451613,False,,0.5,1.0,0.1,100.0,0.7,0.1,8.0
arm_2907,20263836,0.15,0,,,,,,,,,,,,,,no tail rows,0.5,1.0,0.15,100.0,0.7,0.01,2.0
arm_2908,20263837,0.18,0,,,,,,,,,,,,,,no tail rows,0.5,1.0,0.15,100.0,0.7,0.05,2.0
arm_2909,20263838,0.18,0,,,,,,,,,,,,,,no tail rows,0.5,1.0,0.15,100.0,0.7,0.1,2.0
arm_2910,20263839,0.27,0,0.0,0.0,0.0,0.0,0.0,0.0,0.0,0.0,0.0,0.0,11.338709677419354,0.0,False,,0.5,1.0,0.15,100.0,0.7,0.01,4.0
arm_2911,20263840,0.27,0,0.0,0.0,0.0,0.0,0.0,0.0,0.0,0.0,0.0,0.0,14.161290322580646,0.0,False,,0.5,1.0,0.15,100.0,0.7,0.05,4.0
arm_2912,20263841,0.28,0,0.0,0.0,0.0,0.0,0.0,0.0,0.0,0.0,0.0,0.0,11.0,0.0,False,,0.5,1.0,0.15,100.0,0.7,0.1,4.0
arm_2913,20263842,0.29,0,1.672366935483871e-05,0.0,0.0,3.716370967741935e-05,0.016129032258064516,2.4775806451612907,0.04955161290322581,0.0,0.0,2389.483870967742,92.6774193548387,0.03225806451612903,False,,0.5,1.0,0.15,100.0,0.7,0.01,8.0
arm_2914,20263843,0.28,0,0.0,0.0,0.0,0.0,0.0,0.0,0.0,0.0,0.0,0.0,75.83870967741936,0.0,False,,0.5,1.0,0.15,100.0,0.7,0.05,8.0
arm_2915,20263844,0.29,0,6.452491935483873e-05,0.0,3.657370967741935e-05,0.00010681500000000001,0.06451612903225806,15.622572580645162,0.3124512903225807,0.0,7168.451612903225,8363.195161290323,75.41935483870968,0.20967741935483872,False,,0.5,1.0,0.15,100.0,0.7,0.1,8.0
arm_2916,20263845,0.22,0,0.002705871677419355,0.0212766,0.0012849148387096775,0.0,2.6129032258064515,21713.44193548387,434.26883870967737,10185200.0,45400.25483870968,0.0,3.903225806451613,275.61290322580646,True,,0.1,0.2,0.05,300.0,0.3,0.01,2.0
arm_2917,20263846,0.24,0,0.012419023540322581,0.113636,0.00234538564516129,0.0,11.048387096774194,145274.82258064515,2905.4958064516127,12762483.225806452,189963.96774193548,0.0,109.03225806451613,1726.241935483871,False,,0.1,0.2,0.05,300.0,0.3,0.05,2.0
arm_2918,20263847,0.25,0,0.010160597701612904,0.0795455,0.0,0.004902328225806452,9.112903225806452,110673.77580645161,2213.4756451612902,13872506.451612903,0.0,152130.55967741934,210.82258064516128,1315.1451612903227,False,,0.1,0.2,0.05,300.0,0.3,0.1,2.0
arm_2919,20263848,0.29,0,0.00824175804032258,0.06182799516129032,0.0028290095161290327,0.001746453870967742,7.629032258064516,52874.03870967742,1057.4814516129034,8572917.41935484,96774.10483870968,146953.2758064516,118.5,642.8548387096774,True,,0.1,0.2,0.05,300.0,0.3,0.01,4.0
arm_2920,20263849,0.25,0,0.009858887,0.0877193,0.00241546,0.0,11.0,72975.92903225806,1459.5175806451612,8308004.838709678,90800.46774193548,0.0,79.74193548387096,1122.8064516129032,True,,0.1,0.2,0.05,300.0,0.3,0.05,4.0
arm_2921,20263850,0.23,0,0.007996979233870967,0.0571429,0.004960114677419355,0.00011252806451612903,8.35483870967742,46868.3,937.3657419354838,8164874.516129033,88470.76774193549,3584.230645161291,39.53225806451613,664.3064516129032,True,,0.1,0.2,0.05,300.0,0.3,0.1,4.0
arm_2922,20263851,0.35,0,0.006206224532258065,0.05979915322580645,0.0,0.0005029093548387097,6.564516129032258,46003.09516129032,920.062,7724810.483870967,0.0,16726.409677419357,222.98387096774192,658.2903225806451,True,,0.1,0.2,0.05,300.0,0.3,0.01,8.0
arm_2923,20263852,0.32,0,0.01395798275,0.11,0.004913481451612903,0.0016598135483870966,13.96774193548387,97719.82580645161,1954.3962903225809,8848267.096774194,162186.3612903226,58542.424193548395,261.5483870967742,1319.241935483871,False,,0.1,0.2,0.05,300.0,0.3,0.05,8.0
arm_2924,20263853,0.28,0,0.004626111137096774,0.037160043548387096,3.446370967741936e-05,0.0019879958064516127,4.661290322580645,28688.917741935486,573.7787096774193,7804261.935483871,1194.7435483870968,58542.41935483871,172.70967741935485,394.98387096774195,True,,0.1,0.2,0.05,300.0,0.3,0.1,8.0
arm_2925,20263854,0.24,0,0.0079646,0.079646,0.0,0.0,9.0,75135.57258064517,1502.712741935484,9433693.387096774,0.0,0.0,75.04838709677419,1146.1935483870968,True,,0.1,0.2,0.1,300.0,0.3,0.01,2.0
arm_2926,20263855,0.21,0,0.0021557522580645163,0.02,0.000346116129032258,0.0,2.161290322580645,19715.23225806452,394.30480645161293,9851850.0,11947.435483870968,0.0,15.64516129032258,266.16129032258067,True,,0.1,0.2,0.1,300.0,0.3,0.05,2.0
arm_2927,20263856,0.25,0,0.01491262116935484,0.134615,0.0011947435483870966,0.0020299701612903225,15.435483870967742,103928.57741935484,2078.5711290322583,7694998.387096774,50179.21290322581,284348.85,88.20967741935483,1458.8709677419354,False,,0.1,0.2,0.1,300.0,0.3,0.1,2.0
arm_2928,20263857,0.27,0,0.00591959770967742,0.0545455,0.0,0.0010334393548387098,6.451612903225806,52173.182258064524,1043.4659193548387,9555159.677419355,0.0,52568.664516129036,113.38709677419355,774.6774193548387,True,,0.1,0.2,0.1,300.0,0.3,0.01,4.0
arm_2929,20263858,0.27,0,0.006739674741935485,0.0594059,0.001626745806451613,0.00014899806451612905,6.82258064516129,58704.58225806452,1174.0912903225808,9856633.225806452,150537.5048387097,4778.974193548387,193.80645161290323,800.483870967742,True,,0.1,0.2,0.1,300.0,0.3,0.05,4.0
arm_2930,20263859,0.31,0,0.011921549427419357,0.1,0.0010371211290322582,0.0032329887096774197,11.919354838709678,61855.850000000006,1237.1174193548386,6158781.29032258,25686.97419354839,166069.15967741937,315.53225806451616,835.0483870967741,False,,0.1,0.2,0.1,300.0,0.3,0.1,4.0
arm_2931,20263860,0.31,0,0.00964912,0.0964912,0.0,0.0,11.0,91488.0,1829.76,9481480.0,0.0,0.0,367.1774193548387,1408.0,True,,0.1,0.2,0.1,300.0,0.3,0.01,8.0
arm_2932,20263861,0.32,0,0.007547166306451614,0.057768272580645166,0.0020071664516129032,0.001926920322580645,7.435483870967742,46214.92741935484,924.2983548387097,8039546.774193549,86021.48387096774,46594.99838709678,348.1290322580645,611.4677419354839,True,,0.1,0.2,0.1,300.0,0.3,0.05,8.0
arm_2933,20263862,0.34,0,0.009135999419354838,0.08403225806451613,0.0013639754838709677,0.00026441032258064516,9.161290322580646,67677.87903225806,1353.5572580645162,8079432.903225807,39426.533870967745,8363.204838709678,419.06451612903226,913.6774193548387,True,,0.1,0.2,0.1,300.0,0.3,0.1,8.0
arm_2934,20263863,0.22,0,0.005251122741935484,0.0471698,0.0,0.0011869838709677421,5.548387096774194,41415.75,828.3149838709678,8765830.483870968,0.0,69295.04838709677,84.09677419354838,592.6290322580645,True,,0.1,0.2,0.15,300.0,0.3,0.01,2.0
arm_2935,20263864,0.25,0,0.010908552104838709,0.0810811,0.0033318219354838705,0.002891382741935484,11.758064516129032,49388.198387096774,987.7641774193548,5977565.0,556750.4741935483,63321.40483870968,213.3548387096774,738.1612903225806,False,,0.1,0.2,0.15,300.0,0.3,0.05,2.0
arm_2936,20263865,0.23,0,0.0121180985,0.09139786129032258,0.0033217693548387097,0.003296702580645161,12.82258064516129,39570.03709677419,791.4008870967742,4307077.258064516,292114.57258064515,155316.54677419356,165.69354838709677,576.0967741935484,False,,0.1,0.2,0.15,300.0,0.3,0.1,2.0
arm_2937,20263866,0.26,0,0.00490196,0.0490196,0.0,0.0,5.0,41946.032258064515,838.9204677419356,8556988.870967742,0.0,0.0,233.3548387096774,577.5967741935484,True,,0.1,0.2,0.15,300.0,0.3,0.01,4.0
arm_2938,20263867,0.28,0,0.007830816387096776,0.0521739,0.002309304516129032,0.003498309677419355,8.564516129032258,28286.632258064514,565.7326612903227,5356033.387096774,66905.63870967743,165870.0435483871,268.46774193548384,438.35483870967744,True,,0.1,0.2,0.15,300.0,0.3,0.05,4.0
arm_2939,20263868,0.27,0,0.010167674427419357,0.051282100000000004,0.0031524938709677425,0.008046315967741935,10.951612903225806,41241.08064516129,824.8215483870968,7919952.580645162,85623.2564516129,144245.43225806454,232.0483870967742,649.8225806451613,False,,0.1,0.2,0.15,300.0,0.3,0.1,4.0
arm_2940,20263869,0.29,0,0.0038752380000000005,0.0285714,0.00226244,0.0,4.0,22470.041935483874,449.4008064516129,7828753.870967742,100358.3870967742,0.0,371.8225806451613,318.4193548387097,True,,0.1,0.2,0.15,300.0,0.3,0.01,8.0
arm_2941,20263870,0.34,0,0.009297924475806452,0.0582524,0.006674090161290323,0.0010429864516129032,9.548387096774194,43663.23225806451,873.2647580645162,7404819.193548387,171624.74193548388,33452.81935483871,587.5322580645161,607.1129032258065,True,,0.1,0.2,0.15,300.0,0.3,0.05,8.0
arm_2942,20263871,0.33,0,0.009624680306451614,0.06702512258064516,0.002289284354838709,0.004204422419354839,8.96774193548387,42928.44677419355,858.5689838709678,6360214.354838709,195539.44032258066,62365.61290322581,595.3225806451613,522.1290322580645,True,,0.1,0.2,0.15,300.0,0.3,0.1,8.0
arm_2943,20263872,0.19,0,0.0026826845161290326,0.026826845161290323,0.0,0.0,2.629032258064516,22441.667741935482,448.8333225806452,8681989.193548387,0.0,0.0,34.564516129032256,296.9032258064516,True,,0.3,0.2,0.05,300.0,0.3,0.01,2.0
arm_2944,20263873,0.2,0,0.005936315806451614,0.0561798,0.0007074129032258066,0.0,5.32258064516129,33519.94193548387,670.3988387096774,5957945.0,27479.06935483871,0.0,55.66129032258065,402.8225806451613,True,,0.3,0.2,0.05,300.0,0.3,0.05,2.0
arm_2945,20263874,0.19,0,0.004897301290322581,0.0470588,0.0,0.0004253806451612904,4.193548387096774,39185.62096774193,783.7123225806452,8323178.548387097,0.0,17921.1435483871,26.112903225806452,449.69354838709677,True,,0.3,0.2,0.05,300.0,0.3,0.1,2.0
arm_2946,20263875,0.2,0,0.0038095200000000003,0.0380952,0.0,0.0,4.0,4775.558064516129,95.51117580645162,1253584.935483871,0.0,0.0,75.2741935483871,67.69354838709677,False,,0.3,0.2,0.05,300.0,0.3,0.01,4.0
arm_2947,20263876,0.22,0,0.00458716,0.0458716,0.0,0.0,5.0,29556.190322580645,591.1238548387096,6443250.161290322,0.0,0.0,121.24193548387096,434.9193548387097,True,,0.3,0.2,0.05,300.0,0.3,0.05,4.0
arm_2948,20263877,0.22,0,0.00806163639516129,0.0769231,0.000820725322580645,0.0,7.370967741935484,39901.41935483871,798.029129032258,5178529.193548387,66905.61451612903,0.0,223.82258064516128,490.2741935483871,True,,0.3,0.2,0.05,300.0,0.3,0.1,4.0
arm_2949,20263878,0.27,0,0.008167584556451613,0.07824298064516129,0.0007628588709677419,0.0,7.693548387096774,65423.39838709678,1308.4675806451614,8414127.903225806,54958.1370967742,0.0,362.4516129032258,830.258064516129,True,,0.3,0.2,0.05,300.0,0.3,0.01,8.0
arm_2950,20263879,0.26,0,0.009537249612903226,0.0934579,0.0,0.00042546580645161293,10.17741935483871,52895.440322580645,1057.9090483870968,5657467.096774193,0.0,20310.620967741936,490.30645161290323,764.0322580645161,True,,0.3,0.2,0.05,300.0,0.3,0.05,8.0
arm_2951,20263880,0.23,0,0.0036624893951612905,0.0330579,0.0007926653225806452,0.0,4.370967741935484,21321.793548387097,426.4357580645161,6439068.387096774,37037.02419354839,0.0,287.48387096774195,348.2096774193548,True,,0.3,0.2,0.05,300.0,0.3,0.1,8.0
arm_2952,20263881,0.2,0,0.0036194189516129027,0.03375454354838709,0.0003690854838709677,0.000173058064516129,3.5161290322580645,4934.831129032258,98.69661774193548,1489047.9516129033,17921.1435483871,8363.2,50.12903225806452,64.62903225806451,False,,0.3,0.2,0.1,300.0,0.3,0.01,2.0
arm_2953,20263882,0.2,0,0.0023160066774193548,0.020237351612903225,0.000649492258064516,0.0,2.435483870967742,4684.9308064516135,93.69863387096774,2372162.5967741935,81242.54677419356,0.0,48.91935483870968,66.96774193548387,False,,0.3,0.2,0.1,300.0,0.3,0.05,2.0
arm_2954,20263883,0.19,0,0.004235500161290323,0.03912783387096774,0.00022195935483870966,0.0004951890322580645,4.548387096774194,2988.5864516129036,59.77172580645161,769772.9677419355,43010.762903225805,44205.46451612903,56.62903225806452,43.46774193548387,False,,0.3,0.2,0.1,300.0,0.3,0.1,2.0
arm_2955,20263884,0.22,0,0.0020826801612903226,0.020826801612903224,0.0,0.0,2.1451612903225805,528.9344032258064,10.578687580645163,194743.19516129032,0.0,0.0,64.40322580645162,7.354838709677419,False,,0.3,0.2,0.1,300.0,0.3,0.01,4.0
arm_2956,20263885,0.21,0,0.004160521483870968,0.030888598387096775,0.001659812258064516,0.000721658064516129,4.338709677419355,2262.8630645161293,45.2572564516129,787415.3387096775,97371.5,25089.611290322584,125.87096774193549,32.24193548387097,False,,0.3,0.2,0.1,300.0,0.3,0.05,4.0
arm_2957,20263886,0.21,0,0.003195081290322581,0.03195081290322581,0.0,0.0,3.3548387096774195,1498.5494193548386,29.970983870967743,492632.3548387097,0.0,0.0,36.983870967741936,21.241935483870968,False,,0.3,0.2,0.1,300.0,0.3,0.1,4.0
arm_2958,20263887,0.25,0,0.0013666540000000001,0.010436416774193548,0.00021601354838709678,0.0005017916129032258,1.3870967741935485,462.4594419354839,9.249190967741935,320191.06451612903,26284.322580645163,16726.409677419357,211.82258064516128,6.354838709677419,False,,0.3,0.2,0.1,300.0,0.3,0.01,8.0
arm_2959,20263888,0.22,0,0.0026228609354838712,0.014038222580645162,0.0014598038709677421,0.0012491709677419354,2.725806451612903,410.2002741935484,8.204004516129032,222819.37096774194,40621.2806451613,53763.424193548395,110.74193548387096,5.854838709677419,False,,0.3,0.2,0.1,300.0,0.3,0.05,8.0
arm_2960,20263889,0.25,0,0.0021115292016129035,0.00980392,0.001358985322580645,0.0011546529032258064,2.129032258064516,607.5360967741935,12.150711451612903,480286.72580645164,41218.64032258065,86021.42741935483,161.53225806451613,8.32258064516129,False,,0.3,0.2,0.1,300.0,0.3,0.1,8.0
arm_2961,20263890,0.16,0,0.0,0.0,0.0,0.0,0.0,0.0,0.0,0.0,0.0,0.0,0.9615384615384616,0.0,False,,0.3,0.2,0.15,300.0,0.3,0.01,2.0
arm_2962,20263891,0.2,0,7.472445283018868e-05,0.0007472445283018868,0.0,0.0,0.07547169811320754,5.535147169811321,0.11070264150943396,5590.498113207547,0.0,0.0,4.622641509433962,0.07547169811320754,False,,0.3,0.2,0.15,300.0,0.3,0.05,2.0
arm_2963,20263892,0.16,0,0.0,0.0,0.0,0.0,0.0,0.0,0.0,0.0,0.0,0.0,0.9655172413793104,0.0,False,,0.3,0.2,0.15,300.0,0.3,0.1,2.0
arm_2964,20263893,0.22,0,0.0002891052258064516,0.0028910522580645162,0.0,0.0,0.3064516129032258,55.228729032258066,1.1045735483870966,58542.356451612904,0.0,0.0,69.95161290322581,0.7903225806451613,False,,0.3,0.2,0.15,300.0,0.3,0.01,4.0
arm_2965,20263894,0.22,0,0.0001295120725806452,0.0011290322580645162,3.690854838709677e-05,0.0,0.12903225806451613,19.151416129032256,0.38302838709677417,17921.13064516129,1194.7435483870968,0.0,34.483870967741936,0.25806451612903225,False,,0.3,0.2,0.15,300.0,0.3,0.05,4.0
arm_2966,20263895,0.21,0,0.0005379107741935484,0.0041113212903225805,0.0002817303225806452,0.0,0.5483870967741935,60.92884516129032,1.2185790322580645,52568.65806451612,9557.948387096774,0.0,38.096774193548384,0.8387096774193549,False,,0.3,0.2,0.15,300.0,0.3,0.1,4.0
arm_2967,20263896,0.23,0,0.0,0.0,0.0,0.0,0.0,0.0,0.0,0.0,0.0,0.0,87.58064516129032,0.0,False,,0.3,0.2,0.15,300.0,0.3,0.01,8.0
arm_2968,20263897,0.25,0,0.0009904944354838712,0.006303325806451614,0.00021944225806451613,0.0005809174193548387,0.9193548387096774,119.17227741935484,2.383444193548387,40621.2806451613,10752.682258064517,64516.06774193548,192.59677419354838,1.564516129032258,False,,0.3,0.2,0.15,300.0,0.3,0.05,8.0
arm_2969,20263898,0.27,0,0.0014188248387096776,0.01190104064516129,0.0003674032258064516,0.0001408651612903226,1.4516129032258065,242.3599,4.847200967741935,190561.35806451613,19115.877419354838,4778.974193548387,165.56451612903226,3.3548387096774195,False,,0.3,0.2,0.15,300.0,0.3,0.1,8.0
arm_2970,20263899,0.2,0,0.0020028338709677422,0.02002833870967742,0.0,0.0,1.8225806451612903,737.8521467741934,14.75703322580645,351851.55000000005,0.0,0.0,12.241935483870968,9.064516129032258,False,,0.5,0.2,0.05,300.0,0.3,0.01,2.0
arm_2971,20263900,0.17,0,0.0,0.0,0.0,0.0,0.0,0.0,0.0,0.0,0.0,0.0,0.9629629629629629,0.0,False,,0.5,0.2,0.05,300.0,0.3,0.05,2.0
arm_2972,20263901,0.2,0,0.0,0.0,0.0,0.0,0.0,0.0,0.0,0.0,0.0,0.0,7.145161290322581,0.0,False,,0.5,0.2,0.05,300.0,0.3,0.1,2.0
arm_2973,20263902,0.23,0,0.0046511600000000005,0.0465116,0.0,0.0,4.0,20891.332258064518,417.8267096774194,4491636.612903226,0.0,0.0,170.20967741935485,242.5483870967742,True,,0.5,0.2,0.05,300.0,0.3,0.01,4.0
arm_2974,20263903,0.22,0,0.0,0.0,0.0,0.0,0.0,0.0,0.0,0.0,0.0,0.0,32.45161290322581,0.0,False,,0.5,0.2,0.05,300.0,0.3,0.05,4.0
arm_2975,20263904,0.22,0,0.00555323170967742,0.0512453935483871,0.00037272967741935485,0.00057992,4.483870967741935,2961.6935483870966,59.23386129032259,553106.3870967742,37037.0,90800.40483870967,60.16129032258065,31.967741935483872,False,,0.5,0.2,0.05,300.0,0.3,0.1,4.0
arm_2976,20263905,0.25,0,0.0030995800806451613,0.03099580080645161,0.0,0.0,3.564516129032258,9852.992903225808,197.05985483870967,3876647.0967741935,0.0,0.0,249.24193548387098,152.96774193548387,False,,0.5,0.2,0.05,300.0,0.3,0.01,8.0
arm_2977,20263906,0.26,0,0.001721202879032258,0.00952381,0.0013532285483870967,0.0003552645161290323,1.7580645161290323,9657.662741935483,193.15325806451614,9655902.903225806,426523.3177419355,16726.39677419355,174.70967741935485,136.46774193548387,False,,0.5,0.2,0.05,300.0,0.3,0.05,8.0
arm_2978,20263907,0.28,0,0.005013301774193549,0.042068495161290326,0.001792116129032258,0.0,4.838709677419355,34255.86774193548,685.117435483871,8102987.096774193,183392.96774193548,0.0,286.0967741935484,448.48387096774195,True,,0.5,0.2,0.05,300.0,0.3,0.1,8.0
arm_2979,20263908,0.19,0,0.0,0.0,0.0,0.0,0.0,0.0,0.0,0.0,0.0,0.0,2.903225806451613,0.0,False,,0.5,0.2,0.1,300.0,0.3,0.01,2.0
arm_2980,20263909,0.16,0,,,,,,,,,,,,,,no tail rows,0.5,0.2,0.1,300.0,0.3,0.05,2.0
arm_2981,20263910,0.18,0,0.00010822500000000001,0.0,0.00024050000000000002,0.0,0.1111111111111111,12.025008333333332,0.2405,0.0,12345.675000000001,0.0,2.6666666666666665,0.16666666666666666,False,,0.5,0.2,0.1,300.0,0.3,0.1,2.0
arm_2982,20263911,0.22,0,0.0,0.0,0.0,0.0,0.0,0.0,0.0,0.0,0.0,0.0,19.096774193548388,0.0,False,,0.5,0.2,0.1,300.0,0.3,0.01,4.0
arm_2983,20263912,0.21,0,0.0,0.0,0.0,0.0,0.0,0.0,0.0,0.0,0.0,0.0,11.758064516129032,0.0,False,,0.5,0.2,0.1,300.0,0.3,0.05,4.0
arm_2984,20263913,0.22,0,0.0021760797822580648,0.01928469677419355,0.0,0.0005502446774193548,2.032258064516129,647.8740806451613,12.957492419354837,306451.4612903226,0.0,17921.14677419355,39.61290322580645,8.080645161290322,False,,0.5,0.2,0.1,300.0,0.3,0.1,4.0
arm_2985,20263914,0.25,0,0.00019969279032258067,0.0019969279032258066,0.0,0.0,0.20967741935483872,25.032682258064515,0.5006535483870967,26284.337096774198,0.0,0.0,176.30645161290323,0.3548387096774194,False,,0.5,0.2,0.1,300.0,0.3,0.01,8.0
arm_2986,20263915,0.22,0,0.0,0.0,0.0,0.0,0.0,0.0,0.0,0.0,0.0,0.0,78.09677419354838,0.0,False,,0.5,0.2,0.1,300.0,0.3,0.05,8.0
arm_2987,20263916,0.24,0,0.0005098115161290323,0.003162554838709678,0.0002854696774193548,0.00014465483870967742,0.5161290322580645,62.74243225806452,1.2548475806451613,23894.870967741936,34647.51935483871,4778.974193548387,99.56451612903226,0.8548387096774194,False,,0.5,0.2,0.1,300.0,0.3,0.1,8.0
arm_2988,20263917,0.16,0,,,,,,,,,,,,,,no tail rows,0.5,0.2,0.15,300.0,0.3,0.01,2.0
arm_2989,20263918,0.15,0,,,,,,,,,,,,,,no tail rows,0.5,0.2,0.15,300.0,0.3,0.05,2.0
arm_2990,20263919,0.2,0,0.0,0.0,0.0,0.0,0.0,0.0,0.0,0.0,0.0,0.0,1.5932203389830508,0.0,False,,0.5,0.2,0.15,300.0,0.3,0.1,2.0
arm_2991,20263920,0.22,0,0.0,0.0,0.0,0.0,0.0,0.0,0.0,0.0,0.0,0.0,23.774193548387096,0.0,False,,0.5,0.2,0.15,300.0,0.3,0.01,4.0
arm_2992,20263921,0.2,0,0.0,0.0,0.0,0.0,0.0,0.0,0.0,0.0,0.0,0.0,15.903225806451612,0.0,False,,0.5,0.2,0.15,300.0,0.3,0.05,4.0
arm_2993,20263922,0.23,0,0.0,0.0,0.0,0.0,0.0,0.0,0.0,0.0,0.0,0.0,27.14516129032258,0.0,False,,0.5,0.2,0.15,300.0,0.3,0.1,4.0
arm_2994,20263923,0.24,0,0.0,0.0,0.0,0.0,0.0,0.0,0.0,0.0,0.0,0.0,110.24193548387096,0.0,False,,0.5,0.2,0.15,300.0,0.3,0.01,8.0
arm_2995,20263924,0.25,0,0.00020249259677419354,0.0,7.13674193548387e-05,0.00037861612903225804,0.1935483870967742,33.93023870967742,0.6786051612903227,0.0,2389.4870967741936,29868.554838709675,154.16129032258064,0.43548387096774194,False,,0.5,0.2,0.15,300.0,0.3,0.05,8.0
arm_2996,20263925,0.25,0,6.509467741935485e-05,0.0,0.0,0.00014465483870967742,0.06451612903225806,8.438216129032257,0.1687643548387097,0.0,0.0,8363.195161290323,145.74193548387098,0.11290322580645161,False,,0.5,0.2,0.15,300.0,0.3,0.1,8.0
arm_2997,20263926,0.23,0,0.00873786,0.0873786,0.0,0.0,9.0,89751.9,1795.04,10271600.0,0.0,0.0,9.32258064516129,1248.0,True,,0.1,0.2,0.05,300.0,0.5,0.01,2.0
arm_2998,20263927,0.24,0,0.0101124,0.101124,0.0,0.0,9.0,137933.70967741936,2758.6756451612905,13640117.741935484,0.0,0.0,106.7741935483871,1657.274193548387,False,,0.1,0.2,0.05,300.0,0.5,0.05,2.0
arm_2999,20263928,0.23,0,0.00951872248387097,0.0888889,0.0,0.0013996277419354838,8.67741935483871,80407.11935483871,1608.1425806451612,9021057.41935484,0.0,160095.43548387097,35.46774193548387,977.4677419354839,True,,0.1,0.2,0.05,300.0,0.5,0.1,2.0
arm_3000,20263929,0.23,0,0.003985755201612903,0.0338983,0.0,0.0013242782258064514,4.629032258064516,33162.58387096774,663.2521774193549,9759260.0,0.0,62723.95161290323,27.35483870967742,528.1451612903226,True,,0.1,0.2,0.05,300.0,0.5,0.01,4.0
arm_3001,20263930,0.27,0,0.007000000000000001,0.07,0.0,0.0,7.0,68888.9,1377.78,9841270.0,0.0,0.0,59.38709677419355,930.0,True,,0.1,0.2,0.05,300.0,0.5,0.05,4.0
arm_3002,20263931,0.28,0,0.00822930504032258,0.07431418387096773,0.0008396903225806453,0.0009333911290322581,8.741935483870968,114962.87580645162,2299.2567741935486,15432669.35483871,37037.02741935484,64516.08064516129,161.3548387096774,1660.516129032258,False,,0.1,0.2,0.05,300.0,0.5,0.1,4.0
arm_3003,20263932,0.28,0,0.00873786,0.0873786,0.0,0.0,9.0,73789.8870967742,1475.797258064516,8444842.741935484,0.0,0.0,197.0483870967742,1026.0483870967741,True,,0.1,0.2,0.05,300.0,0.5,0.01,8.0
arm_3004,20263933,0.3,0,0.0066609122580645165,0.0618557,0.0009805929032258066,7.57232258064516e-05,6.5,51396.74032258064,1027.934806451613,8303265.9677419355,35842.303225806456,2389.4870967741936,223.83870967741936,673.0806451612904,True,,0.1,0.2,0.05,300.0,0.5,0.05,8.0
arm_3005,20263934,0.32,0,0.010706327193548387,0.08849928548387097,0.003790856935483871,0.00033447338709677424,12.03225806451613,75402.40161290324,1508.048870967742,8477843.387096774,170051.6629032258,10752.691935483872,265.741935483871,1170.0806451612902,False,,0.1,0.2,0.05,300.0,0.5,0.1,8.0
arm_3006,20263935,0.21,0,0.00340909,0.0340909,0.0,0.0,3.0,34596.0,691.919,10148100.0,0.0,0.0,19.177419354838708,411.0,True,,0.1,0.2,0.1,300.0,0.5,0.01,2.0
arm_3007,20263936,0.22,0,0.009182452822580645,0.08716195483870967,0.0,0.0010361274193548388,9.112903225806452,71205.02903225805,1424.1001612903226,8180190.806451613,0.0,35842.3064516129,29.822580645161292,951.6774193548387,True,,0.1,0.2,0.1,300.0,0.5,0.05,2.0
arm_3008,20263937,0.23,0,0.008106100435483873,0.07,0.00032849354838709676,0.002129507419354839,8.03225806451613,71095.22419354839,1421.9043548387099,10127665.806451613,11947.435483870968,173237.72903225807,68.75806451612904,959.5645161290323,True,,0.1,0.2,0.1,300.0,0.5,0.1,2.0
arm_3009,20263938,0.27,0,0.00701754,0.0701754,0.0,0.0,8.0,69070.8,1381.42,9842590.0,0.0,0.0,144.66129032258064,1063.0,True,,0.1,0.2,0.1,300.0,0.5,0.01,4.0
arm_3010,20263939,0.24,0,3.3066290322580644e-05,0.0,0.0,7.348064516129031e-05,0.03225806451612903,2.449358064516129,0.04898709677419354,0.0,0.0,2389.4870967741936,29.838709677419356,0.03225806451612903,False,,0.1,0.2,0.1,300.0,0.5,0.05,4.0
arm_3011,20263940,0.3,0,0.017805441379032262,0.13880261290322582,0.002784377903225806,0.005938244516129032,18.258064516129032,90307.21774193548,1806.1435483870966,6421756.129032258,172242.2016129032,221744.23225806453,302.85483870967744,1266.8548387096773,False,,0.1,0.2,0.1,300.0,0.5,0.1,4.0
arm_3012,20263941,0.28,0,0.00462963,0.0462963,0.0,0.0,5.0,44125.84516129032,882.5168870967742,9531180.64516129,0.0,0.0,234.75806451612902,643.3548387096774,True,,0.1,0.2,0.1,300.0,0.5,0.01,8.0
arm_3013,20263942,0.27,0,0.0037093978951612907,0.0283019,0.0006794920967741934,0.0012743032258064517,3.870967741935484,26125.309677419355,522.5066935483871,9150935.483870968,27479.08870967742,136200.6935483871,219.51612903225808,373.6290322580645,True,,0.1,0.2,0.1,300.0,0.5,0.05,8.0
arm_3014,20263943,0.32,0,0.011012979782258066,0.0860215,0.0011052025806451613,0.0042521969354838715,10.387096774193548,54504.108064516135,1090.0824193548387,6279271.612903226,27479.098387096776,193428.95322580644,312.51612903225805,684.6451612903226,False,,0.1,0.2,0.1,300.0,0.5,0.1,8.0
arm_3015,20263944,0.23,0,0.00309278,0.0309278,0.0,0.0,3.0,27500.02741935484,550.0006129032258,8891675.0,0.0,0.0,36.306451612903224,360.11290322580646,True,,0.1,0.2,0.15,300.0,0.5,0.01,2.0
arm_3016,20263945,0.22,0,0.0036363600000000004,0.0363636,0.0,0.0,4.0,23782.98709677419,475.6598064516129,6540323.225806451,0.0,0.0,71.1774193548387,353.1774193548387,True,,0.1,0.2,0.15,300.0,0.5,0.05,2.0
arm_3017,20263946,0.26,0,0.014255003153225808,0.112245,0.003187400806451613,0.0035470506451612907,14.048387096774194,85373.59032258064,1707.4714516129031,7569784.0322580645,106929.44516129034,125049.78225806452,89.96774193548387,1129.6451612903227,False,,0.1,0.2,0.15,300.0,0.5,0.1,2.0
arm_3018,20263947,0.26,0,0.0038989426935483874,0.038835,3.431709677419355e-05,0.0,4.016129032258065,21301.196774193548,426.02372580645164,5484468.548387097,2389.483870967742,0.0,157.2741935483871,296.19354838709677,True,,0.1,0.2,0.15,300.0,0.5,0.01,4.0
arm_3019,20263948,0.34,0,0.012960947225806452,0.111111,0.00025145467741935485,0.003859316935483871,13.82258064516129,74931.84516129033,1498.6367741935483,6723018.548387097,11947.427419354839,153325.27258064516,352.0806451612903,1092.2096774193549,False,,0.1,0.2,0.15,300.0,0.5,0.05,4.0
arm_3020,20263949,0.28,0,0.004930870403225807,0.0377358,0.0003521629032258065,0.0022195935483870963,5.129032258064516,27340.020967741937,546.8004516129032,7177418.70967742,21505.367741935486,227001.10483870967,273.0,390.93548387096774,True,,0.1,0.2,0.15,300.0,0.5,0.1,4.0
arm_3021,20263950,0.32,0,0.007317070000000001,0.0731707,0.0,0.0,6.0,64081.940322580645,1281.6383870967743,8757865.161290323,0.0,0.0,557.2903225806451,709.3870967741935,True,,0.1,0.2,0.15,300.0,0.5,0.01,8.0
arm_3022,20263951,0.31,0,0.00858210785483871,0.0681818,0.001720428387096774,0.0021994112903225807,7.790322580645161,36628.0435483871,732.5610161290323,5326962.258064516,53763.43387096775,203106.2016129032,579.4677419354839,435.7258064516129,True,,0.1,0.2,0.15,300.0,0.5,0.05,8.0
arm_3023,20263952,0.26,0,0.003150360080645161,0.02245412258064516,0.0010235035483870968,0.0009874916129032258,3.193548387096774,1098.963177419355,21.979272580645162,473914.6129032258,34647.562903225815,21505.383870967744,93.14516129032258,15.112903225806452,False,,0.1,0.2,0.15,300.0,0.5,0.1,8.0
arm_3024,20263953,0.21,0,0.0040983600000000005,0.0409836,0.0,0.0,5.0,30453.21612903226,609.0644516129032,7430585.161290322,0.0,0.0,109.12903225806451,501.56451612903226,True,,0.3,0.2,0.05,300.0,0.5,0.01,2.0
arm_3025,20263954,0.21,0,0.005495324645161291,0.0537634,0.00026441032258064516,0.0,5.112903225806452,24089.65806451613,481.7929677419355,4464515.9677419355,82437.35483870968,0.0,65.16129032258064,302.46774193548384,True,,0.3,0.2,0.05,300.0,0.5,0.05,2.0
arm_3026,20263955,0.16,0,0.0024958120967741937,0.0232558,0.0,0.0003782935483870967,2.1774193548387095,14734.379193548388,294.6876774193548,6251492.741935484,0.0,204301.1935483871,46.983870967741936,171.5483870967742,True,,0.3,0.2,0.05,300.0,0.5,0.1,2.0
arm_3027,20263956,0.17,0,0.0019802,0.019802,0.0,0.0,2.0,15616.83548387097,312.33662903225803,7886499.677419355,0.0,0.0,136.75806451612902,212.93548387096774,True,,0.3,0.2,0.05,300.0,0.5,0.01,4.0
arm_3028,20263957,0.27,0,0.010595112532258066,0.0990099,0.0009677409677419356,0.0005747535483870968,10.693548387096774,44413.37580645161,888.2674516129033,4442532.419354838,345280.8693548387,82437.21774193548,610.6290322580645,605.516129032258,False,,0.3,0.2,0.05,300.0,0.5,0.05,4.0
arm_3029,20263958,0.24,0,0.008804897282258065,0.07813622258064516,0.0005293983870967743,0.0016734350000000002,8.03225806451613,41389.61935483871,827.7923709677419,5271611.612903226,72879.31451612903,172043.00645161292,306.9193548387097,503.241935483871,True,,0.3,0.2,0.05,300.0,0.5,0.1,4.0
arm_3030,20263959,0.26,0,0.00515464,0.0515464,0.0,0.0,5.0,20760.203225806454,415.20403225806456,4027478.870967742,0.0,0.0,352.46774193548384,271.85483870967744,True,,0.3,0.2,0.05,300.0,0.5,0.01,8.0
arm_3031,20263960,0.28,0,0.007276035612903226,0.0714286,0.0,0.0002959458064516129,6.129032258064516,50178.0064516129,1003.5604193548387,7014734.677419355,0.0,70489.89032258064,482.46774193548384,569.1451612903226,True,,0.3,0.2,0.05,300.0,0.5,0.05,8.0
arm_3032,20263961,0.28,0,0.010296263322580646,0.0963855,0.0011520722580645162,0.00030951290322580644,8.661290322580646,57059.59354838709,1141.1922741935484,5907407.580645162,109916.30161290323,10752.691935483872,533.483870967742,639.6290322580645,False,,0.3,0.2,0.05,300.0,0.5,0.1,8.0
arm_3033,20263962,0.21,0,0.0,0.0,0.0,0.0,0.0,0.0,0.0,0.0,0.0,0.0,1.6774193548387097,0.0,False,,0.3,0.2,0.1,300.0,0.5,0.01,2.0
arm_3034,20263963,0.17,0,0.0015625,0.015625,0.0,0.0,2.0,2911.2525806451613,58.225045161290325,1863202.0806451612,0.0,0.0,26.741935483870968,50.306451612903224,False,,0.3,0.2,0.1,300.0,0.5,0.05,2.0
arm_3035,20263964,0.19,0,0.0019198330403225807,0.010989,0.0015087280645161292,0.0003155675806451613,1.8225806451612903,4215.269516129032,84.3054306451613,3691756.129032258,106332.05161290323,35842.27903225806,125.19354838709677,51.983870967741936,False,,0.3,0.2,0.1,300.0,0.5,0.1,2.0
arm_3036,20263965,0.27,0,0.0,0.0,0.0,0.0,0.0,0.0,0.0,0.0,0.0,0.0,15.46774193548387,0.0,False,,0.3,0.2,0.1,300.0,0.5,0.01,4.0
arm_3037,20263966,0.24,0,4.764585483870968e-05,0.0,0.0,0.00010587967741935484,0.04838709677419355,3.52933064516129,0.0705866129032258,0.0,0.0,3584.230645161291,19.951612903225808,0.04838709677419355,False,,0.3,0.2,0.1,300.0,0.5,0.05,4.0
arm_3038,20263967,0.23,0,0.0027899233225806455,0.024193529677419355,0.0003481083870967742,0.0004753812903225806,2.9838709677419355,457.24688709677423,9.144938387096774,169952.11290322582,14336.912903225808,17921.15,36.08064516129032,6.629032258064516,False,,0.3,0.2,0.1,300.0,0.5,0.1,4.0
arm_3039,20263968,0.3,0,0.0007838404516129033,0.007838404516129032,0.0,0.0,0.8387096774193549,184.2358629032258,3.684722580645161,197132.4758064516,0.0,0.0,147.43548387096774,2.661290322580645,False,,0.3,0.2,0.1,300.0,0.5,0.01,8.0
arm_3040,20263969,0.29,0,0.002090194193548387,0.02090194193548387,0.0,0.0,2.0483870967741935,860.7023548387098,17.214049193548387,416367.8548387097,0.0,0.0,123.20967741935483,11.387096774193548,False,,0.3,0.2,0.1,300.0,0.5,0.05,8.0
arm_3041,20263970,0.29,0,0.002183078048387097,0.013225806451612905,0.0016635312903225806,0.0002486851612903226,2.1774193548387095,903.8702419354839,18.077409838709677,644563.9193548387,53962.53870967742,8363.204838709678,159.1290322580645,12.193548387096774,False,,0.3,0.2,0.1,300.0,0.5,0.1,8.0
arm_3042,20263971,0.22,0,0.0,0.0,0.0,0.0,0.0,0.0,0.0,0.0,0.0,0.0,1.6612903225806452,0.0,False,,0.3,0.2,0.15,300.0,0.5,0.01,2.0
arm_3043,20263972,0.1,0,,,,,,,,,,,,,,no tail rows,0.3,0.2,0.15,300.0,0.5,0.05,2.0
arm_3044,20263973,0.16,0,6.521729999999999e-05,0.0,0.0,0.0001449273333333333,0.06666666666666667,4.830920000000001,0.09661866666666666,0.0,0.0,4938.2733333333335,7.166666666666667,0.06666666666666667,False,,0.3,0.2,0.15,300.0,0.5,0.1,2.0
arm_3045,20263974,0.21,0,0.00039148145161290327,0.003914814516129033,0.0,0.0,0.4032258064516129,119.47429032258064,2.389486129032258,123058.41935483871,0.0,0.0,62.645161290322584,1.6612903225806452,False,,0.3,0.2,0.15,300.0,0.5,0.01,4.0
arm_3046,20263975,0.19,0,0.0,0.0,0.0,0.0,0.0,0.0,0.0,0.0,0.0,0.0,8.241935483870968,0.0,False,,0.3,0.2,0.15,300.0,0.5,0.05,4.0
arm_3047,20263976,0.2,0,0.0,0.0,0.0,0.0,0.0,0.0,0.0,0.0,0.0,0.0,13.838709677419354,0.0,False,,0.3,0.2,0.15,300.0,0.5,0.1,4.0
arm_3048,20263977,0.24,0,0.0,0.0,0.0,0.0,0.0,0.0,0.0,0.0,0.0,0.0,126.7741935483871,0.0,False,,0.3,0.2,0.15,300.0,0.5,0.01,8.0
arm_3049,20263978,0.22,0,0.0002921495887096774,0.00015508677419354838,0.0003682435483870968,0.0002465140322580645,0.2903225806451613,27.51000806451613,0.550200806451613,1194.7435483870968,11947.435483870968,14336.906451612902,94.09677419354838,0.3709677419354839,False,,0.3,0.2,0.15,300.0,0.5,0.05,8.0
arm_3050,20263979,0.22,0,0.0003037511612903226,0.0,0.0006750025806451614,0.0,0.3064516129032258,33.158070967741935,0.6631619354838709,0.0,33452.791935483874,0.0,68.01612903225806,0.45161290322580644,False,,0.3,0.2,0.15,300.0,0.5,0.1,8.0
arm_3051,20263980,0.18,0,0.0006420295806451614,0.006420295806451613,0.0,0.0,0.6612903225806451,513.8558612903225,10.277111451612903,529271.7403225807,0.0,0.0,43.83870967741935,7.145161290322581,False,,0.5,0.2,0.05,300.0,0.5,0.01,2.0
arm_3052,20263981,0.18,0,0.0019417500000000001,0.0194175,0.0,0.0,2.0,3215.3662903225804,64.30734193548388,1655913.2258064516,0.0,0.0,61.79032258064516,44.70967741935484,False,,0.5,0.2,0.05,300.0,0.5,0.05,2.0
arm_3053,20263982,0.2,0,0.0029458462500000005,0.02859234677419355,0.0,0.00019247016129032257,3.225806451612903,2224.2862903225805,44.48575,799581.7419354839,0.0,19115.872580645162,24.032258064516128,32.983870967741936,False,,0.5,0.2,0.05,300.0,0.5,0.1,2.0
arm_3054,20263983,0.2,0,0.00224719,0.0224719,0.0,0.0,2.0,9586.135322580645,191.7227258064516,4265830.483870967,0.0,0.0,125.41935483870968,115.1774193548387,False,,0.5,0.2,0.05,300.0,0.5,0.01,4.0
arm_3055,20263984,0.19,0,0.0023521192741935487,0.020202,0.0005114903225806452,0.000226108064516129,2.338709677419355,4959.383225806452,99.18761612903226,2392473.0967741935,95579.40322580645,33452.790322580644,136.8548387096774,66.33870967741936,False,,0.5,0.2,0.05,300.0,0.5,0.05,4.0
arm_3056,20263985,0.2,0,0.0007328679435483872,0.0068634193548387104,0.0,0.00010339112903225808,0.6935483870967742,143.2567258064516,2.865133064516129,131421.6693548387,0.0,3584.230645161291,29.14516129032258,1.8225806451612903,False,,0.5,0.2,0.05,300.0,0.5,0.1,4.0
arm_3057,20263986,0.21,0,0.0035456805645161286,0.033851038709677414,0.0003568370967741935,0.0,2.903225806451613,25547.57741935484,510.9512741935484,7772591.29032258,52568.664516129036,0.0,275.1774193548387,279.5,True,,0.5,0.2,0.05,300.0,0.5,0.01,8.0
arm_3058,20263987,0.22,0,0.0023943127822580648,0.0224719,0.0,0.00032693951612903225,2.1451612903225805,13067.84677419355,261.35682258064514,5807644.677419355,0.0,16726.395161290322,171.20967741935485,157.03225806451613,True,,0.5,0.2,0.05,300.0,0.5,0.05,8.0
arm_3059,20263988,0.24,0,0.0029324753225806453,0.0288462,0.0,0.0001063451612903226,3.0483870967741935,6020.915,120.41836774193548,2086021.6129032257,0.0,3584.230645161291,349.4193548387097,84.53225806451613,False,,0.5,0.2,0.05,300.0,0.5,0.1,8.0
arm_3060,20263989,0.15,0,,,,,,,,,,,,,,no tail rows,0.5,0.2,0.1,300.0,0.5,0.01,2.0
arm_3061,20263990,0.14,0,,,,,,,,,,,,,,no tail rows,0.5,0.2,0.1,300.0,0.5,0.05,2.0
arm_3062,20263991,0.19,0,0.00041221778225806457,0.001063451612903226,0.0005051604838709678,0.00017455645161290324,0.4032258064516129,78.29362096774193,1.5658732258064514,7168.461290322582,47192.3064516129,16726.387096774193,20.56451612903226,1.0483870967741935,False,,0.5,0.2,0.1,300.0,0.5,0.1,2.0
arm_3063,20263992,0.19,0,0.0,0.0,0.0,0.0,0.0,0.0,0.0,0.0,0.0,0.0,25.467741935483872,0.0,False,,0.5,0.2,0.1,300.0,0.5,0.01,4.0
arm_3064,20263993,0.2,0,0.0,0.0,0.0,0.0,0.0,0.0,0.0,0.0,0.0,0.0,22.338709677419356,0.0,False,,0.5,0.2,0.1,300.0,0.5,0.05,4.0
arm_3065,20263994,0.21,0,0.0,0.0,0.0,0.0,0.0,0.0,0.0,0.0,0.0,0.0,29.774193548387096,0.0,False,,0.5,0.2,0.1,300.0,0.5,0.1,4.0
arm_3066,20263995,0.22,0,0.0,0.0,0.0,0.0,0.0,0.0,0.0,0.0,0.0,0.0,137.74193548387098,0.0,False,,0.5,0.2,0.1,300.0,0.5,0.01,8.0
arm_3067,20263996,0.21,0,0.0004690935483870968,0.002880193548387097,0.0,0.00040238709677419357,0.43548387096774194,41.454032258064515,0.8290814516129033,17921.15322580645,0.0,21505.367741935486,85.87096774193549,0.532258064516129,False,,0.5,0.2,0.1,300.0,0.5,0.05,8.0
arm_3068,20263997,0.22,0,8.116635483870969e-05,0.0,7.089677419354839e-05,0.00010947290322580646,0.08064516129032258,12.094174193548387,0.2418833870967742,0.0,2389.4870967741936,9557.938709677419,100.70967741935483,0.16129032258064516,False,,0.5,0.2,0.1,300.0,0.5,0.1,8.0
arm_3069,20263998,0.17,0,0.0,0.0,0.0,0.0,0.0,0.0,0.0,0.0,0.0,0.0,0.9583333333333334,0.0,False,,0.5,0.2,0.15,300.0,0.5,0.01,2.0
arm_3070,20263999,0.19,0,0.0,0.0,0.0,0.0,0.0,0.0,0.0,0.0,0.0,0.0,5.0,0.0,False,,0.5,0.2,0.15,300.0,0.5,0.05,2.0
arm_3071,20264000,0.17,0,0.0,0.0,0.0,0.0,0.0,0.0,0.0,0.0,0.0,0.0,2.41025641025641,0.0,False,,0.5,0.2,0.15,300.0,0.5,0.1,2.0
arm_3072,20264001,0.19,0,0.0,0.0,0.0,0.0,0.0,0.0,0.0,0.0,0.0,0.0,14.274193548387096,0.0,False,,0.5,0.2,0.15,300.0,0.5,0.01,4.0
arm_3073,20264002,0.2,0,0.0,0.0,0.0,0.0,0.0,0.0,0.0,0.0,0.0,0.0,27.951612903225808,0.0,False,,0.5,0.2,0.15,300.0,0.5,0.05,4.0
arm_3074,20264003,0.2,0,1.5812782258064518e-05,0.0,3.513951612903226e-05,0.0,0.016129032258064516,1.171316129032258,0.02342629032258065,0.0,1194.7435483870968,0.0,25.451612903225808,0.016129032258064516,False,,0.5,0.2,0.15,300.0,0.5,0.1,4.0
arm_3075,20264004,0.2,0,0.0,0.0,0.0,0.0,0.0,0.0,0.0,0.0,0.0,0.0,67.35483870967742,0.0,False,,0.5,0.2,0.15,300.0,0.5,0.01,8.0
arm_3076,20264005,0.2,0,1.560875806451613e-05,0.0,0.0,3.468612903225806e-05,0.016129032258064516,1.1562032258064516,0.023124032258064513,0.0,0.0,1194.7435483870968,84.90322580645162,0.016129032258064516,False,,0.5,0.2,0.15,300.0,0.5,0.05,8.0
arm_3077,20264006,0.21,0,1.5778379032258064e-05,0.0,0.0,3.506306451612903e-05,0.016129032258064516,1.1687709677419356,0.02337548387096774,0.0,0.0,1194.7435483870968,65.70967741935483,0.016129032258064516,False,,0.5,0.2,0.15,300.0,0.5,0.1,8.0
arm_3078,20264007,0.21,0,0.00309278,0.0309278,0.0,0.0,3.0,30316.9,606.338,9802470.0,0.0,0.0,0.3548387096774194,397.0,True,,0.1,0.2,0.05,300.0,0.7,0.01,2.0
arm_3079,20264008,0.21,0,0.006,0.06,0.0,0.0,6.0,43611.709677419356,872.2340483870968,7268619.0322580645,0.0,0.0,11.887096774193548,588.758064516129,True,,0.1,0.2,0.05,300.0,0.7,0.05,2.0
arm_3080,20264009,0.24,0,0.009258478532258065,0.0857143,0.0015267745161290324,0.0,9.629032258064516,98938.15483870967,1978.7624193548388,11529533.064516129,103942.55967741935,0.0,118.09677419354838,1402.241935483871,True,,0.1,0.2,0.05,300.0,0.7,0.1,2.0
arm_3081,20264010,0.24,0,0.006382980000000001,0.0638298,0.0,0.0,6.0,59889.7,1197.79,9382720.0,0.0,0.0,46.193548387096776,760.0,True,,0.1,0.2,0.05,300.0,0.7,0.01,4.0
arm_3082,20264011,0.25,0,0.007668505193548388,0.07,0.0014855670967741936,0.0,7.67741935483871,70266.00322580646,1405.3183870967744,10021200.0,119474.36774193548,0.0,75.09677419354838,948.6129032258065,True,,0.1,0.2,0.05,300.0,0.7,0.05,4.0
arm_3083,20264012,0.29,0,0.014367445080645162,0.1194113870967742,0.0019616370967741933,0.0034301548387096776,16.0,176511.38709677418,3530.2275806451617,14618890.322580645,679808.7709677418,228793.1193548387,263.1290322580645,2714.3064516129034,False,,0.1,0.2,0.05,300.0,0.7,0.1,4.0
arm_3084,20264013,0.28,0,0.007806966903225807,0.0754717,0.0005773264516129032,0.0,8.258064516129032,65865.36774193548,1317.3067741935486,8724610.806451613,19115.89677419355,0.0,172.38709677419354,942.516129032258,True,,0.1,0.2,0.05,300.0,0.7,0.01,8.0
arm_3085,20264014,0.26,0,0.00434783,0.0434783,0.0,0.0,5.0,51949.50967741936,1038.9900483870967,11948386.129032258,0.0,0.0,166.53225806451613,806.516129032258,True,,0.1,0.2,0.05,300.0,0.7,0.05,8.0
arm_3086,20264015,0.32,0,0.009017699588709677,0.0847458,0.00032916338709677417,0.0008777690322580645,10.53225806451613,61846.533870967745,1236.9306451612904,7292712.258064516,10752.691935483872,32258.06612903226,209.2741935483871,985.0967741935484,True,,0.1,0.2,0.05,300.0,0.7,0.1,8.0
arm_3087,20264016,0.21,0,0.00526316,0.0526316,0.0,0.0,4.0,50097.5,1001.95,9518520.0,0.0,0.0,14.387096774193548,514.0,True,,0.1,0.2,0.1,300.0,0.7,0.01,2.0
arm_3088,20264017,0.23,0,0.010238443225806453,0.10238443225806453,0.0,0.0,11.774193548387096,83681.8935483871,1673.6375806451613,8176740.483870967,0.0,0.0,62.46774193548387,1299.1612903225807,False,,0.1,0.2,0.1,300.0,0.7,0.05,2.0
arm_3089,20264018,0.23,0,0.010253537701612905,0.09600615645161291,0.0,0.0014509379032258062,10.774193548387096,68370.62258064515,1367.4127419354838,7105843.225806451,0.0,128434.80645161291,92.90322580645162,969.1774193548387,False,,0.1,0.2,0.1,300.0,0.7,0.1,2.0
arm_3090,20264019,0.23,0,0.002149613379032258,0.0204082,0.00024176306451612902,0.0,2.1129032258064515,18981.212903225805,379.6251451612903,9296300.0,9557.945161290325,0.0,58.24193548387097,251.1290322580645,True,,0.1,0.2,0.1,300.0,0.7,0.01,4.0
arm_3091,20264020,0.24,0,0.00309278,0.0309278,0.0,0.0,3.0,20867.356451612904,417.3470967741936,6747112.903225807,0.0,0.0,66.54838709677419,273.258064516129,True,,0.1,0.2,0.1,300.0,0.7,0.05,4.0
arm_3092,20264021,0.24,0,0.006367312588709677,0.0594059,0.00022453451612903228,0.0007237379032258064,6.435483870967742,51633.56290322581,1032.6716451612904,8684588.709677419,7168.461290322582,35842.282258064515,94.88709677419355,704.0322580645161,True,,0.1,0.2,0.1,300.0,0.7,0.1,4.0
arm_3093,20264022,0.26,0,0.00104167,0.0104167,0.0,0.0,1.0,11034.0,220.679,10592600.0,0.0,0.0,115.91935483870968,143.0,True,,0.1,0.2,0.1,300.0,0.7,0.01,8.0
arm_3094,20264023,0.29,0,0.006316061580645163,0.05,0.0017882162903225805,0.001136365,6.32258064516129,46631.02419354839,932.6205483870968,9288411.129032258,146953.34032258063,44205.49193548387,282.30645161290323,629.5483870967741,True,,0.1,0.2,0.1,300.0,0.7,0.05,8.0
arm_3095,20264024,0.28,0,0.008903261887096774,0.07624635806451613,0.0015980383870967743,0.0012433529032258065,8.82258064516129,74301.87419354838,1486.0375806451614,9709056.129032258,112305.74193548386,162484.90967741937,338.6290322580645,993.0967741935484,True,,0.1,0.2,0.1,300.0,0.7,0.1,8.0
arm_3096,20264025,0.22,0,0.0074137546532258075,0.0650407,0.001037119516129032,0.000984401935483871,8.887096774193548,56539.40806451612,1130.7881451612905,8661141.612903226,132616.50645161292,70489.81451612903,201.5,938.1451612903226,True,,0.1,0.2,0.15,300.0,0.7,0.01,2.0
arm_3097,20264026,0.22,0,0.008998604016129032,0.0747664,0.0029360199999999997,0.0004461222580645161,9.451612903225806,49464.85322580645,989.2969516129032,6597819.516129033,85424.12580645163,17921.14677419355,128.41935483870967,714.3064516129032,True,,0.1,0.2,0.15,300.0,0.7,0.05,2.0
arm_3098,20264027,0.25,0,0.01405515470967742,0.130841,0.001684586129032258,0.0004733132258064516,14.96774193548387,87015.79838709677,1740.3161290322582,6641150.0,79450.39516129032,23894.848387096776,181.19354838709677,1256.8225806451612,False,,0.1,0.2,0.15,300.0,0.7,0.1,2.0
arm_3099,20264028,0.27,0,0.00909091,0.0909091,0.0,0.0,8.0,72562.99838709678,1451.2596774193548,7981929.193548387,0.0,0.0,339.98387096774195,862.0483870967741,True,,0.1,0.2,0.15,300.0,0.7,0.01,4.0
arm_3100,20264029,0.26,0,0.010160764572580645,0.09313725,0.0014790838709677421,0.0004032262903225807,10.35483870967742,47772.85322580645,955.4570483870967,5135391.612903226,62126.63064516129,13142.179032258065,268.2741935483871,657.8225806451613,False,,0.1,0.2,0.15,300.0,0.7,0.05,4.0
arm_3101,20264030,0.26,0,0.0069425148387096776,0.052884600000000004,0.001760811451612903,0.0019148659677419356,7.145161290322581,33391.00806451613,667.8201935483871,6350099.677419355,57347.63225806452,181600.84032258063,270.35483870967744,468.5967741935484,True,,0.1,0.2,0.15,300.0,0.7,0.1,4.0
arm_3102,20264031,0.35,0,0.007008978129032259,0.0650407,0.0,0.001122018064516129,8.516129032258064,45013.60322580645,900.2720806451613,6912037.258064516,0.0,58542.3870967742,577.6774193548387,747.2903225806451,True,,0.1,0.2,0.15,300.0,0.7,0.01,8.0
arm_3103,20264032,0.29,0,0.003396443516129033,0.0333333,0.0,0.00014025225806451613,3.064516129032258,32679.57741935484,653.5914838709679,9802470.0,0.0,4778.974193548387,332.06451612903226,397.06451612903226,True,,0.1,0.2,0.15,300.0,0.7,0.05,8.0
arm_3104,20264033,0.32,0,0.010050097935483872,0.08408001774193549,0.0036491025806451613,0.0,10.693548387096774,57324.40645161291,1146.4885483870967,6780896.774193549,153922.68064516128,0.0,410.7903225806452,835.3225806451613,False,,0.1,0.2,0.15,300.0,0.7,0.1,8.0
arm_3105,20264034,0.2,0,0.0029703000000000004,0.029703,0.0,0.0,3.0,30583.1,611.661,10296300.0,0.0,0.0,1.7258064516129032,417.0,True,,0.3,0.2,0.05,300.0,0.7,0.01,2.0
arm_3106,20264035,0.2,0,0.006086960000000001,0.0608696,0.0,0.0,7.0,52589.477419354844,1051.7893225806451,8639699.838709677,0.0,0.0,219.90322580645162,816.4516129032259,True,,0.3,0.2,0.05,300.0,0.7,0.05,2.0
arm_3107,20264036,0.21,0,0.007926468290322583,0.0741935370967742,0.0011269212903225808,0.0,7.564516129032258,56928.55322580645,1138.5702419354839,7656190.645161291,130226.95000000001,0.0,116.93548387096774,730.2258064516129,True,,0.3,0.2,0.05,300.0,0.7,0.1,2.0
arm_3108,20264037,0.21,0,0.0040404,0.040404,0.0,0.0,4.0,8870.06387096774,177.40124193548388,2195340.4838709678,0.0,0.0,180.70967741935485,118.54838709677419,False,,0.3,0.2,0.05,300.0,0.7,0.01,4.0
arm_3109,20264038,0.22,0,0.0075216621774193545,0.07440657096774193,0.0,0.00018001129032258067,7.967741935483871,53714.430645161294,1074.2890161290322,7241103.225806451,0.0,9557.938709677419,282.9516129032258,768.6451612903226,True,,0.3,0.2,0.05,300.0,0.7,0.05,4.0
arm_3110,20264039,0.2,0,0.0013772317580645161,0.0114943,0.00010208225806451613,0.0004041438709677419,1.2258064516129032,4360.223225806452,87.20444032258064,3776582.9032258065,3584.230645161291,13142.172580645163,41.88709677419355,51.24193548387097,False,,0.3,0.2,0.05,300.0,0.7,0.1,4.0
arm_3111,20264040,0.25,0,0.006603770000000001,0.0660377,0.0,0.0,7.0,55503.7064516129,1110.0736290322582,8404847.096774194,0.0,0.0,476.64516129032256,794.258064516129,True,,0.3,0.2,0.05,300.0,0.7,0.01,8.0
arm_3112,20264041,0.24,0,0.0039584890887096776,0.034562177419354835,0.0005108735483870968,0.0006052850000000001,4.129032258064516,14697.98870967742,293.95979032258066,4289825.322580645,23894.853225806455,26284.341935483873,292.61290322580646,208.30645161290323,True,,0.3,0.2,0.05,300.0,0.7,0.05,8.0
arm_3113,20264042,0.24,0,0.005152493508064516,0.04289989032258064,0.0,0.001916676612903226,5.016129032258065,16794.825806451612,335.8964838709677,3894922.580645161,0.0,188769.32096774195,284.5806451612903,219.98387096774192,True,,0.3,0.2,0.05,300.0,0.7,0.1,8.0
arm_3114,20264043,0.19,0,0.0032878422580645164,0.03287842258064516,0.0,0.0,3.4193548387096775,4594.016774193548,91.88042580645161,1408104.1935483871,0.0,0.0,53.983870967741936,64.5,False,,0.3,0.2,0.1,300.0,0.7,0.01,2.0
arm_3115,20264044,0.2,0,0.002198390161290323,0.021505348387096775,0.0001063451612903226,0.0,2.2419354838709675,2277.0704838709676,45.54141451612903,1044006.5806451613,3584.230645161291,0.0,43.854838709677416,31.35483870967742,False,,0.3,0.2,0.1,300.0,0.7,0.05,2.0
arm_3116,20264045,0.16,0,0.0,0.0,0.0,0.0,0.0,0.0,0.0,0.0,0.0,0.0,3.9,0.0,False,,0.3,0.2,0.1,300.0,0.7,0.1,2.0
arm_3117,20264046,0.21,0,0.002,0.02,0.0,0.0,2.0,580.6454677419355,11.612925,290322.29032258067,0.0,0.0,24.338709677419356,7.838709677419355,False,,0.3,0.2,0.1,300.0,0.7,0.01,4.0
arm_3118,20264047,0.2,0,0.0,0.0,0.0,0.0,0.0,0.0,0.0,0.0,0.0,0.0,19.06451612903226,0.0,False,,0.3,0.2,0.1,300.0,0.7,0.05,4.0
arm_3119,20264048,0.22,0,0.0060382437096774206,0.05946369677419355,0.0,0.00020416451612903226,5.032258064516129,4811.911774193549,96.2382806451613,800776.6129032258,0.0,51374.01612903226,181.8709677419355,54.064516129032256,False,,0.3,0.2,0.1,300.0,0.7,0.1,4.0
arm_3120,20264049,0.24,0,0.002584310483870968,0.025843104838709677,0.0,0.0,2.274193548387097,499.62000322580644,9.99238806451613,153922.78064516129,0.0,0.0,161.7258064516129,5.935483870967742,False,,0.3,0.2,0.1,300.0,0.7,0.01,8.0
arm_3121,20264050,0.26,0,0.00305137060483871,0.028106064516129035,0.00018286854838709678,0.0003521629032258065,3.0806451612903225,1882.1880483870968,37.643767741935484,657706.3870967742,10752.68064516129,20310.624193548385,195.29032258064515,25.661290322580644,False,,0.3,0.2,0.1,300.0,0.7,0.05,8.0
arm_3122,20264051,0.21,0,0.0010913466129032258,0.00884956,0.0004586458064516129,0.0,1.1935483870967742,191.0423387096774,3.8208448387096774,189963.98387096773,21505.364516129033,0.0,73.43548387096774,2.8548387096774195,False,,0.3,0.2,0.1,300.0,0.7,0.1,8.0
arm_3123,20264052,0.14,0,,,,,,,,,,,,,,no tail rows,0.3,0.2,0.15,300.0,0.7,0.01,2.0
arm_3124,20264053,0.17,0,0.0,0.0,0.0,0.0,0.0,0.0,0.0,0.0,0.0,0.0,2.7777777777777777,0.0,False,,0.3,0.2,0.15,300.0,0.7,0.05,2.0
arm_3125,20264054,0.2,0,0.0,0.0,0.0,0.0,0.0,0.0,0.0,0.0,0.0,0.0,2.161290322580645,0.0,False,,0.3,0.2,0.15,300.0,0.7,0.1,2.0
arm_3126,20264055,0.21,0,0.0,0.0,0.0,0.0,0.0,0.0,0.0,0.0,0.0,0.0,9.306451612903226,0.0,False,,0.3,0.2,0.15,300.0,0.7,0.01,4.0
arm_3127,20264056,0.23,0,0.000177241935483871,0.0017724193548387098,0.0,0.0,0.16129032258064516,13.129048387096773,0.26258064516129026,11947.435483870968,0.0,0.0,34.096774193548384,0.16129032258064516,False,,0.3,0.2,0.15,300.0,0.7,0.05,4.0
arm_3128,20264057,0.24,0,0.0007785933387096776,0.006311380645161291,0.0,0.0003276783870967742,0.7258064516129032,121.22141612903226,2.424431129032258,100358.37096774194,0.0,11947.432258064517,21.532258064516128,1.5161290322580645,False,,0.3,0.2,0.15,300.0,0.7,0.1,4.0
arm_3129,20264058,0.31,0,0.0007432003870967742,0.007432003870967742,0.0,0.0,0.7580645161290323,808.2083903225806,16.164176774193546,824373.406451613,0.0,0.0,189.56451612903226,11.129032258064516,False,,0.3,0.2,0.15,300.0,0.7,0.01,8.0
arm_3130,20264059,0.23,0,3.3066290322580644e-05,0.0,7.348064516129031e-05,0.0,0.03225806451612903,2.449358064516129,0.04898709677419354,0.0,2389.4870967741936,0.0,139.32258064516128,0.03225806451612903,False,,0.3,0.2,0.15,300.0,0.7,0.05,8.0
arm_3131,20264060,0.19,0,0.0014215811612903228,0.012559469032258064,0.0003314191935483871,3.665693548387097e-05,1.6935483870967742,227.23174193548388,4.54464064516129,170250.74677419357,13142.174193548388,1194.7435483870968,96.93548387096774,3.693548387096774,False,,0.3,0.2,0.15,300.0,0.7,0.1,8.0
arm_3132,20264061,0.24,0,0.00192308,0.0192308,0.0,0.0,2.0,1797.8598387096774,35.95715322580645,934887.0483870967,0.0,0.0,35.20967741935484,25.241935483870968,False,,0.5,0.2,0.05,300.0,0.7,0.01,2.0
arm_3133,20264062,0.22,0,0.0006842612903225807,0.006842612903225806,0.0,0.0,0.6774193548387096,78.44282903225806,1.5688551612903225,68697.69032258065,0.0,0.0,3.725806451612903,1.0483870967741935,False,,0.5,0.2,0.05,300.0,0.7,0.05,2.0
arm_3134,20264063,0.22,0,0.005828963741935485,0.057168501612903225,0.0001453064516129032,0.00010383483870967741,5.258064516129032,17683.867741935486,353.6773548387097,3091716.129032258,4778.974193548387,3584.230645161291,96.75806451612904,214.8709677419355,True,,0.5,0.2,0.05,300.0,0.7,0.1,2.0
arm_3135,20264064,0.23,0,0.005665834580645161,0.054945070967741934,0.0,0.0003807277419354839,5.17741935483871,14478.691935483872,289.5739838709677,2624492.580645161,0.0,39426.52903225806,146.61290322580646,177.93548387096774,True,,0.5,0.2,0.05,300.0,0.7,0.01,4.0
arm_3136,20264065,0.25,0,0.0053890662741935495,0.05355464193548388,0.0,7.467129032258065e-05,5.548387096774194,27899.332258064518,557.9867096774193,5495649.354838709,0.0,4778.967741935484,230.66129032258064,387.93548387096774,True,,0.5,0.2,0.05,300.0,0.7,0.05,4.0
arm_3137,20264066,0.23,0,0.0029712879435483874,0.028878619354838708,0.00018539112903225805,0.0,3.1129032258064515,16036.333870967741,320.7267741935484,5548386.935483871,48984.55,0.0,88.35483870967742,227.25806451612902,True,,0.5,0.2,0.05,300.0,0.7,0.1,4.0
arm_3138,20264067,0.24,0,0.0019993251612903224,0.019993251612903225,0.0,0.0,1.9193548387096775,7881.575000000001,157.6315016129032,4204298.064516129,0.0,0.0,180.96774193548387,102.14516129032258,False,,0.5,0.2,0.05,300.0,0.7,0.01,8.0
arm_3139,20264068,0.28,0,0.0013139634193548389,0.012218951612903225,0.00020459612903225805,0.0,1.3064516129032258,441.7766661290322,8.835547903225807,240740.74354838708,19115.875806451615,0.0,386.98387096774195,5.919354838709677,False,,0.5,0.2,0.05,300.0,0.7,0.05,8.0
arm_3140,20264069,0.25,0,0.002454963266129032,0.02039306612903226,0.00010038822580645161,0.0008232932258064517,2.1774193548387095,12143.588709677419,242.8715,7595000.0,4778.970967741936,83632.01935483872,179.11290322580646,142.74193548387098,True,,0.5,0.2,0.05,300.0,0.7,0.1,8.0
arm_3141,20264070,0.16,0,,,,,,,,,,,,,,no tail rows,0.5,0.2,0.1,300.0,0.7,0.01,2.0
arm_3142,20264071,0.2,0,0.00013947445945945947,0.0,0.0003099432432432432,0.0,0.13513513513513514,10.331432432432432,0.20662837837837839,0.0,10010.013513513513,0.0,1.8108108108108107,0.13513513513513514,False,,0.5,0.2,0.1,300.0,0.7,0.05,2.0
arm_3143,20264072,0.17,0,,,,,,,,,,,,,,no tail rows,0.5,0.2,0.1,300.0,0.7,0.1,2.0
arm_3144,20264073,0.21,0,0.0,0.0,0.0,0.0,0.0,0.0,0.0,0.0,0.0,0.0,10.85483870967742,0.0,False,,0.5,0.2,0.1,300.0,0.7,0.01,4.0
arm_3145,20264074,0.24,0,3.240203225806452e-05,0.0,7.200451612903226e-05,0.0,0.03225806451612903,2.4001548387096774,0.04800322580645161,0.0,2389.4870967741936,0.0,22.35483870967742,0.03225806451612903,False,,0.5,0.2,0.1,300.0,0.7,0.05,4.0
arm_3146,20264075,0.23,0,8.136834677419356e-05,0.0,0.0,0.0001808185483870968,0.08064516129032258,7.232751612903226,0.14465516129032258,0.0,0.0,7168.4580645161295,17.774193548387096,0.0967741935483871,False,,0.5,0.2,0.1,300.0,0.7,0.1,4.0
arm_3147,20264076,0.26,0,0.00018610412903225806,0.0018610412903225806,0.0,0.0,0.1935483870967742,18.38065806451613,0.3676129032258065,19115.883870967744,0.0,0.0,124.7258064516129,0.25806451612903225,False,,0.5,0.2,0.1,300.0,0.7,0.01,8.0
arm_3148,20264077,0.24,0,0.0,0.0,0.0,0.0,0.0,0.0,0.0,0.0,0.0,0.0,110.6774193548387,0.0,False,,0.5,0.2,0.1,300.0,0.7,0.05,8.0
arm_3149,20264078,0.27,0,0.0005762855483870967,0.0038326429032258065,0.00010849112903225807,0.00032044500000000004,0.5806451612903226,56.950356451612905,1.1390074193548387,31660.677419354837,7168.451612903225,10752.691935483872,138.2741935483871,0.7741935483870968,False,,0.5,0.2,0.1,300.0,0.7,0.1,8.0
arm_3150,20264079,0.15,0,,,,,,,,,,,,,,no tail rows,0.5,0.2,0.15,300.0,0.7,0.01,2.0
arm_3151,20264080,0.13,0,,,,,,,,,,,,,,no tail rows,0.5,0.2,0.15,300.0,0.7,0.05,2.0
arm_3152,20264081,0.15,0,,,,,,,,,,,,,,no tail rows,0.5,0.2,0.15,300.0,0.7,0.1,2.0
arm_3153,20264082,0.19,0,4.443720967741935e-05,0.0,0.0,9.874935483870967e-05,0.04838709677419355,14.26376129032258,0.2852754838709678,0.0,0.0,15531.646774193548,22.548387096774192,0.20967741935483872,False,,0.5,0.2,0.15,300.0,0.7,0.01,4.0
arm_3154,20264083,0.19,0,0.0,0.0,0.0,0.0,0.0,0.0,0.0,0.0,0.0,0.0,18.919354838709676,0.0,False,,0.5,0.2,0.15,300.0,0.7,0.05,4.0
arm_3155,20264084,0.19,0,0.0,0.0,0.0,0.0,0.0,0.0,0.0,0.0,0.0,0.0,11.258064516129032,0.0,False,,0.5,0.2,0.15,300.0,0.7,0.1,4.0
arm_3156,20264085,0.22,0,0.0005263150000000001,0.00526315,0.0,0.0,0.5,45.27443870967742,0.9054879032258065,43010.75161290323,0.0,0.0,141.43548387096774,0.5806451612903226,False,,0.5,0.2,0.15,300.0,0.7,0.01,8.0
arm_3157,20264086,0.2,0,0.0,0.0,0.0,0.0,0.0,0.0,0.0,0.0,0.0,0.0,75.06451612903226,0.0,False,,0.5,0.2,0.15,300.0,0.7,0.05,8.0
arm_3158,20264087,0.2,0,9.508398387096775e-05,0.0,0.00021129774193548388,0.0,0.0967741935483871,11.738716129032257,0.2347748387096774,0.0,11947.422580645161,0.0,86.83870967741936,0.16129032258064516,False,,0.5,0.2,0.15,300.0,0.7,0.1,8.0
arm_3159,20264088,0.26,0,0.0049505,0.049505,0.0,0.0,5.0,43157.44838709678,863.1486129032259,8717800.0,0.0,0.0,90.01612903225806,588.4516129032259,True,,0.1,0.6,0.05,300.0,0.3,0.01,2.0
arm_3160,20264089,0.27,0,0.006262676548387097,0.0571429,0.0012186367741935484,0.0,6.548387096774194,47320.01774193549,946.4004032258064,8271803.870967742,52568.68387096775,0.0,63.67741935483871,670.7258064516129,True,,0.1,0.6,0.05,300.0,0.3,0.05,2.0
arm_3161,20264090,0.29,0,0.01285261135483871,0.11222383870967742,0.0015762464516129032,0.0020464812903225804,12.306451612903226,51921.754838709676,1038.4353064516129,4607290.0,66507.33225806452,115292.6129032258,75.0,666.0967741935484,False,,0.1,0.6,0.05,300.0,0.3,0.1,2.0
arm_3162,20264091,0.26,0,0.0,0.0,0.0,0.0,0.0,0.0,0.0,0.0,0.0,0.0,13.193548387096774,0.0,False,,0.1,0.6,0.05,300.0,0.3,0.01,4.0
arm_3163,20264092,0.23,0,0.007363875024193549,0.06505978548387097,0.0011520725806451614,0.0007543640322580646,6.661290322580645,51751.06451612903,1035.0212903225806,7926204.193548387,112305.76129032258,39426.52903225807,228.5,622.0483870967741,True,,0.1,0.6,0.05,300.0,0.3,0.05,4.0
arm_3164,20264093,0.35,0,0.006387521016129032,0.0625,0.00030560225806451613,0.0,6.145161290322581,22940.541935483874,458.81087096774195,3668857.580645161,10752.691935483872,0.0,156.53225806451613,297.3225806451613,True,,0.1,0.6,0.05,300.0,0.3,0.1,4.0
arm_3165,20264094,0.31,0,0.00851064,0.0851064,0.0,0.0,8.0,55087.83225806452,1101.7562741935483,6472820.161290322,0.0,0.0,538.1612903225806,699.0645161290323,True,,0.1,0.6,0.05,300.0,0.3,0.01,8.0
arm_3166,20264095,0.36,0,0.005935924338709678,0.05837175322580645,0.00021944225806451613,0.0,6.225806451612903,29600.52741935484,592.0106612903226,5072572.258064516,7168.461290322582,0.0,345.4193548387097,419.5806451612903,True,,0.1,0.6,0.05,300.0,0.3,0.05,8.0
arm_3167,20264096,0.34,0,0.009833084725806452,0.0776699,0.0026447156451612905,0.0019466059677419353,10.048387096774194,69194.79516129031,1383.8966129032258,8859019.516129032,151732.3064516129,114097.9564516129,503.93548387096774,961.9354838709677,True,,0.1,0.6,0.05,300.0,0.3,0.1,8.0
arm_3168,20264097,0.2,0,0.0028301900000000002,0.0283019,0.0,0.0,3.0,3116.476129032258,62.32952741935484,1101155.0806451612,0.0,0.0,45.354838709677416,44.596774193548384,False,,0.1,0.6,0.1,300.0,0.3,0.01,2.0
arm_3169,20264098,0.26,0,0.0015912807741935485,0.014221312903225806,0.0,0.0003758877419354839,1.5,627.8865000000001,12.557714516129032,480286.8064516129,0.0,13142.179032258065,5.741935483870968,7.903225806451613,False,,0.1,0.6,0.1,300.0,0.3,0.05,2.0
arm_3170,20264099,0.24,0,0.001209679677419355,0.012096796774193548,0.0,0.0,1.1612903225806452,216.54701612903224,4.330944193548387,189963.9806451613,0.0,0.0,5.725806451612903,2.806451612903226,False,,0.1,0.6,0.1,300.0,0.3,0.1,2.0
arm_3171,20264100,0.27,0,0.0011166241935483873,0.011166241935483871,0.0,0.0,1.0161290322580645,636.7588548387097,12.735163387096774,575269.0161290322,0.0,0.0,40.87096774193548,7.82258064516129,False,,0.1,0.6,0.1,300.0,0.3,0.01,4.0
arm_3172,20264101,0.3,0,0.004887084048387097,0.0423729,0.0005402058064516129,0.0009037809677419355,5.645161290322581,2151.1604838709677,43.02321774193548,487933.1129032258,34647.51612903226,41815.99193548387,107.40322580645162,34.04838709677419,False,,0.1,0.6,0.1,300.0,0.3,0.05,4.0
arm_3173,20264102,0.27,0,0.0024948368306451614,0.0210526,3.6824354838709676e-05,0.0008289019354838709,2.403225806451613,1182.1003548387096,23.641996774193547,547789.8870967742,1194.7435483870968,28673.845161290326,57.274193548387096,15.193548387096774,False,,0.1,0.6,0.1,300.0,0.3,0.1,4.0
arm_3174,20264103,0.34,0,0.0021305662258064516,0.0190476,0.0005017916129032258,0.0,2.225806451612903,2154.406612903226,43.08812258064516,1113500.5483870967,33452.78548387097,0.0,242.53225806451613,30.516129032258064,False,,0.1,0.6,0.1,300.0,0.3,0.01,8.0
arm_3175,20264104,0.35,0,0.005427278475806451,0.046729,0.0013662232258064516,0.0003101733870967742,5.725806451612903,5427.318387096774,108.54638225806451,1133810.6129032257,101553.09677419355,11947.432258064517,432.1774193548387,78.19354838709677,False,,0.1,0.6,0.1,300.0,0.3,0.05,8.0
arm_3176,20264105,0.32,0,0.0020350055322580648,0.010989,0.001627366935483871,0.0004528675806451613,1.935483870967742,392.23182258064514,7.844636129032258,279569.6129032258,69295.09193548387,15531.666129032259,157.8548387096774,4.919354838709677,False,,0.1,0.6,0.1,300.0,0.3,0.1,8.0
arm_3177,20264106,0.24,0,0.0,0.0,0.0,0.0,0.0,0.0,0.0,0.0,0.0,0.0,3.2096774193548385,0.0,False,,0.1,0.6,0.15,300.0,0.3,0.01,2.0
arm_3178,20264107,0.23,0,0.0006630817741935485,0.006630817741935484,0.0,0.0,0.5967741935483871,55.75466129032258,1.1150932258064516,50179.21612903226,0.0,0.0,4.725806451612903,0.6774193548387096,False,,0.1,0.6,0.15,300.0,0.3,0.05,2.0
arm_3179,20264108,0.21,0,0.0,0.0,0.0,0.0,0.0,0.0,0.0,0.0,0.0,0.0,2.0930232558139537,0.0,False,,0.1,0.6,0.15,300.0,0.3,0.1,2.0
arm_3180,20264109,0.27,0,0.001630435,0.01630435,0.0,0.0,1.5,171.41976129032258,3.4283940322580646,101553.11935483871,0.0,0.0,38.29032258064516,2.129032258064516,False,,0.1,0.6,0.15,300.0,0.3,0.01,4.0
arm_3181,20264110,0.26,0,0.0006860347419354838,0.004530645161290322,0.0004442309677419355,7.348064516129031e-05,0.6451612903225806,60.21415806451613,1.204283870967742,38231.77096774194,15531.666129032259,2389.4870967741936,33.17741935483871,0.7580645161290323,False,,0.1,0.6,0.15,300.0,0.3,0.05,4.0
arm_3182,20264111,0.25,0,0.00022381664516129033,0.0,0.0,0.0004973703225806452,0.22580645161290322,16.579025806451614,0.33158096774193546,0.0,0.0,16726.409677419357,13.193548387096774,0.22580645161290322,False,,0.1,0.6,0.15,300.0,0.3,0.1,4.0
arm_3183,20264112,0.33,0,0.0,0.0,0.0,0.0,0.0,0.0,0.0,0.0,0.0,0.0,152.1451612903226,0.0,False,,0.1,0.6,0.15,300.0,0.3,0.01,8.0
arm_3184,20264113,0.3,0,0.0003162556451612903,0.0,0.0007027903225806452,0.0,0.3225806451612903,23.426322580645163,0.4685258064516129,0.0,23894.870967741936,0.0,109.91935483870968,0.3225806451612903,False,,0.1,0.6,0.15,300.0,0.3,0.05,8.0
arm_3185,20264114,0.32,0,0.0028565134919354834,0.010890535,0.0021088827419354834,0.001818806129032258,3.0,300.10578387096774,6.002111451612904,94982.01935483872,56152.943548387106,56750.26935483871,138.03225806451613,4.354838709677419,False,,0.1,0.6,0.15,300.0,0.3,0.1,8.0
arm_3186,20264115,0.18,0,0.0,0.0,0.0,0.0,0.0,0.0,0.0,0.0,0.0,0.0,2.25,0.0,False,,0.3,0.6,0.05,300.0,0.3,0.01,2.0
arm_3187,20264116,0.21,0,0.0,0.0,0.0,0.0,0.0,0.0,0.0,0.0,0.0,0.0,5.03125,0.0,False,,0.3,0.6,0.05,300.0,0.3,0.05,2.0
arm_3188,20264117,0.23,0,0.0,0.0,0.0,0.0,0.0,0.0,0.0,0.0,0.0,0.0,1.6612903225806452,0.0,False,,0.3,0.6,0.05,300.0,0.3,0.1,2.0
arm_3189,20264118,0.25,0,0.000929790806451613,0.009297908064516129,0.0,0.0,0.7903225806451613,605.8049032258065,12.116103548387098,514934.49516129034,0.0,0.0,71.95161290322581,6.951612903225806,False,,0.3,0.6,0.05,300.0,0.3,0.01,4.0
arm_3190,20264119,0.24,0,0.0,0.0,0.0,0.0,0.0,0.0,0.0,0.0,0.0,0.0,22.903225806451612,0.0,False,,0.3,0.6,0.05,300.0,0.3,0.05,4.0
arm_3191,20264120,0.23,0,0.0003307755806451613,0.0013302322580645161,0.00030504129032258063,0.00013440838709677418,0.3225806451612903,29.428612903225808,0.5885729032258065,14336.909677419355,9557.948387096774,4778.974193548387,30.177419354838708,0.3870967741935484,False,,0.3,0.6,0.05,300.0,0.3,0.1,4.0
arm_3192,20264121,0.28,0,1.560875806451613e-05,0.0,0.0,3.468612903225806e-05,0.016129032258064516,1.1562032258064516,0.023124032258064513,0.0,0.0,1194.7435483870968,124.98387096774194,0.016129032258064516,False,,0.3,0.6,0.05,300.0,0.3,0.01,8.0
arm_3193,20264122,0.27,0,0.00019572300000000002,0.0,0.00043494000000000003,0.0,0.1935483870967742,19.330687096774195,0.38661370967741937,0.0,19115.88548387097,0.0,107.7258064516129,0.25806451612903225,False,,0.3,0.6,0.05,300.0,0.3,0.05,8.0
arm_3194,20264123,0.28,0,0.0006697591209677419,0.0020161258064516126,0.0005932516129032257,0.0004470740322580645,0.6612903225806451,93.97791612903225,1.8795593548387097,10752.677419354839,51373.914516129036,16726.40322580645,185.80645161290323,1.2419354838709677,False,,0.3,0.6,0.05,300.0,0.3,0.1,8.0
arm_3195,20264124,0.2,0,0.0,0.0,0.0,0.0,0.0,0.0,0.0,0.0,0.0,0.0,1.2391304347826086,0.0,False,,0.3,0.6,0.1,300.0,0.3,0.01,2.0
arm_3196,20264125,0.17,0,,,,,,,,,,,,,,no tail rows,0.3,0.6,0.1,300.0,0.3,0.05,2.0
arm_3197,20264126,0.23,0,0.0,0.0,0.0,0.0,0.0,0.0,0.0,0.0,0.0,0.0,2.5,0.0,False,,0.3,0.6,0.1,300.0,0.3,0.1,2.0
arm_3198,20264127,0.24,0,0.0,0.0,0.0,0.0,0.0,0.0,0.0,0.0,0.0,0.0,15.53225806451613,0.0,False,,0.3,0.6,0.1,300.0,0.3,0.01,4.0
arm_3199,20264128,0.24,0,0.0,0.0,0.0,0.0,0.0,0.0,0.0,0.0,0.0,0.0,12.580645161290322,0.0,False,,0.3,0.6,0.1,300.0,0.3,0.05,4.0
arm_3200,20264129,0.23,0,0.0001817146451612903,0.0,7.31474193548387e-05,0.0003306629032258064,0.1774193548387097,24.48246935483871,0.48964967741935483,0.0,2389.4870967741936,21505.362903225807,17.516129032258064,0.3225806451612903,False,,0.3,0.6,0.1,300.0,0.3,0.1,4.0
arm_3201,20264130,0.27,0,0.0,0.0,0.0,0.0,0.0,0.0,0.0,0.0,0.0,0.0,84.53225806451613,0.0,False,,0.3,0.6,0.1,300.0,0.3,0.01,8.0
arm_3202,20264131,0.25,0,3.211533870967742e-05,0.0,7.13674193548387e-05,0.0,0.03225806451612903,2.3789129032258067,0.04757838709677419,0.0,2389.4870967741936,0.0,75.03225806451613,0.03225806451612903,False,,0.3,0.6,0.1,300.0,0.3,0.05,8.0
arm_3203,20264132,0.25,0,0.0,0.0,0.0,0.0,0.0,0.0,0.0,0.0,0.0,0.0,78.53225806451613,0.0,False,,0.3,0.6,0.1,300.0,0.3,0.1,8.0
arm_3204,20264133,0.14,0,,,,,,,,,,,,,,no tail rows,0.3,0.6,0.15,300.0,0.3,0.01,2.0
arm_3205,20264134,0.17,0,,,,,,,,,,,,,,no tail rows,0.3,0.6,0.15,300.0,0.3,0.05,2.0
arm_3206,20264135,0.22,0,0.0,0.0,0.0,0.0,0.0,0.0,0.0,0.0,0.0,0.0,3.087719298245614,0.0,False,,0.3,0.6,0.15,300.0,0.3,0.1,2.0
arm_3207,20264136,0.23,0,0.0,0.0,0.0,0.0,0.0,0.0,0.0,0.0,0.0,0.0,9.403225806451612,0.0,False,,0.3,0.6,0.15,300.0,0.3,0.01,4.0
arm_3208,20264137,0.22,0,0.00016022250000000002,0.0,0.00035605,0.0,0.16129032258064516,11.868306451612904,0.23736612903225807,0.0,11947.435483870968,0.0,9.919354838709678,0.16129032258064516,False,,0.3,0.6,0.15,300.0,0.3,0.05,4.0
arm_3209,20264138,0.23,0,3.1903548387096776e-05,0.0,7.089677419354839e-05,0.0,0.03225806451612903,2.363225806451613,0.04726451612903226,0.0,1194.7435483870968,0.0,17.096774193548388,0.03225806451612903,False,,0.3,0.6,0.15,300.0,0.3,0.1,4.0
arm_3210,20264139,0.27,0,0.0,0.0,0.0,0.0,0.0,0.0,0.0,0.0,0.0,0.0,92.48387096774194,0.0,False,,0.3,0.6,0.15,300.0,0.3,0.01,8.0
arm_3211,20264140,0.27,0,0.00017779983870967742,0.0001402524193548387,0.00014696129032258062,0.00021698225806451613,0.1774193548387097,20.518445161290323,0.4103693548387097,1194.7435483870968,11947.41935483871,7168.461290322582,141.06451612903226,0.27419354838709675,False,,0.3,0.6,0.15,300.0,0.3,0.05,8.0
arm_3212,20264141,0.26,0,0.00014262597580645163,0.0,0.0,0.00031694661290322586,0.14516129032258066,15.260338709677418,0.30520709677419355,0.0,0.0,15531.65322580645,102.7741935483871,0.20967741935483872,False,,0.3,0.6,0.15,300.0,0.3,0.1,8.0
arm_3213,20264142,0.13,0,,,,,,,,,,,,,,no tail rows,0.5,0.6,0.05,300.0,0.3,0.01,2.0
arm_3214,20264143,0.15,0,,,,,,,,,,,,,,no tail rows,0.5,0.6,0.05,300.0,0.3,0.05,2.0
arm_3215,20264144,0.2,0,0.00033973232291666664,0.0021417435416666666,0.0,0.00027901770833333334,0.3541666666666667,32.91589583333333,0.658316875,16975.314583333336,0.0,14660.479166666666,2.9375,0.4583333333333333,False,,0.5,0.6,0.05,300.0,0.3,0.1,2.0
arm_3216,20264145,0.22,0,0.0,0.0,0.0,0.0,0.0,0.0,0.0,0.0,0.0,0.0,8.725806451612904,0.0,False,,0.5,0.6,0.05,300.0,0.3,0.01,4.0
arm_3217,20264146,0.21,0,0.0,0.0,0.0,0.0,0.0,0.0,0.0,0.0,0.0,0.0,8.225806451612904,0.0,False,,0.5,0.6,0.05,300.0,0.3,0.05,4.0
arm_3218,20264147,0.23,0,0.0005414019677419355,0.004471414838709677,0.0,0.0002094677419354839,0.5483870967741935,51.79856129032258,1.0359701612903225,37037.040322580644,0.0,15531.646774193548,31.161290322580644,0.7096774193548387,False,,0.5,0.6,0.05,300.0,0.3,0.1,4.0
arm_3219,20264148,0.23,0,0.0,0.0,0.0,0.0,0.0,0.0,0.0,0.0,0.0,0.0,94.20967741935483,0.0,False,,0.5,0.6,0.05,300.0,0.3,0.01,8.0
arm_3220,20264149,0.25,0,0.00012568064516129036,0.0,0.0002792903225806452,0.0,0.12903225806451613,20.946777419354838,0.41893548387096774,0.0,21505.358064516127,0.0,109.6774193548387,0.2903225806451613,False,,0.5,0.6,0.05,300.0,0.3,0.05,8.0
arm_3221,20264150,0.25,0,6.451606451612903e-05,0.0,0.0,0.0001433690322580645,0.06451612903225806,4.778974193548387,0.09557935483870968,0.0,0.0,4778.974193548387,88.70967741935483,0.06451612903225806,False,,0.5,0.6,0.05,300.0,0.3,0.1,8.0
arm_3222,20264151,0.15,0,,,,,,,,,,,,,,no tail rows,0.5,0.6,0.1,300.0,0.3,0.01,2.0
arm_3223,20264152,0.16,0,,,,,,,,,,,,,,no tail rows,0.5,0.6,0.1,300.0,0.3,0.05,2.0
arm_3224,20264153,0.16,0,,,,,,,,,,,,,,no tail rows,0.5,0.6,0.1,300.0,0.3,0.1,2.0
arm_3225,20264154,0.23,0,0.0,0.0,0.0,0.0,0.0,0.0,0.0,0.0,0.0,0.0,25.919354838709676,0.0,False,,0.5,0.6,0.1,300.0,0.3,0.01,4.0
arm_3226,20264155,0.22,0,0.0,0.0,0.0,0.0,0.0,0.0,0.0,0.0,0.0,0.0,14.258064516129032,0.0,False,,0.5,0.6,0.1,300.0,0.3,0.05,4.0
arm_3227,20264156,0.23,0,0.0,0.0,0.0,0.0,0.0,0.0,0.0,0.0,0.0,0.0,12.564516129032258,0.0,False,,0.5,0.6,0.1,300.0,0.3,0.1,4.0
arm_3228,20264157,0.24,0,0.0,0.0,0.0,0.0,0.0,0.0,0.0,0.0,0.0,0.0,91.69354838709677,0.0,False,,0.5,0.6,0.1,300.0,0.3,0.01,8.0
arm_3229,20264158,0.24,0,9.698966129032258e-05,0.0,0.0,0.0002155325806451613,0.0967741935483871,11.974032258064517,0.2394806451612903,0.0,0.0,11947.427419354839,70.98387096774194,0.16129032258064516,False,,0.5,0.6,0.1,300.0,0.3,0.05,8.0
arm_3230,20264159,0.25,0,0.0005296954838709678,0.003331006451612903,6.86341935483871e-05,0.00036824322580645164,0.5,111.95305161290322,2.239060806451613,71684.52580645161,4778.9693548387095,24492.209677419356,116.6774193548387,1.4193548387096775,False,,0.5,0.6,0.1,300.0,0.3,0.1,8.0
arm_3231,20264160,0.19,0,0.0,0.0,0.0,0.0,0.0,0.0,0.0,0.0,0.0,0.0,1.25,0.0,False,,0.5,0.6,0.15,300.0,0.3,0.01,2.0
arm_3232,20264161,0.14,0,,,,,,,,,,,,,,no tail rows,0.5,0.6,0.15,300.0,0.3,0.05,2.0
arm_3233,20264162,0.16,0,,,,,,,,,,,,,,no tail rows,0.5,0.6,0.15,300.0,0.3,0.1,2.0
arm_3234,20264163,0.22,0,0.0,0.0,0.0,0.0,0.0,0.0,0.0,0.0,0.0,0.0,24.548387096774192,0.0,False,,0.5,0.6,0.15,300.0,0.3,0.01,4.0
arm_3235,20264164,0.23,0,3.360208064516129e-05,0.0,0.0,7.467129032258065e-05,0.03225806451612903,2.489048387096774,0.04978096774193548,0.0,0.0,2389.4870967741936,17.370967741935484,0.03225806451612903,False,,0.5,0.6,0.15,300.0,0.3,0.05,4.0
arm_3236,20264165,0.22,0,0.0,0.0,0.0,0.0,0.0,0.0,0.0,0.0,0.0,0.0,10.903225806451612,0.0,False,,0.5,0.6,0.15,300.0,0.3,0.1,4.0
arm_3237,20264166,0.24,0,0.0,0.0,0.0,0.0,0.0,0.0,0.0,0.0,0.0,0.0,88.04838709677419,0.0,False,,0.5,0.6,0.15,300.0,0.3,0.01,8.0
arm_3238,20264167,0.25,0,4.976858870967742e-05,0.00033955806451612904,0.0,3.513951612903226e-05,0.04838709677419355,7.459440322580646,0.14918870967741937,5973.711290322581,0.0,1194.7435483870968,95.5,0.0967741935483871,False,,0.5,0.6,0.15,300.0,0.3,0.05,8.0
arm_3239,20264168,0.24,0,3.18335806451613e-05,0.0,0.0,7.074129032258065e-05,0.03225806451612903,2.3580451612903226,0.04716096774193548,0.0,0.0,2389.4870967741936,87.56451612903226,0.03225806451612903,False,,0.5,0.6,0.15,300.0,0.3,0.1,8.0
arm_3240,20264169,0.26,0,0.00714286,0.0714286,0.0,0.0,7.0,56112.69516129032,1122.2535483870968,7855777.419354838,0.0,0.0,101.98387096774194,742.3709677419355,True,,0.1,0.6,0.05,300.0,0.5,0.01,2.0
arm_3241,20264170,0.25,0,0.00526316,0.0526316,0.0,0.0,5.0,44423.06612903226,888.4612741935484,8440382.903225806,0.0,0.0,29.274193548387096,569.7258064516129,True,,0.1,0.6,0.05,300.0,0.5,0.05,2.0
arm_3242,20264171,0.25,0,0.004083941548387097,0.039604,0.0002745367741935484,0.0,4.129032258064516,21339.31129032258,426.7862580645161,5376045.322580645,50179.209677419356,0.0,45.83870967741935,290.98387096774195,True,,0.1,0.6,0.05,300.0,0.5,0.1,2.0
arm_3243,20264172,0.27,0,0.00627691225,0.0581395,0.001028805,0.0,5.5,41554.38548387097,831.0878870967742,7141457.419354838,37037.05,0.0,63.725806451612904,482.5483870967742,True,,0.1,0.6,0.05,300.0,0.5,0.01,4.0
arm_3244,20264173,0.29,0,0.00458716,0.0458716,0.0,0.0,5.0,14078.240322580645,281.5647903225806,3069055.806451613,0.0,0.0,76.90322580645162,207.16129032258064,True,,0.1,0.6,0.05,300.0,0.5,0.05,4.0
arm_3245,20264174,0.29,0,0.006946924951612903,0.06501497096774193,0.0007713874193548386,0.00021845225806451613,6.758064516129032,23433.1,468.6620967741935,3606246.935483871,65710.85645161291,7168.461290322582,204.98387096774192,306.9032258064516,True,,0.1,0.6,0.05,300.0,0.5,0.1,4.0
arm_3246,20264175,0.34,0,0.00510204,0.0510204,0.0,0.0,5.0,44357.88064516129,887.1577419354838,8694146.451612903,0.0,0.0,338.7258064516129,586.8548387096774,True,,0.1,0.6,0.05,300.0,0.5,0.01,8.0
arm_3247,20264176,0.36,0,0.004057234983870968,0.0384615,0.0,0.00046907774193548384,4.209677419354839,24563.282258064515,491.26567741935486,6380824.516129033,0.0,21505.370967741936,346.4032258064516,344.85483870967744,True,,0.1,0.6,0.05,300.0,0.5,0.05,8.0
arm_3248,20264177,0.36,0,0.008110545370967743,0.0714286,7.26532258064516e-05,0.002077758709677419,7.983870967741935,34210.21935483871,684.2044677419354,4777095.9677419355,2389.4870967741936,64715.238709677426,383.16129032258067,452.64516129032256,True,,0.1,0.6,0.05,300.0,0.5,0.1,8.0
arm_3249,20264178,0.25,0,0.0026722758790322584,0.025274367741935484,0.0,0.0003218646774193548,2.596774193548387,1812.303064516129,36.24601129032258,726204.6129032258,0.0,22700.09677419355,32.53225806451613,23.741935483870968,False,,0.1,0.6,0.1,300.0,0.5,0.01,2.0
arm_3250,20264179,0.25,0,0.0010663470161290322,0.0102041,0.00010208225806451613,0.0,1.0483870967741935,1992.6766129032258,39.853525806451614,1945041.2903225806,8363.193548387097,0.0,22.677419354838708,26.370967741935484,False,,0.1,0.6,0.1,300.0,0.5,0.05,2.0
arm_3251,20264180,0.27,0,0.00803682316935484,0.06858756774193549,0.001673433064516129,0.0009444922580645161,8.241935483870968,8442.057419354838,168.84109677419355,1206840.5806451612,84030.25483870968,32855.42580645162,86.5,117.3225806451613,False,,0.1,0.6,0.1,300.0,0.5,0.1,2.0
arm_3252,20264181,0.27,0,0.00128205,0.0128205,0.0,0.0,1.0,1335.6604032258065,26.71323064516129,1041815.7741935484,0.0,0.0,45.774193548387096,14.064516129032258,False,,0.1,0.6,0.1,300.0,0.5,0.01,4.0
arm_3253,20264182,0.28,0,0.0019417500000000001,0.0194175,0.0,0.0,2.0,666.9681612903225,13.339364193548386,343488.3387096774,0.0,0.0,67.2741935483871,9.274193548387096,False,,0.1,0.6,0.1,300.0,0.5,0.05,4.0
arm_3254,20264183,0.29,0,0.0035717301290322584,0.029325483870967742,0.0013537548387096774,6.664903225806451e-05,3.5,608.4618870967743,12.169236935483871,184986.12258064517,49581.82741935484,2389.4870967741936,43.04838709677419,8.080645161290322,False,,0.1,0.6,0.1,300.0,0.5,0.1,4.0
arm_3255,20264184,0.33,0,0.003910136048387097,0.0337079,0.0,0.0011985467741935484,3.564516129032258,5126.207580645161,102.52419838709677,1504181.6129032257,0.0,48984.44677419355,242.9516129032258,61.70967741935484,False,,0.1,0.6,0.1,300.0,0.5,0.01,8.0
arm_3256,20264185,0.33,0,0.004568751540322581,0.0430108,0.0005585806451612904,3.6245e-05,4.274193548387097,3636.174677419355,72.7234677419355,840800.4193548387,19115.89677419355,1194.7435483870968,228.11290322580646,45.67741935483871,False,,0.1,0.6,0.1,300.0,0.5,0.05,8.0
arm_3257,20264186,0.35,0,0.0028971475403225806,0.014726504032258062,0.0017128180645161288,0.001452731129032258,3.096774193548387,609.3259677419354,12.186515967741935,310633.0967741936,49581.83548387097,44802.87096774193,219.32258064516128,9.193548387096774,False,,0.1,0.6,0.1,300.0,0.5,0.1,8.0
arm_3258,20264187,0.23,0,0.00034669866129032257,0.0034669866129032256,0.0,0.0,0.3709677419354839,26.797970967741932,0.5359587096774193,28673.841935483873,0.0,0.0,3.7419354838709675,0.3870967741935484,False,,0.1,0.6,0.15,300.0,0.5,0.01,2.0
arm_3259,20264188,0.27,0,0.001054327314516129,0.00943396,0.0002465140322580645,0.0,1.1129032258064515,159.25059032258065,3.1850138709677416,160095.44032258066,8363.204838709678,0.0,10.516129032258064,2.274193548387097,False,,0.1,0.6,0.15,300.0,0.5,0.05,2.0
arm_3260,20264189,0.25,0,0.0012655248790322583,0.011476442580645162,0.000261956935483871,0.0,1.3064516129032258,168.41374677419356,3.3682793548387098,87813.54677419356,8363.204838709678,0.0,4.870967741935484,2.3548387096774195,False,,0.1,0.6,0.15,300.0,0.5,0.1,2.0
arm_3261,20264190,0.26,0,0.0,0.0,0.0,0.0,0.0,0.0,0.0,0.0,0.0,0.0,17.661290322580644,0.0,False,,0.1,0.6,0.15,300.0,0.5,0.01,4.0
arm_3262,20264191,0.28,0,0.002125051306451613,0.020929359677419355,0.0,7.13674193548387e-05,1.7903225806451613,355.1126,7.102247419354838,140183.2548387097,0.0,2389.4870967741936,50.87096774193548,4.032258064516129,False,,0.1,0.6,0.15,300.0,0.5,0.05,4.0
arm_3263,20264192,0.29,0,0.0012984992258064517,0.01,0.00013697677419354838,0.0005263548387096775,1.2903225806451613,315.11532258064517,6.302311129032258,286738.06451612903,4778.974193548387,22700.114516129033,36.403225806451616,4.241935483870968,False,,0.1,0.6,0.15,300.0,0.5,0.1,4.0
arm_3264,20264193,0.31,0,0.0003372432096774194,0.003372432096774194,0.0,0.0,0.3709677419354839,36.92840161290322,0.7385683870967742,25686.970967741938,0.0,0.0,119.46774193548387,0.5483870967741935,False,,0.1,0.6,0.15,300.0,0.5,0.01,8.0
arm_3265,20264194,0.26,0,0.0001487090322580645,0.0,0.00010059677419354839,0.00022986774193548383,0.14516129032258066,11.015482258064516,0.2203093548387097,0.0,3584.230645161291,7168.461290322582,46.32258064516129,0.14516129032258066,False,,0.1,0.6,0.15,300.0,0.5,0.05,8.0
arm_3266,20264195,0.32,0,0.0014004159032258066,0.010120174193548388,0.000541243064516129,0.0003218646774193548,1.4193548387096775,204.53014193548387,4.090602419354839,171445.5,14336.922580645163,14336.912903225808,158.58064516129033,2.806451612903226,False,,0.1,0.6,0.15,300.0,0.5,0.1,8.0
arm_3267,20264196,0.17,0,,,,,,,,,,,,,,no tail rows,0.3,0.6,0.05,300.0,0.5,0.01,2.0
arm_3268,20264197,0.22,0,0.00016129032258064516,0.0016129032258064516,0.0,0.0,0.16129032258064516,32.25803225806452,0.6451606451612903,32258.032258064515,0.0,0.0,15.838709677419354,0.43548387096774194,False,,0.3,0.6,0.05,300.0,0.5,0.05,2.0
arm_3269,20264198,0.21,0,0.0,0.0,0.0,0.0,0.0,0.0,0.0,0.0,0.0,0.0,0.96875,0.0,False,,0.3,0.6,0.05,300.0,0.5,0.1,2.0
arm_3270,20264199,0.26,0,0.0,0.0,0.0,0.0,0.0,0.0,0.0,0.0,0.0,0.0,14.53225806451613,0.0,False,,0.3,0.6,0.05,300.0,0.5,0.01,4.0
arm_3271,20264200,0.25,0,0.0,0.0,0.0,0.0,0.0,0.0,0.0,0.0,0.0,0.0,13.435483870967742,0.0,False,,0.3,0.6,0.05,300.0,0.5,0.05,4.0
arm_3272,20264201,0.27,0,0.0,0.0,0.0,0.0,0.0,0.0,0.0,0.0,0.0,0.0,27.048387096774192,0.0,False,,0.3,0.6,0.05,300.0,0.5,0.1,4.0
arm_3273,20264202,0.3,0,0.0,0.0,0.0,0.0,0.0,0.0,0.0,0.0,0.0,0.0,119.56451612903226,0.0,False,,0.3,0.6,0.05,300.0,0.5,0.01,8.0
arm_3274,20264203,0.27,0,3.399561290322581e-05,0.0,0.0,7.55458064516129e-05,0.03225806451612903,2.5181935483870967,0.05036387096774193,0.0,0.0,2389.4870967741936,65.16129032258064,0.03225806451612903,False,,0.3,0.6,0.05,300.0,0.5,0.05,8.0
arm_3275,20264204,0.3,0,0.0013400711048387097,0.01164874129032258,0.0003521629032258065,3.716370967741935e-05,1.435483870967742,125.1814935483871,2.503630806451613,84229.3806451613,20310.61935483871,1194.7435483870968,88.98387096774194,1.8064516129032258,False,,0.3,0.6,0.05,300.0,0.5,0.1,8.0
arm_3276,20264205,0.16,0,,,,,,,,,,,,,,no tail rows,0.3,0.6,0.1,300.0,0.5,0.01,2.0
arm_3277,20264206,0.25,0,0.0,0.0,0.0,0.0,0.0,0.0,0.0,0.0,0.0,0.0,1.0,0.0,False,,0.3,0.6,0.1,300.0,0.5,0.05,2.0
arm_3278,20264207,0.24,0,0.0,0.0,0.0,0.0,0.0,0.0,0.0,0.0,0.0,0.0,2.2,0.0,False,,0.3,0.6,0.1,300.0,0.5,0.1,2.0
arm_3279,20264208,0.27,0,0.0,0.0,0.0,0.0,0.0,0.0,0.0,0.0,0.0,0.0,10.564516129032258,0.0,False,,0.3,0.6,0.1,300.0,0.5,0.01,4.0
arm_3280,20264209,0.28,0,0.0,0.0,0.0,0.0,0.0,0.0,0.0,0.0,0.0,0.0,14.096774193548388,0.0,False,,0.3,0.6,0.1,300.0,0.5,0.05,4.0
arm_3281,20264210,0.26,0,0.0,0.0,0.0,0.0,0.0,0.0,0.0,0.0,0.0,0.0,12.17741935483871,0.0,False,,0.3,0.6,0.1,300.0,0.5,0.1,4.0
arm_3282,20264211,0.3,0,3.360208064516129e-05,0.0,7.467129032258065e-05,0.0,0.03225806451612903,2.489048387096774,0.04978096774193548,0.0,2389.4870967741936,0.0,96.30645161290323,0.03225806451612903,False,,0.3,0.6,0.1,300.0,0.5,0.01,8.0
arm_3283,20264212,0.29,0,0.0,0.0,0.0,0.0,0.0,0.0,0.0,0.0,0.0,0.0,68.43548387096774,0.0,False,,0.3,0.6,0.1,300.0,0.5,0.05,8.0
arm_3284,20264213,0.3,0,0.0002331728306451613,0.0009061290322580644,3.568370967741935e-05,0.00028111612903225806,0.22580645161290322,27.83203064516129,0.5566406451612904,5973.717741935484,2389.483870967742,19115.877419354838,85.64516129032258,0.3709677419354839,False,,0.3,0.6,0.1,300.0,0.5,0.1,8.0
arm_3285,20264214,0.24,0,0.0,0.0,0.0,0.0,0.0,0.0,0.0,0.0,0.0,0.0,0.9782608695652174,0.0,False,,0.3,0.6,0.15,300.0,0.5,0.01,2.0
arm_3286,20264215,0.21,0,0.0,0.0,0.0,0.0,0.0,0.0,0.0,0.0,0.0,0.0,1.875,0.0,False,,0.3,0.6,0.15,300.0,0.5,0.05,2.0
arm_3287,20264216,0.19,0,,,,,,,,,,,,,,no tail rows,0.3,0.6,0.15,300.0,0.5,0.1,2.0
arm_3288,20264217,0.27,0,0.0,0.0,0.0,0.0,0.0,0.0,0.0,0.0,0.0,0.0,10.96774193548387,0.0,False,,0.3,0.6,0.15,300.0,0.5,0.01,4.0
arm_3289,20264218,0.27,0,0.0,0.0,0.0,0.0,0.0,0.0,0.0,0.0,0.0,0.0,17.306451612903224,0.0,False,,0.3,0.6,0.15,300.0,0.5,0.05,4.0
arm_3290,20264219,0.29,0,0.0003665689516129033,0.0036656895161290325,0.0,0.0,0.4032258064516129,104.2683870967742,2.085370322580645,114695.2258064516,0.0,0.0,21.774193548387096,1.5483870967741935,False,,0.3,0.6,0.15,300.0,0.5,0.1,4.0
arm_3291,20264220,0.29,0,0.00010973329838709678,0.0,0.00024385177419354842,0.0,0.11290322580645161,22.062745161290323,0.4412548387096774,0.0,22700.098387096776,0.0,66.08064516129032,0.3064516129032258,False,,0.3,0.6,0.15,300.0,0.5,0.01,8.0
arm_3292,20264221,0.29,0,0.0,0.0,0.0,0.0,0.0,0.0,0.0,0.0,0.0,0.0,62.79032258064516,0.0,False,,0.3,0.6,0.15,300.0,0.5,0.05,8.0
arm_3293,20264222,0.3,0,0.0,0.0,0.0,0.0,0.0,0.0,0.0,0.0,0.0,0.0,56.854838709677416,0.0,False,,0.3,0.6,0.15,300.0,0.5,0.1,8.0
arm_3294,20264223,0.2,0,0.0,0.0,0.0,0.0,0.0,0.0,0.0,0.0,0.0,0.0,3.7142857142857144,0.0,False,,0.5,0.6,0.05,300.0,0.5,0.01,2.0
arm_3295,20264224,0.14,0,,,,,,,,,,,,,,no tail rows,0.5,0.6,0.05,300.0,0.5,0.05,2.0
arm_3296,20264225,0.19,0,0.0,0.0,0.0,0.0,0.0,0.0,0.0,0.0,0.0,0.0,0.9523809523809523,0.0,False,,0.5,0.6,0.05,300.0,0.5,0.1,2.0
arm_3297,20264226,0.24,0,0.0,0.0,0.0,0.0,0.0,0.0,0.0,0.0,0.0,0.0,19.903225806451612,0.0,False,,0.5,0.6,0.05,300.0,0.5,0.01,4.0
arm_3298,20264227,0.2,0,0.0,0.0,0.0,0.0,0.0,0.0,0.0,0.0,0.0,0.0,2.8484848484848486,0.0,False,,0.5,0.6,0.05,300.0,0.5,0.05,4.0
arm_3299,20264228,0.24,0,0.00011068941935483875,0.0011068941935483874,0.0,0.0,0.11290322580645161,8.199212903225806,0.16398403225806454,8363.204838709678,0.0,0.0,12.048387096774194,0.11290322580645161,False,,0.5,0.6,0.05,300.0,0.5,0.1,4.0
arm_3300,20264229,0.26,0,1.560875806451613e-05,0.0,0.0,3.468612903225806e-05,0.016129032258064516,2.3124032258064515,0.04624806451612903,0.0,0.0,2389.483870967742,154.74193548387098,0.03225806451612903,False,,0.5,0.6,0.05,300.0,0.5,0.01,8.0
arm_3301,20264230,0.25,0,1.638391935483871e-05,0.0,0.0,3.640870967741936e-05,0.016129032258064516,2.4272419354838712,0.04854483870967742,0.0,0.0,2389.483870967742,96.03225806451613,0.03225806451612903,False,,0.5,0.6,0.05,300.0,0.5,0.05,8.0
arm_3302,20264231,0.25,0,0.0,0.0,0.0,0.0,0.0,0.0,0.0,0.0,0.0,0.0,65.16129032258064,0.0,False,,0.5,0.6,0.05,300.0,0.5,0.1,8.0
arm_3303,20264232,0.16,0,,,,,,,,,,,,,,no tail rows,0.5,0.6,0.1,300.0,0.5,0.01,2.0
arm_3304,20264233,0.15,0,,,,,,,,,,,,,,no tail rows,0.5,0.6,0.1,300.0,0.5,0.05,2.0
arm_3305,20264234,0.17,0,,,,,,,,,,,,,,no tail rows,0.5,0.6,0.1,300.0,0.5,0.1,2.0
arm_3306,20264235,0.29,0,0.0,0.0,0.0,0.0,0.0,0.0,0.0,0.0,0.0,0.0,7.935483870967742,0.0,False,,0.5,0.6,0.1,300.0,0.5,0.01,4.0
arm_3307,20264236,0.32,0,0.0,0.0,0.0,0.0,0.0,0.0,0.0,0.0,0.0,0.0,30.29032258064516,0.0,False,,0.5,0.6,0.1,300.0,0.5,0.05,4.0
arm_3308,20264237,0.26,0,0.0,0.0,0.0,0.0,0.0,0.0,0.0,0.0,0.0,0.0,12.661290322580646,0.0,False,,0.5,0.6,0.1,300.0,0.5,0.1,4.0
arm_3309,20264238,0.31,0,0.0,0.0,0.0,0.0,0.0,0.0,0.0,0.0,0.0,0.0,103.6774193548387,0.0,False,,0.5,0.6,0.1,300.0,0.5,0.01,8.0
arm_3310,20264239,0.27,0,3.2213322580645164e-05,0.0,3.4760806451612906e-05,3.6824354838709676e-05,0.03225806451612903,2.3861709677419354,0.04772338709677419,0.0,1194.7435483870968,1194.7435483870968,72.95161290322581,0.03225806451612903,False,,0.5,0.6,0.1,300.0,0.5,0.05,8.0
arm_3311,20264240,0.3,0,3.2693951612903224e-05,0.0,0.0,7.26532258064516e-05,0.03225806451612903,2.421777419354839,0.048435483870967744,0.0,0.0,2389.4870967741936,107.30645161290323,0.03225806451612903,False,,0.5,0.6,0.1,300.0,0.5,0.1,8.0
arm_3312,20264241,0.22,0,0.0,0.0,0.0,0.0,0.0,0.0,0.0,0.0,0.0,0.0,2.923076923076923,0.0,False,,0.5,0.6,0.15,300.0,0.5,0.01,2.0
arm_3313,20264242,0.09,0,,,,,,,,,,,,,,no tail rows,0.5,0.6,0.15,300.0,0.5,0.05,2.0
arm_3314,20264243,0.21,0,0.0,0.0,0.0,0.0,0.0,0.0,0.0,0.0,0.0,0.0,0.9655172413793104,0.0,False,,0.5,0.6,0.15,300.0,0.5,0.1,2.0
arm_3315,20264244,0.22,0,0.0,0.0,0.0,0.0,0.0,0.0,0.0,0.0,0.0,0.0,8.14516129032258,0.0,False,,0.5,0.6,0.15,300.0,0.5,0.01,4.0
arm_3316,20264245,0.24,0,0.0,0.0,0.0,0.0,0.0,0.0,0.0,0.0,0.0,0.0,16.822580645161292,0.0,False,,0.5,0.6,0.15,300.0,0.5,0.05,4.0
arm_3317,20264246,0.24,0,0.0,0.0,0.0,0.0,0.0,0.0,0.0,0.0,0.0,0.0,9.35483870967742,0.0,False,,0.5,0.6,0.15,300.0,0.5,0.1,4.0
arm_3318,20264247,0.25,0,3.240203225806452e-05,0.0,7.200451612903226e-05,0.0,0.03225806451612903,3.600238709677419,0.07200467741935485,0.0,3584.2274193548387,0.0,89.74193548387096,0.04838709677419355,False,,0.5,0.6,0.15,300.0,0.5,0.01,8.0
arm_3319,20264248,0.26,0,1.5280112903225807e-05,0.0,0.0,3.39558064516129e-05,0.016129032258064516,7.9230322580645165,0.15846064516129033,0.0,0.0,8363.209677419354,93.12903225806451,0.11290322580645161,False,,0.5,0.6,0.15,300.0,0.5,0.05,8.0
arm_3320,20264249,0.26,0,9.786150000000001e-05,0.0,0.00021747000000000002,0.0,0.0967741935483871,9.66533870967742,0.19330693548387096,0.0,9557.943548387097,0.0,90.70967741935483,0.12903225806451613,False,,0.5,0.6,0.15,300.0,0.5,0.1,8.0
arm_3321,20264250,0.27,0,0.005000000000000001,0.05,0.0,0.0,5.0,17167.26290322581,343.3453064516129,3433453.064516129,0.0,0.0,145.3709677419355,231.75806451612902,True,,0.1,0.6,0.05,300.0,0.7,0.01,2.0
arm_3322,20264251,0.27,0,0.006848078645161291,0.06593410000000001,0.0005659303225806452,0.0,6.258064516129032,56280.967741935485,1125.619064516129,8526285.0,64516.06612903226,0.0,55.54838709677419,691.5,True,,0.1,0.6,0.05,300.0,0.7,0.05,2.0
arm_3323,20264252,0.24,0,0.0024854136693548386,0.0246914,3.6163709677419355e-05,0.0,2.0161290322580645,10301.054838709677,206.02161290322582,4171445.3225806453,1194.7435483870968,0.0,35.61290322580645,112.64516129032258,True,,0.1,0.6,0.05,300.0,0.7,0.1,2.0
arm_3324,20264253,0.25,0,0.002,0.02,0.0,0.0,2.0,20747.93870967742,414.95804838709677,10373930.806451613,0.0,0.0,120.59677419354838,280.0967741935484,True,,0.1,0.6,0.05,300.0,0.7,0.01,4.0
arm_3325,20264254,0.28,0,0.0034285983548387098,0.0326087,0.0,0.00037272967741935485,3.1774193548387095,21299.695161290325,425.9937741935484,6522899.516129033,0.0,31063.314516129034,211.61290322580646,264.5967741935484,True,,0.1,0.6,0.05,300.0,0.7,0.05,4.0
arm_3326,20264255,0.3,0,0.006521817758064516,0.06437085806451612,3.431709677419355e-05,0.00015397612903225805,7.225806451612903,27289.809677419355,545.7960483870968,4240704.516129033,1194.7435483870968,19115.88870967742,204.82258064516128,408.88709677419354,True,,0.1,0.6,0.05,300.0,0.7,0.1,4.0
arm_3327,20264256,0.27,0,0.000934579,0.00934579,0.0,0.0,1.0,9276.57,185.531,9925930.0,0.0,0.0,68.04838709677419,134.0,False,,0.1,0.6,0.05,300.0,0.7,0.01,8.0
arm_3328,20264257,0.32,0,0.008724679967741936,0.08279571612903226,0.00043888451612903226,0.0005502451612903226,7.903225806451613,47158.104838709674,943.1624193548387,5697282.096774193,15531.662903225808,50179.18870967742,424.11290322580646,573.0806451612904,True,,0.1,0.6,0.05,300.0,0.7,0.05,8.0
arm_3329,20264258,0.34,0,0.003193099120967742,0.0291262,0.0004842437096774194,0.00013904322580645162,3.274193548387097,22880.967741935485,457.61925806451615,7848665.806451613,15531.666129032259,4778.974193548387,254.7741935483871,318.14516129032256,True,,0.1,0.6,0.05,300.0,0.7,0.1,8.0
arm_3330,20264259,0.23,0,0.0,0.0,0.0,0.0,0.0,0.0,0.0,0.0,0.0,0.0,3.3469387755102042,0.0,False,,0.1,0.6,0.1,300.0,0.7,0.01,2.0
arm_3331,20264260,0.25,0,0.00104167,0.0104167,0.0,0.0,1.0,301.1746612903226,6.023499516129032,289127.6322580645,0.0,0.0,4.0,3.903225806451613,False,,0.1,0.6,0.1,300.0,0.7,0.05,2.0
arm_3332,20264261,0.22,0,0.0,0.0,0.0,0.0,0.0,0.0,0.0,0.0,0.0,0.0,1.9583333333333333,0.0,False,,0.1,0.6,0.1,300.0,0.7,0.1,2.0
arm_3333,20264262,0.27,0,0.00103093,0.0103093,0.0,0.0,1.0,854.7955645161289,17.095906451612905,829152.4354838709,0.0,0.0,33.193548387096776,11.193548387096774,False,,0.1,0.6,0.1,300.0,0.7,0.01,4.0
arm_3334,20264263,0.26,0,0.002051445451612904,0.017543900000000005,0.00048091193548387097,0.00017921129032258065,2.2903225806451615,400.8948387096774,8.017897903225807,213858.8064516129,19115.887096774193,3584.230645161291,36.88709677419355,6.112903225806452,False,,0.1,0.6,0.1,300.0,0.7,0.05,4.0
arm_3335,20264264,0.29,0,0.005799776532258065,0.050967741935483875,0.0014563477419354837,0.00010587967741935484,5.790322580645161,5329.443064516128,106.58886774193549,1034846.6935483871,53763.43387096775,3584.230645161291,179.48387096774192,71.93548387096774,False,,0.1,0.6,0.1,300.0,0.7,0.1,4.0
arm_3336,20264265,0.32,0,0.0017571595967741938,0.016761545161290324,0.00018001129032258067,0.0,1.7903225806451613,462.8138870967742,9.256276290322582,366188.81451612903,5973.717741935484,0.0,158.61290322580646,6.370967741935484,False,,0.1,0.6,0.1,300.0,0.7,0.01,8.0
arm_3337,20264266,0.33,0,0.000847087129032258,0.008137167258064515,0.0,7.415645161290321e-05,0.9354838709677419,131.63328387096774,2.632667258064516,108721.5870967742,0.0,2389.4870967741936,162.33870967741936,1.967741935483871,False,,0.1,0.6,0.1,300.0,0.7,0.05,8.0
arm_3338,20264267,0.36,0,0.005688493064516129,0.0416667,0.0012460183870967741,0.0021358106451612904,5.516129032258065,6305.727258064517,126.11454838709678,1467443.3870967743,72281.92258064516,86419.71612903227,390.33870967741933,81.8225806451613,False,,0.1,0.6,0.1,300.0,0.7,0.1,8.0
arm_3339,20264268,0.19,0,,,,,,,,,,,,,,no tail rows,0.1,0.6,0.15,300.0,0.7,0.01,2.0
arm_3340,20264269,0.24,0,0.0,0.0,0.0,0.0,0.0,0.0,0.0,0.0,0.0,0.0,2.693548387096774,0.0,False,,0.1,0.6,0.15,300.0,0.7,0.05,2.0
arm_3341,20264270,0.25,0,0.00014285813636363636,0.0006926407272727273,0.00012340581818181818,4.013654545454546e-05,0.14545454545454545,10.582085454545453,0.21164163636363637,5387.207272727273,4040.405454545455,1346.8018181818184,4.527272727272727,0.14545454545454545,False,,0.1,0.6,0.15,300.0,0.7,0.1,2.0
arm_3342,20264271,0.27,0,0.0,0.0,0.0,0.0,0.0,0.0,0.0,0.0,0.0,0.0,8.741935483870968,0.0,False,,0.1,0.6,0.15,300.0,0.7,0.01,4.0
arm_3343,20264272,0.26,0,0.00021712137096774195,0.0,0.000482491935483871,0.0,0.22580645161290322,19.5294564516129,0.3905888709677419,0.0,20310.633870967744,0.0,21.338709677419356,0.27419354838709675,False,,0.1,0.6,0.15,300.0,0.7,0.05,4.0
arm_3344,20264273,0.24,0,0.0014721660000000002,0.013752101612903227,0.00014563483870967743,6.98225806451613e-05,1.403225806451613,389.49975806451613,7.789995,310633.0483870968,4778.974193548387,2389.4870967741936,17.016129032258064,5.0,False,,0.1,0.6,0.15,300.0,0.7,0.1,4.0
arm_3345,20264274,0.3,0,5.31076935483871e-05,0.0,0.0,0.00011801709677419355,0.04838709677419355,3.9339096774193547,0.07867838709677419,0.0,0.0,3584.230645161291,100.43548387096774,0.04838709677419355,False,,0.1,0.6,0.15,300.0,0.7,0.01,8.0
arm_3346,20264275,0.31,0,0.00017546951612903226,0.0,0.0,0.00038993225806451616,0.1774193548387097,14.179370967741935,0.2835870967741935,0.0,0.0,14336.91935483871,119.51612903225806,0.1935483870967742,False,,0.1,0.6,0.15,300.0,0.7,0.05,8.0
arm_3347,20264276,0.29,0,0.001052610943548387,0.008769186774193548,0.00031694661290322586,7.348064516129031e-05,1.0806451612903225,108.12968709677419,2.162593064516129,89008.32903225807,10752.691935483872,2389.4870967741936,97.24193548387096,1.5,False,,0.1,0.6,0.15,300.0,0.7,0.1,8.0
arm_3348,20264277,0.22,0,0.0014756351612903226,0.014756351612903226,0.0,0.0,1.3870967741935485,194.46340967741938,3.8892675806451615,111708.41935483871,0.0,0.0,5.790322580645161,2.467741935483871,False,,0.3,0.6,0.05,300.0,0.7,0.01,2.0
arm_3349,20264278,0.19,0,0.0,0.0,0.0,0.0,0.0,0.0,0.0,0.0,0.0,0.0,1.9047619047619047,0.0,False,,0.3,0.6,0.05,300.0,0.7,0.05,2.0
arm_3350,20264279,0.21,0,0.0,0.0,0.0,0.0,0.0,0.0,0.0,0.0,0.0,0.0,1.1025641025641026,0.0,False,,0.3,0.6,0.05,300.0,0.7,0.1,2.0
arm_3351,20264280,0.25,0,0.0,0.0,0.0,0.0,0.0,0.0,0.0,0.0,0.0,0.0,13.112903225806452,0.0,False,,0.3,0.6,0.05,300.0,0.7,0.01,4.0
arm_3352,20264281,0.24,0,5.436774193548388e-05,0.0005436774193548387,0.0,0.0,0.04838709677419355,4.027224193548387,0.08054467741935484,3584.230645161291,0.0,0.0,13.806451612903226,0.04838709677419355,False,,0.3,0.6,0.05,300.0,0.7,0.05,4.0
arm_3353,20264282,0.26,0,1.7199217741935484e-05,0.0,0.0,3.822048387096774e-05,0.016129032258064516,2.548032258064516,0.05096064516129032,0.0,0.0,2389.483870967742,18.177419354838708,0.03225806451612903,False,,0.3,0.6,0.05,300.0,0.7,0.1,4.0
arm_3354,20264283,0.27,0,7.906387096774195e-05,0.0007906387096774195,0.0,0.0,0.08064516129032258,5.856580645161291,0.11713145161290323,5973.717741935484,0.0,0.0,123.64516129032258,0.08064516129032258,False,,0.3,0.6,0.05,300.0,0.7,0.01,8.0
arm_3355,20264284,0.26,0,6.669528225806452e-05,0.00034686129032258066,3.552645161290323e-05,3.5605e-05,0.06451612903225806,4.940385483870967,0.09880774193548388,2389.4870967741936,1194.7435483870968,1194.7435483870968,98.62903225806451,0.06451612903225806,False,,0.3,0.6,0.05,300.0,0.7,0.05,8.0
arm_3356,20264285,0.27,0,3.189258870967742e-05,0.0,3.446370967741936e-05,3.640870967741936e-05,0.03225806451612903,4.6599919354838715,0.09319983870967742,0.0,3584.2258064516127,1194.7435483870968,100.79032258064517,0.06451612903225806,False,,0.3,0.6,0.05,300.0,0.7,0.1,8.0
arm_3357,20264286,0.13,0,,,,,,,,,,,,,,no tail rows,0.3,0.6,0.1,300.0,0.7,0.01,2.0
arm_3358,20264287,0.17,0,,,,,,,,,,,,,,no tail rows,0.3,0.6,0.1,300.0,0.7,0.05,2.0
arm_3359,20264288,0.16,0,,,,,,,,,,,,,,no tail rows,0.3,0.6,0.1,300.0,0.7,0.1,2.0
arm_3360,20264289,0.24,0,3.368017741935484e-05,0.0,0.0,7.484483870967742e-05,0.03225806451612903,4.989645161290323,0.09979290322580646,0.0,0.0,4778.967741935484,21.096774193548388,0.06451612903225806,False,,0.3,0.6,0.1,300.0,0.7,0.01,4.0
arm_3361,20264290,0.22,0,0.0,0.0,0.0,0.0,0.0,0.0,0.0,0.0,0.0,0.0,5.478260869565218,0.0,False,,0.3,0.6,0.1,300.0,0.7,0.05,4.0
arm_3362,20264291,0.24,0,0.0,0.0,0.0,0.0,0.0,0.0,0.0,0.0,0.0,0.0,10.709677419354838,0.0,False,,0.3,0.6,0.1,300.0,0.7,0.1,4.0
arm_3363,20264292,0.25,0,0.0,0.0,0.0,0.0,0.0,0.0,0.0,0.0,0.0,0.0,71.70967741935483,0.0,False,,0.3,0.6,0.1,300.0,0.7,0.01,8.0
arm_3364,20264293,0.27,0,1.676228225806452e-05,0.0,3.724951612903226e-05,0.0,0.016129032258064516,1.24165,0.02483306451612903,0.0,1194.7435483870968,0.0,100.03225806451613,0.016129032258064516,False,,0.3,0.6,0.1,300.0,0.7,0.05,8.0
arm_3365,20264294,0.27,0,0.00017720108870967742,0.0006651161290322581,0.0,0.0002459766129032258,0.1774193548387097,15.528993548387097,0.3105798387096775,5973.714516129033,0.0,9557.945161290325,106.16129032258064,0.20967741935483872,False,,0.3,0.6,0.1,300.0,0.7,0.1,8.0
arm_3366,20264295,0.22,0,0.0,0.0,0.0,0.0,0.0,0.0,0.0,0.0,0.0,0.0,5.489795918367347,0.0,False,,0.3,0.6,0.15,300.0,0.7,0.01,2.0
arm_3367,20264296,0.2,0,0.0,0.0,0.0,0.0,0.0,0.0,0.0,0.0,0.0,0.0,2.1481481481481484,0.0,False,,0.3,0.6,0.15,300.0,0.7,0.05,2.0
arm_3368,20264297,0.21,0,0.0,0.0,0.0,0.0,0.0,0.0,0.0,0.0,0.0,0.0,4.891304347826087,0.0,False,,0.3,0.6,0.15,300.0,0.7,0.1,2.0
arm_3369,20264298,0.24,0,0.0,0.0,0.0,0.0,0.0,0.0,0.0,0.0,0.0,0.0,28.016129032258064,0.0,False,,0.3,0.6,0.15,300.0,0.7,0.01,4.0
arm_3370,20264299,0.25,0,0.0,0.0,0.0,0.0,0.0,0.0,0.0,0.0,0.0,0.0,12.14516129032258,0.0,False,,0.3,0.6,0.15,300.0,0.7,0.05,4.0
arm_3371,20264300,0.24,0,1.6273669354838712e-05,0.0,3.6163709677419355e-05,0.0,0.016129032258064516,2.41091935483871,0.048218387096774194,0.0,2389.483870967742,0.0,6.129032258064516,0.03225806451612903,False,,0.3,0.6,0.15,300.0,0.7,0.1,4.0
arm_3372,20264301,0.27,0,1.518423387096774e-05,0.0,3.3742741935483865e-05,0.0,0.016129032258064516,2.249516129032258,0.04499032258064516,0.0,2389.483870967742,0.0,112.2741935483871,0.03225806451612903,False,,0.3,0.6,0.15,300.0,0.7,0.01,8.0
arm_3373,20264302,0.29,0,5.0171008064516134e-05,0.0,0.0,0.00011149112903225807,0.04838709677419355,3.716366129032258,0.0743274193548387,0.0,0.0,3584.230645161291,101.1774193548387,0.04838709677419355,False,,0.3,0.6,0.15,300.0,0.7,0.05,8.0
arm_3374,20264303,0.25,0,0.0,0.0,0.0,0.0,0.0,0.0,0.0,0.0,0.0,0.0,70.35483870967742,0.0,False,,0.3,0.6,0.15,300.0,0.7,0.1,8.0
arm_3375,20264304,0.21,0,0.0,0.0,0.0,0.0,0.0,0.0,0.0,0.0,0.0,0.0,2.7419354838709675,0.0,False,,0.5,0.6,0.05,300.0,0.7,0.01,2.0
arm_3376,20264305,0.18,0,0.0,0.0,0.0,0.0,0.0,0.0,0.0,0.0,0.0,0.0,1.7142857142857142,0.0,False,,0.5,0.6,0.05,300.0,0.7,0.05,2.0
arm_3377,20264306,0.18,0,0.0,0.0,0.0,0.0,0.0,0.0,0.0,0.0,0.0,0.0,2.5555555555555554,0.0,False,,0.5,0.6,0.05,300.0,0.7,0.1,2.0
arm_3378,20264307,0.23,0,0.0,0.0,0.0,0.0,0.0,0.0,0.0,0.0,0.0,0.0,21.85483870967742,0.0,False,,0.5,0.6,0.05,300.0,0.7,0.01,4.0
arm_3379,20264308,0.24,0,0.0,0.0,0.0,0.0,0.0,0.0,0.0,0.0,0.0,0.0,10.629032258064516,0.0,False,,0.5,0.6,0.05,300.0,0.7,0.05,4.0
arm_3380,20264309,0.23,0,1.6879209677419354e-05,0.0,3.7509354838709674e-05,0.0,0.016129032258064516,1.2503129032258065,0.025006290322580643,0.0,1194.7435483870968,0.0,10.129032258064516,0.016129032258064516,False,,0.5,0.6,0.05,300.0,0.7,0.1,4.0
arm_3381,20264310,0.25,0,0.0,0.0,0.0,0.0,0.0,0.0,0.0,0.0,0.0,0.0,78.30645161290323,0.0,False,,0.5,0.6,0.05,300.0,0.7,0.01,8.0
arm_3382,20264311,0.25,0,0.0,0.0,0.0,0.0,0.0,0.0,0.0,0.0,0.0,0.0,85.7741935483871,0.0,False,,0.5,0.6,0.05,300.0,0.7,0.05,8.0
arm_3383,20264312,0.25,0,0.0,0.0,0.0,0.0,0.0,0.0,0.0,0.0,0.0,0.0,109.70967741935483,0.0,False,,0.5,0.6,0.05,300.0,0.7,0.1,8.0
arm_3384,20264313,0.18,0,0.0,0.0,0.0,0.0,0.0,0.0,0.0,0.0,0.0,0.0,3.7777777777777777,0.0,False,,0.5,0.6,0.1,300.0,0.7,0.01,2.0
arm_3385,20264314,0.15,0,,,,,,,,,,,,,,no tail rows,0.5,0.6,0.1,300.0,0.7,0.05,2.0
arm_3386,20264315,0.17,0,0.0,0.0,0.0,0.0,0.0,0.0,0.0,0.0,0.0,0.0,0.8,0.0,False,,0.5,0.6,0.1,300.0,0.7,0.1,2.0
arm_3387,20264316,0.23,0,0.0,0.0,0.0,0.0,0.0,0.0,0.0,0.0,0.0,0.0,21.56451612903226,0.0,False,,0.5,0.6,0.1,300.0,0.7,0.01,4.0
arm_3388,20264317,0.22,0,0.0,0.0,0.0,0.0,0.0,0.0,0.0,0.0,0.0,0.0,16.419354838709676,0.0,False,,0.5,0.6,0.1,300.0,0.7,0.05,4.0
arm_3389,20264318,0.24,0,6.061006451612904e-05,0.0,0.0,0.00013468903225806453,0.06451612903225806,8.97928064516129,0.1795858064516129,0.0,0.0,9557.937096774192,13.53225806451613,0.12903225806451613,False,,0.5,0.6,0.1,300.0,0.7,0.1,4.0
arm_3390,20264319,0.24,0,0.0,0.0,0.0,0.0,0.0,0.0,0.0,0.0,0.0,0.0,86.3225806451613,0.0,False,,0.5,0.6,0.1,300.0,0.7,0.01,8.0
arm_3391,20264320,0.24,0,0.0,0.0,0.0,0.0,0.0,0.0,0.0,0.0,0.0,0.0,62.53225806451613,0.0,False,,0.5,0.6,0.1,300.0,0.7,0.05,8.0
arm_3392,20264321,0.25,0,0.0,0.0,0.0,0.0,0.0,0.0,0.0,0.0,0.0,0.0,95.62903225806451,0.0,False,,0.5,0.6,0.1,300.0,0.7,0.1,8.0
arm_3393,20264322,0.15,0,,,,,,,,,,,,,,no tail rows,0.5,0.6,0.15,300.0,0.7,0.01,2.0
arm_3394,20264323,0.17,0,,,,,,,,,,,,,,no tail rows,0.5,0.6,0.15,300.0,0.7,0.05,2.0
arm_3395,20264324,0.21,0,0.0,0.0,0.0,0.0,0.0,0.0,0.0,0.0,0.0,0.0,0.98,0.0,False,,0.5,0.6,0.15,300.0,0.7,0.1,2.0
arm_3396,20264325,0.24,0,0.0,0.0,0.0,0.0,0.0,0.0,0.0,0.0,0.0,0.0,6.67741935483871,0.0,False,,0.5,0.6,0.15,300.0,0.7,0.01,4.0
arm_3397,20264326,0.22,0,0.0,0.0,0.0,0.0,0.0,0.0,0.0,0.0,0.0,0.0,13.516129032258064,0.0,False,,0.5,0.6,0.15,300.0,0.7,0.05,4.0
arm_3398,20264327,0.23,0,1.5744193548387096e-05,0.0,0.0,3.4987096774193547e-05,0.016129032258064516,2.332467741935484,0.046649354838709675,0.0,0.0,2389.483870967742,13.112903225806452,0.03225806451612903,False,,0.5,0.6,0.15,300.0,0.7,0.1,4.0
arm_3399,20264328,0.23,0,0.0,0.0,0.0,0.0,0.0,0.0,0.0,0.0,0.0,0.0,63.596774193548384,0.0,False,,0.5,0.6,0.15,300.0,0.7,0.01,8.0
arm_3400,20264329,0.25,0,0.0,0.0,0.0,0.0,0.0,0.0,0.0,0.0,0.0,0.0,98.33870967741936,0.0,False,,0.5,0.6,0.15,300.0,0.7,0.05,8.0
arm_3401,20264330,0.25,0,8.011125000000001e-05,0.0,0.0,0.000178025,0.08064516129032258,9.494653225806452,0.18989290322580646,0.0,0.0,9557.940322580645,80.96774193548387,0.12903225806451613,False,,0.5,0.6,0.15,300.0,0.7,0.1,8.0
arm_3402,20264331,0.28,0,0.004526638032258065,0.0449438,7.168451612903225e-05,0.0,4.032258064516129,2053.589193548387,41.07176774193548,456391.82258064515,2389.4870967741936,0.0,35.483870967741936,24.677419354838708,False,,0.1,1.0,0.05,300.0,0.3,0.01,2.0
arm_3403,20264332,0.28,0,0.005000172524193549,0.04097146129032258,0.000534075,0.001472650322580645,4.483870967741935,12584.91935483871,251.69832258064517,3181998.870967742,28673.81612903226,51174.82258064516,106.66129032258064,148.01612903225808,True,,0.1,1.0,0.05,300.0,0.3,0.05,2.0
arm_3404,20264333,0.3,0,0.006684763451612904,0.0520833,0.0005040314516129032,0.0027769317741935485,6.419354838709677,12024.859677419356,240.49724193548386,2263798.870967742,33452.790322580644,136797.9951612903,150.40322580645162,155.83870967741936,True,,0.1,1.0,0.05,300.0,0.3,0.1,2.0
arm_3405,20264334,0.34,0,0.0065591422580645155,0.06559142258064515,0.0,0.0,7.870967741935484,4220.429677419354,84.40858870967742,647230.7903225806,0.0,0.0,134.17741935483872,68.37096774193549,False,,0.1,1.0,0.05,300.0,0.3,0.01,4.0
arm_3406,20264335,0.3,0,0.0046864684677419355,0.0408163,0.0003665693548387097,0.000977516129032258,4.612903225806452,12018.893870967742,240.37779032258067,2932796.290322581,11947.435483870968,33452.81290322581,190.03225806451613,159.03225806451613,True,,0.1,1.0,0.05,300.0,0.3,0.05,4.0
arm_3407,20264336,0.33,0,0.006494441064516129,0.05542526451612903,0.0016578038709677417,0.00045756193548387097,7.064516129032258,10107.63564516129,202.1526451612903,1806053.2258064516,90800.45967741935,21505.367741935486,232.2741935483871,149.96774193548387,True,,0.1,1.0,0.05,300.0,0.3,0.1,4.0
arm_3408,20264337,0.38,0,0.004,0.04,0.0,0.0,4.0,971.3269354838709,19.42652419354839,242831.56451612903,0.0,0.0,199.38709677419354,13.112903225806452,False,,0.1,1.0,0.05,300.0,0.3,0.01,8.0
arm_3409,20264338,0.39,0,0.006481520282258065,0.06434081935483871,0.00010541854838709677,0.0,5.967741935483871,8751.111451612904,175.0222580645161,1362563.8709677418,3584.230645161291,0.0,402.83870967741933,108.69354838709677,False,,0.1,1.0,0.05,300.0,0.3,0.05,8.0
arm_3410,20264339,0.38,0,0.006651496290322582,0.06036870322580645,0.0006497482258064516,0.0007160872580645161,6.951612903225806,11718.74241935484,234.37470967741936,1930363.8709677418,20310.64032258065,21505.37741935484,368.48387096774195,166.08064516129033,True,,0.1,1.0,0.05,300.0,0.3,0.1,8.0
arm_3411,20264340,0.23,0,0.0,0.0,0.0,0.0,0.0,0.0,0.0,0.0,0.0,0.0,0.9615384615384616,0.0,False,,0.1,1.0,0.1,300.0,0.3,0.01,2.0
arm_3412,20264341,0.22,0,0.0,0.0,0.0,0.0,0.0,0.0,0.0,0.0,0.0,0.0,0.8823529411764706,0.0,False,,0.1,1.0,0.1,300.0,0.3,0.05,2.0
arm_3413,20264342,0.29,0,0.0003121751612903226,0.003121751612903226,0.0,0.0,0.2903225806451613,30.832064516129034,0.6166412903225805,28673.825806451616,0.0,0.0,2.6129032258064515,0.3870967741935484,False,,0.1,1.0,0.1,300.0,0.3,0.1,2.0
arm_3414,20264343,0.33,0,0.0007538593548387097,0.007538593548387097,0.0,0.0,0.6935483870967742,59.737177419354836,1.1947456451612903,54958.1935483871,0.0,0.0,19.20967741935484,0.7419354838709677,False,,0.1,1.0,0.1,300.0,0.3,0.01,4.0
arm_3415,20264344,0.32,0,4.754199193548388e-05,0.0,0.00010564887096774194,0.0,0.04838709677419355,8.217112903225807,0.1643424193548387,0.0,8363.193548387097,0.0,22.177419354838708,0.11290322580645161,False,,0.1,1.0,0.1,300.0,0.3,0.05,4.0
arm_3416,20264345,0.31,0,0.00019528403225806452,0.0,0.00043396451612903226,0.0,0.1935483870967742,14.465496774193547,0.28931032258064515,0.0,14336.922580645163,0.0,11.64516129032258,0.1935483870967742,False,,0.1,1.0,0.1,300.0,0.3,0.1,4.0
arm_3417,20264346,0.36,0,0.0,0.0,0.0,0.0,0.0,0.0,0.0,0.0,0.0,0.0,91.3225806451613,0.0,False,,0.1,1.0,0.1,300.0,0.3,0.01,8.0
arm_3418,20264347,0.41,0,0.00037545,0.0030855532258064512,0.0,0.0001486548387096774,0.41935483870967744,40.27797419354838,0.8055587096774194,40621.24838709677,0.0,4778.974193548387,150.3709677419355,0.6129032258064516,False,,0.1,1.0,0.1,300.0,0.3,0.05,8.0
arm_3419,20264348,0.42,0,0.0006265094516129032,0.0006387735483870968,0.0005639516129032258,0.000686341935483871,0.6290322580645161,48.69593064516129,0.9739180645161291,4778.974193548387,15531.666129032259,26284.351612903225,130.58064516129033,0.6612903225806451,False,,0.1,1.0,0.1,300.0,0.3,0.1,8.0
arm_3420,20264349,0.22,0,,,,,,,,,,,,,,no tail rows,0.1,1.0,0.15,300.0,0.3,0.01,2.0
arm_3421,20264350,0.24,0,0.0,0.0,0.0,0.0,0.0,0.0,0.0,0.0,0.0,0.0,0.8571428571428571,0.0,False,,0.1,1.0,0.15,300.0,0.3,0.05,2.0
arm_3422,20264351,0.29,0,7.272441509433961e-05,0.0,0.0001616098113207547,0.0,0.07547169811320754,9.427230188679244,0.1885445283018868,0.0,9783.362264150943,0.0,4.169811320754717,0.1320754716981132,False,,0.1,1.0,0.15,300.0,0.3,0.1,2.0
arm_3423,20264352,0.32,0,0.0,0.0,0.0,0.0,0.0,0.0,0.0,0.0,0.0,0.0,23.516129032258064,0.0,False,,0.1,1.0,0.15,300.0,0.3,0.01,4.0
arm_3424,20264353,0.33,0,0.00021181376612903227,0.0,0.000253715,0.00021698225806451613,0.20967741935483872,18.106264516129034,0.36212532258064517,0.0,10752.685483870968,7168.461290322582,20.56451612903226,0.24193548387096775,False,,0.1,1.0,0.15,300.0,0.3,0.05,4.0
arm_3425,20264354,0.35,0,0.0002042310483870968,0.0,0.0,0.00045384677419354845,0.20967741935483872,15.128243548387097,0.3025645161290323,0.0,0.0,14336.922580645163,41.41935483870968,0.20967741935483872,False,,0.1,1.0,0.15,300.0,0.3,0.1,4.0
arm_3426,20264355,0.37,0,0.0,0.0,0.0,0.0,0.0,0.0,0.0,0.0,0.0,0.0,93.03225806451613,0.0,False,,0.1,1.0,0.15,300.0,0.3,0.01,8.0
arm_3427,20264356,0.34,0,0.0001766343629032258,0.0,0.0001427348387096774,0.00024978596774193545,0.1774193548387097,13.084020967741937,0.2616811290322581,0.0,4778.974193548387,8363.204838709678,54.25806451612903,0.1774193548387097,False,,0.1,1.0,0.15,300.0,0.3,0.05,8.0
arm_3428,20264357,0.36,0,3.5148048387096775e-05,0.0,7.810677419354838e-05,0.0,0.03225806451612903,2.6035580645161294,0.05207129032258064,0.0,2389.4870967741936,0.0,80.93548387096774,0.03225806451612903,False,,0.1,1.0,0.15,300.0,0.3,0.1,8.0
arm_3429,20264358,0.19,0,,,,,,,,,,,,,,no tail rows,0.3,1.0,0.05,300.0,0.3,0.01,2.0
arm_3430,20264359,0.28,0,0.0,0.0,0.0,0.0,0.0,0.0,0.0,0.0,0.0,0.0,0.9607843137254902,0.0,False,,0.3,1.0,0.05,300.0,0.3,0.05,2.0
arm_3431,20264360,0.28,0,8.118653225806452e-05,0.0,0.0,0.00018041451612903225,0.08064516129032258,6.013806451612903,0.1202758064516129,0.0,0.0,5973.717741935484,1.6129032258064515,0.08064516129032258,False,,0.3,1.0,0.05,300.0,0.3,0.1,2.0
arm_3432,20264361,0.3,0,0.0,0.0,0.0,0.0,0.0,0.0,0.0,0.0,0.0,0.0,13.0,0.0,False,,0.3,1.0,0.05,300.0,0.3,0.01,4.0
arm_3433,20264362,0.28,0,3.344733870967742e-05,0.0,7.43274193548387e-05,0.0,0.03225806451612903,2.477577419354839,0.04955161290322581,0.0,2389.4870967741936,0.0,6.709677419354839,0.03225806451612903,False,,0.3,1.0,0.05,300.0,0.3,0.05,4.0
arm_3434,20264363,0.31,0,0.0005328340161290323,0.005328340161290323,0.0,0.0,0.5967741935483871,45.86960645161291,0.9173911290322581,51373.95322580645,0.0,0.0,18.887096774193548,0.6935483870967742,False,,0.3,1.0,0.05,300.0,0.3,0.1,4.0
arm_3435,20264364,0.31,0,5.0171008064516134e-05,0.0,0.0,0.00011149112903225807,0.04838709677419355,3.716366129032258,0.0743274193548387,0.0,0.0,3584.230645161291,80.41935483870968,0.04838709677419355,False,,0.3,1.0,0.05,300.0,0.3,0.01,8.0
arm_3436,20264365,0.3,0,7.975887096774194e-05,0.0,0.0,0.00017724193548387097,0.08064516129032258,8.271296774193548,0.1654258064516129,0.0,0.0,8363.2,91.74193548387096,0.11290322580645161,False,,0.3,1.0,0.05,300.0,0.3,0.05,8.0
arm_3437,20264366,0.31,0,0.0006477056129032258,0.004893096774193548,0.00020502967741935487,0.00014696129032258062,0.5967741935483871,58.74331129032257,1.1748675806451614,32258.075806451616,10752.682258064517,11947.422580645161,95.01612903225806,0.7419354838709677,False,,0.3,1.0,0.05,300.0,0.3,0.1,8.0
arm_3438,20264367,0.22,0,0.0,0.0,0.0,0.0,0.0,0.0,0.0,0.0,0.0,0.0,1.7142857142857142,0.0,False,,0.3,1.0,0.1,300.0,0.3,0.01,2.0
arm_3439,20264368,0.24,0,0.0,0.0,0.0,0.0,0.0,0.0,0.0,0.0,0.0,0.0,2.923076923076923,0.0,False,,0.3,1.0,0.1,300.0,0.3,0.05,2.0
arm_3440,20264369,0.19,0,,,,,,,,,,,,,,no tail rows,0.3,1.0,0.1,300.0,0.3,0.1,2.0
arm_3441,20264370,0.26,0,0.0,0.0,0.0,0.0,0.0,0.0,0.0,0.0,0.0,0.0,10.14516129032258,0.0,False,,0.3,1.0,0.1,300.0,0.3,0.01,4.0
arm_3442,20264371,0.27,0,0.0,0.0,0.0,0.0,0.0,0.0,0.0,0.0,0.0,0.0,8.0,0.0,False,,0.3,1.0,0.1,300.0,0.3,0.05,4.0
arm_3443,20264372,0.27,0,0.0,0.0,0.0,0.0,0.0,0.0,0.0,0.0,0.0,0.0,11.193548387096774,0.0,False,,0.3,1.0,0.1,300.0,0.3,0.1,4.0
arm_3444,20264373,0.29,0,0.0,0.0,0.0,0.0,0.0,0.0,0.0,0.0,0.0,0.0,76.62903225806451,0.0,False,,0.3,1.0,0.1,300.0,0.3,0.01,8.0
arm_3445,20264374,0.29,0,0.0,0.0,0.0,0.0,0.0,0.0,0.0,0.0,0.0,0.0,69.37096774193549,0.0,False,,0.3,1.0,0.1,300.0,0.3,0.05,8.0
arm_3446,20264375,0.3,0,1.54426935483871e-05,0.0,0.0,3.431709677419355e-05,0.016129032258064516,1.1439032258064517,0.022878064516129032,0.0,0.0,1194.7435483870968,71.64516129032258,0.016129032258064516,False,,0.3,1.0,0.1,300.0,0.3,0.1,8.0
arm_3447,20264376,0.19,0,,,,,,,,,,,,,,no tail rows,0.3,1.0,0.15,300.0,0.3,0.01,2.0
arm_3448,20264377,0.17,0,,,,,,,,,,,,,,no tail rows,0.3,1.0,0.15,300.0,0.3,0.05,2.0
arm_3449,20264378,0.23,0,0.0,0.0,0.0,0.0,0.0,0.0,0.0,0.0,0.0,0.0,1.0,0.0,False,,0.3,1.0,0.15,300.0,0.3,0.1,2.0
arm_3450,20264379,0.28,0,0.0,0.0,0.0,0.0,0.0,0.0,0.0,0.0,0.0,0.0,8.806451612903226,0.0,False,,0.3,1.0,0.15,300.0,0.3,0.01,4.0
arm_3451,20264380,0.26,0,1.5951774193548388e-05,0.0,0.0,3.5448387096774194e-05,0.016129032258064516,1.1816145161290321,0.02363225806451613,0.0,0.0,1194.7435483870968,6.145161290322581,0.016129032258064516,False,,0.3,1.0,0.15,300.0,0.3,0.05,4.0
arm_3452,20264381,0.26,0,0.0,0.0,0.0,0.0,0.0,0.0,0.0,0.0,0.0,0.0,16.177419354838708,0.0,False,,0.3,1.0,0.15,300.0,0.3,0.1,4.0
arm_3453,20264382,0.3,0,0.0,0.0,0.0,0.0,0.0,0.0,0.0,0.0,0.0,0.0,88.90322580645162,0.0,False,,0.3,1.0,0.15,300.0,0.3,0.01,8.0
arm_3454,20264383,0.3,0,0.0,0.0,0.0,0.0,0.0,0.0,0.0,0.0,0.0,0.0,84.64516129032258,0.0,False,,0.3,1.0,0.15,300.0,0.3,0.05,8.0
arm_3455,20264384,0.3,0,0.0002862746370967742,0.002085650806451613,0.0,0.00017268790322580644,0.3225806451612903,31.86896129032258,0.6373787096774194,26284.335483870967,0.0,9557.940322580645,84.03225806451613,0.4838709677419355,False,,0.3,1.0,0.15,300.0,0.3,0.1,8.0
arm_3456,20264385,0.18,0,,,,,,,,,,,,,,no tail rows,0.5,1.0,0.05,300.0,0.3,0.01,2.0
arm_3457,20264386,0.2,0,0.0,0.0,0.0,0.0,0.0,0.0,0.0,0.0,0.0,0.0,0.8,0.0,False,,0.5,1.0,0.05,300.0,0.3,0.05,2.0
arm_3458,20264387,0.18,0,,,,,,,,,,,,,,no tail rows,0.5,1.0,0.05,300.0,0.3,0.1,2.0
arm_3459,20264388,0.26,0,0.0,0.0,0.0,0.0,0.0,0.0,0.0,0.0,0.0,0.0,16.838709677419356,0.0,False,,0.5,1.0,0.05,300.0,0.3,0.01,4.0
arm_3460,20264389,0.26,0,0.0,0.0,0.0,0.0,0.0,0.0,0.0,0.0,0.0,0.0,16.758064516129032,0.0,False,,0.5,1.0,0.05,300.0,0.3,0.05,4.0
arm_3461,20264390,0.26,0,9.324065322580644e-05,0.0,0.0001697790322580645,3.742241935483871e-05,0.0967741935483871,6.906717741935484,0.13813451612903224,0.0,5973.717741935484,1194.7435483870968,12.85483870967742,0.0967741935483871,False,,0.5,1.0,0.05,300.0,0.3,0.1,4.0
arm_3462,20264391,0.28,0,6.583290322580646e-05,0.0006583290322580645,0.0,0.0,0.06451612903225806,9.753032258064517,0.19505999999999998,9557.935483870968,0.0,0.0,74.38709677419355,0.12903225806451613,False,,0.5,1.0,0.05,300.0,0.3,0.01,8.0
arm_3463,20264392,0.29,0,0.0,0.0,0.0,0.0,0.0,0.0,0.0,0.0,0.0,0.0,122.88709677419355,0.0,False,,0.5,1.0,0.05,300.0,0.3,0.05,8.0
arm_3464,20264393,0.29,0,3.375841935483871e-05,0.0,7.501870967741935e-05,0.0,0.03225806451612903,3.750941935483871,0.07501887096774193,0.0,3584.2274193548387,0.0,103.37096774193549,0.04838709677419355,False,,0.5,1.0,0.05,300.0,0.3,0.1,8.0
arm_3465,20264394,0.17,0,,,,,,,,,,,,,,no tail rows,0.5,1.0,0.1,300.0,0.3,0.01,2.0
arm_3466,20264395,0.19,0,,,,,,,,,,,,,,no tail rows,0.5,1.0,0.1,300.0,0.3,0.05,2.0
arm_3467,20264396,0.17,0,,,,,,,,,,,,,,no tail rows,0.5,1.0,0.1,300.0,0.3,0.1,2.0
arm_3468,20264397,0.27,0,0.0,0.0,0.0,0.0,0.0,0.0,0.0,0.0,0.0,0.0,7.0,0.0,False,,0.5,1.0,0.1,300.0,0.3,0.01,4.0
arm_3469,20264398,0.27,0,0.0,0.0,0.0,0.0,0.0,0.0,0.0,0.0,0.0,0.0,15.193548387096774,0.0,False,,0.5,1.0,0.1,300.0,0.3,0.05,4.0
arm_3470,20264399,0.27,0,7.737822580645161e-05,0.0,0.0,0.0001719516129032258,0.08064516129032258,6.878045161290323,0.1375608064516129,0.0,0.0,7168.4580645161295,13.064516129032258,0.0967741935483871,False,,0.5,1.0,0.1,300.0,0.3,0.1,4.0
arm_3471,20264400,0.26,0,0.0,0.0,0.0,0.0,0.0,0.0,0.0,0.0,0.0,0.0,54.62903225806452,0.0,False,,0.5,1.0,0.1,300.0,0.3,0.01,8.0
arm_3472,20264401,0.29,0,0.0,0.0,0.0,0.0,0.0,0.0,0.0,0.0,0.0,0.0,114.54838709677419,0.0,False,,0.5,1.0,0.1,300.0,0.3,0.05,8.0
arm_3473,20264402,0.26,0,0.0,0.0,0.0,0.0,0.0,0.0,0.0,0.0,0.0,0.0,58.61290322580645,0.0,False,,0.5,1.0,0.1,300.0,0.3,0.1,8.0
arm_3474,20264403,0.17,0,,,,,,,,,,,,,,no tail rows,0.5,1.0,0.15,300.0,0.3,0.01,2.0
arm_3475,20264404,0.2,0,0.0,0.0,0.0,0.0,0.0,0.0,0.0,0.0,0.0,0.0,1.125,0.0,False,,0.5,1.0,0.15,300.0,0.3,0.05,2.0
arm_3476,20264405,0.18,0,,,,,,,,,,,,,,no tail rows,0.5,1.0,0.15,300.0,0.3,0.1,2.0
arm_3477,20264406,0.26,0,0.0,0.0,0.0,0.0,0.0,0.0,0.0,0.0,0.0,0.0,17.129032258064516,0.0,False,,0.5,1.0,0.15,300.0,0.3,0.01,4.0
arm_3478,20264407,0.27,0,0.0,0.0,0.0,0.0,0.0,0.0,0.0,0.0,0.0,0.0,27.387096774193548,0.0,False,,0.5,1.0,0.15,300.0,0.3,0.05,4.0
arm_3479,20264408,0.26,0,4.733513709677419e-05,0.0,0.0,0.0001051891935483871,0.04838709677419355,3.506312903225807,0.07012645161290322,0.0,0.0,3584.230645161291,5.629032258064516,0.04838709677419355,False,,0.5,1.0,0.15,300.0,0.3,0.1,4.0
arm_3480,20264409,0.28,0,0.0,0.0,0.0,0.0,0.0,0.0,0.0,0.0,0.0,0.0,87.12903225806451,0.0,False,,0.5,1.0,0.15,300.0,0.3,0.01,8.0
arm_3481,20264410,0.29,0,0.0,0.0,0.0,0.0,0.0,0.0,0.0,0.0,0.0,0.0,92.62903225806451,0.0,False,,0.5,1.0,0.15,300.0,0.3,0.05,8.0
arm_3482,20264411,0.27,0,0.0,0.0,0.0,0.0,0.0,0.0,0.0,0.0,0.0,0.0,45.193548387096776,0.0,False,,0.5,1.0,0.15,300.0,0.3,0.1,8.0
arm_3483,20264412,0.32,0,0.003125,0.03125,0.0,0.0,3.0,4084.528387096774,81.69055806451613,1307049.5161290322,0.0,0.0,68.08064516129032,52.935483870967744,False,,0.1,1.0,0.05,300.0,0.5,0.01,2.0
arm_3484,20264413,0.31,0,0.0051582793467741936,0.050420174193548384,0.00025835983870967744,0.0,6.112903225806452,4822.851612903226,96.45699032258064,976611.3064516129,14336.909677419355,0.0,90.46774193548387,77.43548387096774,False,,0.1,1.0,0.05,300.0,0.5,0.05,2.0
arm_3485,20264414,0.34,0,0.011940926935483872,0.11481966129032259,0.000676741935483871,0.0003431709677419355,12.048387096774194,18336.593548387096,366.7318064516129,1596791.935483871,33452.7935483871,16726.39677419355,119.29032258064517,250.0,False,,0.1,1.0,0.05,300.0,0.5,0.1,2.0
arm_3486,20264415,0.33,0,0.00277778,0.0277778,0.0,0.0,3.0,8064.5161290322585,161.29033870967743,2903225.64516129,0.0,0.0,221.88709677419354,117.58064516129032,False,,0.1,1.0,0.05,300.0,0.5,0.01,4.0
arm_3487,20264416,0.31,0,0.00104167,0.0104167,0.0,0.0,1.0,929.6607419354839,18.593170967741933,892473.8387096775,0.0,0.0,29.06451612903226,12.048387096774194,False,,0.1,1.0,0.05,300.0,0.5,0.05,4.0
arm_3488,20264417,0.33,0,0.0024762939516129036,0.02442846612903226,0.0,7.43274193548387e-05,2.5483870967741935,812.118935483871,16.24238064516129,371963.1451612903,0.0,2389.4870967741936,72.58064516129032,11.290322580645162,False,,0.1,1.0,0.05,300.0,0.5,0.1,4.0
arm_3489,20264418,0.4,0,0.008925569112903226,0.08844382580645162,0.0,0.00018041451612903225,8.129032258064516,8488.359677419356,169.7670483870968,957154.8225806452,0.0,9557.938709677419,420.83870967741933,104.29032258064517,False,,0.1,1.0,0.05,300.0,0.5,0.01,8.0
arm_3490,20264419,0.36,0,0.0037765530483870966,0.030926269354838706,0.0007713875806451613,0.0007484482258064516,4.048387096774194,7181.737258064516,143.63477741935483,2292413.2258064514,56750.2935483871,31660.683870967743,314.7903225806452,105.56451612903226,False,,0.1,1.0,0.05,300.0,0.5,0.05,8.0
arm_3491,20264420,0.38,0,0.006243466298387097,0.058525361290322576,0.0006189477419354839,0.00024978596774193545,6.532258064516129,8437.366935483871,168.74742580645162,1509866.2903225806,29868.55806451613,8363.204838709678,185.46774193548387,119.56451612903226,False,,0.1,1.0,0.05,300.0,0.5,0.1,8.0
arm_3492,20264421,0.26,0,0.0,0.0,0.0,0.0,0.0,0.0,0.0,0.0,0.0,0.0,0.9629629629629629,0.0,False,,0.1,1.0,0.1,300.0,0.5,0.01,2.0
arm_3493,20264422,0.23,0,,,,,,,,,,,,,,no tail rows,0.1,1.0,0.1,300.0,0.5,0.05,2.0
arm_3494,20264423,0.25,0,0.0,0.0,0.0,0.0,0.0,0.0,0.0,0.0,0.0,0.0,0.95,0.0,False,,0.1,1.0,0.1,300.0,0.5,0.1,2.0
arm_3495,20264424,0.3,0,0.0,0.0,0.0,0.0,0.0,0.0,0.0,0.0,0.0,0.0,11.03225806451613,0.0,False,,0.1,1.0,0.1,300.0,0.5,0.01,4.0
arm_3496,20264425,0.31,0,0.0001295994193548387,0.0,0.0001486548387096774,0.00013934387096774194,0.12903225806451613,15.483495161290323,0.30967064516129034,0.0,5973.714516129033,9557.935483870968,16.048387096774192,0.20967741935483872,False,,0.1,1.0,0.1,300.0,0.5,0.05,4.0
arm_3497,20264426,0.32,0,4.389960483870968e-05,0.0,0.0,9.755467741935484e-05,0.04838709677419355,3.251820967741936,0.06503661290322581,0.0,0.0,3584.230645161291,20.951612903225808,0.04838709677419355,False,,0.1,1.0,0.1,300.0,0.5,0.1,4.0
arm_3498,20264427,0.33,0,0.0,0.0,0.0,0.0,0.0,0.0,0.0,0.0,0.0,0.0,71.12903225806451,0.0,False,,0.1,1.0,0.1,300.0,0.5,0.01,8.0
arm_3499,20264428,0.35,0,0.0009679512661290323,0.00917431,0.0,0.00011226725806451614,1.0483870967741935,110.0634870967742,2.2012690322580646,115890.03225806452,0.0,3584.230645161291,104.98387096774194,1.6129032258064515,False,,0.1,1.0,0.1,300.0,0.5,0.05,8.0
arm_3500,20264429,0.37,0,0.0004353122903225807,0.0,0.0008981374193548387,6.92232258064516e-05,0.41935483870967744,32.24531129032258,0.6449064516129033,0.0,23894.870967741936,2389.4870967741936,141.75806451612902,0.41935483870967744,False,,0.1,1.0,0.1,300.0,0.5,0.1,8.0
arm_3501,20264430,0.25,0,0.0,0.0,0.0,0.0,0.0,0.0,0.0,0.0,0.0,0.0,0.9444444444444444,0.0,False,,0.1,1.0,0.15,300.0,0.5,0.01,2.0
arm_3502,20264431,0.19,0,,,,,,,,,,,,,,no tail rows,0.1,1.0,0.15,300.0,0.5,0.05,2.0
arm_3503,20264432,0.27,0,0.0,0.0,0.0,0.0,0.0,0.0,0.0,0.0,0.0,0.0,2.35,0.0,False,,0.1,1.0,0.15,300.0,0.5,0.1,2.0
arm_3504,20264433,0.3,0,0.0,0.0,0.0,0.0,0.0,0.0,0.0,0.0,0.0,0.0,13.193548387096774,0.0,False,,0.1,1.0,0.15,300.0,0.5,0.01,4.0
arm_3505,20264434,0.33,0,0.0,0.0,0.0,0.0,0.0,0.0,0.0,0.0,0.0,0.0,17.919354838709676,0.0,False,,0.1,1.0,0.15,300.0,0.5,0.05,4.0
arm_3506,20264435,0.31,0,3.0496064516129032e-05,0.0,0.0,6.776903225806451e-05,0.03225806451612903,2.258967741935484,0.045179354838709676,0.0,0.0,2389.4870967741936,20.306451612903224,0.03225806451612903,False,,0.1,1.0,0.15,300.0,0.5,0.1,4.0
arm_3507,20264436,0.35,0,0.0,0.0,0.0,0.0,0.0,0.0,0.0,0.0,0.0,0.0,85.20967741935483,0.0,False,,0.1,1.0,0.15,300.0,0.5,0.01,8.0
arm_3508,20264437,0.33,0,0.0,0.0,0.0,0.0,0.0,0.0,0.0,0.0,0.0,0.0,73.25806451612904,0.0,False,,0.1,1.0,0.15,300.0,0.5,0.05,8.0
arm_3509,20264438,0.35,0,0.00023046430645161291,0.0,0.0004078604838709677,0.00010428241935483873,0.22580645161290322,17.071446774193547,0.34142919354838713,0.0,13142.179032258065,3584.230645161291,89.7258064516129,0.22580645161290322,False,,0.1,1.0,0.15,300.0,0.5,0.1,8.0
arm_3510,20264439,0.26,0,0.0,0.0,0.0,0.0,0.0,0.0,0.0,0.0,0.0,0.0,1.9583333333333333,0.0,False,,0.3,1.0,0.05,300.0,0.5,0.01,2.0
arm_3511,20264440,0.15,0,,,,,,,,,,,,,,no tail rows,0.3,1.0,0.05,300.0,0.5,0.05,2.0
arm_3512,20264441,0.24,0,4.180597826086957e-05,0.0,9.290217391304348e-05,0.0,0.043478260869565216,3.0967434782608696,0.06193478260869566,0.0,3220.6130434782613,0.0,0.9130434782608695,0.043478260869565216,False,,0.3,1.0,0.05,300.0,0.5,0.1,2.0
arm_3513,20264442,0.31,0,0.0,0.0,0.0,0.0,0.0,0.0,0.0,0.0,0.0,0.0,26.016129032258064,0.0,False,,0.3,1.0,0.05,300.0,0.5,0.01,4.0
arm_3514,20264443,0.29,0,0.0,0.0,0.0,0.0,0.0,0.0,0.0,0.0,0.0,0.0,20.06451612903226,0.0,False,,0.3,1.0,0.05,300.0,0.5,0.05,4.0
arm_3515,20264444,0.3,0,0.0,0.0,0.0,0.0,0.0,0.0,0.0,0.0,0.0,0.0,14.338709677419354,0.0,False,,0.3,1.0,0.05,300.0,0.5,0.1,4.0
arm_3516,20264445,0.32,0,0.0,0.0,0.0,0.0,0.0,0.0,0.0,0.0,0.0,0.0,77.79032258064517,0.0,False,,0.3,1.0,0.05,300.0,0.5,0.01,8.0
arm_3517,20264446,0.33,0,3.062467741935484e-05,0.0,0.0,6.805483870967742e-05,0.03225806451612903,3.4027499999999997,0.068055,0.0,0.0,3584.2274193548387,81.79032258064517,0.04838709677419355,False,,0.3,1.0,0.05,300.0,0.5,0.05,8.0
arm_3518,20264447,0.33,0,0.00047142111290322586,0.004080841935483871,6.92232258064516e-05,7.152548387096774e-05,0.4032258064516129,34.920091935483875,0.6984022580645162,25089.614516129033,2389.4870967741936,2389.4870967741936,100.37096774193549,0.4032258064516129,False,,0.3,1.0,0.05,300.0,0.5,0.1,8.0
arm_3519,20264448,0.28,0,0.0,0.0,0.0,0.0,0.0,0.0,0.0,0.0,0.0,0.0,1.4516129032258065,0.0,False,,0.3,1.0,0.1,300.0,0.5,0.01,2.0
arm_3520,20264449,0.23,0,0.0,0.0,0.0,0.0,0.0,0.0,0.0,0.0,0.0,0.0,0.9375,0.0,False,,0.3,1.0,0.1,300.0,0.5,0.05,2.0
arm_3521,20264450,0.18,0,,,,,,,,,,,,,,no tail rows,0.3,1.0,0.1,300.0,0.5,0.1,2.0
arm_3522,20264451,0.29,0,0.0,0.0,0.0,0.0,0.0,0.0,0.0,0.0,0.0,0.0,9.564516129032258,0.0,False,,0.3,1.0,0.1,300.0,0.5,0.01,4.0
arm_3523,20264452,0.29,0,0.0,0.0,0.0,0.0,0.0,0.0,0.0,0.0,0.0,0.0,22.629032258064516,0.0,False,,0.3,1.0,0.1,300.0,0.5,0.05,4.0
arm_3524,20264453,0.3,0,0.0001280268548387097,0.0006325109677419355,6.892741935483872e-05,7.501870967741935e-05,0.12903225806451613,10.733780645161291,0.21467564516129034,4778.974193548387,2389.4870967741936,3584.2274193548387,15.32258064516129,0.14516129032258066,False,,0.3,1.0,0.1,300.0,0.5,0.1,4.0
arm_3525,20264454,0.31,0,0.0,0.0,0.0,0.0,0.0,0.0,0.0,0.0,0.0,0.0,76.87096774193549,0.0,False,,0.3,1.0,0.1,300.0,0.5,0.01,8.0
arm_3526,20264455,0.32,0,6.257562096774194e-05,0.0,3.804016129032258e-05,0.0001010167741935484,0.06451612903225806,4.635235483870967,0.09270483870967743,0.0,1194.7435483870968,3584.230645161291,95.56451612903226,0.06451612903225806,False,,0.3,1.0,0.1,300.0,0.5,0.05,8.0
arm_3527,20264456,0.33,0,7.920210483870969e-05,0.0,3.513951612903226e-05,0.0001408651612903226,0.08064516129032258,8.214567741935484,0.1642909677419355,0.0,1194.7435483870968,7168.456451612904,97.95161290322581,0.11290322580645161,False,,0.3,1.0,0.1,300.0,0.5,0.1,8.0
arm_3528,20264457,0.18,0,,,,,,,,,,,,,,no tail rows,0.3,1.0,0.15,300.0,0.5,0.01,2.0
arm_3529,20264458,0.18,0,,,,,,,,,,,,,,no tail rows,0.3,1.0,0.15,300.0,0.5,0.05,2.0
arm_3530,20264459,0.18,0,,,,,,,,,,,,,,no tail rows,0.3,1.0,0.15,300.0,0.5,0.1,2.0
arm_3531,20264460,0.29,0,0.0,0.0,0.0,0.0,0.0,0.0,0.0,0.0,0.0,0.0,14.483870967741936,0.0,False,,0.3,1.0,0.15,300.0,0.5,0.01,4.0
arm_3532,20264461,0.28,0,0.0,0.0,0.0,0.0,0.0,0.0,0.0,0.0,0.0,0.0,18.677419354838708,0.0,False,,0.3,1.0,0.15,300.0,0.5,0.05,4.0
arm_3533,20264462,0.29,0,0.0,0.0,0.0,0.0,0.0,0.0,0.0,0.0,0.0,0.0,8.596774193548388,0.0,False,,0.3,1.0,0.15,300.0,0.5,0.1,4.0
arm_3534,20264463,0.31,0,0.0,0.0,0.0,0.0,0.0,0.0,0.0,0.0,0.0,0.0,75.75806451612904,0.0,False,,0.3,1.0,0.15,300.0,0.5,0.01,8.0
arm_3535,20264464,0.3,0,1.732231451612903e-05,0.0,0.0,3.8494032258064514e-05,0.016129032258064516,1.2831370967741935,0.02566274193548387,0.0,0.0,1194.7435483870968,78.11290322580645,0.016129032258064516,False,,0.3,1.0,0.15,300.0,0.5,0.05,8.0
arm_3536,20264465,0.32,0,0.00017895636290322583,0.0,0.00032693951612903225,7.074129032258065e-05,0.1774193548387097,19.31046612903226,0.3862093548387097,0.0,16726.39677419355,2389.4870967741936,91.53225806451613,0.25806451612903225,False,,0.3,1.0,0.15,300.0,0.5,0.1,8.0
arm_3537,20264466,0.24,0,0.0,0.0,0.0,0.0,0.0,0.0,0.0,0.0,0.0,0.0,4.72972972972973,0.0,False,,0.5,1.0,0.05,300.0,0.5,0.01,2.0
arm_3538,20264467,0.21,0,0.0,0.0,0.0,0.0,0.0,0.0,0.0,0.0,0.0,0.0,0.9166666666666666,0.0,False,,0.5,1.0,0.05,300.0,0.5,0.05,2.0
arm_3539,20264468,0.17,0,,,,,,,,,,,,,,no tail rows,0.5,1.0,0.05,300.0,0.5,0.1,2.0
arm_3540,20264469,0.27,0,0.0,0.0,0.0,0.0,0.0,0.0,0.0,0.0,0.0,0.0,8.483870967741936,0.0,False,,0.5,1.0,0.05,300.0,0.5,0.01,4.0
arm_3541,20264470,0.28,0,6.43730806451613e-05,0.0,0.0,0.00014305129032258067,0.06451612903225806,11.920935483870968,0.23841919354838711,0.0,0.0,5973.709677419355,21.629032258064516,0.16129032258064516,False,,0.5,1.0,0.05,300.0,0.5,0.05,4.0
arm_3542,20264471,0.29,0,3.20445e-05,0.0,7.121e-05,0.0,0.03225806451612903,2.373661290322581,0.047473225806451615,0.0,2389.4870967741936,0.0,10.258064516129032,0.03225806451612903,False,,0.5,1.0,0.05,300.0,0.5,0.1,4.0
arm_3543,20264472,0.32,0,0.0,0.0,0.0,0.0,0.0,0.0,0.0,0.0,0.0,0.0,104.33870967741936,0.0,False,,0.5,1.0,0.05,300.0,0.5,0.01,8.0
arm_3544,20264473,0.32,0,1.6646951612903226e-05,0.0,0.0,3.699322580645161e-05,0.016129032258064516,2.466209677419355,0.049324193548387095,0.0,0.0,2389.483870967742,74.8225806451613,0.03225806451612903,False,,0.5,1.0,0.05,300.0,0.5,0.05,8.0
arm_3545,20264474,0.31,0,4.761442741935484e-05,0.0,7.012612903225806e-05,3.568370967741935e-05,0.04838709677419355,5.864553225806452,0.11729080645161291,0.0,4778.967741935484,1194.7435483870968,87.8225806451613,0.08064516129032258,False,,0.5,1.0,0.05,300.0,0.5,0.1,8.0
arm_3546,20264475,0.25,0,0.0,0.0,0.0,0.0,0.0,0.0,0.0,0.0,0.0,0.0,0.9166666666666666,0.0,False,,0.5,1.0,0.1,300.0,0.5,0.01,2.0
arm_3547,20264476,0.28,0,0.0,0.0,0.0,0.0,0.0,0.0,0.0,0.0,0.0,0.0,4.875,0.0,False,,0.5,1.0,0.1,300.0,0.5,0.05,2.0
arm_3548,20264477,0.26,0,0.0,0.0,0.0,0.0,0.0,0.0,0.0,0.0,0.0,0.0,4.5,0.0,False,,0.5,1.0,0.1,300.0,0.5,0.1,2.0
arm_3549,20264478,0.36,0,0.0,0.0,0.0,0.0,0.0,0.0,0.0,0.0,0.0,0.0,4.340909090909091,0.0,False,,0.5,1.0,0.1,300.0,0.5,0.01,4.0
arm_3550,20264479,0.31,0,1.638391935483871e-05,0.0,3.640870967741936e-05,0.0,0.016129032258064516,1.2136209677419356,0.02427241935483871,0.0,1194.7435483870968,0.0,19.483870967741936,0.016129032258064516,False,,0.5,1.0,0.1,300.0,0.5,0.05,4.0
arm_3551,20264480,0.42,0,0.0,0.0,0.0,0.0,0.0,0.0,0.0,0.0,0.0,0.0,22.14516129032258,0.0,False,,0.5,1.0,0.1,300.0,0.5,0.1,4.0
arm_3552,20264481,0.32,0,0.0,0.0,0.0,0.0,0.0,0.0,0.0,0.0,0.0,0.0,95.70967741935483,0.0,False,,0.5,1.0,0.1,300.0,0.5,0.01,8.0
arm_3553,20264482,0.38,0,3.262195161290323e-05,0.0,3.600225806451613e-05,3.649096774193549e-05,0.03225806451612903,2.4164451612903224,0.048329032258064515,0.0,1194.7435483870968,1194.7435483870968,74.19354838709677,0.03225806451612903,False,,0.5,1.0,0.1,300.0,0.5,0.05,8.0
arm_3554,20264483,0.38,0,0.0,0.0,0.0,0.0,0.0,0.0,0.0,0.0,0.0,0.0,117.95161290322581,0.0,False,,0.5,1.0,0.1,300.0,0.5,0.1,8.0
arm_3555,20264484,0.24,0,,,,,,,,,,,,,,no tail rows,0.5,1.0,0.15,300.0,0.5,0.01,2.0
arm_3556,20264485,0.2,0,,,,,,,,,,,,,,no tail rows,0.5,1.0,0.15,300.0,0.5,0.05,2.0
arm_3557,20264486,0.28,0,0.0,0.0,0.0,0.0,0.0,0.0,0.0,0.0,0.0,0.0,2.9318181818181817,0.0,False,,0.5,1.0,0.15,300.0,0.5,0.1,2.0
arm_3558,20264487,0.31,0,0.0,0.0,0.0,0.0,0.0,0.0,0.0,0.0,0.0,0.0,11.82258064516129,0.0,False,,0.5,1.0,0.15,300.0,0.5,0.01,4.0
arm_3559,20264488,0.3,0,4.682627419354839e-05,0.0,0.00010405838709677419,0.0,0.04838709677419355,3.468609677419355,0.06937209677419354,0.0,3584.230645161291,0.0,10.241935483870968,0.04838709677419355,False,,0.5,1.0,0.15,300.0,0.5,0.05,4.0
arm_3560,20264489,0.3,0,1.5951774193548388e-05,0.0,3.5448387096774194e-05,0.0,0.016129032258064516,1.1816145161290321,0.02363225806451613,0.0,1194.7435483870968,0.0,20.048387096774192,0.016129032258064516,False,,0.5,1.0,0.15,300.0,0.5,0.1,4.0
arm_3561,20264490,0.31,0,0.0,0.0,0.0,0.0,0.0,0.0,0.0,0.0,0.0,0.0,71.3225806451613,0.0,False,,0.5,1.0,0.15,300.0,0.5,0.01,8.0
arm_3562,20264491,0.31,0,0.0,0.0,0.0,0.0,0.0,0.0,0.0,0.0,0.0,0.0,65.3225806451613,0.0,False,,0.5,1.0,0.15,300.0,0.5,0.05,8.0
arm_3563,20264492,0.34,0,0.0,0.0,0.0,0.0,0.0,0.0,0.0,0.0,0.0,0.0,91.03225806451613,0.0,False,,0.5,1.0,0.15,300.0,0.5,0.1,8.0
arm_3564,20264493,0.29,0,0.00287316225,0.0285714,3.5605e-05,0.0,3.0161290322580645,3294.126612903226,65.88252903225806,1152529.3870967743,1194.7435483870968,0.0,36.62903225806452,46.693548387096776,False,,0.1,1.0,0.05,300.0,0.7,0.01,2.0
arm_3565,20264494,0.31,0,0.007054757491935484,0.06959040967741935,0.0001099708064516129,0.00010273258064516128,6.290322580645161,11879.120967741936,237.58248387096774,1709905.6451612904,19115.870967741936,3584.230645161291,135.51612903225808,142.75806451612902,True,,0.1,1.0,0.05,300.0,0.7,0.05,2.0
arm_3566,20264495,0.3,0,0.0,0.0,0.0,0.0,0.0,0.0,0.0,0.0,0.0,0.0,1.0,0.0,False,,0.1,1.0,0.05,300.0,0.7,0.1,2.0
arm_3567,20264496,0.34,0,0.005208330000000001,0.0520833,0.0,0.0,5.0,15239.193548387097,304.78398387096775,2925925.806451613,0.0,0.0,256.51612903225805,197.5,True,,0.1,1.0,0.05,300.0,0.7,0.01,4.0
arm_3568,20264497,0.36,0,0.004046903943548387,0.0373832,0.000253715,0.00043202709677419356,4.306451612903226,4911.307741935484,98.2261935483871,1303166.0806451612,8363.204838709678,31063.293548387097,128.33870967741936,70.90322580645162,False,,0.1,1.0,0.05,300.0,0.7,0.05,4.0
arm_3569,20264498,0.31,0,0.0006935482258064517,0.00532258064516129,0.0,0.0003584225806451613,0.6935483870967742,69.2950564516129,1.3859006451612903,57347.645161290326,0.0,11947.435483870968,17.483870967741936,0.9354838709677419,False,,0.1,1.0,0.05,300.0,0.7,0.1,4.0
arm_3570,20264499,0.4,0,0.00421053,0.0421053,0.0,0.0,4.0,9039.803387096776,180.79611290322578,2146953.870967742,0.0,0.0,433.88709677419354,115.93548387096774,False,,0.1,1.0,0.05,300.0,0.7,0.01,8.0
arm_3571,20264500,0.38,0,0.002362568677419355,0.021979729032258068,0.0002959458064516129,6.98225806451613e-05,2.403225806451613,10075.597580645162,201.5118548387097,4852050.806451613,21505.359677419354,2389.4870967741936,342.258064516129,138.7258064516129,True,,0.1,1.0,0.05,300.0,0.7,0.05,8.0
arm_3572,20264501,0.38,0,0.004850149887096774,0.046034951612903226,0.00047239838709677414,7.57232258064516e-05,4.67741935483871,5198.420967741935,103.96840967741936,1131482.2741935484,18518.506451612902,4778.9693548387095,283.7258064516129,67.40322580645162,False,,0.1,1.0,0.05,300.0,0.7,0.1,8.0
arm_3573,20264502,0.27,0,0.0,0.0,0.0,0.0,0.0,0.0,0.0,0.0,0.0,0.0,7.790697674418604,0.0,False,,0.1,1.0,0.1,300.0,0.7,0.01,2.0
arm_3574,20264503,0.29,0,4.937450806451613e-05,0.0,0.0,0.00010972112903225807,0.04838709677419355,7.314774193548386,0.146295,0.0,0.0,7168.451612903225,1.6935483870967742,0.0967741935483871,False,,0.1,1.0,0.1,300.0,0.7,0.05,2.0
arm_3575,20264504,0.28,0,0.0002099193870967742,0.000987493548387097,7.398645161290322e-05,0.000173058064516129,0.20967741935483872,15.549580645161292,0.31099225806451614,7168.461290322582,2389.4870967741936,5973.717741935484,4.548387096774194,0.20967741935483872,False,,0.1,1.0,0.1,300.0,0.7,0.1,2.0
arm_3576,20264505,0.3,0,0.0,0.0,0.0,0.0,0.0,0.0,0.0,0.0,0.0,0.0,12.483870967741936,0.0,False,,0.1,1.0,0.1,300.0,0.7,0.01,4.0
arm_3577,20264506,0.31,0,0.0,0.0,0.0,0.0,0.0,0.0,0.0,0.0,0.0,0.0,16.387096774193548,0.0,False,,0.1,1.0,0.1,300.0,0.7,0.05,4.0
arm_3578,20264507,0.31,0,0.0011159161048387098,0.00980392,0.0,0.00030116467741935486,1.1451612903225807,152.93930967741935,3.0587917741935486,145758.53870967744,0.0,8363.204838709678,32.12903225806452,2.1129032258064515,False,,0.1,1.0,0.1,300.0,0.7,0.1,4.0
arm_3579,20264508,0.35,0,4.994085483870968e-05,0.0,0.0,0.00011097967741935483,0.04838709677419355,3.6993193548387096,0.07398629032258065,0.0,0.0,3584.230645161291,115.88709677419355,0.04838709677419355,False,,0.1,1.0,0.1,300.0,0.7,0.01,8.0
arm_3580,20264509,0.37,0,7.838092741935485e-05,0.0,0.0,0.00017417983870967742,0.08064516129032258,5.805983870967742,0.11611935483870969,0.0,0.0,5973.717741935484,114.08064516129032,0.08064516129032258,False,,0.1,1.0,0.1,300.0,0.7,0.05,8.0
arm_3581,20264510,0.35,0,0.0013221996048387097,0.011779659677419355,0.0001841217741935484,0.0001363974193548387,1.1935483870967742,177.1426,3.5428535483870967,126642.68870967742,5973.717741935484,4778.974193548387,115.61290322580645,2.1451612903225805,False,,0.1,1.0,0.1,300.0,0.7,0.1,8.0
arm_3582,20264511,0.22,0,,,,,,,,,,,,,,no tail rows,0.1,1.0,0.15,300.0,0.7,0.01,2.0
arm_3583,20264512,0.25,0,0.0,0.0,0.0,0.0,0.0,0.0,0.0,0.0,0.0,0.0,1.6571428571428573,0.0,False,,0.1,1.0,0.15,300.0,0.7,0.05,2.0
arm_3584,20264513,0.23,0,0.0,0.0,0.0,0.0,0.0,0.0,0.0,0.0,0.0,0.0,0.5,0.0,False,,0.1,1.0,0.15,300.0,0.7,0.1,2.0
arm_3585,20264514,0.3,0,0.0,0.0,0.0,0.0,0.0,0.0,0.0,0.0,0.0,0.0,12.580645161290322,0.0,False,,0.1,1.0,0.15,300.0,0.7,0.01,4.0
arm_3586,20264515,0.3,0,0.0,0.0,0.0,0.0,0.0,0.0,0.0,0.0,0.0,0.0,17.016129032258064,0.0,False,,0.1,1.0,0.15,300.0,0.7,0.05,4.0
arm_3587,20264516,0.31,0,0.0,0.0,0.0,0.0,0.0,0.0,0.0,0.0,0.0,0.0,13.85483870967742,0.0,False,,0.1,1.0,0.15,300.0,0.7,0.1,4.0
arm_3588,20264517,0.34,0,3.2620500000000004e-05,0.0,7.249e-05,0.0,0.03225806451612903,2.416338709677419,0.048326612903225805,0.0,1194.7435483870968,0.0,93.09677419354838,0.03225806451612903,False,,0.1,1.0,0.15,300.0,0.7,0.01,8.0
arm_3589,20264518,0.36,0,3.39558064516129e-05,0.00033955806451612904,0.0,0.0,0.03225806451612903,2.5152483870967743,0.05030483870967742,2389.4870967741936,0.0,0.0,128.66129032258064,0.03225806451612903,False,,0.1,1.0,0.15,300.0,0.7,0.05,8.0
arm_3590,20264519,0.35,0,0.00018685241129032254,0.0013824885483870967,3.6163709677419355e-05,7.18441935483871e-05,0.1935483870967742,15.038317741935485,0.30076580645161294,10752.691935483872,1194.7435483870968,3584.2274193548387,92.45161290322581,0.20967741935483872,False,,0.1,1.0,0.15,300.0,0.7,0.1,8.0
arm_3591,20264520,0.21,0,,,,,,,,,,,,,,no tail rows,0.3,1.0,0.05,300.0,0.7,0.01,2.0
arm_3592,20264521,0.19,0,,,,,,,,,,,,,,no tail rows,0.3,1.0,0.05,300.0,0.7,0.05,2.0
arm_3593,20264522,0.22,0,0.0,0.0,0.0,0.0,0.0,0.0,0.0,0.0,0.0,0.0,1.0769230769230769,0.0,False,,0.3,1.0,0.05,300.0,0.7,0.1,2.0
arm_3594,20264523,0.3,0,0.0,0.0,0.0,0.0,0.0,0.0,0.0,0.0,0.0,0.0,7.435483870967742,0.0,False,,0.3,1.0,0.05,300.0,0.7,0.01,4.0
arm_3595,20264524,0.28,0,0.0,0.0,0.0,0.0,0.0,0.0,0.0,0.0,0.0,0.0,15.96774193548387,0.0,False,,0.3,1.0,0.05,300.0,0.7,0.05,4.0
arm_3596,20264525,0.3,0,8.04316935483871e-05,0.0,3.600225806451613e-05,0.0001427348387096774,0.08064516129032258,8.336829032258063,0.1667364516129032,0.0,1194.7435483870968,7168.4548387096775,14.612903225806452,0.11290322580645161,False,,0.3,1.0,0.05,300.0,0.7,0.1,4.0
arm_3597,20264526,0.31,0,3.108382258064516e-05,0.0,0.0,6.907516129032258e-05,0.03225806451612903,2.3025032258064515,0.04605,0.0,0.0,2389.4870967741936,94.12903225806451,0.03225806451612903,False,,0.3,1.0,0.05,300.0,0.7,0.01,8.0
arm_3598,20264527,0.33,0,0.0,0.0,0.0,0.0,0.0,0.0,0.0,0.0,0.0,0.0,107.3225806451613,0.0,False,,0.3,1.0,0.05,300.0,0.7,0.05,8.0
arm_3599,20264528,0.32,0,3.247091129032258e-05,0.0,3.402741935483871e-05,3.813016129032258e-05,0.03225806451612903,2.4052532258064514,0.04810500000000001,0.0,1194.7435483870968,1194.7435483870968,99.98387096774194,0.03225806451612903,False,,0.3,1.0,0.05,300.0,0.7,0.1,8.0
arm_3600,20264529,0.19,0,,,,,,,,,,,,,,no tail rows,0.3,1.0,0.1,300.0,0.7,0.01,2.0
arm_3601,20264530,0.2,0,,,,,,,,,,,,,,no tail rows,0.3,1.0,0.1,300.0,0.7,0.05,2.0
arm_3602,20264531,0.24,0,0.0,0.0,0.0,0.0,0.0,0.0,0.0,0.0,0.0,0.0,0.9230769230769231,0.0,False,,0.3,1.0,0.1,300.0,0.7,0.1,2.0
arm_3603,20264532,0.28,0,0.0,0.0,0.0,0.0,0.0,0.0,0.0,0.0,0.0,0.0,24.048387096774192,0.0,False,,0.3,1.0,0.1,300.0,0.7,0.01,4.0
arm_3604,20264533,0.29,0,0.0,0.0,0.0,0.0,0.0,0.0,0.0,0.0,0.0,0.0,19.5,0.0,False,,0.3,1.0,0.1,300.0,0.7,0.05,4.0
arm_3605,20264534,0.29,0,0.0,0.0,0.0,0.0,0.0,0.0,0.0,0.0,0.0,0.0,15.596774193548388,0.0,False,,0.3,1.0,0.1,300.0,0.7,0.1,4.0
arm_3606,20264535,0.32,0,0.0,0.0,0.0,0.0,0.0,0.0,0.0,0.0,0.0,0.0,105.64516129032258,0.0,False,,0.3,1.0,0.1,300.0,0.7,0.01,8.0
arm_3607,20264536,0.3,0,1.7745895161290325e-05,0.0,0.0,3.943532258064516e-05,0.016129032258064516,1.3145096774193548,0.02629016129032258,0.0,0.0,1194.7435483870968,76.41935483870968,0.016129032258064516,False,,0.3,1.0,0.1,300.0,0.7,0.05,8.0
arm_3608,20264537,0.29,0,5.075564516129033e-05,0.0,0.0,0.00011279032258064517,0.04838709677419355,3.759682258064516,0.07519354838709677,0.0,0.0,3584.230645161291,68.54838709677419,0.04838709677419355,False,,0.3,1.0,0.1,300.0,0.7,0.1,8.0
arm_3609,20264538,0.21,0,,,,,,,,,,,,,,no tail rows,0.3,1.0,0.15,300.0,0.7,0.01,2.0
arm_3610,20264539,0.28,0,0.0,0.0,0.0,0.0,0.0,0.0,0.0,0.0,0.0,0.0,1.0,0.0,False,,0.3,1.0,0.15,300.0,0.7,0.05,2.0
arm_3611,20264540,0.18,0,,,,,,,,,,,,,,no tail rows,0.3,1.0,0.15,300.0,0.7,0.1,2.0
arm_3612,20264541,0.28,0,0.0,0.0,0.0,0.0,0.0,0.0,0.0,0.0,0.0,0.0,10.887096774193548,0.0,False,,0.3,1.0,0.15,300.0,0.7,0.01,4.0
arm_3613,20264542,0.29,0,0.0,0.0,0.0,0.0,0.0,0.0,0.0,0.0,0.0,0.0,31.516129032258064,0.0,False,,0.3,1.0,0.15,300.0,0.7,0.05,4.0
arm_3614,20264543,0.29,0,4.282045161290322e-05,0.0004282045161290322,0.0,0.0,0.04838709677419355,3.171885483870968,0.06343790322580646,3584.230645161291,0.0,0.0,8.129032258064516,0.04838709677419355,False,,0.3,1.0,0.15,300.0,0.7,0.1,4.0
arm_3615,20264544,0.31,0,0.0,0.0,0.0,0.0,0.0,0.0,0.0,0.0,0.0,0.0,71.79032258064517,0.0,False,,0.3,1.0,0.15,300.0,0.7,0.01,8.0
arm_3616,20264545,0.33,0,6.871333064516129e-05,0.0,0.0001183059677419355,3.439032258064516e-05,0.06451612903225806,10.3479,0.20695806451612903,0.0,8363.195161290323,1194.7435483870968,137.7258064516129,0.12903225806451613,False,,0.3,1.0,0.15,300.0,0.7,0.05,8.0
arm_3617,20264546,0.3,0,1.567618548387097e-05,0.0,0.0,3.4835967741935484e-05,0.016129032258064516,1.1611967741935485,0.023223870967741936,0.0,0.0,1194.7435483870968,78.12903225806451,0.016129032258064516,False,,0.3,1.0,0.15,300.0,0.7,0.1,8.0
arm_3618,20264547,0.14,0,,,,,,,,,,,,,,no tail rows,0.5,1.0,0.05,300.0,0.7,0.01,2.0
arm_3619,20264548,0.16,0,,,,,,,,,,,,,,no tail rows,0.5,1.0,0.05,300.0,0.7,0.05,2.0
arm_3620,20264549,0.2,0,,,,,,,,,,,,,,no tail rows,0.5,1.0,0.05,300.0,0.7,0.1,2.0
arm_3621,20264550,0.27,0,0.0,0.0,0.0,0.0,0.0,0.0,0.0,0.0,0.0,0.0,8.32258064516129,0.0,False,,0.5,1.0,0.05,300.0,0.7,0.01,4.0
arm_3622,20264551,0.27,0,0.0,0.0,0.0,0.0,0.0,0.0,0.0,0.0,0.0,0.0,12.806451612903226,0.0,False,,0.5,1.0,0.05,300.0,0.7,0.05,4.0
arm_3623,20264552,0.28,0,0.0,0.0,0.0,0.0,0.0,0.0,0.0,0.0,0.0,0.0,9.870967741935484,0.0,False,,0.5,1.0,0.05,300.0,0.7,0.1,4.0
arm_3624,20264553,0.3,0,0.0,0.0,0.0,0.0,0.0,0.0,0.0,0.0,0.0,0.0,93.7741935483871,0.0,False,,0.5,1.0,0.05,300.0,0.7,0.01,8.0
arm_3625,20264554,0.3,0,0.0001402524193548387,0.001402524193548387,0.0,0.0,0.16129032258064516,21.817032258064515,0.43634064516129034,25089.58870967742,0.0,0.0,89.90322580645162,0.3387096774193548,False,,0.5,1.0,0.05,300.0,0.7,0.05,8.0
arm_3626,20264555,0.3,0,3.176390322580646e-05,0.0,7.058645161290323e-05,0.0,0.03225806451612903,9.411540322580645,0.18823048387096775,0.0,9557.953225806452,0.0,151.09677419354838,0.12903225806451613,False,,0.5,1.0,0.05,300.0,0.7,0.1,8.0
arm_3627,20264556,0.25,0,0.0,0.0,0.0,0.0,0.0,0.0,0.0,0.0,0.0,0.0,2.4146341463414633,0.0,False,,0.5,1.0,0.1,300.0,0.7,0.01,2.0
arm_3628,20264557,0.15,0,,,,,,,,,,,,,,no tail rows,0.5,1.0,0.1,300.0,0.7,0.05,2.0
arm_3629,20264558,0.15,0,,,,,,,,,,,,,,no tail rows,0.5,1.0,0.1,300.0,0.7,0.1,2.0
arm_3630,20264559,0.26,0,0.0,0.0,0.0,0.0,0.0,0.0,0.0,0.0,0.0,0.0,10.838709677419354,0.0,False,,0.5,1.0,0.1,300.0,0.7,0.01,4.0
arm_3631,20264560,0.26,0,0.0,0.0,0.0,0.0,0.0,0.0,0.0,0.0,0.0,0.0,5.17741935483871,0.0,False,,0.5,1.0,0.1,300.0,0.7,0.05,4.0
arm_3632,20264561,0.27,0,3.197380645161291e-05,0.0,7.105290322580645e-05,0.0,0.03225806451612903,2.3684322580645163,0.04736870967741935,0.0,2389.4870967741936,0.0,15.338709677419354,0.03225806451612903,False,,0.5,1.0,0.1,300.0,0.7,0.1,4.0
arm_3633,20264562,0.29,0,0.0,0.0,0.0,0.0,0.0,0.0,0.0,0.0,0.0,0.0,84.29032258064517,0.0,False,,0.5,1.0,0.1,300.0,0.7,0.01,8.0
arm_3634,20264563,0.28,0,1.560875806451613e-05,0.0,0.0,3.468612903225806e-05,0.016129032258064516,1.1562032258064516,0.023124032258064513,0.0,0.0,1194.7435483870968,63.46774193548387,0.016129032258064516,False,,0.5,1.0,0.1,300.0,0.7,0.05,8.0
arm_3635,20264564,0.28,0,3.1625564516129036e-05,0.0,0.0,7.027903225806452e-05,0.03225806451612903,7.0278967741935485,0.14055790322580644,0.0,0.0,7168.453225806451,62.62903225806452,0.0967741935483871,False,,0.5,1.0,0.1,300.0,0.7,0.1,8.0
arm_3636,20264565,0.24,0,0.0,0.0,0.0,0.0,0.0,0.0,0.0,0.0,0.0,0.0,1.9487179487179487,0.0,False,,0.5,1.0,0.15,300.0,0.7,0.01,2.0
arm_3637,20264566,0.14,0,,,,,,,,,,,,,,no tail rows,0.5,1.0,0.15,300.0,0.7,0.05,2.0
arm_3638,20264567,0.24,0,0.0,0.0,0.0,0.0,0.0,0.0,0.0,0.0,0.0,0.0,1.9473684210526316,0.0,False,,0.5,1.0,0.15,300.0,0.7,0.1,2.0
arm_3639,20264568,0.27,0,0.0,0.0,0.0,0.0,0.0,0.0,0.0,0.0,0.0,0.0,12.725806451612904,0.0,False,,0.5,1.0,0.15,300.0,0.7,0.01,4.0
arm_3640,20264569,0.27,0,0.0,0.0,0.0,0.0,0.0,0.0,0.0,0.0,0.0,0.0,12.193548387096774,0.0,False,,0.5,1.0,0.15,300.0,0.7,0.05,4.0
arm_3641,20264570,0.27,0,0.0,0.0,0.0,0.0,0.0,0.0,0.0,0.0,0.0,0.0,10.32258064516129,0.0,False,,0.5,1.0,0.15,300.0,0.7,0.1,4.0
arm_3642,20264571,0.29,0,0.0,0.0,0.0,0.0,0.0,0.0,0.0,0.0,0.0,0.0,81.93548387096774,0.0,False,,0.5,1.0,0.15,300.0,0.7,0.01,8.0
arm_3643,20264572,0.28,0,0.0,0.0,0.0,0.0,0.0,0.0,0.0,0.0,0.0,0.0,62.53225806451613,0.0,False,,0.5,1.0,0.15,300.0,0.7,0.05,8.0
arm_3644,20264573,0.32,0,3.18335806451613e-05,0.0,0.0,7.074129032258065e-05,0.03225806451612903,2.3580451612903226,0.04716096774193548,0.0,0.0,2389.4870967741936,155.46774193548387,0.03225806451612903,False,,0.5,1.0,0.15,300.0,0.7,0.1,8.0
arm_3645,20264574,0.2,0,0.00833333,0.0833333,0.0,0.0,7.0,83421.5,1668.43,10010600.0,0.0,0.0,10.629032258064516,946.0,True,,0.1,0.2,0.05,1000.0,0.3,0.01,2.0
arm_3646,20264575,0.25,0,0.011277559967741936,0.107527,0.0011663554838709676,0.0,10.564516129032258,137851.37096774194,2757.0290322580645,12813265.483870968,41815.97419354838,0.0,93.51612903225806,1730.8709677419354,False,,0.1,0.2,0.05,1000.0,0.3,0.05,2.0
arm_3647,20264576,0.21,0,0.009819215403225806,0.06593410000000001,0.007168456451612903,0.0,9.419354838709678,61113.540322580644,1222.2703225806451,9224612.096774194,89207.5,0.0,10.693548387096774,751.3709677419355,True,,0.1,0.2,0.05,1000.0,0.3,0.1,2.0
arm_3648,20264577,0.25,0,0.00689655,0.0689655,0.0,0.0,6.0,71434.7,1428.69,10358000.0,0.0,0.0,45.82258064516129,839.0,True,,0.1,0.2,0.05,1000.0,0.3,0.01,4.0
arm_3649,20264578,0.29,0,0.012424587508064517,0.111111,0.001531015,0.0013878461290322578,14.290322580645162,92741.79677419356,1854.8362903225807,8333333.064516129,86021.45322580646,60931.88064516129,150.7258064516129,1464.483870967742,False,,0.1,0.2,0.05,1000.0,0.3,0.05,4.0
arm_3650,20264579,0.28,0,0.01178059698387097,0.07906734677419355,0.0034587406451612904,0.005149842258064517,11.17741935483871,71076.64838709678,1421.5329032258064,8891404.032258065,98566.3,76364.01935483872,84.91935483870968,883.1935483870968,False,,0.1,0.2,0.05,1000.0,0.3,0.1,4.0
arm_3651,20264580,0.27,0,0.003436952516129033,0.032967,0.00031167225806451613,0.0,3.129032258064516,32407.587096774198,648.1527419354838,9827160.0,9557.948387096774,0.0,175.98387096774192,398.1290322580645,True,,0.1,0.2,0.05,1000.0,0.3,0.01,8.0
arm_3652,20264581,0.33,0,0.011516565306451614,0.0842105,0.0034663237096774196,0.003412599193548387,11.112903225806452,81305.34677419355,1626.1070967741935,9611110.0,118677.74677419354,132417.28225806452,232.5483870967742,1043.016129032258,False,,0.1,0.2,0.05,1000.0,0.3,0.05,8.0
arm_3653,20264582,0.31,0,0.008357549233870967,0.06738354516129032,0.002478624677419355,0.001119585806451613,7.693548387096774,91239.55161290323,1824.7917741935482,13497391.935483871,41816.02419354839,39426.5064516129,257.03225806451616,1108.758064516129,True,,0.1,0.2,0.05,1000.0,0.3,0.1,8.0
arm_3654,20264583,0.24,0,0.010004472935483871,0.0961538,0.0,0.0008646509677419355,10.419354838709678,85817.9564516129,1716.359193548387,8908004.35483871,0.0,176822.12258064517,195.25806451612902,1204.967741935484,False,,0.1,0.2,0.1,1000.0,0.3,0.01,2.0
arm_3655,20264584,0.25,0,0.017049634193548387,0.12766,0.006158974516129032,0.0033602125806451613,16.370967741935484,78513.54838709677,1570.2704838709678,6061529.354838709,226005.53225806452,335125.2419354839,185.16129032258064,997.4516129032259,False,,0.1,0.2,0.1,1000.0,0.3,0.05,2.0
arm_3656,20264585,0.23,0,0.006335979483870968,0.0568182,0.0014536877419354837,0.0,5.67741935483871,45311.54838709677,906.2316774193548,7966308.870967742,50179.22903225807,0.0,8.048387096774194,538.4032258064516,True,,0.1,0.2,0.1,1000.0,0.3,0.1,2.0
arm_3657,20264586,0.26,0,0.00671247006451613,0.0645161,0.0005796890322580645,0.0,6.274193548387097,52345.22096774194,1046.904129032258,8110514.677419355,20310.64032258065,0.0,83.24193548387096,657.2258064516129,True,,0.1,0.2,0.1,1000.0,0.3,0.01,4.0
arm_3658,20264587,0.24,0,0.006210712532258065,0.0485437,0.0009040927419354839,0.002110001774193548,6.354838709677419,47433.56290322581,948.6710967741935,9747671.935483871,29868.588709677424,84826.75322580646,86.93548387096774,659.516129032258,True,,0.1,0.2,0.1,1000.0,0.3,0.05,4.0
arm_3659,20264588,0.29,0,0.006365793830645162,0.0571429,0.001268575,0.00017921129032258065,6.645161290322581,109713.48387096774,2194.269193548387,19190562.903225806,44205.49838709678,5973.717741935484,463.258064516129,1555.1451612903227,False,,0.1,0.2,0.1,1000.0,0.3,0.1,4.0
arm_3660,20264589,0.31,0,0.0052189535967741936,0.045977,0.0013805635483870968,0.0,4.661290322580645,46024.14838709677,920.4829677419355,10000000.0,42413.3935483871,0.0,253.24193548387098,540.6774193548387,True,,0.1,0.2,0.1,1000.0,0.3,0.01,8.0
arm_3661,20264590,0.31,0,0.008570247717741935,0.05537638709677419,0.004803649193548387,0.001935481935483871,8.064516129032258,34740.06290322581,694.8012258064516,6228793.870967742,75388.32903225807,58542.38870967742,251.24193548387098,422.51612903225805,True,,0.1,0.2,0.1,1000.0,0.3,0.05,8.0
arm_3662,20264591,0.3,0,0.003960572201612903,0.0280374,0.0017493524193548386,0.0008213858064516128,4.161290322580645,15199.776129032258,303.99550000000005,5379928.70967742,41218.62419354839,22102.73548387097,274.0806451612903,219.4516129032258,True,,0.1,0.2,0.1,1000.0,0.3,0.1,8.0
arm_3663,20264592,0.22,0,0.009095966846774195,0.0740741,0.002844183225806452,0.0009081653225806451,9.67741935483871,72343.53387096773,1446.8722580645162,9721921.290322581,160692.7935483871,48984.43870967742,43.596774193548384,1054.3870967741937,True,,0.1,0.2,0.15,1000.0,0.3,0.01,2.0
arm_3664,20264593,0.25,0,0.011670771790322582,0.06961819516129032,0.008046788387096774,0.00241755,11.564516129032258,45517.71129032258,910.3543225806452,6468652.419354838,160673.14032258064,129629.61612903226,183.91935483870967,602.483870967742,False,,0.1,0.2,0.15,1000.0,0.3,0.05,2.0
arm_3665,20264594,0.24,0,0.010105510709677419,0.0645161,0.0048387091935483875,0.0032810701612903223,9.661290322580646,49974.13064516129,999.4830322580644,7662485.0,144225.3806451613,135005.86451612902,136.38709677419354,627.9677419354839,False,,0.1,0.2,0.15,1000.0,0.3,0.1,2.0
arm_3666,20264595,0.26,0,0.008232912500000002,0.0526316,0.0043573,0.00224215,8.0,43792.2564516129,875.8451612903226,8248506.774193549,137992.70322580644,107526.83870967742,236.69354838709677,561.9516129032259,True,,0.1,0.2,0.15,1000.0,0.3,0.01,4.0
arm_3667,20264596,0.27,0,0.0063474345000000005,0.0454545,0.0030176932258064513,0.0009867167741935484,6.82258064516129,26328.243548387098,526.5648387096775,5748148.548387097,77060.86935483871,53763.39838709678,213.17741935483872,390.7258064516129,True,,0.1,0.2,0.15,1000.0,0.3,0.05,4.0
arm_3668,20264597,0.3,0,0.01691166140322581,0.12842351612903227,0.005555554677419355,0.0034873559677419353,17.661290322580644,88456.61774193548,1769.132258064516,6859538.870967742,98566.30322580645,185981.5241935484,332.69354838709677,1265.3225806451612,False,,0.1,0.2,0.15,1000.0,0.3,0.1,4.0
arm_3669,20264598,0.32,0,0.005068138596774194,0.0350877,0.0004050679032258065,0.00306019564516129,5.548387096774194,32416.301612903226,648.3252258064516,9201612.41935484,13142.179032258065,81242.53225806452,343.7096774193548,498.6290322580645,True,,0.1,0.2,0.15,1000.0,0.3,0.01,8.0
arm_3670,20264599,0.38,0,0.014391663749999999,0.12468309677419355,0.0016093246774193546,0.0026647954838709673,13.048387096774194,84727.3322580645,1694.5467741935483,6775290.322580645,71087.17741935483,168458.6677419355,624.9516129032259,1018.483870967742,False,,0.1,0.2,0.15,1000.0,0.3,0.05,8.0
arm_3671,20264600,0.39,0,0.01387867847580645,0.09332913548387096,0.007758745967741935,0.0023429538709677416,14.0,38115.82580645162,762.3164032258064,4021150.3225806453,89386.81129032258,126045.32419354838,636.1935483870968,529.6451612903226,False,,0.1,0.2,0.15,1000.0,0.3,0.1,8.0
arm_3672,20264601,0.23,0,0.0066666699999999995,0.0666667,0.0,0.0,7.0,29275.767741935484,585.5151451612903,4391363.225806451,0.0,0.0,145.91935483870967,414.98387096774195,True,,0.3,0.2,0.05,1000.0,0.3,0.01,2.0
arm_3673,20264602,0.24,0,0.006491104677419355,0.05674491129032258,0.0003079522580645161,0.0015067445161290323,7.080645161290323,28816.820967741933,576.3364032258065,4948824.838709678,206690.96774193548,334528.00483870966,201.32258064516128,427.19354838709677,True,,0.3,0.2,0.05,1000.0,0.3,0.05,2.0
arm_3674,20264603,0.24,0,0.012900672024193548,0.10101,0.004472140161290323,0.0017493532258064516,12.774193548387096,69774.15161290324,1395.4825806451613,6808482.741935484,332537.19193548383,205495.8677419355,247.33870967741936,932.5,False,,0.3,0.2,0.05,1000.0,0.3,0.1,2.0
arm_3675,20264604,0.22,0,0.00176991,0.0176991,0.0,0.0,2.0,8881.275967741934,177.62548387096774,5017920.9677419355,0.0,0.0,28.080645161290324,135.48387096774192,False,,0.3,0.2,0.05,1000.0,0.3,0.01,4.0
arm_3676,20264605,0.26,0,0.011783623137096777,0.11143683870967742,0.0003791008064516129,0.0010429864516129032,11.661290322580646,59341.06129032258,1186.8212903225806,5295301.935483871,14336.91935483871,304659.3451612903,494.9516129032258,792.983870967742,False,,0.3,0.2,0.05,1000.0,0.3,0.05,4.0
arm_3677,20264606,0.23,0,0.005408916935483871,0.047389424193548385,0.0014888322580645162,0.0,5.274193548387097,20568.009677419355,411.3601129032258,4331720.322580645,148148.1064516129,0.0,108.11290322580645,269.4193548387097,True,,0.3,0.2,0.05,1000.0,0.3,0.1,4.0
arm_3678,20264607,0.28,0,0.006,0.06,0.0,0.0,6.0,28348.862903225807,566.9773225806451,4724810.9677419355,0.0,0.0,512.0322580645161,382.7096774193548,True,,0.3,0.2,0.05,1000.0,0.3,0.01,8.0
arm_3679,20264608,0.26,0,0.00472891004032258,0.04581787258064515,0.0,0.00032693951612903225,5.32258064516129,29234.52741935484,584.6903870967742,6415610.9677419355,0.0,150537.62903225806,319.66129032258067,445.6774193548387,True,,0.3,0.2,0.05,1000.0,0.3,0.05,8.0
arm_3680,20264609,0.29,0,0.009014758064516128,0.0826446,0.00022401387096774192,0.0014433151612903226,10.741935483870968,48572.44677419355,971.4489516129032,5818876.774193549,7168.461290322582,450418.15,574.6774193548387,792.016129032258,True,,0.3,0.2,0.05,1000.0,0.3,0.1,8.0
arm_3681,20264610,0.22,0,0.0005428037096774194,0.005428037096774194,0.0,0.0,0.5645161290322581,98.79597258064516,1.9759198387096777,102747.81129032258,0.0,0.0,3.9193548387096775,1.3870967741935485,False,,0.3,0.2,0.1,1000.0,0.3,0.01,2.0
arm_3682,20264611,0.24,0,0.0061575332741935496,0.05977227419354839,0.00010473387096774195,0.0002959458064516129,6.274193548387097,18747.09677419355,374.94193548387096,3136143.870967742,80047.74193548386,13142.16935483871,60.37096774193548,258.14516129032256,True,,0.3,0.2,0.1,1000.0,0.3,0.05,2.0
arm_3683,20264612,0.22,0,0.0022939045161290326,0.022939045161290323,0.0,0.0,2.064516129032258,1923.5362903225807,38.470719354838714,848068.4677419355,0.0,0.0,13.596774193548388,23.370967741935484,False,,0.3,0.2,0.1,1000.0,0.3,0.1,2.0
arm_3684,20264613,0.24,0,0.0018765537741935482,0.01876553774193548,0.0,0.0,1.9516129032258065,711.1021290322581,14.222027258064518,378733.3387096774,0.0,0.0,49.88709677419355,9.983870967741936,False,,0.3,0.2,0.1,1000.0,0.3,0.01,4.0
arm_3685,20264614,0.25,0,0.0020308393790322583,0.01818806129032258,0.0,0.00047118500000000005,1.9193548387096775,777.7575,15.555157741935483,420549.4032258064,0.0,50179.162903225806,54.79032258064516,9.903225806451612,False,,0.3,0.2,0.1,1000.0,0.3,0.05,4.0
arm_3686,20264615,0.32,0,0.004676864169354839,0.04219613870967742,3.529322580645162e-05,0.0009808185483870966,4.629032258064516,12911.849999999999,258.2368870967742,3097809.193548387,1194.7435483870968,59737.12741935484,64.37096774193549,172.56451612903226,True,,0.3,0.2,0.1,1000.0,0.3,0.1,4.0
arm_3687,20264616,0.29,0,0.00288462,0.0288462,0.0,0.0,3.0,5732.469193548388,114.64949193548388,1987256.7741935484,0.0,0.0,261.258064516129,80.48387096774194,False,,0.3,0.2,0.1,1000.0,0.3,0.01,8.0
arm_3688,20264617,0.25,0,0.003372780483870968,0.032967,0.0,0.00016906774193548387,3.0806451612903225,2118.0967741935483,42.36195483870968,640780.6451612903,0.0,5973.717741935484,158.74193548387098,26.032258064516128,False,,0.3,0.2,0.1,1000.0,0.3,0.05,8.0
arm_3689,20264618,0.27,0,0.002578608790322581,0.013957827741935484,0.0013226527419354839,0.0013058495161290323,2.629032258064516,744.4156774193548,14.888327903225806,357825.2580645161,97371.47741935484,152927.07096774195,236.08064516129033,10.290322580645162,False,,0.3,0.2,0.1,1000.0,0.3,0.1,8.0
arm_3690,20264619,0.21,0,0.0003946466129032258,0.003946466129032258,0.0,0.0,0.3709677419354839,43.21406129032258,0.8642816129032258,40621.24838709677,0.0,0.0,3.9838709677419355,0.5483870967741935,False,,0.3,0.2,0.15,1000.0,0.3,0.01,2.0
arm_3691,20264620,0.21,0,0.0004032245161290323,0.0040322451612903225,0.0,0.0,0.3548387096774194,29.868583870967743,0.5973709677419354,26284.35806451613,0.0,0.0,0.6451612903225806,0.3548387096774194,False,,0.3,0.2,0.15,1000.0,0.3,0.05,2.0
arm_3692,20264621,0.19,0,0.00012304481707317073,0.0,0.0002734329268292683,0.0,0.12195121951219512,9.114439024390244,0.1822890243902439,0.0,9033.426829268292,0.0,7.439024390243903,0.12195121951219512,False,,0.3,0.2,0.15,1000.0,0.3,0.1,2.0
arm_3693,20264622,0.21,0,0.0,0.0,0.0,0.0,0.0,0.0,0.0,0.0,0.0,0.0,21.0,0.0,False,,0.3,0.2,0.15,1000.0,0.3,0.01,4.0
arm_3694,20264623,0.21,0,0.0,0.0,0.0,0.0,0.0,0.0,0.0,0.0,0.0,0.0,30.516129032258064,0.0,False,,0.3,0.2,0.15,1000.0,0.3,0.05,4.0
arm_3695,20264624,0.2,0,0.0007148781129032258,0.0019077370967741935,0.0,0.0011646764516129032,0.7096774193548387,52.95399999999999,1.05908,13142.179032258065,0.0,39426.5370967742,19.758064516129032,0.7096774193548387,False,,0.3,0.2,0.15,1000.0,0.3,0.1,4.0
arm_3696,20264625,0.23,0,0.00103093,0.0103093,0.0,0.0,1.0,422.47088709677416,8.449417741935484,409796.73387096776,0.0,0.0,97.48387096774194,5.532258064516129,False,,0.3,0.2,0.15,1000.0,0.3,0.01,8.0
arm_3697,20264626,0.24,0,0.0,0.0,0.0,0.0,0.0,0.0,0.0,0.0,0.0,0.0,133.5,0.0,False,,0.3,0.2,0.15,1000.0,0.3,0.05,8.0
arm_3698,20264627,0.24,0,0.001121642564516129,0.006256952419354839,0.0008727822580645163,0.00022932290322580644,1.2258064516129032,166.55409677419354,3.331082258064516,99163.60161290322,74074.00161290322,8363.201612903225,114.03225806451613,2.4516129032258065,False,,0.3,0.2,0.15,1000.0,0.3,0.1,8.0
arm_3699,20264628,0.19,0,0.0010989,0.010989,0.0,0.0,1.0,1320.7808870967742,26.415612903225806,1201912.322580645,0.0,0.0,26.758064516129032,16.225806451612904,False,,0.5,0.2,0.05,1000.0,0.3,0.01,2.0
arm_3700,20264629,0.17,0,0.0003062196363636364,0.0030621963636363637,0.0,0.0,0.2909090909090909,22.682967272727275,0.4536581818181818,21548.829090909094,0.0,0.0,5.872727272727273,0.2909090909090909,False,,0.5,0.2,0.05,1000.0,0.3,0.05,2.0
arm_3701,20264630,0.1,0,,,,,,,,,,,,,,no tail rows,0.5,0.2,0.05,1000.0,0.3,0.1,2.0
arm_3702,20264631,0.2,0,0.0019013909677419354,0.019013909677419352,0.0,0.0,2.338709677419355,1809.5983709677419,36.19197903225807,908204.2258064516,0.0,0.0,107.6774193548387,30.048387096774192,False,,0.5,0.2,0.05,1000.0,0.3,0.01,4.0
arm_3703,20264632,0.19,0,0.0032982996774193543,0.03298299677419354,0.0,0.0,2.935483870967742,8014.177741935484,160.28353548387096,2490641.370967742,0.0,0.0,116.45161290322581,96.29032258064517,False,,0.5,0.2,0.05,1000.0,0.3,0.05,4.0
arm_3704,20264633,0.21,0,0.003322154870967742,0.0309278,0.000509721935483871,0.0,3.225806451612903,12590.92,251.8184193548387,4056152.7419354836,45400.1935483871,0.0,110.7741935483871,164.88709677419354,True,,0.5,0.2,0.05,1000.0,0.3,0.1,4.0
arm_3705,20264634,0.23,0,0.00165289,0.0165289,0.0,0.0,2.0,4105.572903225806,82.11144193548387,2483871.129032258,0.0,0.0,308.51612903225805,67.06451612903226,False,,0.5,0.2,0.05,1000.0,0.3,0.01,8.0
arm_3706,20264635,0.21,0,0.0021052600000000003,0.0210526,0.0,0.0,2.0,2677.482419354839,53.549646774193555,1271804.1290322582,0.0,0.0,139.48387096774192,34.33870967741935,False,,0.5,0.2,0.05,1000.0,0.3,0.05,8.0
arm_3707,20264636,0.22,0,0.0025434367016129037,0.024014312903225806,0.0003155675806451613,0.0,2.306451612903226,11826.201612903225,236.52420967741935,5028675.322580645,13142.172580645163,0.0,131.2741935483871,143.70967741935485,True,,0.5,0.2,0.05,1000.0,0.3,0.1,8.0
arm_3708,20264637,0.17,0,0.0,0.0,0.0,0.0,0.0,0.0,0.0,0.0,0.0,0.0,8.0,0.0,False,,0.5,0.2,0.1,1000.0,0.3,0.01,2.0
arm_3709,20264638,0.15,0,0.0,0.0,0.0,0.0,0.0,0.0,0.0,0.0,0.0,0.0,0.9411764705882353,0.0,False,,0.5,0.2,0.1,1000.0,0.3,0.05,2.0
arm_3710,20264639,0.13,0,,,,,,,,,,,,,,no tail rows,0.5,0.2,0.1,1000.0,0.3,0.1,2.0
arm_3711,20264640,0.2,0,0.001130601370967742,0.008614353225806452,0.00017921129032258065,0.0004189354838709678,1.032258064516129,155.70443387096773,3.1140893548387094,96176.76451612904,5973.717741935484,14336.922580645163,61.225806451612904,1.8870967741935485,False,,0.5,0.2,0.1,1000.0,0.3,0.01,4.0
arm_3712,20264641,0.19,0,1.6273669354838712e-05,0.0,0.0,3.6163709677419355e-05,0.016129032258064516,1.205458064516129,0.024109193548387097,0.0,0.0,1194.7435483870968,11.17741935483871,0.016129032258064516,False,,0.5,0.2,0.1,1000.0,0.3,0.05,4.0
arm_3713,20264642,0.18,0,0.0,0.0,0.0,0.0,0.0,0.0,0.0,0.0,0.0,0.0,7.161290322580645,0.0,False,,0.5,0.2,0.1,1000.0,0.3,0.1,4.0
arm_3714,20264643,0.21,0,0.0,0.0,0.0,0.0,0.0,0.0,0.0,0.0,0.0,0.0,87.64516129032258,0.0,False,,0.5,0.2,0.1,1000.0,0.3,0.01,8.0
arm_3715,20264644,0.22,0,0.0,0.0,0.0,0.0,0.0,0.0,0.0,0.0,0.0,0.0,117.25806451612904,0.0,False,,0.5,0.2,0.1,1000.0,0.3,0.05,8.0
arm_3716,20264645,0.22,0,0.001404740491935484,0.010873548387096773,0.00025145467741935485,0.00045384677419354845,1.2903225806451613,754.7733548387097,15.095479677419355,617682.2580645161,8363.204838709678,53763.40967741935,116.09677419354838,9.17741935483871,False,,0.5,0.2,0.1,1000.0,0.3,0.1,8.0
arm_3717,20264646,0.18,0,0.0,0.0,0.0,0.0,0.0,0.0,0.0,0.0,0.0,0.0,3.225806451612903,0.0,False,,0.5,0.2,0.15,1000.0,0.3,0.01,2.0
arm_3718,20264647,0.13,0,,,,,,,,,,,,,,no tail rows,0.5,0.2,0.15,1000.0,0.3,0.05,2.0
arm_3719,20264648,0.14,0,,,,,,,,,,,,,,no tail rows,0.5,0.2,0.15,1000.0,0.3,0.1,2.0
arm_3720,20264649,0.19,0,0.0,0.0,0.0,0.0,0.0,0.0,0.0,0.0,0.0,0.0,11.903225806451612,0.0,False,,0.5,0.2,0.15,1000.0,0.3,0.01,4.0
arm_3721,20264650,0.21,0,0.0001709610241935484,0.0,0.0003799133870967742,0.0,0.1774193548387097,18.420029032258064,0.36840048387096774,0.0,13739.537096774195,0.0,23.483870967741936,0.25806451612903225,False,,0.5,0.2,0.15,1000.0,0.3,0.05,4.0
arm_3722,20264651,0.19,0,0.0,0.0,0.0,0.0,0.0,0.0,0.0,0.0,0.0,0.0,15.35483870967742,0.0,False,,0.5,0.2,0.15,1000.0,0.3,0.1,4.0
arm_3723,20264652,0.22,0,0.0,0.0,0.0,0.0,0.0,0.0,0.0,0.0,0.0,0.0,89.11290322580645,0.0,False,,0.5,0.2,0.15,1000.0,0.3,0.01,8.0
arm_3724,20264653,0.19,0,0.0,0.0,0.0,0.0,0.0,0.0,0.0,0.0,0.0,0.0,57.935483870967744,0.0,False,,0.5,0.2,0.15,1000.0,0.3,0.05,8.0
arm_3725,20264654,0.2,0,0.0002940281451612903,0.0006203470967741935,0.0,0.0005155409677419355,0.2903225806451613,63.51407096774193,1.27028,4778.974193548387,0.0,57347.6129032258,79.2258064516129,0.8387096774193549,False,,0.5,0.2,0.15,1000.0,0.3,0.1,8.0
arm_3726,20264655,0.22,0,0.00909091,0.0909091,0.0,0.0,10.0,94336.93225806451,1886.738064516129,10377057.41935484,0.0,0.0,39.16129032258065,1400.9032258064517,True,,0.1,0.2,0.05,1000.0,0.5,0.01,2.0
arm_3727,20264656,0.23,0,0.010439434677419356,0.103774,0.00013785483870967745,0.0,11.064516129032258,82734.92903225806,1654.6983870967742,7972195.322580645,4778.974193548387,0.0,53.33870967741935,1183.9354838709678,False,,0.1,0.2,0.05,1000.0,0.5,0.05,2.0
arm_3728,20264657,0.21,0,0.007987432556451613,0.0786955193548387,0.0,0.000261956935483871,7.274193548387097,65168.28870967742,1303.3661451612904,8253945.645161291,0.0,150537.90322580645,72.37096774193549,800.6935483870968,True,,0.1,0.2,0.05,1000.0,0.5,0.1,2.0
arm_3729,20264658,0.23,0,0.005000000000000001,0.05,0.0,0.0,5.0,47851.9,957.037,9570370.0,0.0,0.0,30.112903225806452,646.0,True,,0.1,0.2,0.05,1000.0,0.5,0.01,4.0
arm_3730,20264659,0.24,0,0.0029022222741935484,0.02,0.001690054838709677,0.00031488354838709676,2.8870967741935485,20143.356451612904,402.86701612903227,10037000.0,57347.68387096775,8363.204838709678,24.56451612903226,271.9193548387097,True,,0.1,0.2,0.05,1000.0,0.5,0.05,4.0
arm_3731,20264660,0.25,0,0.008416138564516128,0.0740741,0.0011444077419354838,0.0010972112903225807,9.0,72824.5306451613,1456.491129032258,9816008.064516129,53763.41774193548,58542.37258064516,147.20967741935485,1061.6451612903227,True,,0.1,0.2,0.05,1000.0,0.5,0.1,4.0
arm_3732,20264661,0.27,0,0.003628426814516129,0.0347826,0.0003337040322580645,0.0,4.145161290322581,34342.83387096774,686.8565322580646,9870370.0,10752.691935483872,0.0,141.58064516129033,533.1451612903226,True,,0.1,0.2,0.05,1000.0,0.5,0.01,8.0
arm_3733,20264662,0.37,0,0.014285700000000002,0.142857,0.0,0.0,14.0,214340.5806451613,4286.812096774193,15003835.483870968,0.0,0.0,543.2903225806451,2835.7258064516127,False,,0.1,0.2,0.05,1000.0,0.5,0.05,8.0
arm_3734,20264663,0.33,0,0.007786802016129032,0.0636364,0.001632816129032258,0.001529766129032258,8.403225806451612,57116.643548387096,1142.332741935484,8936166.451612903,51971.28548387097,161887.7,304.7741935483871,847.9032258064516,True,,0.1,0.2,0.05,1000.0,0.5,0.1,8.0
arm_3735,20264664,0.22,0,0.00909091,0.0909091,0.0,0.0,10.0,77558.39193548387,1551.1693548387098,8531421.612903226,0.0,0.0,29.177419354838708,1151.741935483871,True,,0.1,0.2,0.1,1000.0,0.5,0.01,2.0
arm_3736,20264665,0.22,0,0.005775365564516129,0.0520833,0.0012600790322580644,0.0,5.564516129032258,47405.25,948.1049677419355,9089367.41935484,64516.104838709674,0.0,14.403225806451612,614.4032258064516,True,,0.1,0.2,0.1,1000.0,0.5,0.05,2.0
arm_3737,20264666,0.21,0,0.006382621580645163,0.0606061,0.0004282045161290322,0.0002873767741935484,6.32258064516129,52847.18387096774,1056.943741935484,8715850.0,14336.922580645163,9557.948387096774,44.03225806451613,706.3064516129032,True,,0.1,0.2,0.1,1000.0,0.5,0.1,2.0
arm_3738,20264667,0.25,0,0.00537634,0.0537634,0.0,0.0,5.0,51214.7,1024.29,9525930.0,0.0,0.0,83.01612903225806,643.0,True,,0.1,0.2,0.1,1000.0,0.5,0.01,4.0
arm_3739,20264668,0.24,0,0.008980275540322581,0.0769231,0.0028621456451612907,0.0,8.370967741935484,56466.01612903226,1129.3206451612905,7306878.870967742,186379.7629032258,0.0,137.17741935483872,694.2258064516129,True,,0.1,0.2,0.1,1000.0,0.5,0.05,4.0
arm_3740,20264669,0.25,0,0.008500023935483872,0.0681818,0.0011229054838709676,0.0026145254838709675,7.67741935483871,62776.28064516129,1255.5256451612902,9185384.838709677,38231.7806451613,57546.77903225807,134.33870967741936,746.016129032258,True,,0.1,0.2,0.1,1000.0,0.5,0.1,4.0
arm_3741,20264670,0.28,0,0.0038461500000000004,0.0384615,0.0,0.0,4.0,40367.41129032258,807.347370967742,10495488.387096774,0.0,0.0,212.58064516129033,566.758064516129,True,,0.1,0.2,0.1,1000.0,0.5,0.01,8.0
arm_3742,20264671,0.26,0,0.0016837091290322582,0.016513070967741936,7.200451612903226e-05,0.0,1.4193548387096775,10265.84193548387,205.31645161290325,6943844.193548387,2389.4870967741936,0.0,157.58064516129033,116.41935483870968,True,,0.1,0.2,0.1,1000.0,0.5,0.05,8.0
arm_3743,20264672,0.32,0,0.015083514548387097,0.12140154838709677,0.0017802495161290323,0.0047605498387096774,14.258064516129032,88977.22903225807,1779.5451612903225,7299907.903225807,86021.47096774195,85324.5306451613,363.14516129032256,1117.4193548387098,False,,0.1,0.2,0.1,1000.0,0.5,0.1,8.0
arm_3744,20264673,0.24,0,0.011123248306451615,0.106383,0.0010776629032258065,0.0,10.483870967741936,95592.6564516129,1911.8525806451612,8980645.322580645,53763.412903225806,0.0,112.79032258064517,1213.1129032258063,False,,0.1,0.2,0.15,1000.0,0.5,0.01,2.0
arm_3745,20264674,0.21,0,0.0024216040806451615,0.0192308,0.00013934387096774194,0.0009684874193548388,2.4838709677419355,15457.487096774194,309.14970967741937,8008363.70967742,4778.974193548387,50179.18870967742,58.75806451612903,216.96774193548387,True,,0.1,0.2,0.15,1000.0,0.5,0.05,2.0
arm_3746,20264675,0.25,0,0.01944798199193548,0.1373364516129032,0.006161650806451613,0.006536875483870968,19.580645161290324,63687.96935483871,1273.7591935483872,4573987.741935484,152389.45,150617.30322580648,151.01612903225808,868.258064516129,False,,0.1,0.2,0.15,1000.0,0.5,0.1,2.0
arm_3747,20264676,0.29,0,0.004936660846774194,0.0485437,0.0,0.00018286854838709678,5.080645161290323,48407.42580645161,968.147870967742,9969440.161290323,0.0,11947.41935483871,153.38709677419354,673.0967741935484,True,,0.1,0.2,0.15,1000.0,0.5,0.01,4.0
arm_3748,20264677,0.31,0,0.008254213612903226,0.0654206,0.0026578335483870967,0.001146952258064516,8.693548387096774,52389.172580645165,1047.7833387096775,7939239.193548387,177419.2,231780.16129032258,614.1290322580645,756.2903225806451,True,,0.1,0.2,0.15,1000.0,0.5,0.05,4.0
arm_3749,20264678,0.29,0,0.015348149120967743,0.13345990322580645,0.0033691737096774193,0.0010800680645161292,15.612903225806452,70243.68548387097,1404.8732258064515,5238351.935483871,118080.4,46594.97096774194,281.7741935483871,967.1774193548387,False,,0.1,0.2,0.15,1000.0,0.5,0.1,4.0
arm_3750,20264679,0.33,0,0.004972777620967742,0.0380952,0.0,0.002585016935483871,5.145161290322581,39210.35161290322,784.2062903225807,10268825.64516129,0.0,76463.57741935486,535.7741935483871,555.7258064516129,True,,0.1,0.2,0.15,1000.0,0.5,0.01,8.0
arm_3751,20264680,0.28,0,0.00347047564516129,0.0326087,0.00010496129032258066,0.0003608290322580645,3.2096774193548385,21631.3064516129,432.62570967741937,6628832.258064516,3584.230645161291,11947.435483870968,239.1451612903226,268.6774193548387,True,,0.1,0.2,0.15,1000.0,0.5,0.05,8.0
arm_3752,20264681,0.31,0,0.008931634016129033,0.05122463709677419,0.004325512580645162,0.004139310322580645,9.306451612903226,37648.22903225807,752.9644838709678,7300478.064516129,79032.2370967742,176224.52741935482,443.6290322580645,548.2741935483871,True,,0.1,0.2,0.15,1000.0,0.5,0.1,8.0
arm_3753,20264682,0.21,0,0.00952381,0.0952381,0.0,0.0,10.0,71566.2564516129,1431.3251612903227,7514456.129032258,0.0,0.0,168.53225806451613,1014.4516129032259,True,,0.3,0.2,0.05,1000.0,0.5,0.01,2.0
arm_3754,20264683,0.2,0,0.005319150000000001,0.0531915,0.0,0.0,5.0,44868.96290322581,897.3791935483871,8435364.838709677,0.0,0.0,59.67741935483871,569.3870967741935,True,,0.3,0.2,0.05,1000.0,0.5,0.05,2.0
arm_3755,20264684,0.2,0,0.0050714687580645165,0.0490196,0.0,0.00037668612903225807,5.17741935483871,36393.966129032255,727.8794193548387,7405973.548387097,0.0,94384.69838709677,95.98387096774194,501.1774193548387,True,,0.3,0.2,0.05,1000.0,0.5,0.1,2.0
arm_3756,20264685,0.22,0,0.006315790000000001,0.0631579,0.0,0.0,6.0,44410.48225806451,888.2097741935484,7031661.129032258,0.0,0.0,244.59677419354838,569.5645161290323,True,,0.3,0.2,0.05,1000.0,0.5,0.01,4.0
arm_3757,20264686,0.21,0,0.00576923,0.0576923,0.0,0.0,6.0,54486.03870967742,1089.7212903225807,9444244.35483871,0.0,0.0,52.62903225806452,764.983870967742,True,,0.3,0.2,0.05,1000.0,0.5,0.05,4.0
arm_3758,20264687,0.2,0,0.002143404193548387,0.0212766,3.4987096774193547e-05,0.0,2.0161290322580645,11203.775806451613,224.07574193548388,5265235.483870967,1194.7435483870968,0.0,40.774193548387096,142.17741935483872,True,,0.3,0.2,0.05,1000.0,0.5,0.1,4.0
arm_3759,20264688,0.22,0,0.0021583023870967743,0.020202,0.0003068941935483871,0.0,2.1451612903225805,3396.542258064516,67.93082419354839,1676224.677419355,10752.691935483872,0.0,174.01612903225808,45.403225806451616,False,,0.3,0.2,0.05,1000.0,0.5,0.01,8.0
arm_3760,20264689,0.26,0,0.005650768120967742,0.0515464,0.00010776629032258064,0.0009947406451612903,5.5,22894.520967741937,457.89059677419357,4434408.548387097,3584.230645161291,33452.81935483871,315.741935483871,299.8225806451613,True,,0.3,0.2,0.05,1000.0,0.5,0.05,8.0
arm_3761,20264690,0.26,0,0.008122279370967742,0.0776699,0.0004995719354838709,0.00028996,8.35483870967742,53292.680645161294,1065.8537258064516,6855286.935483871,38231.76774193549,9557.948387096774,388.0483870967742,741.016129032258,True,,0.3,0.2,0.05,1000.0,0.5,0.1,8.0
arm_3762,20264691,0.16,0,0.0,0.0,0.0,0.0,0.0,0.0,0.0,0.0,0.0,0.0,5.147058823529412,0.0,False,,0.3,0.2,0.1,1000.0,0.5,0.01,2.0
arm_3763,20264692,0.2,0,0.00526316,0.0526316,0.0,0.0,5.0,2960.4475806451615,59.20895967741936,562485.1451612903,0.0,0.0,69.25806451612904,37.96774193548387,False,,0.3,0.2,0.1,1000.0,0.5,0.05,2.0
arm_3764,20264693,0.17,0,0.0,0.0,0.0,0.0,0.0,0.0,0.0,0.0,0.0,0.0,3.972972972972973,0.0,False,,0.3,0.2,0.1,1000.0,0.5,0.1,2.0
arm_3765,20264694,0.22,0,0.002567478064516129,0.02567478064516129,0.0,0.0,2.5161290322580645,4975.251290322581,99.50502096774194,2060732.2580645161,0.0,0.0,95.98387096774194,65.8225806451613,False,,0.3,0.2,0.1,1000.0,0.5,0.01,4.0
arm_3766,20264695,0.22,0,0.0026882030000000006,0.024556791451612905,0.0005167196774193549,0.0,2.9516129032258065,700.0905483870968,14.001820806451613,267025.0967741936,37037.00967741936,0.0,76.62903225806451,10.419354838709678,False,,0.3,0.2,0.1,1000.0,0.5,0.05,4.0
arm_3767,20264696,0.21,0,0.0004091284596774194,0.0,3.7335645161290325e-05,0.0008718387096774195,0.43548387096774194,47.071961290322584,0.9414388709677418,0.0,1194.7435483870968,48984.43709677419,20.806451612903224,0.6774193548387096,False,,0.3,0.2,0.1,1000.0,0.5,0.1,4.0
arm_3768,20264697,0.24,0,0.002006122935483871,0.0194175,0.00014305096774193548,0.0,2.064516129032258,1127.5276451612901,22.55055,557347.7258064516,45400.3064516129,0.0,269.1290322580645,15.661290322580646,False,,0.3,0.2,0.1,1000.0,0.5,0.01,8.0
arm_3769,20264698,0.26,0,0.0012330130806451614,0.01032258064516129,0.0,0.0004461222580645161,1.2419354838709677,975.4444677419355,19.508891935483874,949821.2580645161,0.0,15531.666129032259,180.16129032258064,13.17741935483871,False,,0.3,0.2,0.1,1000.0,0.5,0.05,8.0
arm_3770,20264699,0.25,0,0.0018444205241935486,0.011716364838709678,0.0003329390322580645,0.001162136612903226,1.9193548387096775,290.2571032258064,5.805145161290322,176821.81774193546,35842.25806451613,39426.51774193549,159.08064516129033,4.080645161290323,False,,0.3,0.2,0.1,1000.0,0.5,0.1,8.0
arm_3771,20264700,0.15,0,0.0,0.0,0.0,0.0,0.0,0.0,0.0,0.0,0.0,0.0,0.9166666666666666,0.0,False,,0.3,0.2,0.15,1000.0,0.5,0.01,2.0
arm_3772,20264701,0.2,0,0.0003258387096774194,0.0032583870967741934,0.0,0.0,0.3225806451612903,69.99508548387097,1.3999017741935487,69295.03387096773,0.0,0.0,11.67741935483871,0.9354838709677419,False,,0.3,0.2,0.15,1000.0,0.5,0.05,2.0
arm_3773,20264702,0.19,0,0.000915085120967742,0.007219662419354839,0.0,0.000429153064516129,0.9516129032258065,646.3000564516128,12.926015161290323,652330.4564516129,0.0,23894.845161290323,26.596774193548388,9.14516129032258,False,,0.3,0.2,0.15,1000.0,0.5,0.1,2.0
arm_3774,20264703,0.19,0,0.0,0.0,0.0,0.0,0.0,0.0,0.0,0.0,0.0,0.0,14.951612903225806,0.0,False,,0.3,0.2,0.15,1000.0,0.5,0.01,4.0
arm_3775,20264704,0.22,0,0.0008030529112903226,0.0065136451612903224,0.0002694582258064516,6.762709677419355e-05,0.8225806451612904,76.24022580645162,1.524803870967742,59737.14838709678,14336.906451612902,2389.4870967741936,45.306451612903224,1.0483870967741935,False,,0.3,0.2,0.15,1000.0,0.5,0.05,4.0
arm_3776,20264705,0.2,0,0.0015388425161290322,0.0102041,0.0011520722580645162,0.0,1.5161290322580645,196.48897096774192,3.9297748387096774,130226.89838709678,63321.348387096776,0.0,30.29032258064516,2.6129032258064515,False,,0.3,0.2,0.15,1000.0,0.5,0.1,4.0
arm_3777,20264706,0.23,0,0.0,0.0,0.0,0.0,0.0,0.0,0.0,0.0,0.0,0.0,99.33870967741936,0.0,False,,0.3,0.2,0.15,1000.0,0.5,0.01,8.0
arm_3778,20264707,0.24,0,0.0,0.0,0.0,0.0,0.0,0.0,0.0,0.0,0.0,0.0,128.75806451612902,0.0,False,,0.3,0.2,0.15,1000.0,0.5,0.05,8.0
arm_3779,20264708,0.26,0,0.002084989298387097,0.010380074677419355,0.0016771343548387097,0.0006494919354838709,2.096774193548387,299.3524306451613,5.987050161290322,143966.42258064516,47789.75161290323,35842.27580645162,176.24193548387098,4.064516129032258,False,,0.3,0.2,0.15,1000.0,0.5,0.1,8.0
arm_3780,20264709,0.19,0,0.002853339435483871,0.0280374,0.0,0.00011022096774193548,3.0483870967741935,7439.932741935484,148.7986548387097,2643967.0967741935,0.0,26284.354838709678,169.3709677419355,107.43548387096774,False,,0.5,0.2,0.05,1000.0,0.5,0.01,2.0
arm_3781,20264710,0.19,0,0.0038461500000000004,0.0384615,0.0,0.0,4.0,2620.3932258064515,52.407862903225805,681302.2903225806,0.0,0.0,63.04838709677419,36.79032258064516,False,,0.5,0.2,0.05,1000.0,0.5,0.05,2.0
arm_3782,20264711,0.19,0,0.001,0.01,0.0,0.0,1.0,132.61638225806453,2.652327096774193,132616.38225806452,0.0,0.0,3.532258064516129,1.7903225806451613,False,,0.5,0.2,0.05,1000.0,0.5,0.1,2.0
arm_3783,20264712,0.19,0,0.00104167,0.0104167,0.0,0.0,1.0,7589.097419354838,151.78228548387094,7285528.870967742,0.0,0.0,24.85483870967742,98.35483870967742,False,,0.5,0.2,0.05,1000.0,0.5,0.01,4.0
arm_3784,20264713,0.21,0,0.003862935120967742,0.037485062903225806,0.0,0.00025428629032258064,4.161290322580645,11326.60806451613,226.53209677419355,3162843.5483870967,0.0,22700.1,77.53225806451613,165.11290322580646,True,,0.5,0.2,0.05,1000.0,0.5,0.05,4.0
arm_3785,20264714,0.19,0,0.002215904693548387,0.0204082,0.0,0.00038907709677419363,2.1774193548387095,5978.151129032258,119.56299838709677,2922939.35483871,0.0,13142.179032258065,109.95161290322581,79.09677419354838,False,,0.5,0.2,0.05,1000.0,0.5,0.1,4.0
arm_3786,20264715,0.22,0,0.0016890378225806455,0.01591395806451613,0.00021698225806451613,0.0,1.2903225806451613,5823.672580645161,116.47347903225807,3937276.129032258,10752.683870967743,0.0,211.70967741935485,59.0,False,,0.5,0.2,0.05,1000.0,0.5,0.01,8.0
arm_3787,20264716,0.22,0,0.0026706032419354844,0.026539562903225806,3.699322580645161e-05,0.0,2.935483870967742,2536.2582580645158,50.72522096774194,943847.1612903225,1194.7435483870968,0.0,209.46774193548387,37.66129032258065,False,,0.5,0.2,0.05,1000.0,0.5,0.05,8.0
arm_3788,20264717,0.23,0,0.006877487266129033,0.06248042580645161,0.0008526353225806452,0.0005461306451612904,7.064516129032258,28812.46612903226,576.2491612903225,4593588.387096774,31063.320967741936,126642.92419354839,475.9032258064516,400.5483870967742,True,,0.5,0.2,0.05,1000.0,0.5,0.1,8.0
arm_3789,20264718,0.13,0,,,,,,,,,,,,,,no tail rows,0.5,0.2,0.1,1000.0,0.5,0.01,2.0
arm_3790,20264719,0.11,0,,,,,,,,,,,,,,no tail rows,0.5,0.2,0.1,1000.0,0.5,0.05,2.0
arm_3791,20264720,0.16,0,0.0,0.0,0.0,0.0,0.0,0.0,0.0,0.0,0.0,0.0,6.862068965517241,0.0,False,,0.5,0.2,0.1,1000.0,0.5,0.1,2.0
arm_3792,20264721,0.18,0,0.0,0.0,0.0,0.0,0.0,0.0,0.0,0.0,0.0,0.0,14.064516129032258,0.0,False,,0.5,0.2,0.1,1000.0,0.5,0.01,4.0
arm_3793,20264722,0.19,0,0.0,0.0,0.0,0.0,0.0,0.0,0.0,0.0,0.0,0.0,8.596774193548388,0.0,False,,0.5,0.2,0.1,1000.0,0.5,0.05,4.0
arm_3794,20264723,0.19,0,6.465977419354839e-05,0.0,0.0001436883870967742,0.0,0.06451612903225806,9.579225806451614,0.19158451612903227,0.0,9557.935483870968,0.0,21.080645161290324,0.12903225806451613,False,,0.5,0.2,0.1,1000.0,0.5,0.1,4.0
arm_3795,20264724,0.2,0,4.452800806451613e-05,0.0,0.0,9.895112903225806e-05,0.04838709677419355,3.29836935483871,0.0659675806451613,0.0,0.0,3584.230645161291,75.37096774193549,0.04838709677419355,False,,0.5,0.2,0.1,1000.0,0.5,0.01,8.0
arm_3796,20264725,0.21,0,0.00016914948387096776,0.0,0.0003758877419354839,0.0,0.1774193548387097,17.08584677419355,0.341716935483871,0.0,17921.140322580646,0.0,98.61290322580645,0.24193548387096775,False,,0.5,0.2,0.1,1000.0,0.5,0.05,8.0
arm_3797,20264726,0.21,0,0.0,0.0,0.0,0.0,0.0,0.0,0.0,0.0,0.0,0.0,75.70967741935483,0.0,False,,0.5,0.2,0.1,1000.0,0.5,0.1,8.0
arm_3798,20264727,0.11,0,,,,,,,,,,,,,,no tail rows,0.5,0.2,0.15,1000.0,0.5,0.01,2.0
arm_3799,20264728,0.14,0,,,,,,,,,,,,,,no tail rows,0.5,0.2,0.15,1000.0,0.5,0.05,2.0
arm_3800,20264729,0.16,0,0.0,0.0,0.0,0.0,0.0,0.0,0.0,0.0,0.0,0.0,8.4,0.0,False,,0.5,0.2,0.15,1000.0,0.5,0.1,2.0
arm_3801,20264730,0.2,0,0.0,0.0,0.0,0.0,0.0,0.0,0.0,0.0,0.0,0.0,12.016129032258064,0.0,False,,0.5,0.2,0.15,1000.0,0.5,0.01,4.0
arm_3802,20264731,0.2,0,0.0,0.0,0.0,0.0,0.0,0.0,0.0,0.0,0.0,0.0,13.370967741935484,0.0,False,,0.5,0.2,0.15,1000.0,0.5,0.05,4.0
arm_3803,20264732,0.19,0,0.0,0.0,0.0,0.0,0.0,0.0,0.0,0.0,0.0,0.0,12.274193548387096,0.0,False,,0.5,0.2,0.15,1000.0,0.5,0.1,4.0
arm_3804,20264733,0.25,0,0.0,0.0,0.0,0.0,0.0,0.0,0.0,0.0,0.0,0.0,50.274193548387096,0.0,False,,0.5,0.2,0.15,1000.0,0.5,0.01,8.0
arm_3805,20264734,0.26,0,0.0012122582903225808,0.009123483870967742,0.0005639516129032258,0.00010251483870967743,1.1935483870967742,136.92024838709676,2.7384091935483874,94384.68225806451,29868.56129032258,10752.679032258064,115.58064516129032,1.8225806451612903,False,,0.5,0.2,0.15,1000.0,0.5,0.05,8.0
arm_3806,20264735,0.28,0,0.00016762282258064518,0.0,0.0003724951612903226,0.0,0.16129032258064516,14.899812903225804,0.2979964516129032,0.0,14336.916129032259,0.0,72.38709677419355,0.1935483870967742,False,,0.5,0.2,0.15,1000.0,0.5,0.1,8.0
arm_3807,20264736,0.21,0,0.00458716,0.0458716,0.0,0.0,5.0,44512.4,890.248,9703700.0,0.0,0.0,6.483870967741935,655.0,True,,0.1,0.2,0.05,1000.0,0.7,0.01,2.0
arm_3808,20264737,0.28,0,0.006259770887096775,0.0608696,0.0,0.0003840241935483871,7.17741935483871,90806.4564516129,1816.1290322580646,14859703.225806452,0.0,365591.12903225806,191.8709677419355,1409.1774193548388,True,,0.1,0.2,0.05,1000.0,0.7,0.05,2.0
arm_3809,20264738,0.26,0,0.007016482862903226,0.0693069,0.0,0.00019065080645161287,7.080645161290323,67695.42580645162,1353.9087096774192,9760881.451612903,0.0,43010.75806451613,19.016129032258064,922.983870967742,True,,0.1,0.2,0.05,1000.0,0.7,0.1,2.0
arm_3810,20264739,0.18,0,0.00549451,0.0549451,0.0,0.0,5.0,54945.1,1098.9,10000000.0,0.0,0.0,65.88709677419355,675.0,True,,0.1,0.2,0.05,1000.0,0.7,0.01,4.0
arm_3811,20264740,0.26,0,0.006866714645161291,0.0642202,0.0,0.0009882103225806451,7.451612903225806,61457.153225806454,1229.1429032258065,9564263.064516129,0.0,35842.3,46.96774193548387,904.3064516129032,True,,0.1,0.2,0.05,1000.0,0.7,0.05,4.0
arm_3812,20264741,0.23,0,0.006084434379032258,0.0571429,0.0,0.000822543064516129,6.370967741935484,38553.901612903224,771.0782419354839,6742134.193548387,0.0,27479.101612903225,56.04838709677419,546.483870967742,True,,0.1,0.2,0.05,1000.0,0.7,0.1,4.0
arm_3813,20264742,0.27,0,0.00609756,0.0609756,0.0,0.0,5.0,60523.9,1210.48,9925930.0,0.0,0.0,174.58064516129033,670.0,True,,0.1,0.2,0.05,1000.0,0.7,0.01,8.0
arm_3814,20264743,0.27,0,0.0031990002822580646,0.0275229,0.0002459766129032258,0.0007467129032258065,3.435483870967742,20423.024193548386,408.46037096774194,7406212.903225807,14336.906451612902,23894.870967741936,125.64516129032258,300.46774193548384,True,,0.1,0.2,0.05,1000.0,0.7,0.05,8.0
arm_3815,20264744,0.3,0,0.008010891298387097,0.0679612,0.001381418870967742,0.0013180729032258062,8.209677419354838,127800.27580645161,2556.006451612903,18785458.06451613,51373.95322580645,69295.11935483871,341.741935483871,1777.016129032258,False,,0.1,0.2,0.05,1000.0,0.7,0.1,8.0
arm_3816,20264745,0.22,0,0.005000000000000001,0.05,0.0,0.0,5.0,48880.522580645156,977.6103870967743,9776103.870967742,0.0,0.0,41.854838709677416,659.8870967741935,True,,0.1,0.2,0.1,1000.0,0.7,0.01,2.0
arm_3817,20264746,0.22,0,0.0075604872983870966,0.0729167,0.0,0.0005973717741935483,7.274193548387097,66644.62903225806,1332.8929032258065,9132446.612903226,0.0,54958.13225806452,59.903225806451616,863.758064516129,True,,0.1,0.2,0.1,1000.0,0.7,0.05,2.0
arm_3818,20264747,0.22,0,0.005466511524193548,0.038835,0.0018975338709677418,0.0016202695161290322,5.580645161290323,24176.659677419353,483.53338709677416,6179808.70967742,64516.15161290323,73476.64193548387,33.66129032258065,336.0806451612903,True,,0.1,0.2,0.1,1000.0,0.7,0.1,2.0
arm_3819,20264748,0.25,0,0.0069767399999999995,0.0697674,0.0,0.0,6.0,66534.69354838709,1330.693870967742,9536637.258064516,0.0,0.0,112.30645161290323,772.4677419354839,True,,0.1,0.2,0.1,1000.0,0.7,0.01,4.0
arm_3820,20264749,0.26,0,0.00666339791935484,0.0606061,0.0002199416129032258,0.0011195870967741935,6.612903225806452,49231.21290322581,984.6241451612904,8112703.870967742,7168.461290322582,57347.63870967742,80.11290322580645,658.0,True,,0.1,0.2,0.1,1000.0,0.7,0.05,4.0
arm_3821,20264750,0.24,0,0.010318015685483871,0.102041,0.0,0.0002531459677419355,10.112903225806452,100615.7741935484,2012.3074193548387,9859260.0,0.0,10752.685483870968,146.9516129032258,1331.1451612903227,False,,0.1,0.2,0.1,1000.0,0.7,0.1,4.0
arm_3822,20264751,0.27,0,0.005825240000000001,0.0582524,0.0,0.0,6.0,50187.33870967742,1003.7474838709677,8615491.774193548,0.0,0.0,236.40322580645162,697.8548387096774,True,,0.1,0.2,0.1,1000.0,0.7,0.01,8.0
arm_3823,20264752,0.29,0,0.007324988185483872,0.07,0.0007221959677419355,0.0,7.338709677419355,59854.32258064516,1197.086129032258,8546849.838709677,20310.63548387097,0.0,267.5,808.0483870967741,True,,0.1,0.2,0.1,1000.0,0.7,0.05,8.0
arm_3824,20264753,0.31,0,0.009696501290322582,0.0816327,0.0018252262903225805,0.0015819543548387096,9.53225806451613,60055.698387096774,1201.1135483870967,7335570.322580645,65710.85645161291,93189.9064516129,223.8709677419355,794.5967741935484,True,,0.1,0.2,0.1,1000.0,0.7,0.1,8.0
arm_3825,20264754,0.23,0,0.0030303,0.030303,0.0,0.0,3.0,20515.787096774195,410.3157741935484,6770211.451612903,0.0,0.0,53.483870967741936,274.19354838709677,True,,0.1,0.2,0.15,1000.0,0.7,0.01,2.0
arm_3826,20264755,0.28,0,0.008680930096774194,0.0769231,0.00036408709677419356,0.0018328464516129035,9.96774193548387,34274.75161290323,685.495,4437142.903225807,11947.435483870968,123058.43709677419,140.8548387096774,541.0,True,,0.1,0.2,0.15,1000.0,0.7,0.05,2.0
arm_3827,20264756,0.23,0,0.00648966806451613,0.057555191935483876,0.0,0.0016314419354838709,6.17741935483871,37507.24032258064,750.1447419354839,6563121.774193549,0.0,136200.5806451613,61.41935483870968,481.06451612903226,True,,0.1,0.2,0.15,1000.0,0.7,0.1,2.0
arm_3828,20264757,0.27,0,0.006330933419354839,0.0614035,0.0,0.0004235187096774194,7.193548387096774,53084.930645161294,1061.6988709677419,8631847.903225806,0.0,83632.03225806452,176.08064516129033,816.8387096774194,True,,0.1,0.2,0.15,1000.0,0.7,0.01,4.0
arm_3829,20264758,0.27,0,0.006266801040322581,0.0625,3.7335645161290325e-05,0.0,6.016129032258065,37101.75322580645,742.0350322580645,5936081.129032258,1194.7435483870968,0.0,171.96774193548387,480.83870967741933,True,,0.1,0.2,0.15,1000.0,0.7,0.05,4.0
arm_3830,20264759,0.33,0,0.015256173370967742,0.10658064516129032,0.0063351066129032265,0.003882913064516129,17.806451612903224,61529.467741935485,1230.5897258064515,5718053.064516129,216825.82741935484,109418.57580645161,390.741935483871,1035.3870967741937,False,,0.1,0.2,0.15,1000.0,0.7,0.1,4.0
arm_3831,20264760,0.34,0,0.004100092903225807,0.04100092903225807,0.0,0.0,4.387096774193548,31524.462903225805,630.4894193548387,7782018.548387097,0.0,0.0,396.38709677419354,455.3709677419355,True,,0.1,0.2,0.15,1000.0,0.7,0.01,8.0
arm_3832,20264761,0.34,0,0.004016166290322581,0.0366972,0.0007698806451612903,0.0,4.32258064516129,26209.648387096775,524.1929193548388,7111708.70967742,103942.65161290324,0.0,447.93548387096774,385.43548387096774,True,,0.1,0.2,0.15,1000.0,0.7,0.05,8.0
arm_3833,20264762,0.38,0,0.011921750185483871,0.097561,0.0028741467741935484,0.001938409193548387,10.225806451612904,69879.73225806453,1397.5946774193549,7132466.451612903,56849.87741935484,96774.10967741936,517.4516129032259,774.3548387096774,False,,0.1,0.2,0.15,1000.0,0.7,0.1,8.0
arm_3834,20264763,0.22,0,0.00505051,0.0505051,0.0,0.0,5.0,31827.238709677422,636.5446935483872,6301791.935483871,0.0,0.0,21.403225806451612,425.3709677419355,True,,0.3,0.2,0.05,1000.0,0.7,0.01,2.0
arm_3835,20264764,0.25,0,0.007641448572580645,0.07463634193548387,0.0,0.0003951430645161291,7.790322580645161,30908.83709677419,618.1768387096774,4166432.2580645164,0.0,59737.104838709674,88.96774193548387,425.5967741935484,True,,0.3,0.2,0.05,1000.0,0.7,0.05,2.0
arm_3836,20264765,0.24,0,0.0036498927016129033,0.0344828,0.0,0.00044802822580645166,3.2096774193548385,16737.614516129033,334.7522258064516,4819593.70967742,0.0,123058.58870967742,158.90322580645162,196.8548387096774,True,,0.3,0.2,0.05,1000.0,0.7,0.1,2.0
arm_3837,20264766,0.27,0,0.00707071,0.0707071,0.0,0.0,7.0,54607.00161290323,1092.1395161290325,7722990.806451613,0.0,0.0,226.82258064516128,729.8225806451613,True,,0.3,0.2,0.05,1000.0,0.7,0.01,4.0
arm_3838,20264767,0.3,0,0.008895885951612904,0.08245399193548388,0.0,0.0014455261290322581,9.435483870967742,44402.94677419355,888.0588064516129,5364014.838709678,0.0,192353.67580645162,301.38709677419354,641.0483870967741,True,,0.3,0.2,0.05,1000.0,0.7,0.05,4.0
arm_3839,20264768,0.31,0,0.009454407008064516,0.091954,0.00013668645161290323,0.0004388846774193549,8.258064516129032,56438.7,1128.7741774193548,6123954.516129033,4778.974193548387,116487.46774193548,173.69354838709677,663.0645161290323,True,,0.3,0.2,0.05,1000.0,0.7,0.1,4.0
arm_3840,20264769,0.29,0,0.005000000000000001,0.05,0.0,0.0,5.0,46105.141935483865,922.102693548387,9221026.935483871,0.0,0.0,323.7741935483871,622.4193548387096,True,,0.3,0.2,0.05,1000.0,0.7,0.01,8.0
arm_3841,20264770,0.3,0,0.004265632306451613,0.0392157,0.0,0.0007645829032258064,4.338709677419355,27533.553225806452,550.6712096774194,6965351.612903226,0.0,215053.89193548387,464.5806451612903,379.03225806451616,True,,0.3,0.2,0.05,1000.0,0.7,0.05,8.0
arm_3842,20264771,0.27,0,0.004182662217741936,0.040044509677419356,0.0,0.000396025,3.661290322580645,13599.453548387097,271.98893548387093,3345678.709677419,0.0,17323.766129032258,235.2258064516129,159.75806451612902,True,,0.3,0.2,0.05,1000.0,0.7,0.1,8.0
arm_3843,20264772,0.2,0,0.0013768711612903225,0.013768711612903224,0.0,0.0,1.6935483870967742,380.7637741935484,7.615273064516129,306451.4516129032,0.0,0.0,14.274193548387096,6.32258064516129,False,,0.3,0.2,0.1,1000.0,0.7,0.01,2.0
arm_3844,20264773,0.21,0,0.0034093305887096773,0.0326087,0.0,0.00032991241935483875,3.1451612903225805,3144.3698387096774,62.887401612903226,959777.3225806452,0.0,14336.912903225808,79.51612903225806,39.064516129032256,False,,0.3,0.2,0.1,1000.0,0.7,0.05,2.0
arm_3845,20264774,0.21,0,0.0014051772983870968,0.0113636,0.0005973717741935483,0.0,1.2741935483870968,595.5351838709678,11.91067758064516,483871.05483870965,46594.98548387097,0.0,30.032258064516128,7.161290322580645,False,,0.3,0.2,0.1,1000.0,0.7,0.1,2.0
arm_3846,20264775,0.21,0,0.0,0.0,0.0,0.0,0.0,0.0,0.0,0.0,0.0,0.0,15.193548387096774,0.0,False,,0.3,0.2,0.1,1000.0,0.7,0.01,4.0
arm_3847,20264776,0.24,0,0.0027859248387096776,0.027859248387096774,0.0,0.0,2.4516129032258065,2276.800483870968,45.535990322580645,798885.0483870967,0.0,0.0,93.6774193548387,27.048387096774192,False,,0.3,0.2,0.1,1000.0,0.7,0.05,4.0
arm_3848,20264777,0.23,0,0.003248724516129032,0.0294118,0.0006834322580645161,0.0,3.3225806451612905,6090.60935483871,121.81221451612903,2039825.0,95579.45161290323,0.0,158.75806451612902,83.90322580645162,False,,0.3,0.2,0.1,1000.0,0.7,0.1,4.0
arm_3849,20264778,0.28,0,0.00012380516129032257,0.0,0.0002751225806451613,0.0,0.12903225806451613,10.317070967741936,0.20634112903225804,0.0,10752.68870967742,0.0,150.32258064516128,0.14516129032258066,False,,0.3,0.2,0.1,1000.0,0.7,0.01,8.0
arm_3850,20264779,0.23,0,0.0,0.0,0.0,0.0,0.0,0.0,0.0,0.0,0.0,0.0,86.8225806451613,0.0,False,,0.3,0.2,0.1,1000.0,0.7,0.05,8.0
arm_3851,20264780,0.28,0,0.003410359806451613,0.02812585322580645,0.0007348954838709677,0.0005934922580645161,3.9838709677419355,2343.6456451612903,46.87291451612903,821625.0967741936,38231.76129032258,20708.877419354838,302.56451612903226,38.03225806451613,False,,0.3,0.2,0.1,1000.0,0.7,0.1,8.0
arm_3852,20264781,0.14,0,,,,,,,,,,,,,,no tail rows,0.3,0.2,0.15,1000.0,0.7,0.01,2.0
arm_3853,20264782,0.14,0,,,,,,,,,,,,,,no tail rows,0.3,0.2,0.15,1000.0,0.7,0.05,2.0
arm_3854,20264783,0.19,0,0.0008403355161290323,0.008403355161290323,0.0,0.0,1.0,178.70944838709678,3.574190322580645,141576.94838709678,0.0,0.0,5.129032258064516,2.870967741935484,False,,0.3,0.2,0.15,1000.0,0.7,0.1,2.0
arm_3855,20264784,0.2,0,0.0,0.0,0.0,0.0,0.0,0.0,0.0,0.0,0.0,0.0,21.5,0.0,False,,0.3,0.2,0.15,1000.0,0.7,0.01,4.0
arm_3856,20264785,0.21,0,0.00014346333870967744,0.0,3.584225806451613e-05,0.0002829651612903226,0.14516129032258066,10.626924193548389,0.21253870967741934,0.0,1194.7435483870968,9557.948387096774,37.88709677419355,0.14516129032258066,False,,0.3,0.2,0.15,1000.0,0.7,0.05,4.0
arm_3857,20264786,0.2,0,0.0005018485483870969,0.0043845922580645165,0.0,0.0001408651612903226,0.5161290322580645,62.692719354838715,1.253853548387097,59737.117741935486,0.0,4778.974193548387,16.193548387096776,0.8709677419354839,False,,0.3,0.2,0.15,1000.0,0.7,0.1,4.0
arm_3858,20264787,0.26,0,1.584733064516129e-05,0.0,0.0,3.521629032258065e-05,0.016129032258064516,2.347741935483871,0.046955000000000004,0.0,0.0,2389.483870967742,190.67741935483872,0.03225806451612903,False,,0.3,0.2,0.15,1000.0,0.7,0.01,8.0
arm_3859,20264788,0.24,0,0.0005589270483870968,0.005589270483870968,0.0,0.0,0.5645161290322581,165.60793064516128,3.312158548387097,137395.37258064517,0.0,0.0,163.8709677419355,2.2580645161290325,False,,0.3,0.2,0.15,1000.0,0.7,0.05,8.0
arm_3860,20264789,0.23,0,0.00040580573387096776,0.002530043870967742,0.0,0.00033955854838709675,0.41935483870967744,65.19920322580646,1.3039845161290324,54958.12903225807,0.0,8363.204838709678,130.90322580645162,0.9032258064516129,False,,0.3,0.2,0.15,1000.0,0.7,0.1,8.0
arm_3861,20264790,0.17,0,0.00108696,0.0108696,0.0,0.0,1.0,3538.7770967741935,70.77551774193547,3255676.0,0.0,0.0,31.56451612903226,43.95161290322581,False,,0.5,0.2,0.05,1000.0,0.7,0.01,2.0
arm_3862,20264791,0.19,0,0.0019802,0.019802,0.0,0.0,2.0,1255.0712580645163,25.101440322580643,633811.2741935484,0.0,0.0,8.306451612903226,17.112903225806452,False,,0.5,0.2,0.05,1000.0,0.7,0.05,2.0
arm_3863,20264792,0.19,0,0.002669752387096774,0.0253165,0.0,0.0003068941935483871,2.1451612903225805,7227.891935483871,144.55789032258065,2841098.9032258065,0.0,37037.03548387097,93.40322580645162,77.20967741935483,False,,0.5,0.2,0.05,1000.0,0.7,0.1,2.0
arm_3864,20264793,0.2,0,0.002442727298387097,0.0217391,0.0,0.0005973717741935483,2.274193548387097,1538.193822580645,30.76386129032258,688172.4838709678,0.0,43010.72903225807,51.354838709677416,19.161290322580644,False,,0.5,0.2,0.05,1000.0,0.7,0.01,4.0
arm_3865,20264794,0.2,0,0.0019968643064516133,0.019482612580645164,0.00010800677419354839,0.0,2.0161290322580645,3932.074758064516,78.64149564516129,1986857.9032258065,4778.970967741936,0.0,147.30645161290323,53.61290322580645,False,,0.5,0.2,0.05,1000.0,0.7,0.05,4.0
arm_3866,20264795,0.19,0,0.002878470427419355,0.0283019,7.012612903225806e-05,3.716370967741935e-05,3.0483870967741935,10653.866129032258,213.07727419354836,3761450.0,7168.453225806451,1194.7435483870968,45.064516129032256,152.4516129032258,True,,0.5,0.2,0.05,1000.0,0.7,0.1,4.0
arm_3867,20264796,0.22,0,0.00510204,0.0510204,0.0,0.0,5.0,16793.45,335.86911290322575,3291516.935483871,0.0,0.0,313.01612903225805,222.17741935483872,True,,0.5,0.2,0.05,1000.0,0.7,0.01,8.0
arm_3868,20264797,0.21,0,0.00315789,0.0315789,0.0,0.0,3.0,17157.77258064516,343.1553870967742,5433293.387096774,0.0,0.0,179.6451612903226,220.0483870967742,True,,0.5,0.2,0.05,1000.0,0.7,0.05,8.0
arm_3869,20264798,0.21,0,0.0011990005887096773,0.011500698387096773,0.00010873500000000001,0.0,1.3709677419354838,181.27767096774193,3.6255500000000005,176224.46129032256,3584.230645161291,0.0,141.2741935483871,2.806451612903226,False,,0.5,0.2,0.05,1000.0,0.7,0.1,8.0
arm_3870,20264799,0.18,0,0.00043521937931034483,0.004352193793103448,0.0,0.0,0.4482758620689655,94.23554482758621,1.8847108620689657,97062.51896551723,0.0,0.0,6.051724137931035,1.3103448275862069,False,,0.5,0.2,0.1,1000.0,0.7,0.01,2.0
arm_3871,20264800,0.18,0,0.0,0.0,0.0,0.0,0.0,0.0,0.0,0.0,0.0,0.0,5.129032258064516,0.0,False,,0.5,0.2,0.1,1000.0,0.7,0.05,2.0
arm_3872,20264801,0.12,0,,,,,,,,,,,,,,no tail rows,0.5,0.2,0.1,1000.0,0.7,0.1,2.0
arm_3873,20264802,0.19,0,0.0,0.0,0.0,0.0,0.0,0.0,0.0,0.0,0.0,0.0,19.741935483870968,0.0,False,,0.5,0.2,0.1,1000.0,0.7,0.01,4.0
arm_3874,20264803,0.19,0,0.0,0.0,0.0,0.0,0.0,0.0,0.0,0.0,0.0,0.0,9.016129032258064,0.0,False,,0.5,0.2,0.1,1000.0,0.7,0.05,4.0
arm_3875,20264804,0.19,0,0.0001577845161290323,0.0015778451612903227,0.0,0.0,0.14516129032258066,20.778187096774197,0.41556274193548387,19115.874193548385,0.0,0.0,18.306451612903224,0.25806451612903225,False,,0.5,0.2,0.1,1000.0,0.7,0.1,4.0
arm_3876,20264805,0.21,0,0.0,0.0,0.0,0.0,0.0,0.0,0.0,0.0,0.0,0.0,115.14516129032258,0.0,False,,0.5,0.2,0.1,1000.0,0.7,0.01,8.0
arm_3877,20264806,0.22,0,0.00020863687096774194,0.0017741935483870969,0.0,6.937225806451613e-05,0.20967741935483872,36.921383870967745,0.7384277419354839,33452.77741935484,0.0,3584.2274193548387,138.4516129032258,0.5,False,,0.5,0.2,0.1,1000.0,0.7,0.05,8.0
arm_3878,20264807,0.21,0,0.00017587988709677417,0.0,0.0002508958064516129,0.00013994838709677419,0.1774193548387097,17.80710806451613,0.35614193548387096,0.0,13142.166129032259,4778.974193548387,99.03225806451613,0.24193548387096775,False,,0.5,0.2,0.1,1000.0,0.7,0.1,8.0
arm_3879,20264808,0.13,0,,,,,,,,,,,,,,no tail rows,0.5,0.2,0.15,1000.0,0.7,0.01,2.0
arm_3880,20264809,0.13,0,,,,,,,,,,,,,,no tail rows,0.5,0.2,0.15,1000.0,0.7,0.05,2.0
arm_3881,20264810,0.15,0,0.0,0.0,0.0,0.0,0.0,0.0,0.0,0.0,0.0,0.0,7.071428571428571,0.0,False,,0.5,0.2,0.15,1000.0,0.7,0.1,2.0
arm_3882,20264811,0.19,0,0.0,0.0,0.0,0.0,0.0,0.0,0.0,0.0,0.0,0.0,4.435483870967742,0.0,False,,0.5,0.2,0.15,1000.0,0.7,0.01,4.0
arm_3883,20264812,0.19,0,0.0,0.0,0.0,0.0,0.0,0.0,0.0,0.0,0.0,0.0,25.20967741935484,0.0,False,,0.5,0.2,0.15,1000.0,0.7,0.05,4.0
arm_3884,20264813,0.2,0,0.0003121751612903226,0.003121751612903226,0.0,0.0,0.2903225806451613,34.68607258064517,0.6937214516129031,32258.04677419355,0.0,0.0,21.016129032258064,0.43548387096774194,False,,0.5,0.2,0.15,1000.0,0.7,0.1,4.0
arm_3885,20264814,0.21,0,0.0,0.0,0.0,0.0,0.0,0.0,0.0,0.0,0.0,0.0,71.08064516129032,0.0,False,,0.5,0.2,0.15,1000.0,0.7,0.01,8.0
arm_3886,20264815,0.18,0,0.0,0.0,0.0,0.0,0.0,0.0,0.0,0.0,0.0,0.0,106.16129032258064,0.0,False,,0.5,0.2,0.15,1000.0,0.7,0.05,8.0
arm_3887,20264816,0.23,0,0.0,0.0,0.0,0.0,0.0,0.0,0.0,0.0,0.0,0.0,63.17741935483871,0.0,False,,0.5,0.2,0.15,1000.0,0.7,0.1,8.0
arm_3888,20264817,0.3,0,0.008168128548387096,0.0784314,0.0,0.0007221967741935483,8.338709677419354,45985.198387096774,919.7036129032257,5859019.838709678,0.0,33452.79677419355,195.83870967741936,633.2258064516129,True,,0.1,0.6,0.05,1000.0,0.3,0.01,2.0
arm_3889,20264818,0.2,0,0.010909082370967743,0.105882,0.0,0.0007130719354838709,9.338709677419354,79085.53870967742,1581.710806451613,7465019.838709678,0.0,46594.95,129.91935483870967,907.6290322580645,False,,0.1,0.6,0.05,1000.0,0.3,0.05,2.0
arm_3890,20264819,0.22,0,0.008154842572580645,0.07296469677419355,0.001365039677419355,0.0005424556451612903,8.516129032258064,27953.690322580645,559.0738548387096,3840480.4838709678,64516.0935483871,35842.26774193549,68.74193548387096,396.16129032258067,True,,0.1,0.6,0.05,1000.0,0.3,0.1,2.0
arm_3891,20264820,0.31,0,0.00490196,0.0490196,0.0,0.0,5.0,20521.46935483871,410.4294516129032,4186380.4838709678,0.0,0.0,186.98387096774192,282.5806451612903,True,,0.1,0.6,0.05,1000.0,0.3,0.01,4.0
arm_3892,20264821,0.32,0,0.009282043798387098,0.07188942903225806,0.003152793064516129,0.0014985422580645164,9.693548387096774,51737.66129032258,1034.7531290322581,7154719.516129033,136001.57096774195,63321.36451612903,364.7903225806452,733.3387096774194,True,,0.1,0.6,0.05,1000.0,0.3,0.05,4.0
arm_3893,20264822,0.32,0,0.012847492008064516,0.09677416129032258,0.002347895967741935,0.004696717096774193,11.225806451612904,80650.98225806453,1613.0193548387097,8275952.419354838,109020.26935483872,133213.90645161291,375.51612903225805,905.1612903225806,False,,0.1,0.6,0.05,1000.0,0.3,0.1,4.0
arm_3894,20264823,0.28,0,0.0024088033870967736,0.020833299999999996,0.0,0.0007232741935483872,2.3225806451612905,20932.159677419353,418.6438548387097,10000000.0,0.0,97968.9306451613,160.53225806451613,271.3225806451613,True,,0.1,0.6,0.05,1000.0,0.3,0.01,8.0
arm_3895,20264824,0.31,0,0.003159492540322581,0.0291262,0.0,0.0005486056451612904,3.2419354838709675,19245.50483870968,384.9108870967742,6601351.612903226,0.0,17921.15322580645,154.46774193548387,267.5967741935484,True,,0.1,0.6,0.05,1000.0,0.3,0.05,8.0
arm_3896,20264825,0.3,0,0.005443494330645162,0.04797355806451613,0.0008784879032258064,0.0005573754838709677,4.403225806451613,37505.08548387097,750.1017903225807,7921147.903225807,15531.666129032259,66905.56612903226,214.8548387096774,395.241935483871,True,,0.1,0.6,0.05,1000.0,0.3,0.1,8.0
arm_3897,20264826,0.25,0,0.0016792820483870967,0.015663789354838708,0.0,0.0002508958064516129,1.7419354838709677,325.5214612903226,6.510429677419355,187574.49677419357,0.0,10752.685483870968,16.5,4.564516129032258,False,,0.1,0.6,0.1,1000.0,0.3,0.01,2.0
arm_3898,20264827,0.25,0,0.004637017604838709,0.04459203225806451,0.0,0.0003951430645161291,4.725806451612903,3027.3088709677418,60.54616612903225,689625.6451612903,0.0,28673.809677419355,52.61290322580645,41.67741935483871,False,,0.1,0.6,0.1,1000.0,0.3,0.05,2.0
arm_3899,20264828,0.25,0,0.005441454701612903,0.04708375161290323,0.0005167196774193549,0.0011123459677419355,5.403225806451613,5183.179193548387,103.66358064516129,1104978.2741935484,20907.99677419355,57148.51935483871,61.225806451612904,69.30645161290323,False,,0.1,0.6,0.1,1000.0,0.3,0.1,2.0
arm_3900,20264829,0.29,0,0.00206186,0.0206186,0.0,0.0,2.0,1514.9854838709678,30.29966129032258,734767.1774193548,0.0,0.0,95.75806451612904,19.838709677419356,False,,0.1,0.6,0.1,1000.0,0.3,0.01,4.0
arm_3901,20264830,0.27,0,0.005304658491935484,0.046038229032258064,0.001486045,7.13674193548387e-05,5.435483870967742,2453.9451612903226,49.07890322580645,524213.46774193546,71684.55483870968,3584.2274193548387,94.06451612903226,34.08064516129032,False,,0.1,0.6,0.1,1000.0,0.3,0.05,4.0
arm_3902,20264831,0.29,0,0.008131753,0.06940374516129032,0.001605766935483871,0.001041740806451613,8.064516129032258,3177.5841935483872,63.55166451612903,445382.79032258067,53763.45967741936,44205.477419354844,141.8548387096774,42.483870967741936,False,,0.1,0.6,0.1,1000.0,0.3,0.1,4.0
arm_3903,20264832,0.35,0,0.00392157,0.0392157,0.0,0.0,4.0,8232.014516129033,164.64025806451613,2099163.870967742,0.0,0.0,428.88709677419354,113.35483870967742,False,,0.1,0.6,0.1,1000.0,0.3,0.01,8.0
arm_3904,20264833,0.3,0,0.0030564461612903227,0.0285714,0.00044290258064516125,0.0,3.193548387096774,999.0042096774193,19.980080645161287,344484.3870967742,14336.922580645163,0.0,171.74193548387098,14.14516129032258,False,,0.1,0.6,0.1,1000.0,0.3,0.05,8.0
arm_3905,20264834,0.35,0,0.007198464330645161,0.0618557,0.001832844677419355,0.00041803161290322586,7.0,4802.212096774194,96.04422258064515,763042.5483870967,45001.996774193554,14336.922580645163,312.38709677419354,62.903225806451616,False,,0.1,0.6,0.1,1000.0,0.3,0.1,8.0
arm_3906,20264835,0.24,0,0.000970874,0.00970874,0.0,0.0,1.0,274.9069193548387,5.498137258064515,283153.8548387097,0.0,0.0,6.032258064516129,3.8225806451612905,False,,0.1,0.6,0.15,1000.0,0.3,0.01,2.0
arm_3907,20264836,0.2,0,0.0,0.0,0.0,0.0,0.0,0.0,0.0,0.0,0.0,0.0,0.8333333333333334,0.0,False,,0.1,0.6,0.15,1000.0,0.3,0.05,2.0
arm_3908,20264837,0.24,0,0.0004229323392857144,0.004229323392857144,0.0,0.0,0.48214285714285715,31.32834107142857,0.62656875,35714.298214285714,0.0,0.0,0.8214285714285714,0.48214285714285715,False,,0.1,0.6,0.15,1000.0,0.3,0.1,2.0
arm_3909,20264838,0.24,0,0.0,0.0,0.0,0.0,0.0,0.0,0.0,0.0,0.0,0.0,14.96774193548387,0.0,False,,0.1,0.6,0.15,1000.0,0.3,0.01,4.0
arm_3910,20264839,0.25,0,0.00045601726612903224,0.0006325109677419355,0.0003101733870967742,0.0005626403225806451,0.45161290322580644,46.28222258064516,0.9256441935483871,4778.974193548387,10752.691935483872,29868.56129032258,23.451612903225808,0.6129032258064516,False,,0.1,0.6,0.15,1000.0,0.3,0.05,4.0
arm_3911,20264840,0.25,0,0.001146923620967742,0.009052024193548388,0.00010705112903225805,0.0004301070967741935,1.1290322580645162,101.95188387096775,2.0390382258064514,78853.03870967742,3584.230645161291,17921.1435483871,22.951612903225808,1.3548387096774193,False,,0.1,0.6,0.15,1000.0,0.3,0.1,4.0
arm_3912,20264841,0.32,0,0.001368239435483871,0.00961538,0.0,0.0009037809677419355,1.4193548387096775,257.59644032258063,5.151933225806452,235364.25161290323,0.0,28673.841935483873,111.56451612903226,3.6129032258064515,False,,0.1,0.6,0.15,1000.0,0.3,0.01,8.0
arm_3913,20264842,0.35,0,0.00028565867741935487,0.00037078387096774196,0.0004794187096774194,7.298193548387098e-05,0.2903225806451613,26.652987096774194,0.5330603225806452,7168.451612903225,16726.409677419357,2389.4870967741936,193.16129032258064,0.3548387096774194,False,,0.1,0.6,0.15,1000.0,0.3,0.05,8.0
arm_3914,20264843,0.33,0,0.0023141703467741935,0.00909091,0.0007012624193548387,0.002421136129032258,2.403225806451613,456.3096935483871,9.126195161290322,369175.3064516129,22700.12741935484,61529.256451612906,167.8548387096774,6.612903225806452,False,,0.1,0.6,0.15,1000.0,0.3,0.1,8.0
arm_3915,20264844,0.17,0,,,,,,,,,,,,,,no tail rows,0.3,0.6,0.05,1000.0,0.3,0.01,2.0
arm_3916,20264845,0.21,0,0.0005326609756097561,0.005326609756097561,0.0,0.0,0.4634146341463415,53.992902439024384,1.0798578048780487,28003.59756097561,0.0,0.0,4.463414634146342,0.6341463414634146,False,,0.3,0.6,0.05,1000.0,0.3,0.05,2.0
arm_3917,20264846,0.23,0,1.697790322580645e-05,0.00016977903225806452,0.0,0.0,0.016129032258064516,3.7728709677419356,0.0754574193548387,3584.2258064516127,0.0,0.0,2.870967741935484,0.04838709677419355,False,,0.3,0.6,0.05,1000.0,0.3,0.1,2.0
arm_3918,20264847,0.24,0,0.0,0.0,0.0,0.0,0.0,0.0,0.0,0.0,0.0,0.0,18.06451612903226,0.0,False,,0.3,0.6,0.05,1000.0,0.3,0.01,4.0
arm_3919,20264848,0.23,0,3.383709677419355e-05,0.0,0.0,7.519354838709678e-05,0.03225806451612903,2.5064548387096774,0.05012903225806452,0.0,0.0,2389.4870967741936,9.919354838709678,0.03225806451612903,False,,0.3,0.6,0.05,1000.0,0.3,0.05,4.0
arm_3920,20264849,0.25,0,0.00019494841935483871,0.0,0.0,0.00043321870967741934,0.20967741935483872,14.44058870967742,0.2888117741935484,0.0,0.0,15531.666129032259,36.82258064516129,0.20967741935483872,False,,0.3,0.6,0.05,1000.0,0.3,0.1,4.0
arm_3921,20264850,0.26,0,0.001551458112903226,0.015514581129032258,0.0,0.0,1.6290322580645162,202.53717903225805,4.050747096774193,139784.8370967742,0.0,0.0,122.95161290322581,2.870967741935484,False,,0.3,0.6,0.05,1000.0,0.3,0.01,8.0
arm_3922,20264851,0.26,0,6.284032258064517e-05,0.0006284032258064517,0.0,0.0,0.04838709677419355,4.654843548387097,0.09309677419354839,3584.230645161291,0.0,0.0,79.95161290322581,0.04838709677419355,False,,0.3,0.6,0.05,1000.0,0.3,0.05,8.0
arm_3923,20264852,0.26,0,3.3217693548387094e-05,0.0,7.381709677419355e-05,0.0,0.03225806451612903,4.921129032258064,0.09842290322580645,0.0,4778.967741935484,0.0,86.54838709677419,0.06451612903225806,False,,0.3,0.6,0.05,1000.0,0.3,0.1,8.0
arm_3924,20264853,0.15,0,,,,,,,,,,,,,,no tail rows,0.3,0.6,0.1,1000.0,0.3,0.01,2.0
arm_3925,20264854,0.21,0,0.0,0.0,0.0,0.0,0.0,0.0,0.0,0.0,0.0,0.0,4.75,0.0,False,,0.3,0.6,0.1,1000.0,0.3,0.05,2.0
arm_3926,20264855,0.22,0,0.0,0.0,0.0,0.0,0.0,0.0,0.0,0.0,0.0,0.0,1.5818181818181818,0.0,False,,0.3,0.6,0.1,1000.0,0.3,0.1,2.0
arm_3927,20264856,0.24,0,0.0,0.0,0.0,0.0,0.0,0.0,0.0,0.0,0.0,0.0,20.806451612903224,0.0,False,,0.3,0.6,0.1,1000.0,0.3,0.01,4.0
arm_3928,20264857,0.23,0,0.0,0.0,0.0,0.0,0.0,0.0,0.0,0.0,0.0,0.0,10.112903225806452,0.0,False,,0.3,0.6,0.1,1000.0,0.3,0.05,4.0
arm_3929,20264858,0.23,0,0.0001649861129032258,0.0,7.13674193548387e-05,0.0002952683870967742,0.16129032258064516,12.22119677419355,0.2444235483870968,0.0,2389.4870967741936,9557.948387096774,16.870967741935484,0.16129032258064516,False,,0.3,0.6,0.1,1000.0,0.3,0.1,4.0
arm_3930,20264859,0.28,0,0.0,0.0,0.0,0.0,0.0,0.0,0.0,0.0,0.0,0.0,103.85483870967742,0.0,False,,0.3,0.6,0.1,1000.0,0.3,0.01,8.0
arm_3931,20264860,0.27,0,9.044312903225806e-05,0.0009044312903225806,0.0,0.0,0.0967741935483871,24.56482258064516,0.4912961290322581,26284.322580645163,0.0,0.0,110.88709677419355,0.3548387096774194,False,,0.3,0.6,0.1,1000.0,0.3,0.05,8.0
arm_3932,20264861,0.27,0,0.00016879209677419355,0.0,0.00037509354838709675,0.0,0.16129032258064516,27.506912903225807,0.5501377419354838,0.0,25089.58870967742,0.0,104.45161290322581,0.3548387096774194,False,,0.3,0.6,0.1,1000.0,0.3,0.1,8.0
arm_3933,20264862,0.19,0,0.0,0.0,0.0,0.0,0.0,0.0,0.0,0.0,0.0,0.0,0.9615384615384616,0.0,False,,0.3,0.6,0.15,1000.0,0.3,0.01,2.0
arm_3934,20264863,0.15,0,,,,,,,,,,,,,,no tail rows,0.3,0.6,0.15,1000.0,0.3,0.05,2.0
arm_3935,20264864,0.19,0,0.0006286979230769232,0.006286979230769231,0.0,0.0,0.6538461538461539,46.57025769230769,0.9314038461538463,48433.065384615395,0.0,0.0,1.0,0.6538461538461539,False,,0.3,0.6,0.15,1000.0,0.3,0.1,2.0
arm_3936,20264865,0.23,0,0.0,0.0,0.0,0.0,0.0,0.0,0.0,0.0,0.0,0.0,14.080645161290322,0.0,False,,0.3,0.6,0.15,1000.0,0.3,0.01,4.0
arm_3937,20264866,0.24,0,5.075564516129033e-05,0.0,0.0,0.00011279032258064517,0.04838709677419355,3.759682258064516,0.07519354838709677,0.0,0.0,3584.230645161291,13.241935483870968,0.04838709677419355,False,,0.3,0.6,0.15,1000.0,0.3,0.05,4.0
arm_3938,20264867,0.23,0,4.766864516129032e-05,0.0,6.952161290322581e-05,3.640870967741936e-05,0.04838709677419355,3.531011290322581,0.07062016129032259,0.0,2389.4870967741936,1194.7435483870968,14.080645161290322,0.04838709677419355,False,,0.3,0.6,0.15,1000.0,0.3,0.1,4.0
arm_3939,20264868,0.25,0,0.0,0.0,0.0,0.0,0.0,0.0,0.0,0.0,0.0,0.0,87.29032258064517,0.0,False,,0.3,0.6,0.15,1000.0,0.3,0.01,8.0
arm_3940,20264869,0.27,0,0.00025550941935483873,0.0025550941935483873,0.0,0.0,0.25806451612903225,18.926632258064515,0.3785316129032258,19115.89677419355,0.0,0.0,77.53225806451613,0.25806451612903225,False,,0.3,0.6,0.15,1000.0,0.3,0.05,8.0
arm_3941,20264870,0.27,0,0.0004394589677419355,0.0,0.0006568374193548388,0.000319738064516129,0.43548387096774194,51.75719677419355,1.0351456451612904,0.0,31063.314516129034,20310.620967741936,106.91935483870968,0.6935483870967742,False,,0.3,0.6,0.15,1000.0,0.3,0.1,8.0
arm_3942,20264871,0.2,0,0.0,0.0,0.0,0.0,0.0,0.0,0.0,0.0,0.0,0.0,3.088235294117647,0.0,False,,0.5,0.6,0.05,1000.0,0.3,0.01,2.0
arm_3943,20264872,0.19,0,0.0,0.0,0.0,0.0,0.0,0.0,0.0,0.0,0.0,0.0,3.8947368421052633,0.0,False,,0.5,0.6,0.05,1000.0,0.3,0.05,2.0
arm_3944,20264873,0.14,0,,,,,,,,,,,,,,no tail rows,0.5,0.6,0.05,1000.0,0.3,0.1,2.0
arm_3945,20264874,0.23,0,4.574409677419355e-05,0.0,0.0,0.00010165354838709678,0.04838709677419355,3.388451612903226,0.06776903225806451,0.0,0.0,3584.230645161291,12.17741935483871,0.04838709677419355,False,,0.5,0.6,0.05,1000.0,0.3,0.01,4.0
arm_3946,20264875,0.23,0,9.698966129032258e-05,0.0,0.0002155325806451613,0.0,0.0967741935483871,11.974032258064518,0.2394806451612903,0.0,11947.422580645161,0.0,18.822580645161292,0.16129032258064516,False,,0.5,0.6,0.05,1000.0,0.3,0.05,4.0
arm_3947,20264876,0.23,0,1.6918548387096776e-05,0.0,0.0,3.759677419354839e-05,0.016129032258064516,2.5064516129032257,0.05012903225806452,0.0,0.0,2389.483870967742,22.016129032258064,0.03225806451612903,False,,0.5,0.6,0.05,1000.0,0.3,0.1,4.0
arm_3948,20264877,0.23,0,6.230090322580644e-05,0.0,0.0001384464516129032,0.0,0.06451612903225806,9.22978064516129,0.18459580645161291,0.0,9557.940322580645,0.0,76.09677419354838,0.12903225806451613,False,,0.5,0.6,0.05,1000.0,0.3,0.01,8.0
arm_3949,20264878,0.24,0,4.994085483870968e-05,0.0,0.00011097967741935483,0.0,0.04838709677419355,8.631741935483872,0.1726348387096774,0.0,8363.193548387097,0.0,92.95161290322581,0.11290322580645161,False,,0.5,0.6,0.05,1000.0,0.3,0.05,8.0
arm_3950,20264879,0.25,0,9.48766935483871e-05,0.0,0.0,0.00021083709677419355,0.0967741935483871,10.541835483870967,0.21083709677419354,0.0,0.0,10752.682258064517,115.91935483870968,0.14516129032258066,False,,0.5,0.6,0.05,1000.0,0.3,0.1,8.0
arm_3951,20264880,0.21,0,0.0,0.0,0.0,0.0,0.0,0.0,0.0,0.0,0.0,0.0,1.0,0.0,False,,0.5,0.6,0.1,1000.0,0.3,0.01,2.0
arm_3952,20264881,0.14,0,,,,,,,,,,,,,,no tail rows,0.5,0.6,0.1,1000.0,0.3,0.05,2.0
arm_3953,20264882,0.21,0,3.5964e-05,0.0,0.0,7.992000000000001e-05,0.03636363636363636,2.664003636363636,0.05328,0.0,0.0,2693.6036363636367,1.6363636363636365,0.03636363636363636,False,,0.5,0.6,0.1,1000.0,0.3,0.1,2.0
arm_3954,20264883,0.22,0,0.0,0.0,0.0,0.0,0.0,0.0,0.0,0.0,0.0,0.0,14.53225806451613,0.0,False,,0.5,0.6,0.1,1000.0,0.3,0.01,4.0
arm_3955,20264884,0.24,0,0.0,0.0,0.0,0.0,0.0,0.0,0.0,0.0,0.0,0.0,16.451612903225808,0.0,False,,0.5,0.6,0.1,1000.0,0.3,0.05,4.0
arm_3956,20264885,0.23,0,8.285479838709678e-05,0.0,0.0,0.0001841217741935484,0.08064516129032258,6.137379032258064,0.1227475806451613,0.0,0.0,5973.717741935484,31.387096774193548,0.08064516129032258,False,,0.5,0.6,0.1,1000.0,0.3,0.1,4.0
arm_3957,20264886,0.24,0,0.0,0.0,0.0,0.0,0.0,0.0,0.0,0.0,0.0,0.0,93.35483870967742,0.0,False,,0.5,0.6,0.1,1000.0,0.3,0.01,8.0
arm_3958,20264887,0.24,0,0.0,0.0,0.0,0.0,0.0,0.0,0.0,0.0,0.0,0.0,82.20967741935483,0.0,False,,0.5,0.6,0.1,1000.0,0.3,0.05,8.0
arm_3959,20264888,0.26,0,0.0005312279435483872,0.004655812903225807,0.00011149112903225807,3.439032258064516e-05,0.5161290322580645,51.581709677419354,1.0316343548387097,44205.48387096774,3584.230645161291,2389.483870967742,117.6774193548387,0.6774193548387096,False,,0.5,0.6,0.1,1000.0,0.3,0.1,8.0
arm_3960,20264889,0.13,0,,,,,,,,,,,,,,no tail rows,0.5,0.6,0.15,1000.0,0.3,0.01,2.0
arm_3961,20264890,0.16,0,,,,,,,,,,,,,,no tail rows,0.5,0.6,0.15,1000.0,0.3,0.05,2.0
arm_3962,20264891,0.18,0,0.0,0.0,0.0,0.0,0.0,0.0,0.0,0.0,0.0,0.0,0.8181818181818182,0.0,False,,0.5,0.6,0.15,1000.0,0.3,0.1,2.0
arm_3963,20264892,0.22,0,0.0,0.0,0.0,0.0,0.0,0.0,0.0,0.0,0.0,0.0,12.451612903225806,0.0,False,,0.5,0.6,0.15,1000.0,0.3,0.01,4.0
arm_3964,20264893,0.22,0,1.645816935483871e-05,0.0,0.0,3.657370967741935e-05,0.016129032258064516,1.219125806451613,0.02438258064516129,0.0,0.0,1194.7435483870968,12.919354838709678,0.016129032258064516,False,,0.5,0.6,0.15,1000.0,0.3,0.05,4.0
arm_3965,20264894,0.21,0,0.0,0.0,0.0,0.0,0.0,0.0,0.0,0.0,0.0,0.0,8.758064516129032,0.0,False,,0.5,0.6,0.15,1000.0,0.3,0.1,4.0
arm_3966,20264895,0.23,0,0.0,0.0,0.0,0.0,0.0,0.0,0.0,0.0,0.0,0.0,66.24193548387096,0.0,False,,0.5,0.6,0.15,1000.0,0.3,0.01,8.0
arm_3967,20264896,0.23,0,0.0,0.0,0.0,0.0,0.0,0.0,0.0,0.0,0.0,0.0,89.04838709677419,0.0,False,,0.5,0.6,0.15,1000.0,0.3,0.05,8.0
arm_3968,20264897,0.24,0,6.230090322580644e-05,0.0,0.0001384464516129032,0.0,0.06451612903225806,16.152112903225806,0.32304225806451614,0.0,16726.387096774193,0.0,57.25806451612903,0.22580645161290322,False,,0.5,0.6,0.15,1000.0,0.3,0.1,8.0
arm_3969,20264898,0.25,0,0.004,0.04,0.0,0.0,4.0,36391.8629032258,727.8372580645162,9097966.290322581,0.0,0.0,28.870967741935484,491.2903225806452,True,,0.1,0.6,0.05,1000.0,0.5,0.01,2.0
arm_3970,20264899,0.27,0,0.0060630336532258074,0.0560748,0.00010824870967741934,0.0009040927419354839,6.451612903225806,29687.08064516129,593.7417741935484,5268617.903225807,7168.451612903225,135005.92096774193,110.03225806451613,428.6774193548387,True,,0.1,0.6,0.05,1000.0,0.5,0.05,2.0
arm_3971,20264900,0.28,0,0.0077764680645161285,0.07234107741935483,0.0012052451612903226,0.0,7.854838709677419,51159.7435483871,1023.195,7085552.258064516,53166.033870967745,0.0,78.25806451612904,697.5645161290323,True,,0.1,0.6,0.05,1000.0,0.5,0.1,2.0
arm_3972,20264901,0.29,0,0.00434783,0.0434783,0.0,0.0,4.0,34731.959677419356,694.6392580645161,7988351.774193549,0.0,0.0,109.12903225806451,431.3709677419355,True,,0.1,0.6,0.05,1000.0,0.5,0.01,4.0
arm_3973,20264902,0.27,0,0.0021505400000000003,0.0215054,0.0,0.0,2.0,10598.514516129033,211.97077419354838,4928317.419354838,0.0,0.0,26.43548387096774,133.06451612903226,True,,0.1,0.6,0.05,1000.0,0.5,0.05,4.0
arm_3974,20264903,0.33,0,0.011112335516129033,0.09956564516129032,0.00021845225806451613,0.002349927741935484,11.516129032258064,61939.56774193548,1238.7917741935482,6186423.387096774,14336.906451612902,99163.65967741936,400.0483870967742,869.5645161290323,False,,0.1,0.6,0.05,1000.0,0.5,0.1,4.0
arm_3975,20264904,0.38,0,0.00904645208064516,0.0873016,0.0,0.0007028712903225805,11.306451612903226,60791.85967741935,1215.8372580645162,6959052.903225807,0.0,37037.01129032258,857.8225806451613,1033.9193548387098,True,,0.1,0.6,0.05,1000.0,0.5,0.01,8.0
arm_3976,20264905,0.34,0,0.008050959008064518,0.0733945,0.00110132,0.000479811129032258,8.709677419354838,45933.02580645162,918.6605967741936,6237903.70967742,59737.125806451615,88410.98387096774,452.61290322580646,675.6935483870968,True,,0.1,0.6,0.05,1000.0,0.5,0.05,8.0
arm_3977,20264906,0.38,0,0.010560706459677419,0.08930704193548386,0.0016660741935483872,0.001956153064516129,11.258064516129032,55185.89032258065,1103.7171451612903,6185729.677419355,102150.48064516128,85025.8629032258,659.3387096774194,804.2741935483871,False,,0.1,0.6,0.05,1000.0,0.5,0.1,8.0
arm_3978,20264907,0.26,0,0.001536821258064516,0.01536821258064516,0.0,0.0,1.6290322580645162,583.8462580645162,11.676924193548386,370967.4516129032,0.0,0.0,13.790322580645162,8.35483870967742,False,,0.1,0.6,0.1,1000.0,0.5,0.01,2.0
arm_3979,20264908,0.28,0,0.004867706370967743,0.045747803225806453,0.0006509467741935484,0.0,5.32258064516129,2828.0054838709675,56.56015483870968,605555.5322580645,29868.570967741936,0.0,57.24193548387097,41.95161290322581,False,,0.1,0.6,0.1,1000.0,0.5,0.05,2.0
arm_3980,20264909,0.29,0,0.006115066096774194,0.05091336129032258,0.00205400935483871,0.0002209461290322581,5.306451612903226,2696.9750000000004,53.93950161290323,533691.7741935484,86618.84032258065,7168.461290322582,51.37096774193548,30.532258064516128,False,,0.1,0.6,0.1,1000.0,0.5,0.1,2.0
arm_3981,20264910,0.3,0,0.0010526300000000001,0.0105263,0.0,0.0,1.0,83.00318225806451,1.660063064516129,33851.06774193548,0.0,0.0,30.129032258064516,1.064516129032258,False,,0.1,0.6,0.1,1000.0,0.5,0.01,4.0
arm_3982,20264911,0.3,0,0.0,0.0,0.0,0.0,0.0,0.0,0.0,0.0,0.0,0.0,18.20967741935484,0.0,False,,0.1,0.6,0.1,1000.0,0.5,0.05,4.0
arm_3983,20264912,0.3,0,0.0021311964354838713,0.013632901612903226,0.0009555120967741935,0.0007509462903225807,1.9193548387096775,2728.7911290322577,54.575819354838714,2126642.7258064514,38231.77741935484,23894.862903225807,52.11290322580645,31.096774193548388,False,,0.1,0.6,0.1,1000.0,0.5,0.1,4.0
arm_3984,20264913,0.33,0,0.000869565,0.00869565,0.0,0.0,1.0,344.9170322580645,6.898345967741935,396654.56451612903,0.0,0.0,96.74193548387096,5.354838709677419,False,,0.1,0.6,0.1,1000.0,0.5,0.01,8.0
arm_3985,20264914,0.36,0,0.006979033806451613,0.06270730322580645,0.001085249677419355,0.000488758064516129,7.403225806451613,6070.090161290323,121.40177419354839,955282.5645161291,62723.967741935485,11947.432258064517,324.5806451612903,87.56451612903226,False,,0.1,0.6,0.1,1000.0,0.5,0.05,8.0
arm_3986,20264915,0.4,0,0.009032983153225805,0.07179559516129032,0.001819869193548387,0.0022988500000000003,9.935483870967742,4481.415967741935,89.6283129032258,601446.6774193548,69892.44838709677,54360.79516129033,376.7258064516129,68.0,False,,0.1,0.6,0.1,1000.0,0.5,0.1,8.0
arm_3987,20264916,0.27,0,0.0,0.0,0.0,0.0,0.0,0.0,0.0,0.0,0.0,0.0,2.5,0.0,False,,0.1,0.6,0.15,1000.0,0.5,0.01,2.0
arm_3988,20264917,0.26,0,0.0,0.0,0.0,0.0,0.0,0.0,0.0,0.0,0.0,0.0,4.255813953488372,0.0,False,,0.1,0.6,0.15,1000.0,0.5,0.05,2.0
arm_3989,20264918,0.29,0,0.0003621483870967742,0.0,0.0008047741935483871,0.0,0.3870967741935484,26.825832258064516,0.536516129032258,0.0,23894.870967741936,0.0,8.35483870967742,0.3870967741935484,False,,0.1,0.6,0.15,1000.0,0.5,0.1,2.0
arm_3990,20264919,0.3,0,0.0,0.0,0.0,0.0,0.0,0.0,0.0,0.0,0.0,0.0,14.46774193548387,0.0,False,,0.1,0.6,0.15,1000.0,0.5,0.01,4.0
arm_3991,20264920,0.3,0,0.00011141753225806452,0.0,0.0,0.00024759451612903227,0.11290322580645161,8.25315806451613,0.16506338709677418,0.0,0.0,8363.204838709678,12.419354838709678,0.11290322580645161,False,,0.1,0.6,0.15,1000.0,0.5,0.05,4.0
arm_3992,20264921,0.3,0,0.0,0.0,0.0,0.0,0.0,0.0,0.0,0.0,0.0,0.0,23.322580645161292,0.0,False,,0.1,0.6,0.15,1000.0,0.5,0.1,4.0
arm_3993,20264922,0.36,0,0.0,0.0,0.0,0.0,0.0,0.0,0.0,0.0,0.0,0.0,112.54838709677419,0.0,False,,0.1,0.6,0.15,1000.0,0.5,0.01,8.0
arm_3994,20264923,0.33,0,0.00025190680645161294,0.0,0.0005597929032258065,0.0,0.25806451612903225,18.659754838709677,0.3731948387096774,0.0,14336.922580645163,0.0,72.88709677419355,0.25806451612903225,False,,0.1,0.6,0.15,1000.0,0.5,0.05,8.0
arm_3995,20264924,0.37,0,0.0009628667661290323,0.005498516129032258,0.0008837840322580645,3.402741935483871e-05,0.8870967741935484,144.6372983870968,2.8927474193548384,100358.33064516129,25089.614516129033,1194.7435483870968,143.46774193548387,1.7580645161290323,False,,0.1,0.6,0.15,1000.0,0.5,0.1,8.0
arm_3996,20264925,0.21,0,0.0,0.0,0.0,0.0,0.0,0.0,0.0,0.0,0.0,0.0,0.5,0.0,False,,0.3,0.6,0.05,1000.0,0.5,0.01,2.0
arm_3997,20264926,0.22,0,0.0,0.0,0.0,0.0,0.0,0.0,0.0,0.0,0.0,0.0,0.9411764705882353,0.0,False,,0.3,0.6,0.05,1000.0,0.5,0.05,2.0
arm_3998,20264927,0.16,0,,,,,,,,,,,,,,no tail rows,0.3,0.6,0.05,1000.0,0.5,0.1,2.0
arm_3999,20264928,0.25,0,0.0,0.0,0.0,0.0,0.0,0.0,0.0,0.0,0.0,0.0,26.951612903225808,0.0,False,,0.3,0.6,0.05,1000.0,0.5,0.01,4.0
arm_4000,20264929,0.25,0,0.000956718,0.008942829677419354,0.0,0.00013874451612903225,0.967741935483871,106.35540645161291,2.1271067741935483,102747.86451612905,0.0,4778.974193548387,15.64516129032258,1.4516129032258065,False,,0.3,0.6,0.05,1000.0,0.5,0.05,4.0
arm_4001,20264930,0.24,0,0.00011146594354838709,0.0,7.200451612903226e-05,0.0001756975806451613,0.11290322580645161,15.284645161290323,0.3056927419354839,0.0,2389.4870967741936,13142.166129032259,28.0,0.20967741935483872,False,,0.3,0.6,0.05,1000.0,0.5,0.1,4.0
arm_4002,20264931,0.28,0,0.0003893214838709678,0.0038932148387096775,0.0,0.0,0.45161290322580644,115.35458064516129,2.3070916129032257,133811.09677419355,0.0,0.0,126.95161290322581,1.8064516129032258,False,,0.3,0.6,0.05,1000.0,0.5,0.01,8.0
arm_4003,20264932,0.27,0,0.0,0.0,0.0,0.0,0.0,0.0,0.0,0.0,0.0,0.0,137.56451612903226,0.0,False,,0.3,0.6,0.05,1000.0,0.5,0.05,8.0
arm_4004,20264933,0.32,0,0.00017611258064516126,0.0014516129032258063,6.878064516129032e-05,0.0,0.1774193548387097,13.04536935483871,0.26090709677419355,8363.204838709678,2389.4870967741936,0.0,154.0,0.1774193548387097,False,,0.3,0.6,0.05,1000.0,0.5,0.1,8.0
arm_4005,20264934,0.19,0,,,,,,,,,,,,,,no tail rows,0.3,0.6,0.1,1000.0,0.5,0.01,2.0
arm_4006,20264935,0.12,0,,,,,,,,,,,,,,no tail rows,0.3,0.6,0.1,1000.0,0.5,0.05,2.0
arm_4007,20264936,0.21,0,0.0,0.0,0.0,0.0,0.0,0.0,0.0,0.0,0.0,0.0,0.0,0.0,False,,0.3,0.6,0.1,1000.0,0.5,0.1,2.0
arm_4008,20264937,0.26,0,1.642093548387097e-05,0.0,3.649096774193549e-05,0.0,0.016129032258064516,1.216367741935484,0.02432741935483871,0.0,1194.7435483870968,0.0,9.096774193548388,0.016129032258064516,False,,0.3,0.6,0.1,1000.0,0.5,0.01,4.0
arm_4009,20264938,0.2,0,6.325112903225807e-05,0.0,0.0,0.00014055806451612903,0.06451612903225806,7.0279,0.14055790322580647,0.0,0.0,7168.456451612904,18.661290322580644,0.0967741935483871,False,,0.3,0.6,0.1,1000.0,0.5,0.05,4.0
arm_4010,20264939,0.23,0,0.0,0.0,0.0,0.0,0.0,0.0,0.0,0.0,0.0,0.0,19.161290322580644,0.0,False,,0.3,0.6,0.1,1000.0,0.5,0.1,4.0
arm_4011,20264940,0.26,0,0.0,0.0,0.0,0.0,0.0,0.0,0.0,0.0,0.0,0.0,63.935483870967744,0.0,False,,0.3,0.6,0.1,1000.0,0.5,0.01,8.0
arm_4012,20264941,0.29,0,0.00013062730645161291,0.0,0.00010317096774193547,0.00018711193548387098,0.12903225806451613,15.710987096774193,0.31422000000000005,0.0,5973.711290322581,7168.4548387096775,84.24193548387096,0.20967741935483872,False,,0.3,0.6,0.1,1000.0,0.5,0.05,8.0
arm_4013,20264942,0.29,0,4.796070967741935e-05,0.0,0.0,0.00010657935483870967,0.04838709677419355,5.921077419354839,0.1184217741935484,0.0,0.0,5973.712903225806,88.61290322580645,0.08064516129032258,False,,0.3,0.6,0.1,1000.0,0.5,0.1,8.0
arm_4014,20264943,0.16,0,,,,,,,,,,,,,,no tail rows,0.3,0.6,0.15,1000.0,0.5,0.01,2.0
arm_4015,20264944,0.24,0,0.0,0.0,0.0,0.0,0.0,0.0,0.0,0.0,0.0,0.0,0.9772727272727273,0.0,False,,0.3,0.6,0.15,1000.0,0.5,0.05,2.0
arm_4016,20264945,0.19,0,,,,,,,,,,,,,,no tail rows,0.3,0.6,0.15,1000.0,0.5,0.1,2.0
arm_4017,20264946,0.28,0,0.0,0.0,0.0,0.0,0.0,0.0,0.0,0.0,0.0,0.0,5.0,0.0,False,,0.3,0.6,0.15,1000.0,0.5,0.01,4.0
arm_4018,20264947,0.26,0,0.0,0.0,0.0,0.0,0.0,0.0,0.0,0.0,0.0,0.0,12.870967741935484,0.0,False,,0.3,0.6,0.15,1000.0,0.5,0.05,4.0
arm_4019,20264948,0.27,0,0.00012527406451612905,0.0012527406451612903,0.0,0.0,0.12903225806451613,9.279561290322581,0.1855909677419355,9557.948387096774,0.0,0.0,20.838709677419356,0.12903225806451613,False,,0.3,0.6,0.15,1000.0,0.5,0.1,4.0
arm_4020,20264949,0.28,0,0.0,0.0,0.0,0.0,0.0,0.0,0.0,0.0,0.0,0.0,71.87096774193549,0.0,False,,0.3,0.6,0.15,1000.0,0.5,0.01,8.0
arm_4021,20264950,0.29,0,0.0001660884677419355,0.0,0.0,0.0003690854838709677,0.16129032258064516,14.763424193548385,0.2952679032258064,0.0,0.0,14336.917741935484,102.83870967741936,0.1935483870967742,False,,0.3,0.6,0.15,1000.0,0.5,0.05,8.0
arm_4022,20264951,0.29,0,0.00013151987096774194,0.0006720427419354838,3.886516129032258e-05,0.00010405838709677419,0.14516129032258066,9.742211290322581,0.19484435483870965,5973.717741935484,1194.7435483870968,3584.230645161291,130.83870967741936,0.14516129032258066,False,,0.3,0.6,0.15,1000.0,0.5,0.1,8.0
arm_4023,20264952,0.16,0,,,,,,,,,,,,,,no tail rows,0.5,0.6,0.05,1000.0,0.5,0.01,2.0
arm_4024,20264953,0.22,0,0.0,0.0,0.0,0.0,0.0,0.0,0.0,0.0,0.0,0.0,5.0,0.0,False,,0.5,0.6,0.05,1000.0,0.5,0.05,2.0
arm_4025,20264954,0.22,0,0.0,0.0,0.0,0.0,0.0,0.0,0.0,0.0,0.0,0.0,2.3454545454545452,0.0,False,,0.5,0.6,0.05,1000.0,0.5,0.1,2.0
arm_4026,20264955,0.22,0,0.0,0.0,0.0,0.0,0.0,0.0,0.0,0.0,0.0,0.0,11.854166666666666,0.0,False,,0.5,0.6,0.05,1000.0,0.5,0.01,4.0
arm_4027,20264956,0.23,0,0.0,0.0,0.0,0.0,0.0,0.0,0.0,0.0,0.0,0.0,18.903225806451612,0.0,False,,0.5,0.6,0.05,1000.0,0.5,0.05,4.0
arm_4028,20264957,0.23,0,0.0,0.0,0.0,0.0,0.0,0.0,0.0,0.0,0.0,0.0,9.370967741935484,0.0,False,,0.5,0.6,0.05,1000.0,0.5,0.1,4.0
arm_4029,20264958,0.25,0,0.0,0.0,0.0,0.0,0.0,0.0,0.0,0.0,0.0,0.0,77.5,0.0,False,,0.5,0.6,0.05,1000.0,0.5,0.01,8.0
arm_4030,20264959,0.24,0,0.0,0.0,0.0,0.0,0.0,0.0,0.0,0.0,0.0,0.0,51.04838709677419,0.0,False,,0.5,0.6,0.05,1000.0,0.5,0.05,8.0
arm_4031,20264960,0.26,0,3.291633870967742e-05,0.0,3.657370967741935e-05,3.657370967741935e-05,0.03225806451612903,7.3147548387096775,0.14629516129032258,0.0,1194.7435483870968,5973.709677419355,96.83870967741936,0.0967741935483871,False,,0.5,0.6,0.05,1000.0,0.5,0.1,8.0
arm_4032,20264961,0.2,0,0.0,0.0,0.0,0.0,0.0,0.0,0.0,0.0,0.0,0.0,4.880952380952381,0.0,False,,0.5,0.6,0.1,1000.0,0.5,0.01,2.0
arm_4033,20264962,0.18,0,0.0,0.0,0.0,0.0,0.0,0.0,0.0,0.0,0.0,0.0,1.8,0.0,False,,0.5,0.6,0.1,1000.0,0.5,0.05,2.0
arm_4034,20264963,0.18,0,0.0,0.0,0.0,0.0,0.0,0.0,0.0,0.0,0.0,0.0,0.7142857142857143,0.0,False,,0.5,0.6,0.1,1000.0,0.5,0.1,2.0
arm_4035,20264964,0.23,0,0.0,0.0,0.0,0.0,0.0,0.0,0.0,0.0,0.0,0.0,10.080645161290322,0.0,False,,0.5,0.6,0.1,1000.0,0.5,0.01,4.0
arm_4036,20264965,0.23,0,0.0,0.0,0.0,0.0,0.0,0.0,0.0,0.0,0.0,0.0,4.983870967741935,0.0,False,,0.5,0.6,0.1,1000.0,0.5,0.05,4.0
arm_4037,20264966,0.23,0,0.0,0.0,0.0,0.0,0.0,0.0,0.0,0.0,0.0,0.0,9.758064516129032,0.0,False,,0.5,0.6,0.1,1000.0,0.5,0.1,4.0
arm_4038,20264967,0.24,0,0.0,0.0,0.0,0.0,0.0,0.0,0.0,0.0,0.0,0.0,56.46774193548387,0.0,False,,0.5,0.6,0.1,1000.0,0.5,0.01,8.0
arm_4039,20264968,0.27,0,0.0,0.0,0.0,0.0,0.0,0.0,0.0,0.0,0.0,0.0,111.91935483870968,0.0,False,,0.5,0.6,0.1,1000.0,0.5,0.05,8.0
arm_4040,20264969,0.25,0,1.6346975806451612e-05,0.0,3.63266129032258e-05,0.0,0.016129032258064516,1.2108887096774195,0.024217741935483872,0.0,1194.7435483870968,0.0,80.85483870967742,0.016129032258064516,False,,0.5,0.6,0.1,1000.0,0.5,0.1,8.0
arm_4041,20264970,0.2,0,0.0,0.0,0.0,0.0,0.0,0.0,0.0,0.0,0.0,0.0,6.25,0.0,False,,0.5,0.6,0.15,1000.0,0.5,0.01,2.0
arm_4042,20264971,0.15,0,,,,,,,,,,,,,,no tail rows,0.5,0.6,0.15,1000.0,0.5,0.05,2.0
arm_4043,20264972,0.15,0,,,,,,,,,,,,,,no tail rows,0.5,0.6,0.15,1000.0,0.5,0.1,2.0
arm_4044,20264973,0.22,0,0.0,0.0,0.0,0.0,0.0,0.0,0.0,0.0,0.0,0.0,3.032258064516129,0.0,False,,0.5,0.6,0.15,1000.0,0.5,0.01,4.0
arm_4045,20264974,0.23,0,3.135237096774194e-05,0.0,6.967193548387097e-05,0.0,0.03225806451612903,2.322393548387097,0.04644774193548387,0.0,2389.4870967741936,0.0,33.5,0.03225806451612903,False,,0.5,0.6,0.15,1000.0,0.5,0.05,4.0
arm_4046,20264975,0.23,0,0.0,0.0,0.0,0.0,0.0,0.0,0.0,0.0,0.0,0.0,5.403225806451613,0.0,False,,0.5,0.6,0.15,1000.0,0.5,0.1,4.0
arm_4047,20264976,0.26,0,0.0,0.0,0.0,0.0,0.0,0.0,0.0,0.0,0.0,0.0,117.58064516129032,0.0,False,,0.5,0.6,0.15,1000.0,0.5,0.01,8.0
arm_4048,20264977,0.25,0,0.0,0.0,0.0,0.0,0.0,0.0,0.0,0.0,0.0,0.0,76.61290322580645,0.0,False,,0.5,0.6,0.15,1000.0,0.5,0.05,8.0
arm_4049,20264978,0.25,0,0.0,0.0,0.0,0.0,0.0,0.0,0.0,0.0,0.0,0.0,121.04838709677419,0.0,False,,0.5,0.6,0.15,1000.0,0.5,0.1,8.0
arm_4050,20264979,0.24,0,0.00373832,0.0373832,0.0,0.0,4.0,31669.625806451615,633.3925483870968,8471625.64516129,0.0,0.0,55.61290322580645,457.46774193548384,True,,0.1,0.6,0.05,1000.0,0.7,0.01,2.0
arm_4051,20264980,0.29,0,0.007075908879032258,0.0679612,0.0006217530645161289,0.0,7.274193548387097,47732.84516129032,954.6569032258064,7013142.096774193,69295.07580645161,0.0,288.1774193548387,663.6774193548387,True,,0.1,0.6,0.05,1000.0,0.7,0.05,2.0
arm_4052,20264981,0.28,0,0.012451612443548386,0.11774193548387096,0.0003225803225806452,0.001182795,12.451612903225806,75935.48064516128,1518.7095161290324,6456817.419354838,25089.58870967742,46993.227419354844,136.83870967741936,1025.1290322580646,False,,0.1,0.6,0.05,1000.0,0.7,0.1,2.0
arm_4053,20264982,0.33,0,0.010443835387096777,0.103774,0.0,0.0001476341935483871,11.064516129032258,79345.6,1586.9120967741935,7644727.419354838,0.0,13142.161290322581,359.69354838709677,1135.4193548387098,False,,0.1,0.6,0.05,1000.0,0.7,0.01,4.0
arm_4054,20264983,0.26,0,0.0046720627096774195,0.04576141290322581,0.0,0.00021315870967741934,4.032258064516129,24636.86935483871,492.7374677419355,5413978.70967742,0.0,7168.461290322582,87.51612903225806,286.0483870967742,True,,0.1,0.6,0.05,1000.0,0.7,0.05,4.0
arm_4055,20264984,0.29,0,0.00534699427419355,0.05,0.0003521629032258065,0.0004189354838709678,4.354838709677419,32608.879032258064,652.1775967741935,6515232.903225807,15531.656451612904,17921.1435483871,128.17741935483872,352.2741935483871,True,,0.1,0.6,0.05,1000.0,0.7,0.1,4.0
arm_4056,20264985,0.34,0,0.006665477548387097,0.0642202,0.0,0.0005410167741935484,7.258064516129032,43422.41129032258,868.4481290322581,6757978.548387097,0.0,23894.85806451613,359.241935483871,638.9516129032259,True,,0.1,0.6,0.05,1000.0,0.7,0.01,8.0
arm_4057,20264986,0.33,0,0.007654152725806451,0.0744681,0.00038907709677419363,7.168451612903225e-05,7.209677419354839,14526.879516129033,290.5375483870968,1947260.322580645,21505.36129032258,4778.9693548387095,348.6774193548387,184.3709677419355,True,,0.1,0.6,0.05,1000.0,0.7,0.05,8.0
arm_4058,20264987,0.32,0,0.010129725000000003,0.09677424193548388,3.521629032258065e-05,0.0009698966129032258,9.451612903225806,41698.03064516129,833.9606129032258,4271237.580645162,1194.7435483870968,56152.88387096774,469.7096774193548,523.5967741935484,False,,0.1,0.6,0.05,1000.0,0.7,0.1,8.0
arm_4059,20264988,0.28,0,0.006083196056451613,0.06066885806451613,0.0,3.6245e-05,6.629032258064516,5571.561774193548,111.43120645161291,918672.6935483871,0.0,1194.7435483870968,115.7741935483871,81.98387096774194,False,,0.1,0.6,0.1,1000.0,0.7,0.01,2.0
arm_4060,20264989,0.26,0,0.005689622016129033,0.0537634,0.00022770387096774194,0.0004684783870967742,5.32258064516129,5561.609838709677,111.23199516129033,1027957.4354838709,11947.425806451613,23894.851612903225,68.45161290322581,69.87096774193549,False,,0.1,0.6,0.1,1000.0,0.7,0.05,2.0
arm_4061,20264990,0.24,0,0.003714564032258065,0.03714564032258065,0.0,0.0,3.6774193548387095,1827.1122580645163,36.542253225806455,525746.7096774194,0.0,0.0,24.112903225806452,24.419354838709676,False,,0.1,0.6,0.1,1000.0,0.7,0.1,2.0
arm_4062,20264991,0.36,0,0.002748027548387097,0.02620971935483871,0.0,0.00028234580645161294,2.8548387096774195,2110.911612903226,42.218179032258064,819991.8709677419,0.0,25089.58387096774,78.88709677419355,29.629032258064516,False,,0.1,0.6,0.1,1000.0,0.7,0.01,4.0
arm_4063,20264992,0.32,0,0.0022104489596774194,0.02,0.0002595475806451613,0.00020811677419354838,2.2096774193548385,602.1692096774194,12.043384193548386,292711.77419354836,8363.204838709678,8363.201612903225,52.5,8.129032258064516,False,,0.1,0.6,0.1,1000.0,0.7,0.05,4.0
arm_4064,20264993,0.34,0,0.005567311556451613,0.051585056451612904,0.0005747535483870968,0.0003337040322580645,6.387096774193548,5852.144677419355,117.04289516129032,1155858.7096774194,20310.637096774193,43010.76129032258,176.61290322580646,91.48387096774194,False,,0.1,0.6,0.1,1000.0,0.7,0.1,4.0
arm_4065,20264994,0.42,0,0.0035275021935483875,0.032574348387096774,0.0,0.0006001496774193548,3.5806451612903225,1703.266129032258,34.06533387096774,532357.5967741936,0.0,20310.637096774193,230.2258064516129,23.43548387096774,False,,0.1,0.6,0.1,1000.0,0.7,0.01,8.0
arm_4066,20264995,0.33,0,0.003278078040322581,0.030936032258064516,0.0003028929032258064,0.00010705112903225805,3.9516129032258065,1929.241935483871,38.5848435483871,637196.4677419355,9557.948387096774,9557.937096774192,190.69354838709677,31.70967741935484,False,,0.1,0.6,0.1,1000.0,0.7,0.05,8.0
arm_4067,20264996,0.37,0,0.0037495050483870975,0.03254101935483871,0.00102873,7.21658064516129e-05,4.193548387096774,1214.6832258064517,24.29366935483871,358681.6451612903,29868.57741935484,2389.4870967741936,236.7258064516129,18.596774193548388,False,,0.1,0.6,0.1,1000.0,0.7,0.1,8.0
arm_4068,20264997,0.17,0,8.082471774193549e-05,0.0,0.00017961048387096776,0.0,0.08064516129032258,5.987016129032259,0.11974032258064515,0.0,5973.717741935484,0.0,2.3548387096774195,0.08064516129032258,False,,0.1,0.6,0.15,1000.0,0.7,0.01,2.0
arm_4069,20264998,0.26,0,0.0,0.0,0.0,0.0,0.0,0.0,0.0,0.0,0.0,0.0,2.0476190476190474,0.0,False,,0.1,0.6,0.15,1000.0,0.7,0.05,2.0
arm_4070,20264999,0.2,0,0.0,0.0,0.0,0.0,0.0,0.0,0.0,0.0,0.0,0.0,1.9838709677419355,0.0,False,,0.1,0.6,0.15,1000.0,0.7,0.1,2.0
arm_4071,20265000,0.3,0,0.0,0.0,0.0,0.0,0.0,0.0,0.0,0.0,0.0,0.0,25.532258064516128,0.0,False,,0.1,0.6,0.15,1000.0,0.7,0.01,4.0
arm_4072,20265001,0.27,0,0.00030380066129032264,0.0,0.0006026225806451613,7.249e-05,0.3064516129032258,22.503766129032254,0.4500751612903226,0.0,20310.64032258065,2389.4870967741936,14.274193548387096,0.3064516129032258,False,,0.1,0.6,0.15,1000.0,0.7,0.05,4.0
arm_4073,20265002,0.26,0,0.00020738692741935488,0.0,7.348064516129031e-05,0.00038737919354838715,0.20967741935483872,15.361974193548386,0.30723870967741934,0.0,2389.4870967741936,13142.179032258065,22.548387096774192,0.20967741935483872,False,,0.1,0.6,0.15,1000.0,0.7,0.1,4.0
arm_4074,20265003,0.28,0,0.0,0.0,0.0,0.0,0.0,0.0,0.0,0.0,0.0,0.0,88.58064516129032,0.0,False,,0.1,0.6,0.15,1000.0,0.7,0.01,8.0
arm_4075,20265004,0.31,0,0.00018781991935483874,0.00027571000000000003,0.00031833580645161295,3.777290322580645e-05,0.1935483870967742,13.912600000000001,0.27825209677419355,2389.4870967741936,9557.948387096774,1194.7435483870968,125.70967741935483,0.1935483870967742,False,,0.1,0.6,0.15,1000.0,0.7,0.05,8.0
arm_4076,20265005,0.3,0,0.0006911551935483871,0.003331006451612903,7.348064516129031e-05,0.000722196129032258,0.6774193548387096,54.78789838709677,1.0957585483870966,23894.867741935486,2389.4870967741936,22700.120967741936,91.70967741935483,0.7258064516129032,False,,0.1,0.6,0.15,1000.0,0.7,0.1,8.0
arm_4077,20265006,0.15,0,,,,,,,,,,,,,,no tail rows,0.3,0.6,0.05,1000.0,0.7,0.01,2.0
arm_4078,20265007,0.23,0,0.0,0.0,0.0,0.0,0.0,0.0,0.0,0.0,0.0,0.0,5.048387096774194,0.0,False,,0.3,0.6,0.05,1000.0,0.7,0.05,2.0
arm_4079,20265008,0.24,0,0.00016129033870967743,0.0016129033870967743,0.0,0.0,0.1774193548387097,11.947437096774195,0.23894838709677418,13142.179032258065,0.0,0.0,8.0,0.1774193548387097,False,,0.3,0.6,0.05,1000.0,0.7,0.1,2.0
arm_4080,20265009,0.25,0,0.0,0.0,0.0,0.0,0.0,0.0,0.0,0.0,0.0,0.0,25.06451612903226,0.0,False,,0.3,0.6,0.05,1000.0,0.7,0.01,4.0
arm_4081,20265010,0.24,0,1.676228225806452e-05,0.0,0.0,3.724951612903226e-05,0.016129032258064516,1.24165,0.02483306451612903,0.0,0.0,1194.7435483870968,24.983870967741936,0.016129032258064516,False,,0.3,0.6,0.05,1000.0,0.7,0.05,4.0
arm_4082,20265011,0.25,0,4.593701612903226e-05,0.0,0.0,0.00010208225806451613,0.04838709677419355,3.4027499999999997,0.068055,0.0,0.0,3584.230645161291,8.903225806451612,0.04838709677419355,False,,0.3,0.6,0.05,1000.0,0.7,0.1,4.0
arm_4083,20265012,0.27,0,0.00031991458064516127,0.0031991458064516125,0.0,0.0,0.3870967741935484,95.77685483870968,1.9155382258064517,115890.1129032258,0.0,0.0,138.20967741935485,1.564516129032258,False,,0.3,0.6,0.05,1000.0,0.7,0.01,8.0
arm_4084,20265013,0.28,0,0.0,0.0,0.0,0.0,0.0,0.0,0.0,0.0,0.0,0.0,98.38709677419355,0.0,False,,0.3,0.6,0.05,1000.0,0.7,0.05,8.0
arm_4085,20265014,0.28,0,0.0008646509677419355,0.008646509677419355,0.0,0.0,0.8387096774193549,160.12016129032256,3.2024032258064516,155316.46774193548,0.0,0.0,64.64516129032258,2.096774193548387,False,,0.3,0.6,0.05,1000.0,0.7,0.1,8.0
arm_4086,20265015,0.19,0,,,,,,,,,,,,,,no tail rows,0.3,0.6,0.1,1000.0,0.7,0.01,2.0
arm_4087,20265016,0.18,0,,,,,,,,,,,,,,no tail rows,0.3,0.6,0.1,1000.0,0.7,0.05,2.0
arm_4088,20265017,0.17,0,,,,,,,,,,,,,,no tail rows,0.3,0.6,0.1,1000.0,0.7,0.1,2.0
arm_4089,20265018,0.24,0,0.0,0.0,0.0,0.0,0.0,0.0,0.0,0.0,0.0,0.0,14.516129032258064,0.0,False,,0.3,0.6,0.1,1000.0,0.7,0.01,4.0
arm_4090,20265019,0.22,0,0.0,0.0,0.0,0.0,0.0,0.0,0.0,0.0,0.0,0.0,3.7903225806451615,0.0,False,,0.3,0.6,0.1,1000.0,0.7,0.05,4.0
arm_4091,20265020,0.24,0,3.205008870967742e-05,0.0,3.513951612903226e-05,3.608290322580645e-05,0.03225806451612903,2.3740774193548386,0.04748145161290323,0.0,1194.7435483870968,1194.7435483870968,10.193548387096774,0.03225806451612903,False,,0.3,0.6,0.1,1000.0,0.7,0.1,4.0
arm_4092,20265021,0.25,0,0.0,0.0,0.0,0.0,0.0,0.0,0.0,0.0,0.0,0.0,62.20967741935484,0.0,False,,0.3,0.6,0.1,1000.0,0.7,0.01,8.0
arm_4093,20265022,0.27,0,4.72325806451613e-05,0.0,0.0,0.00010496129032258066,0.04838709677419355,5.831170967741936,0.1166233870967742,0.0,0.0,5973.711290322581,79.59677419354838,0.08064516129032258,False,,0.3,0.6,0.1,1000.0,0.7,0.05,8.0
arm_4094,20265023,0.27,0,7.990983870967742e-05,0.0,0.00010273258064516128,7.484483870967742e-05,0.08064516129032258,5.9192451612903225,0.118385,0.0,3584.230645161291,2389.4870967741936,83.19354838709677,0.08064516129032258,False,,0.3,0.6,0.1,1000.0,0.7,0.1,8.0
arm_4095,20265024,0.12,0,,,,,,,,,,,,,,no tail rows,0.3,0.6,0.15,1000.0,0.7,0.01,2.0
arm_4096,20265025,0.24,0,0.0,0.0,0.0,0.0,0.0,0.0,0.0,0.0,0.0,0.0,0.9833333333333333,0.0,False,,0.3,0.6,0.15,1000.0,0.7,0.05,2.0
arm_4097,20265026,0.22,0,0.0,0.0,0.0,0.0,0.0,0.0,0.0,0.0,0.0,0.0,1.103448275862069,0.0,False,,0.3,0.6,0.15,1000.0,0.7,0.1,2.0
arm_4098,20265027,0.25,0,0.0,0.0,0.0,0.0,0.0,0.0,0.0,0.0,0.0,0.0,14.080645161290322,0.0,False,,0.3,0.6,0.15,1000.0,0.7,0.01,4.0
arm_4099,20265028,0.24,0,7.821181451612904e-05,0.0,0.00017380403225806452,0.0,0.08064516129032258,8.110859677419354,0.16221709677419352,0.0,8363.198387096774,0.0,9.290322580645162,0.11290322580645161,False,,0.3,0.6,0.15,1000.0,0.7,0.05,4.0
arm_4100,20265029,0.24,0,0.0,0.0,0.0,0.0,0.0,0.0,0.0,0.0,0.0,0.0,16.451612903225808,0.0,False,,0.3,0.6,0.15,1000.0,0.7,0.1,4.0
arm_4101,20265030,0.29,0,1.5409887096774193e-05,0.0,0.0,3.4244193548387095e-05,0.016129032258064516,1.1414741935483872,0.022829516129032258,0.0,0.0,1194.7435483870968,106.01612903225806,0.016129032258064516,False,,0.3,0.6,0.15,1000.0,0.7,0.01,8.0
arm_4102,20265031,0.27,0,0.0,0.0,0.0,0.0,0.0,0.0,0.0,0.0,0.0,0.0,110.19354838709677,0.0,False,,0.3,0.6,0.15,1000.0,0.7,0.05,8.0
arm_4103,20265032,0.25,0,1.6997806451612904e-05,0.0,0.0,3.777290322580645e-05,0.016129032258064516,1.2590967741935484,0.025181935483870967,0.0,0.0,1194.7435483870968,65.33870967741936,0.016129032258064516,False,,0.3,0.6,0.15,1000.0,0.7,0.1,8.0
arm_4104,20265033,0.15,0,,,,,,,,,,,,,,no tail rows,0.5,0.6,0.05,1000.0,0.7,0.01,2.0
arm_4105,20265034,0.14,0,,,,,,,,,,,,,,no tail rows,0.5,0.6,0.05,1000.0,0.7,0.05,2.0
arm_4106,20265035,0.16,0,,,,,,,,,,,,,,no tail rows,0.5,0.6,0.05,1000.0,0.7,0.1,2.0
arm_4107,20265036,0.24,0,0.0,0.0,0.0,0.0,0.0,0.0,0.0,0.0,0.0,0.0,23.838709677419356,0.0,False,,0.5,0.6,0.05,1000.0,0.7,0.01,4.0
arm_4108,20265037,0.23,0,0.00022808709677419356,0.0022808709677419356,0.0,0.0,0.22580645161290322,54.306530645161295,1.086130806451613,53763.391935483865,0.0,0.0,15.53225806451613,0.7258064516129032,False,,0.5,0.6,0.05,1000.0,0.7,0.05,4.0
arm_4109,20265038,0.24,0,3.291633870967742e-05,0.0,0.0,7.31474193548387e-05,0.03225806451612903,2.438251612903226,0.04876516129032258,0.0,0.0,2389.4870967741936,28.032258064516128,0.03225806451612903,False,,0.5,0.6,0.05,1000.0,0.7,0.1,4.0
arm_4110,20265039,0.24,0,0.0,0.0,0.0,0.0,0.0,0.0,0.0,0.0,0.0,0.0,78.98387096774194,0.0,False,,0.5,0.6,0.05,1000.0,0.7,0.01,8.0
arm_4111,20265040,0.24,0,0.0,0.0,0.0,0.0,0.0,0.0,0.0,0.0,0.0,0.0,62.145161290322584,0.0,False,,0.5,0.6,0.05,1000.0,0.7,0.05,8.0
arm_4112,20265041,0.26,0,6.474164516129033e-05,0.0,7.105290322580645e-05,7.281741935483871e-05,0.06451612903225806,10.863787096774194,0.21727564516129033,0.0,2389.4870967741936,8363.193548387097,106.48387096774194,0.14516129032258066,False,,0.5,0.6,0.05,1000.0,0.7,0.1,8.0
arm_4113,20265042,0.16,0,,,,,,,,,,,,,,no tail rows,0.5,0.6,0.1,1000.0,0.7,0.01,2.0
arm_4114,20265043,0.17,0,,,,,,,,,,,,,,no tail rows,0.5,0.6,0.1,1000.0,0.7,0.05,2.0
arm_4115,20265044,0.2,0,0.0,0.0,0.0,0.0,0.0,0.0,0.0,0.0,0.0,0.0,0.9565217391304348,0.0,False,,0.5,0.6,0.1,1000.0,0.7,0.1,2.0
arm_4116,20265045,0.24,0,0.0,0.0,0.0,0.0,0.0,0.0,0.0,0.0,0.0,0.0,15.46774193548387,0.0,False,,0.5,0.6,0.1,1000.0,0.7,0.01,4.0
arm_4117,20265046,0.24,0,0.0,0.0,0.0,0.0,0.0,0.0,0.0,0.0,0.0,0.0,11.629032258064516,0.0,False,,0.5,0.6,0.1,1000.0,0.7,0.05,4.0
arm_4118,20265047,0.25,0,1.6164943548387097e-05,0.0,3.592209677419355e-05,0.0,0.016129032258064516,1.1974032258064518,0.023948064516129033,0.0,1194.7435483870968,0.0,18.693548387096776,0.016129032258064516,False,,0.5,0.6,0.1,1000.0,0.7,0.1,4.0
arm_4119,20265048,0.29,0,0.0,0.0,0.0,0.0,0.0,0.0,0.0,0.0,0.0,0.0,115.87096774193549,0.0,False,,0.5,0.6,0.1,1000.0,0.7,0.01,8.0
arm_4120,20265049,0.29,0,1.605766935483871e-05,0.0,0.0,3.568370967741935e-05,0.016129032258064516,1.1894564516129034,0.023789193548387096,0.0,0.0,1194.7435483870968,84.35483870967742,0.016129032258064516,False,,0.5,0.6,0.1,1000.0,0.7,0.05,8.0
arm_4121,20265050,0.28,0,7.721346774193548e-05,0.0,0.0,0.00017158548387096774,0.08064516129032258,11.439032258064517,0.22878064516129032,0.0,0.0,11947.424193548388,106.19354838709677,0.16129032258064516,False,,0.5,0.6,0.1,1000.0,0.7,0.1,8.0
arm_4122,20265051,0.21,0,0.0,0.0,0.0,0.0,0.0,0.0,0.0,0.0,0.0,0.0,1.7142857142857142,0.0,False,,0.5,0.6,0.15,1000.0,0.7,0.01,2.0
arm_4123,20265052,0.14,0,,,,,,,,,,,,,,no tail rows,0.5,0.6,0.15,1000.0,0.7,0.05,2.0
arm_4124,20265053,0.23,0,0.0,0.0,0.0,0.0,0.0,0.0,0.0,0.0,0.0,0.0,0.9772727272727273,0.0,False,,0.5,0.6,0.15,1000.0,0.7,0.1,2.0
arm_4125,20265054,0.26,0,0.0,0.0,0.0,0.0,0.0,0.0,0.0,0.0,0.0,0.0,4.298245614035087,0.0,False,,0.5,0.6,0.15,1000.0,0.7,0.01,4.0
arm_4126,20265055,0.27,0,0.0,0.0,0.0,0.0,0.0,0.0,0.0,0.0,0.0,0.0,9.82258064516129,0.0,False,,0.5,0.6,0.15,1000.0,0.7,0.05,4.0
arm_4127,20265056,0.27,0,1.6801040322580646e-05,0.0,0.0,3.7335645161290325e-05,0.016129032258064516,1.244524193548387,0.02489048387096774,0.0,0.0,1194.7435483870968,22.677419354838708,0.016129032258064516,False,,0.5,0.6,0.15,1000.0,0.7,0.1,4.0
arm_4128,20265057,0.3,0,0.0,0.0,0.0,0.0,0.0,0.0,0.0,0.0,0.0,0.0,88.14516129032258,0.0,False,,0.5,0.6,0.15,1000.0,0.7,0.01,8.0
arm_4129,20265058,0.28,0,0.0,0.0,0.0,0.0,0.0,0.0,0.0,0.0,0.0,0.0,81.8225806451613,0.0,False,,0.5,0.6,0.15,1000.0,0.7,0.05,8.0
arm_4130,20265059,0.27,0,0.0,0.0,0.0,0.0,0.0,0.0,0.0,0.0,0.0,0.0,60.17741935483871,0.0,False,,0.5,0.6,0.15,1000.0,0.7,0.1,8.0
arm_4131,20265060,0.33,0,0.0028301900000000002,0.0283019,0.0,0.0,3.0,7613.6701612903225,152.2734193548387,2690163.2258064514,0.0,0.0,94.46774193548387,108.95161290322581,False,,0.1,1.0,0.05,1000.0,0.3,0.01,2.0
arm_4132,20265061,0.33,0,0.0030670707096774196,0.0280374,0.0,0.0005851793548387096,3.2580645161290325,1093.862806451613,21.8772564516129,382317.77419354836,0.0,21505.37741935484,22.032258064516128,15.774193548387096,False,,0.1,1.0,0.05,1000.0,0.3,0.05,2.0
arm_4133,20265062,0.33,0,0.003264308338709677,0.029677419354838707,0.0,0.0006590364516129031,3.274193548387097,1141.4431451612904,22.828837096774194,377538.82258064515,0.0,22700.12741935484,15.35483870967742,15.419354838709678,False,,0.1,1.0,0.05,1000.0,0.3,0.1,2.0
arm_4134,20265063,0.4,0,0.007038886435483871,0.0679612,0.00026937806451612906,0.00027010290322580647,7.241935483870968,11526.050322580644,230.52090322580645,1692951.4516129033,9557.948387096774,10752.685483870968,204.41935483870967,160.25806451612902,True,,0.1,1.0,0.05,1000.0,0.3,0.01,4.0
arm_4135,20265064,0.35,0,0.0021202560322580648,0.0210526,0.0,3.3324516129032255e-05,2.0161290322580645,3611.75,72.23500483870968,1715053.8709677418,0.0,1194.7435483870968,87.06451612903226,46.32258064516129,False,,0.1,1.0,0.05,1000.0,0.3,0.05,4.0
arm_4136,20265065,0.36,0,0.005585527282258066,0.03980783225806452,0.002313726612903226,0.0012523712903225806,5.387096774193548,4798.31435483871,95.96626451612903,1180107.7903225806,76762.20967741935,98566.24516129032,158.79032258064515,61.12903225806452,False,,0.1,1.0,0.05,1000.0,0.3,0.1,4.0
arm_4137,20265066,0.41,0,0.0053506450403225814,0.0520833,0.0,0.0003162556451612903,5.145161290322581,4431.7498387096775,88.63498548387096,843249.9516129033,0.0,40621.24677419355,285.741935483871,57.46774193548387,False,,0.1,1.0,0.05,1000.0,0.3,0.01,8.0
arm_4138,20265067,0.38,0,0.002631109346774194,0.0217391,6.937225806451613e-05,0.0009466262903225806,2.4516129032258065,3667.6014516129035,73.35203548387098,1657109.3548387096,7168.451612903225,56152.89032258065,363.35483870967744,45.61290322580645,False,,0.1,1.0,0.05,1000.0,0.3,0.05,8.0
arm_4139,20265068,0.36,0,0.002534999330645162,0.0210526,0.0007012612903225805,0.000253715,2.435483870967742,890.7903064516129,17.815811290322582,408004.6612903226,23894.870967741936,8363.204838709678,122.3225806451613,11.451612903225806,False,,0.1,1.0,0.05,1000.0,0.3,0.1,8.0
arm_4140,20265069,0.27,0,0.0,0.0,0.0,0.0,0.0,0.0,0.0,0.0,0.0,0.0,1.71875,0.0,False,,0.1,1.0,0.1,1000.0,0.3,0.01,2.0
arm_4141,20265070,0.28,0,0.0,0.0,0.0,0.0,0.0,0.0,0.0,0.0,0.0,0.0,1.0,0.0,False,,0.1,1.0,0.1,1000.0,0.3,0.05,2.0
arm_4142,20265071,0.28,0,9.571064516129033e-05,0.0,0.0,0.0002126903225806452,0.0967741935483871,7.089687096774193,0.14179354838709676,0.0,0.0,7168.461290322582,5.306451612903226,0.0967741935483871,False,,0.1,1.0,0.1,1000.0,0.3,0.1,2.0
arm_4143,20265072,0.29,0,7.906387096774195e-05,0.0007906387096774195,0.0,0.0,0.08064516129032258,5.856580645161291,0.11713145161290323,5973.717741935484,0.0,0.0,18.870967741935484,0.08064516129032258,False,,0.1,1.0,0.1,1000.0,0.3,0.01,4.0
arm_4144,20265073,0.3,0,0.0002324905806451613,0.002324905806451613,0.0,0.0,0.25806451612903225,25.832309677419357,0.5166464516129032,28673.81935483871,0.0,0.0,27.29032258064516,0.3870967741935484,False,,0.1,1.0,0.1,1000.0,0.3,0.05,4.0
arm_4145,20265074,0.31,0,0.002036088193548387,0.017888548548387097,0.0005494074193548387,0.0,2.193548387096774,234.25508548387097,4.6851043548387095,113699.67419354839,19713.256451612906,0.0,34.62903225806452,3.4193548387096775,False,,0.1,1.0,0.1,1000.0,0.3,0.1,4.0
arm_4146,20265075,0.32,0,0.00017821117741935487,0.0,0.0,0.0003960248387096775,0.1774193548387097,13.200851612903225,0.2640177419354839,0.0,0.0,13142.179032258065,115.16129032258064,0.1774193548387097,False,,0.1,1.0,0.1,1000.0,0.3,0.01,8.0
arm_4147,20265076,0.34,0,0.0002101803387096774,0.0,3.600225806451613e-05,0.0004310651612903226,0.20967741935483872,16.76631935483871,0.33532645161290325,0.0,1194.7435483870968,15531.662903225808,96.79032258064517,0.22580645161290322,False,,0.1,1.0,0.1,1000.0,0.3,0.05,8.0
arm_4148,20265077,0.37,0,0.00019186831451612906,0.0,0.00010873500000000001,0.00031763903225806453,0.1935483870967742,20.094704838709678,0.40189435483870967,0.0,3584.230645161291,16726.395161290322,143.80645161290323,0.27419354838709675,False,,0.1,1.0,0.1,1000.0,0.3,0.1,8.0
arm_4149,20265078,0.23,0,0.0,0.0,0.0,0.0,0.0,0.0,0.0,0.0,0.0,0.0,0.9,0.0,False,,0.1,1.0,0.15,1000.0,0.3,0.01,2.0
arm_4150,20265079,0.2,0,,,,,,,,,,,,,,no tail rows,0.1,1.0,0.15,1000.0,0.3,0.05,2.0
arm_4151,20265080,0.26,0,0.0,0.0,0.0,0.0,0.0,0.0,0.0,0.0,0.0,0.0,1.6666666666666667,0.0,False,,0.1,1.0,0.15,1000.0,0.3,0.1,2.0
arm_4152,20265081,0.31,0,0.0,0.0,0.0,0.0,0.0,0.0,0.0,0.0,0.0,0.0,13.693548387096774,0.0,False,,0.1,1.0,0.15,1000.0,0.3,0.01,4.0
arm_4153,20265082,0.28,0,0.0,0.0,0.0,0.0,0.0,0.0,0.0,0.0,0.0,0.0,15.016129032258064,0.0,False,,0.1,1.0,0.15,1000.0,0.3,0.05,4.0
arm_4154,20265083,0.3,0,0.0003314191935483871,0.0,0.0007364870967741936,0.0,0.3225806451612903,24.549516129032256,0.4909903225806452,0.0,23894.870967741936,0.0,14.548387096774194,0.3225806451612903,False,,0.1,1.0,0.15,1000.0,0.3,0.1,4.0
arm_4155,20265084,0.35,0,0.0,0.0,0.0,0.0,0.0,0.0,0.0,0.0,0.0,0.0,115.06451612903226,0.0,False,,0.1,1.0,0.15,1000.0,0.3,0.01,8.0
arm_4156,20265085,0.34,0,0.0006147618387096775,0.0013196482258064518,0.0,0.0010728822580645162,0.6290322580645161,47.922196774193544,0.9584448387096774,10752.691935483872,0.0,38231.7870967742,85.06451612903226,0.6612903225806451,False,,0.1,1.0,0.15,1000.0,0.3,0.05,8.0
arm_4157,20265086,0.32,0,0.0009878860241935483,0.007444172258064516,0.0002141022580645161,0.00032693951612903225,1.0161290322580645,90.40850161290322,1.8081706451612904,62126.61612903226,7168.461290322582,10752.691935483872,91.14516129032258,1.2580645161290323,False,,0.1,1.0,0.15,1000.0,0.3,0.1,8.0
arm_4158,20265087,0.18,0,,,,,,,,,,,,,,no tail rows,0.3,1.0,0.05,1000.0,0.3,0.01,2.0
arm_4159,20265088,0.24,0,0.0,0.0,0.0,0.0,0.0,0.0,0.0,0.0,0.0,0.0,1.1470588235294117,0.0,False,,0.3,1.0,0.05,1000.0,0.3,0.05,2.0
arm_4160,20265089,0.2,0,,,,,,,,,,,,,,no tail rows,0.3,1.0,0.05,1000.0,0.3,0.1,2.0
arm_4161,20265090,0.29,0,0.0,0.0,0.0,0.0,0.0,0.0,0.0,0.0,0.0,0.0,14.919354838709678,0.0,False,,0.3,1.0,0.05,1000.0,0.3,0.01,4.0
arm_4162,20265091,0.28,0,0.0,0.0,0.0,0.0,0.0,0.0,0.0,0.0,0.0,0.0,19.048387096774192,0.0,False,,0.3,1.0,0.05,1000.0,0.3,0.05,4.0
arm_4163,20265092,0.26,0,0.00014511956451612905,0.0003043212903225806,0.0,0.0002548609677419355,0.14516129032258066,10.749579032258065,0.21499145161290323,2389.4870967741936,0.0,8363.204838709678,9.435483870967742,0.14516129032258066,False,,0.3,1.0,0.05,1000.0,0.3,0.1,4.0
arm_4164,20265093,0.28,0,0.0,0.0,0.0,0.0,0.0,0.0,0.0,0.0,0.0,0.0,75.83870967741936,0.0,False,,0.3,1.0,0.05,1000.0,0.3,0.01,8.0
arm_4165,20265094,0.3,0,0.0,0.0,0.0,0.0,0.0,0.0,0.0,0.0,0.0,0.0,79.0,0.0,False,,0.3,1.0,0.05,1000.0,0.3,0.05,8.0
arm_4166,20265095,0.3,0,0.00030851291129032254,0.0017921129032258064,0.000181225,0.00010611193548387096,0.3064516129032258,46.65831129032259,0.9331664516129032,20310.620967741936,8363.198387096774,17921.129032258064,103.91935483870968,0.6290322580645161,False,,0.3,1.0,0.05,1000.0,0.3,0.1,8.0
arm_4167,20265096,0.18,0,,,,,,,,,,,,,,no tail rows,0.3,1.0,0.1,1000.0,0.3,0.01,2.0
arm_4168,20265097,0.19,0,,,,,,,,,,,,,,no tail rows,0.3,1.0,0.1,1000.0,0.3,0.05,2.0
arm_4169,20265098,0.25,0,0.0,0.0,0.0,0.0,0.0,0.0,0.0,0.0,0.0,0.0,1.9622641509433962,0.0,False,,0.3,1.0,0.1,1000.0,0.3,0.1,2.0
arm_4170,20265099,0.27,0,0.0,0.0,0.0,0.0,0.0,0.0,0.0,0.0,0.0,0.0,14.32258064516129,0.0,False,,0.3,1.0,0.1,1000.0,0.3,0.01,4.0
arm_4171,20265100,0.27,0,0.0,0.0,0.0,0.0,0.0,0.0,0.0,0.0,0.0,0.0,11.758064516129032,0.0,False,,0.3,1.0,0.1,1000.0,0.3,0.05,4.0
arm_4172,20265101,0.27,0,0.0,0.0,0.0,0.0,0.0,0.0,0.0,0.0,0.0,0.0,4.419354838709677,0.0,False,,0.3,1.0,0.1,1000.0,0.3,0.1,4.0
arm_4173,20265102,0.31,0,0.0,0.0,0.0,0.0,0.0,0.0,0.0,0.0,0.0,0.0,111.64516129032258,0.0,False,,0.3,1.0,0.1,1000.0,0.3,0.01,8.0
arm_4174,20265103,0.28,0,0.0,0.0,0.0,0.0,0.0,0.0,0.0,0.0,0.0,0.0,50.854838709677416,0.0,False,,0.3,1.0,0.1,1000.0,0.3,0.05,8.0
arm_4175,20265104,0.31,0,0.00036906101612903226,0.0035282370967741933,0.0,3.608290322580645e-05,0.3548387096774194,48.49466451612903,0.9698935483870968,45400.21290322581,0.0,1194.7435483870968,100.51612903225806,0.6290322580645161,False,,0.3,1.0,0.1,1000.0,0.3,0.1,8.0
arm_4176,20265105,0.19,0,,,,,,,,,,,,,,no tail rows,0.3,1.0,0.15,1000.0,0.3,0.01,2.0
arm_4177,20265106,0.21,0,0.0,0.0,0.0,0.0,0.0,0.0,0.0,0.0,0.0,0.0,0.3333333333333333,0.0,False,,0.3,1.0,0.15,1000.0,0.3,0.05,2.0
arm_4178,20265107,0.24,0,0.0,0.0,0.0,0.0,0.0,0.0,0.0,0.0,0.0,0.0,4.782608695652174,0.0,False,,0.3,1.0,0.15,1000.0,0.3,0.1,2.0
arm_4179,20265108,0.27,0,0.0,0.0,0.0,0.0,0.0,0.0,0.0,0.0,0.0,0.0,13.983870967741936,0.0,False,,0.3,1.0,0.15,1000.0,0.3,0.01,4.0
arm_4180,20265109,0.28,0,0.0,0.0,0.0,0.0,0.0,0.0,0.0,0.0,0.0,0.0,16.661290322580644,0.0,False,,0.3,1.0,0.15,1000.0,0.3,0.05,4.0
arm_4181,20265110,0.27,0,3.3255806451612906e-05,0.00033255806451612903,0.0,0.0,0.03225806451612903,3.6950806451612896,0.0739016129032258,3584.2274193548387,0.0,0.0,12.85483870967742,0.04838709677419355,False,,0.3,1.0,0.15,1000.0,0.3,0.1,4.0
arm_4182,20265111,0.3,0,0.0,0.0,0.0,0.0,0.0,0.0,0.0,0.0,0.0,0.0,78.96774193548387,0.0,False,,0.3,1.0,0.15,1000.0,0.3,0.01,8.0
arm_4183,20265112,0.32,0,4.775037096774193e-05,0.0,0.0,0.00010611193548387096,0.04838709677419355,3.537067741935484,0.07074145161290321,0.0,0.0,3584.230645161291,121.93548387096774,0.04838709677419355,False,,0.3,1.0,0.15,1000.0,0.3,0.05,8.0
arm_4184,20265113,0.31,0,1.684008870967742e-05,0.0,0.0,3.742241935483871e-05,0.016129032258064516,2.4948225806451614,0.04989645161290323,0.0,0.0,2389.483870967742,92.5,0.03225806451612903,False,,0.3,1.0,0.15,1000.0,0.3,0.1,8.0
arm_4185,20265114,0.19,0,,,,,,,,,,,,,,no tail rows,0.5,1.0,0.05,1000.0,0.3,0.01,2.0
arm_4186,20265115,0.23,0,0.0,0.0,0.0,0.0,0.0,0.0,0.0,0.0,0.0,0.0,4.864864864864865,0.0,False,,0.5,1.0,0.05,1000.0,0.3,0.05,2.0
arm_4187,20265116,0.19,0,0.0,0.0,0.0,0.0,0.0,0.0,0.0,0.0,0.0,0.0,0.6666666666666666,0.0,False,,0.5,1.0,0.05,1000.0,0.3,0.1,2.0
arm_4188,20265117,0.26,0,0.0,0.0,0.0,0.0,0.0,0.0,0.0,0.0,0.0,0.0,9.919354838709678,0.0,False,,0.5,1.0,0.05,1000.0,0.3,0.01,4.0
arm_4189,20265118,0.26,0,0.0,0.0,0.0,0.0,0.0,0.0,0.0,0.0,0.0,0.0,12.451612903225806,0.0,False,,0.5,1.0,0.05,1000.0,0.3,0.05,4.0
arm_4190,20265119,0.27,0,1.5710080645161295e-05,0.0,3.491129032258065e-05,0.0,0.016129032258064516,1.1637112903225806,0.023274193548387098,0.0,1194.7435483870968,0.0,15.85483870967742,0.016129032258064516,False,,0.5,1.0,0.05,1000.0,0.3,0.1,4.0
arm_4191,20265120,0.27,0,0.0,0.0,0.0,0.0,0.0,0.0,0.0,0.0,0.0,0.0,73.75806451612904,0.0,False,,0.5,1.0,0.05,1000.0,0.3,0.01,8.0
arm_4192,20265121,0.3,0,0.0,0.0,0.0,0.0,0.0,0.0,0.0,0.0,0.0,0.0,117.40322580645162,0.0,False,,0.5,1.0,0.05,1000.0,0.3,0.05,8.0
arm_4193,20265122,0.29,0,4.8711919354838706e-05,0.0,0.00010824870967741934,0.0,0.04838709677419355,3.608283870967742,0.07216548387096774,0.0,3584.230645161291,0.0,97.7258064516129,0.04838709677419355,False,,0.5,1.0,0.05,1000.0,0.3,0.1,8.0
arm_4194,20265123,0.18,0,,,,,,,,,,,,,,no tail rows,0.5,1.0,0.1,1000.0,0.3,0.01,2.0
arm_4195,20265124,0.22,0,0.0,0.0,0.0,0.0,0.0,0.0,0.0,0.0,0.0,0.0,1.15,0.0,False,,0.5,1.0,0.1,1000.0,0.3,0.05,2.0
arm_4196,20265125,0.24,0,0.0,0.0,0.0,0.0,0.0,0.0,0.0,0.0,0.0,0.0,0.9722222222222222,0.0,False,,0.5,1.0,0.1,1000.0,0.3,0.1,2.0
arm_4197,20265126,0.26,0,0.0,0.0,0.0,0.0,0.0,0.0,0.0,0.0,0.0,0.0,22.580645161290324,0.0,False,,0.5,1.0,0.1,1000.0,0.3,0.01,4.0
arm_4198,20265127,0.25,0,0.0,0.0,0.0,0.0,0.0,0.0,0.0,0.0,0.0,0.0,3.2419354838709675,0.0,False,,0.5,1.0,0.1,1000.0,0.3,0.05,4.0
arm_4199,20265128,0.27,0,0.0,0.0,0.0,0.0,0.0,0.0,0.0,0.0,0.0,0.0,17.774193548387096,0.0,False,,0.5,1.0,0.1,1000.0,0.3,0.1,4.0
arm_4200,20265129,0.28,0,3.1625548387096776e-05,0.00031625548387096775,0.0,0.0,0.03225806451612903,2.342632258064516,0.0468525806451613,2389.4870967741936,0.0,0.0,71.69354838709677,0.03225806451612903,False,,0.5,1.0,0.1,1000.0,0.3,0.01,8.0
arm_4201,20265130,0.29,0,0.0,0.0,0.0,0.0,0.0,0.0,0.0,0.0,0.0,0.0,93.54838709677419,0.0,False,,0.5,1.0,0.1,1000.0,0.3,0.05,8.0
arm_4202,20265131,0.28,0,0.0,0.0,0.0,0.0,0.0,0.0,0.0,0.0,0.0,0.0,95.93548387096774,0.0,False,,0.5,1.0,0.1,1000.0,0.3,0.1,8.0
arm_4203,20265132,0.15,0,,,,,,,,,,,,,,no tail rows,0.5,1.0,0.15,1000.0,0.3,0.01,2.0
arm_4204,20265133,0.15,0,,,,,,,,,,,,,,no tail rows,0.5,1.0,0.15,1000.0,0.3,0.05,2.0
arm_4205,20265134,0.19,0,,,,,,,,,,,,,,no tail rows,0.5,1.0,0.15,1000.0,0.3,0.1,2.0
arm_4206,20265135,0.26,0,0.0,0.0,0.0,0.0,0.0,0.0,0.0,0.0,0.0,0.0,24.903225806451612,0.0,False,,0.5,1.0,0.15,1000.0,0.3,0.01,4.0
arm_4207,20265136,0.27,0,0.0,0.0,0.0,0.0,0.0,0.0,0.0,0.0,0.0,0.0,24.806451612903224,0.0,False,,0.5,1.0,0.15,1000.0,0.3,0.05,4.0
arm_4208,20265137,0.28,0,4.69378870967742e-05,0.00031625548387096775,3.402741935483871e-05,0.0,0.04838709677419355,3.4768822580645162,0.06953758064516129,2389.4870967741936,1194.7435483870968,0.0,14.580645161290322,0.04838709677419355,False,,0.5,1.0,0.15,1000.0,0.3,0.1,4.0
arm_4209,20265138,0.28,0,0.0,0.0,0.0,0.0,0.0,0.0,0.0,0.0,0.0,0.0,75.40322580645162,0.0,False,,0.5,1.0,0.15,1000.0,0.3,0.01,8.0
arm_4210,20265139,0.28,0,4.775037096774193e-05,0.0,0.00010611193548387096,0.0,0.04838709677419355,5.89511935483871,0.11790241935483871,0.0,5973.711290322581,0.0,74.06451612903226,0.08064516129032258,False,,0.5,1.0,0.15,1000.0,0.3,0.05,8.0
arm_4211,20265140,0.28,0,9.988170967741936e-05,0.0,0.0,0.00022195935483870966,0.0967741935483871,9.864854838709677,0.19729693548387098,0.0,0.0,9557.943548387097,86.7741935483871,0.12903225806451613,False,,0.5,1.0,0.15,1000.0,0.3,0.1,8.0
arm_4212,20265141,0.32,0,0.008541657338709678,0.0851064,6.892741935483872e-05,0.0,8.03225806451613,13726.480645161291,274.52940322580645,1612455.1612903227,3584.2274193548387,0.0,162.8548387096774,174.19354838709677,True,,0.1,1.0,0.05,1000.0,0.5,0.01,2.0
arm_4213,20265142,0.28,0,0.000900901,0.00900901,0.0,0.0,1.0,289.5368387096774,5.790736774193548,321385.5806451613,0.0,0.0,7.693548387096774,4.338709677419355,False,,0.1,1.0,0.05,1000.0,0.5,0.05,2.0
arm_4214,20265143,0.29,0,0.001188404064516129,0.011236,0.0,0.00014400903225806453,1.064516129032258,853.2023387096774,17.064051935483874,755077.9193548387,0.0,4778.974193548387,12.629032258064516,10.258064516129032,False,,0.1,1.0,0.05,1000.0,0.5,0.1,2.0
arm_4215,20265144,0.36,0,0.00716260977419355,0.07096777096774194,0.0,0.0001462948387096774,6.451612903225806,10204.904677419354,204.09788709677417,1445639.3548387096,0.0,9557.938709677419,260.64516129032256,124.0,True,,0.1,1.0,0.05,1000.0,0.5,0.01,4.0
arm_4216,20265145,0.31,0,0.0020357051612903227,0.020357051612903226,0.0,0.0,2.096774193548387,1570.565,31.4113064516129,779968.5161290322,0.0,0.0,63.91935483870968,21.838709677419356,False,,0.1,1.0,0.05,1000.0,0.5,0.05,4.0
arm_4217,20265146,0.35,0,0.009018554919354839,0.0867741935483871,0.00017685322580645164,0.0005812258064516128,9.016129032258064,3586.830483870968,71.73664354838711,409488.6935483871,5973.717741935484,17921.14677419355,162.06451612903226,48.41935483870968,False,,0.1,1.0,0.05,1000.0,0.5,0.1,4.0
arm_4218,20265147,0.39,0,0.0023689491935483874,0.02368949193548387,0.0,0.0,2.274193548387097,1708.7307419354838,34.17463225806452,761051.4193548387,0.0,0.0,224.40322580645162,22.14516129032258,False,,0.1,1.0,0.05,1000.0,0.5,0.01,8.0
arm_4219,20265148,0.35,0,0.002912394612903226,0.028801812903225806,3.4760806451612906e-05,3.6824354838709676e-05,2.8548387096774195,1317.822806451613,26.356456451612903,470927.98387096776,1194.7435483870968,1194.7435483870968,162.38709677419354,17.43548387096774,False,,0.1,1.0,0.05,1000.0,0.5,0.05,8.0
arm_4220,20265149,0.4,0,0.009700587782258064,0.08970815161290321,0.000818915,0.0008028019354838709,10.14516129032258,11815.456451612905,236.30888709677419,1316447.9032258065,39426.5064516129,22102.753225806453,432.96774193548384,167.43548387096774,True,,0.1,1.0,0.05,1000.0,0.5,0.1,8.0
arm_4221,20265150,0.28,0,0.0,0.0,0.0,0.0,0.0,0.0,0.0,0.0,0.0,0.0,2.532258064516129,0.0,False,,0.1,1.0,0.1,1000.0,0.5,0.01,2.0
arm_4222,20265151,0.26,0,0.0,0.0,0.0,0.0,0.0,0.0,0.0,0.0,0.0,0.0,1.5151515151515151,0.0,False,,0.1,1.0,0.1,1000.0,0.5,0.05,2.0
arm_4223,20265152,0.28,0,0.0002713293870967742,0.002713293870967742,0.0,0.0,0.2903225806451613,20.098480645161292,0.4019690322580645,21505.383870967744,0.0,0.0,3.0806451612903225,0.2903225806451613,False,,0.1,1.0,0.1,1000.0,0.5,0.1,2.0
arm_4224,20265153,0.31,0,0.0,0.0,0.0,0.0,0.0,0.0,0.0,0.0,0.0,0.0,19.967741935483872,0.0,False,,0.1,1.0,0.1,1000.0,0.5,0.01,4.0
arm_4225,20265154,0.33,0,0.0007406201612903227,0.007406201612903227,0.0,0.0,0.7258064516129032,106.0639,2.121280322580645,103942.58225806452,0.0,0.0,30.387096774193548,1.403225806451613,False,,0.1,1.0,0.1,1000.0,0.5,0.05,4.0
arm_4226,20265155,0.34,0,3.232988709677419e-05,0.0,7.18441935483871e-05,0.0,0.03225806451612903,2.3948064516129035,0.04789612903225807,0.0,2389.4870967741936,0.0,23.274193548387096,0.03225806451612903,False,,0.1,1.0,0.1,1000.0,0.5,0.1,4.0
arm_4227,20265156,0.33,0,0.0,0.0,0.0,0.0,0.0,0.0,0.0,0.0,0.0,0.0,98.14516129032258,0.0,False,,0.1,1.0,0.1,1000.0,0.5,0.01,8.0
arm_4228,20265157,0.39,0,0.0003096922903225807,0.00028296548387096775,0.00041356451612903225,0.0002117593548387097,0.3064516129032258,22.940198387096775,0.45880387096774194,2389.4870967741936,13142.179032258065,7168.461290322582,133.8709677419355,0.3064516129032258,False,,0.1,1.0,0.1,1000.0,0.5,0.05,8.0
arm_4229,20265158,0.36,0,0.0010212367177419356,0.0024118167741935485,0.0008960564516129032,0.0008373991935483871,1.032258064516129,90.70721129032258,1.8141445161290324,27479.079032258065,27479.095161290326,16328.15483870968,108.01612903225806,1.2419354838709677,False,,0.1,1.0,0.1,1000.0,0.5,0.1,8.0
arm_4230,20265159,0.27,0,0.0,0.0,0.0,0.0,0.0,0.0,0.0,0.0,0.0,0.0,2.3333333333333335,0.0,False,,0.1,1.0,0.15,1000.0,0.5,0.01,2.0
arm_4231,20265160,0.25,0,0.0,0.0,0.0,0.0,0.0,0.0,0.0,0.0,0.0,0.0,0.96875,0.0,False,,0.1,1.0,0.15,1000.0,0.5,0.05,2.0
arm_4232,20265161,0.19,0,,,,,,,,,,,,,,no tail rows,0.1,1.0,0.15,1000.0,0.5,0.1,2.0
arm_4233,20265162,0.31,0,0.0,0.0,0.0,0.0,0.0,0.0,0.0,0.0,0.0,0.0,15.870967741935484,0.0,False,,0.1,1.0,0.15,1000.0,0.5,0.01,4.0
arm_4234,20265163,0.31,0,0.0,0.0,0.0,0.0,0.0,0.0,0.0,0.0,0.0,0.0,18.774193548387096,0.0,False,,0.1,1.0,0.15,1000.0,0.5,0.05,4.0
arm_4235,20265164,0.33,0,0.0,0.0,0.0,0.0,0.0,0.0,0.0,0.0,0.0,0.0,17.419354838709676,0.0,False,,0.1,1.0,0.15,1000.0,0.5,0.1,4.0
arm_4236,20265165,0.35,0,0.0,0.0,0.0,0.0,0.0,0.0,0.0,0.0,0.0,0.0,95.93548387096774,0.0,False,,0.1,1.0,0.15,1000.0,0.5,0.01,8.0
arm_4237,20265166,0.36,0,0.00026277536290322584,0.0018104048387096777,0.0,0.00018163306451612904,0.25806451612903225,35.31350806451613,0.7062688709677418,28673.8064516129,0.0,5973.717741935484,125.41935483870968,0.46774193548387094,False,,0.1,1.0,0.15,1000.0,0.5,0.05,8.0
arm_4238,20265167,0.38,0,9.69165e-05,0.0,6.907516129032258e-05,0.0001462948387096774,0.0967741935483871,11.919767741935482,0.2383951612903226,0.0,4778.967741935484,7168.4548387096775,121.74193548387096,0.16129032258064516,False,,0.1,1.0,0.15,1000.0,0.5,0.1,8.0
arm_4239,20265168,0.23,0,0.0,0.0,0.0,0.0,0.0,0.0,0.0,0.0,0.0,0.0,0.9,0.0,False,,0.3,1.0,0.05,1000.0,0.5,0.01,2.0
arm_4240,20265169,0.24,0,0.0,0.0,0.0,0.0,0.0,0.0,0.0,0.0,0.0,0.0,2.7142857142857144,0.0,False,,0.3,1.0,0.05,1000.0,0.5,0.05,2.0
arm_4241,20265170,0.26,0,4.1189869565217387e-05,0.0,9.153304347826086e-05,0.0,0.043478260869565216,3.0511043478260866,0.06102217391304348,0.0,3220.6130434782613,0.0,0.9347826086956522,0.043478260869565216,False,,0.3,1.0,0.05,1000.0,0.5,0.1,2.0
arm_4242,20265171,0.29,0,0.0,0.0,0.0,0.0,0.0,0.0,0.0,0.0,0.0,0.0,21.483870967741936,0.0,False,,0.3,1.0,0.05,1000.0,0.5,0.01,4.0
arm_4243,20265172,0.29,0,0.0,0.0,0.0,0.0,0.0,0.0,0.0,0.0,0.0,0.0,11.693548387096774,0.0,False,,0.3,1.0,0.05,1000.0,0.5,0.05,4.0
arm_4244,20265173,0.3,0,8.011328225806452e-05,0.0,0.0001072882258064516,7.074129032258065e-05,0.08064516129032258,5.934325806451613,0.11868677419354838,0.0,3584.230645161291,2389.4870967741936,19.29032258064516,0.08064516129032258,False,,0.3,1.0,0.05,1000.0,0.5,0.1,4.0
arm_4245,20265174,0.33,0,0.0,0.0,0.0,0.0,0.0,0.0,0.0,0.0,0.0,0.0,94.87096774193549,0.0,False,,0.3,1.0,0.05,1000.0,0.5,0.01,8.0
arm_4246,20265175,0.34,0,0.0006375880645161291,0.005557060645161291,7.608032258064516e-05,0.00010587967741935484,0.7419354838709677,78.8194935483871,1.5763891935483871,75268.77741935484,3584.2274193548387,11947.41935483871,125.7741935483871,1.2258064516129032,False,,0.3,1.0,0.05,1000.0,0.5,0.05,8.0
arm_4247,20265176,0.33,0,6.192065322580646e-05,0.0,9.854806451612903e-05,3.905338709677419e-05,0.06451612903225806,9.173441935483872,0.1834683870967742,0.0,7168.4548387096775,2389.483870967742,64.2258064516129,0.12903225806451613,False,,0.3,1.0,0.05,1000.0,0.5,0.1,8.0
arm_4248,20265177,0.19,0,,,,,,,,,,,,,,no tail rows,0.3,1.0,0.1,1000.0,0.5,0.01,2.0
arm_4249,20265178,0.2,0,,,,,,,,,,,,,,no tail rows,0.3,1.0,0.1,1000.0,0.5,0.05,2.0
arm_4250,20265179,0.3,0,0.0,0.0,0.0,0.0,0.0,0.0,0.0,0.0,0.0,0.0,0.9803921568627451,0.0,False,,0.3,1.0,0.1,1000.0,0.5,0.1,2.0
arm_4251,20265180,0.32,0,0.0,0.0,0.0,0.0,0.0,0.0,0.0,0.0,0.0,0.0,9.451612903225806,0.0,False,,0.3,1.0,0.1,1000.0,0.5,0.01,4.0
arm_4252,20265181,0.33,0,7.063809677419355e-05,0.0,0.00015697354838709678,0.0,0.06451612903225806,5.232451612903225,0.10464903225806452,0.0,4778.974193548387,0.0,10.564516129032258,0.06451612903225806,False,,0.3,1.0,0.1,1000.0,0.5,0.05,4.0
arm_4253,20265182,0.33,0,0.0,0.0,0.0,0.0,0.0,0.0,0.0,0.0,0.0,0.0,13.838709677419354,0.0,False,,0.3,1.0,0.1,1000.0,0.5,0.1,4.0
arm_4254,20265183,0.33,0,0.0,0.0,0.0,0.0,0.0,0.0,0.0,0.0,0.0,0.0,63.12903225806452,0.0,False,,0.3,1.0,0.1,1000.0,0.5,0.01,8.0
arm_4255,20265184,0.35,0,0.0,0.0,0.0,0.0,0.0,0.0,0.0,0.0,0.0,0.0,63.82258064516129,0.0,False,,0.3,1.0,0.1,1000.0,0.5,0.05,8.0
arm_4256,20265185,0.38,0,0.0001881783548387097,0.0015563101612903227,0.0,7.232741935483871e-05,0.20967741935483872,21.432772580645164,0.4286548387096774,20310.620967741936,0.0,3584.2274193548387,108.03225806451613,0.3225806451612903,False,,0.3,1.0,0.1,1000.0,0.5,0.1,8.0
arm_4257,20265186,0.26,0,0.0,0.0,0.0,0.0,0.0,0.0,0.0,0.0,0.0,0.0,4.642857142857143,0.0,False,,0.3,1.0,0.15,1000.0,0.5,0.01,2.0
arm_4258,20265187,0.22,0,,,,,,,,,,,,,,no tail rows,0.3,1.0,0.15,1000.0,0.5,0.05,2.0
arm_4259,20265188,0.23,0,,,,,,,,,,,,,,no tail rows,0.3,1.0,0.15,1000.0,0.5,0.1,2.0
arm_4260,20265189,0.32,0,3.240203225806452e-05,0.0,7.200451612903226e-05,0.0,0.03225806451612903,3.600238709677419,0.07200467741935485,0.0,3584.2274193548387,0.0,5.935483870967742,0.04838709677419355,False,,0.3,1.0,0.15,1000.0,0.5,0.01,4.0
arm_4261,20265190,0.34,0,4.870879838709678e-05,0.0,3.3742741935483865e-05,7.449903225806453e-05,0.04838709677419355,5.974472580645162,0.11948935483870968,0.0,2389.483870967742,3584.2274193548387,17.903225806451612,0.08064516129032258,False,,0.3,1.0,0.15,1000.0,0.5,0.05,4.0
arm_4262,20265191,0.32,0,0.0,0.0,0.0,0.0,0.0,0.0,0.0,0.0,0.0,0.0,15.516129032258064,0.0,False,,0.3,1.0,0.15,1000.0,0.5,0.1,4.0
arm_4263,20265192,0.36,0,0.0,0.0,0.0,0.0,0.0,0.0,0.0,0.0,0.0,0.0,97.88709677419355,0.0,False,,0.3,1.0,0.15,1000.0,0.5,0.01,8.0
arm_4264,20265193,0.34,0,6.263703225806452e-05,0.0006263703225806451,0.0,0.0,0.06451612903225806,8.119606451612903,0.16239209677419356,8363.195161290323,0.0,0.0,78.1774193548387,0.11290322580645161,False,,0.3,1.0,0.15,1000.0,0.5,0.05,8.0
arm_4265,20265194,0.34,0,3.20445e-05,0.0,7.121e-05,0.0,0.03225806451612903,2.373661290322581,0.047473225806451615,0.0,2389.4870967741936,0.0,86.79032258064517,0.03225806451612903,False,,0.3,1.0,0.15,1000.0,0.5,0.1,8.0
arm_4266,20265195,0.2,0,,,,,,,,,,,,,,no tail rows,0.5,1.0,0.05,1000.0,0.5,0.01,2.0
arm_4267,20265196,0.2,0,,,,,,,,,,,,,,no tail rows,0.5,1.0,0.05,1000.0,0.5,0.05,2.0
arm_4268,20265197,0.23,0,0.0,0.0,0.0,0.0,0.0,0.0,0.0,0.0,0.0,0.0,0.95,0.0,False,,0.5,1.0,0.05,1000.0,0.5,0.1,2.0
arm_4269,20265198,0.28,0,0.0,0.0,0.0,0.0,0.0,0.0,0.0,0.0,0.0,0.0,12.725806451612904,0.0,False,,0.5,1.0,0.05,1000.0,0.5,0.01,4.0
arm_4270,20265199,0.26,0,0.0,0.0,0.0,0.0,0.0,0.0,0.0,0.0,0.0,0.0,8.338709677419354,0.0,False,,0.5,1.0,0.05,1000.0,0.5,0.05,4.0
arm_4271,20265200,0.28,0,9.578714516129033e-05,0.0,0.00013904322580645162,7.381709677419355e-05,0.0967741935483871,9.412737096774194,0.18825451612903227,0.0,7168.456451612904,2389.4870967741936,16.419354838709676,0.12903225806451613,False,,0.5,1.0,0.05,1000.0,0.5,0.1,4.0
arm_4272,20265201,0.29,0,0.0,0.0,0.0,0.0,0.0,0.0,0.0,0.0,0.0,0.0,123.35483870967742,0.0,False,,0.5,1.0,0.05,1000.0,0.5,0.01,8.0
arm_4273,20265202,0.28,0,0.0,0.0,0.0,0.0,0.0,0.0,0.0,0.0,0.0,0.0,85.69354838709677,0.0,False,,0.5,1.0,0.05,1000.0,0.5,0.05,8.0
arm_4274,20265203,0.3,0,1.602225e-05,0.0,0.0,3.5605e-05,0.016129032258064516,7.120983870967741,0.14241967741935482,0.0,0.0,7168.451612903225,137.8548387096774,0.0967741935483871,False,,0.5,1.0,0.05,1000.0,0.5,0.1,8.0
arm_4275,20265204,0.27,0,0.0,0.0,0.0,0.0,0.0,0.0,0.0,0.0,0.0,0.0,3.0,0.0,False,,0.5,1.0,0.1,1000.0,0.5,0.01,2.0
arm_4276,20265205,0.16,0,,,,,,,,,,,,,,no tail rows,0.5,1.0,0.1,1000.0,0.5,0.05,2.0
arm_4277,20265206,0.22,0,0.0,0.0,0.0,0.0,0.0,0.0,0.0,0.0,0.0,0.0,0.9285714285714286,0.0,False,,0.5,1.0,0.1,1000.0,0.5,0.1,2.0
arm_4278,20265207,0.26,0,0.0,0.0,0.0,0.0,0.0,0.0,0.0,0.0,0.0,0.0,13.0,0.0,False,,0.5,1.0,0.1,1000.0,0.5,0.01,4.0
arm_4279,20265208,0.28,0,0.0,0.0,0.0,0.0,0.0,0.0,0.0,0.0,0.0,0.0,6.790322580645161,0.0,False,,0.5,1.0,0.1,1000.0,0.5,0.05,4.0
arm_4280,20265209,0.28,0,3.299124193548388e-05,0.0,0.0,7.331387096774195e-05,0.03225806451612903,2.4437935483870965,0.0488758064516129,0.0,0.0,2389.4870967741936,15.290322580645162,0.03225806451612903,False,,0.5,1.0,0.1,1000.0,0.5,0.1,4.0
arm_4281,20265210,0.29,0,0.0,0.0,0.0,0.0,0.0,0.0,0.0,0.0,0.0,0.0,106.88709677419355,0.0,False,,0.5,1.0,0.1,1000.0,0.5,0.01,8.0
arm_4282,20265211,0.29,0,1.6918548387096776e-05,0.0,0.0,3.759677419354839e-05,0.016129032258064516,1.2532274193548387,0.02506451612903226,0.0,0.0,1194.7435483870968,62.75806451612903,0.016129032258064516,False,,0.5,1.0,0.1,1000.0,0.5,0.05,8.0
arm_4283,20265212,0.28,0,1.6237306451612903e-05,0.0,3.608290322580645e-05,0.0,0.016129032258064516,1.2027612903225806,0.02405516129032258,0.0,1194.7435483870968,0.0,92.0,0.016129032258064516,False,,0.5,1.0,0.1,1000.0,0.5,0.1,8.0
arm_4284,20265213,0.26,0,0.0,0.0,0.0,0.0,0.0,0.0,0.0,0.0,0.0,0.0,1.0,0.0,False,,0.5,1.0,0.15,1000.0,0.5,0.01,2.0
arm_4285,20265214,0.23,0,0.0,0.0,0.0,0.0,0.0,0.0,0.0,0.0,0.0,0.0,0.9473684210526315,0.0,False,,0.5,1.0,0.15,1000.0,0.5,0.05,2.0
arm_4286,20265215,0.22,0,0.0,0.0,0.0,0.0,0.0,0.0,0.0,0.0,0.0,0.0,1.8666666666666667,0.0,False,,0.5,1.0,0.15,1000.0,0.5,0.1,2.0
arm_4287,20265216,0.28,0,0.0,0.0,0.0,0.0,0.0,0.0,0.0,0.0,0.0,0.0,14.596774193548388,0.0,False,,0.5,1.0,0.15,1000.0,0.5,0.01,4.0
arm_4288,20265217,0.27,0,0.0,0.0,0.0,0.0,0.0,0.0,0.0,0.0,0.0,0.0,27.403225806451612,0.0,False,,0.5,1.0,0.15,1000.0,0.5,0.05,4.0
arm_4289,20265218,0.27,0,1.676228225806452e-05,0.0,3.724951612903226e-05,0.0,0.016129032258064516,1.24165,0.02483306451612903,0.0,1194.7435483870968,0.0,20.43548387096774,0.016129032258064516,False,,0.5,1.0,0.15,1000.0,0.5,0.1,4.0
arm_4290,20265219,0.28,0,3.148838709677419e-05,0.0,0.0,6.997419354838709e-05,0.03225806451612903,4.664945161290322,0.09329870967741936,0.0,0.0,4778.9693548387095,89.56451612903226,0.06451612903225806,False,,0.5,1.0,0.15,1000.0,0.5,0.01,8.0
arm_4291,20265220,0.28,0,1.629193548387097e-05,0.0001629193548387097,0.0,0.0,0.016129032258064516,1.2068112903225807,0.024136290322580647,1194.7435483870968,0.0,0.0,73.0,0.016129032258064516,False,,0.5,1.0,0.15,1000.0,0.5,0.05,8.0
arm_4292,20265221,0.3,0,0.0,0.0,0.0,0.0,0.0,0.0,0.0,0.0,0.0,0.0,69.8225806451613,0.0,False,,0.5,1.0,0.15,1000.0,0.5,0.1,8.0
arm_4293,20265222,0.29,0,0.0029126200000000003,0.0291262,0.0,0.0,3.0,2352.3683870967743,47.04736774193548,807646.7903225806,0.0,0.0,42.46774193548387,32.70967741935484,False,,0.1,1.0,0.05,1000.0,0.7,0.01,2.0
arm_4294,20265223,0.29,0,0.00326087,0.0326087,0.0,0.0,3.0,9111.21322580645,182.22432258064515,2794104.8387096776,0.0,0.0,100.79032258064517,113.16129032258064,False,,0.1,1.0,0.05,1000.0,0.7,0.05,2.0
arm_4295,20265224,0.29,0,0.005051450411290322,0.04708935161290322,0.0,0.0007611450000000001,4.435483870967742,4179.559193548387,83.59121129032258,891159.2419354839,0.0,34647.541935483874,27.129032258064516,49.145161290322584,False,,0.1,1.0,0.05,1000.0,0.7,0.1,2.0
arm_4296,20265225,0.31,0,0.00288462,0.0288462,0.0,0.0,3.0,4482.5830645161295,89.65173225806451,1553962.9032258065,0.0,0.0,129.8548387096774,62.935483870967744,False,,0.1,1.0,0.05,1000.0,0.7,0.01,4.0
arm_4297,20265226,0.36,0,0.005628695596774193,0.054749954838709675,0.0003415558064516129,0.0,6.112903225806452,5123.570161290323,102.47143064516129,932975.2903225806,10752.691935483872,0.0,150.1451612903226,75.37096774193549,False,,0.1,1.0,0.05,1000.0,0.7,0.05,4.0
arm_4298,20265227,0.37,0,0.001795908185483871,0.015322608064516128,0.000585883064516129,0.0,2.1129032258064515,3055.8614516129032,61.117243548387094,2106929.35483871,30465.956451612903,0.0,88.25806451612904,49.435483870967744,False,,0.1,1.0,0.05,1000.0,0.7,0.1,4.0
arm_4299,20265228,0.45,0,0.005124175967741936,0.051241759677419355,0.0,0.0,5.790322580645161,6521.3949999999995,130.4278548387097,1296575.4677419355,0.0,0.0,321.6774193548387,99.48387096774194,False,,0.1,1.0,0.05,1000.0,0.7,0.01,8.0
arm_4300,20265229,0.41,0,0.004046470991935484,0.038786480645161284,0.00033995612903225806,3.2983709677419355e-05,3.4193548387096775,6289.216129032258,125.78425161290322,1680306.4032258065,20310.61935483871,1194.7435483870968,209.24193548387098,71.35483870967742,False,,0.1,1.0,0.05,1000.0,0.7,0.05,8.0
arm_4301,20265230,0.35,0,0.0032296321370967745,0.028353098387096775,0.000729976935483871,0.0001462948387096774,3.096774193548387,3892.51564516129,77.85031451612903,1400238.6935483871,23894.870967741936,8363.196774193548,285.7903225806452,49.95161290322581,False,,0.1,1.0,0.05,1000.0,0.7,0.1,8.0
arm_4302,20265231,0.26,0,,,,,,,,,,,,,,no tail rows,0.1,1.0,0.1,1000.0,0.7,0.01,2.0
arm_4303,20265232,0.28,0,0.0,0.0,0.0,0.0,0.0,0.0,0.0,0.0,0.0,0.0,2.0,0.0,False,,0.1,1.0,0.1,1000.0,0.7,0.05,2.0
arm_4304,20265233,0.24,0,0.0,0.0,0.0,0.0,0.0,0.0,0.0,0.0,0.0,0.0,5.451612903225806,0.0,False,,0.1,1.0,0.1,1000.0,0.7,0.1,2.0
arm_4305,20265234,0.33,0,0.0,0.0,0.0,0.0,0.0,0.0,0.0,0.0,0.0,0.0,28.838709677419356,0.0,False,,0.1,1.0,0.1,1000.0,0.7,0.01,4.0
arm_4306,20265235,0.3,0,0.0,0.0,0.0,0.0,0.0,0.0,0.0,0.0,0.0,0.0,11.790322580645162,0.0,False,,0.1,1.0,0.1,1000.0,0.7,0.05,4.0
arm_4307,20265236,0.32,0,0.00013136748387096775,0.0,0.0,0.0002919277419354839,0.12903225806451613,12.163690322580646,0.24327387096774192,0.0,0.0,11947.429032258065,19.080645161290324,0.16129032258064516,False,,0.1,1.0,0.1,1000.0,0.7,0.1,4.0
arm_4308,20265237,0.36,0,0.0,0.0,0.0,0.0,0.0,0.0,0.0,0.0,0.0,0.0,92.04838709677419,0.0,False,,0.1,1.0,0.1,1000.0,0.7,0.01,8.0
arm_4309,20265238,0.33,0,0.0021711169354838708,0.02106652258064516,7.43274193548387e-05,6.892741935483872e-05,2.129032258064516,330.28159677419353,6.605631935483871,155117.34032258063,2389.4870967741936,2389.4870967741936,97.37096774193549,4.370967741935484,False,,0.1,1.0,0.1,1000.0,0.7,0.05,8.0
arm_4310,20265239,0.37,0,0.0004929443709677419,0.0046082903225806455,0.0,7.13674193548387e-05,0.45161290322580644,36.51443225806452,0.7302880645161289,31063.332258064518,0.0,2389.4870967741936,127.09677419354838,0.45161290322580644,False,,0.1,1.0,0.1,1000.0,0.7,0.1,8.0
arm_4311,20265240,0.27,0,0.0,0.0,0.0,0.0,0.0,0.0,0.0,0.0,0.0,0.0,1.0,0.0,False,,0.1,1.0,0.15,1000.0,0.7,0.01,2.0
arm_4312,20265241,0.3,0,0.0,0.0,0.0,0.0,0.0,0.0,0.0,0.0,0.0,0.0,2.0,0.0,False,,0.1,1.0,0.15,1000.0,0.7,0.05,2.0
arm_4313,20265242,0.3,0,0.0,0.0,0.0,0.0,0.0,0.0,0.0,0.0,0.0,0.0,1.9193548387096775,0.0,False,,0.1,1.0,0.15,1000.0,0.7,0.1,2.0
arm_4314,20265243,0.3,0,0.0,0.0,0.0,0.0,0.0,0.0,0.0,0.0,0.0,0.0,16.548387096774192,0.0,False,,0.1,1.0,0.15,1000.0,0.7,0.01,4.0
arm_4315,20265244,0.31,0,4.948686290322581e-05,0.0,0.0,0.0001099708064516129,0.04838709677419355,3.665690322580645,0.07331370967741935,0.0,0.0,3584.230645161291,17.532258064516128,0.04838709677419355,False,,0.1,1.0,0.15,1000.0,0.7,0.05,4.0
arm_4316,20265245,0.3,0,0.0001113348629032258,0.0,0.00021083709677419355,3.657370967741935e-05,0.11290322580645161,10.589648387096773,0.21179322580645163,0.0,9557.941935483872,1194.7435483870968,14.35483870967742,0.14516129032258066,False,,0.1,1.0,0.15,1000.0,0.7,0.1,4.0
arm_4317,20265246,0.37,0,3.337040322580645e-05,0.0,7.415645161290321e-05,0.0,0.03225806451612903,2.471883870967742,0.04943774193548387,0.0,2389.4870967741936,0.0,128.40322580645162,0.03225806451612903,False,,0.1,1.0,0.15,1000.0,0.7,0.01,8.0
arm_4318,20265247,0.37,0,0.00015778379032258062,0.0,0.0,0.00035063064516129027,0.16129032258064516,11.687709677419356,0.2337548387096774,0.0,0.0,11947.435483870968,99.95161290322581,0.16129032258064516,False,,0.1,1.0,0.15,1000.0,0.7,0.05,8.0
arm_4319,20265248,0.36,0,0.00022079285483870968,0.001240694193548387,0.00014179354838709678,7.31474193548387e-05,0.22580645161290322,35.88446935483871,0.7176898387096774,29868.550000000003,4778.974193548387,2389.4870967741936,114.53225806451613,0.5,False,,0.1,1.0,0.15,1000.0,0.7,0.1,8.0
arm_4320,20265249,0.18,0,,,,,,,,,,,,,,no tail rows,0.3,1.0,0.05,1000.0,0.7,0.01,2.0
arm_4321,20265250,0.18,0,,,,,,,,,,,,,,no tail rows,0.3,1.0,0.05,1000.0,0.7,0.05,2.0
arm_4322,20265251,0.22,0,0.0,0.0,0.0,0.0,0.0,0.0,0.0,0.0,0.0,0.0,1.6666666666666667,0.0,False,,0.3,1.0,0.05,1000.0,0.7,0.1,2.0
arm_4323,20265252,0.29,0,1.531233870967742e-05,0.0,0.0,3.402741935483871e-05,0.016129032258064516,1.13425,0.022685,0.0,0.0,1194.7435483870968,17.741935483870968,0.016129032258064516,False,,0.3,1.0,0.05,1000.0,0.7,0.01,4.0
arm_4324,20265253,0.29,0,1.5986903225806454e-05,0.0,0.0,3.552645161290323e-05,0.016129032258064516,1.1842161290322581,0.023684354838709676,0.0,0.0,1194.7435483870968,20.887096774193548,0.016129032258064516,False,,0.3,1.0,0.05,1000.0,0.7,0.05,4.0
arm_4325,20265254,0.29,0,0.00021037935483870967,0.0021037935483870967,0.0,0.0,0.1935483870967742,15.583606451612903,0.31167290322580643,14336.922580645163,0.0,0.0,13.64516129032258,0.1935483870967742,False,,0.3,1.0,0.05,1000.0,0.7,0.1,4.0
arm_4326,20265255,0.31,0,4.948686290322581e-05,0.0,0.0,0.0001099708064516129,0.04838709677419355,3.665690322580645,0.07331370967741935,0.0,0.0,3584.230645161291,83.69354838709677,0.04838709677419355,False,,0.3,1.0,0.05,1000.0,0.7,0.01,8.0
arm_4327,20265256,0.33,0,0.0,0.0,0.0,0.0,0.0,0.0,0.0,0.0,0.0,0.0,98.51612903225806,0.0,False,,0.3,1.0,0.05,1000.0,0.7,0.05,8.0
arm_4328,20265257,0.32,0,0.0003659498145161291,0.0031882951612903225,6.805483870967742e-05,3.665693548387097e-05,0.3225806451612903,50.214391935483874,1.0042898387096775,38231.74677419355,4778.9693548387095,1194.7435483870968,91.2741935483871,0.5967741935483871,False,,0.3,1.0,0.05,1000.0,0.7,0.1,8.0
arm_4329,20265258,0.23,0,0.0,0.0,0.0,0.0,0.0,0.0,0.0,0.0,0.0,0.0,1.8571428571428572,0.0,False,,0.3,1.0,0.1,1000.0,0.7,0.01,2.0
arm_4330,20265259,0.21,0,,,,,,,,,,,,,,no tail rows,0.3,1.0,0.1,1000.0,0.7,0.05,2.0
arm_4331,20265260,0.22,0,0.0,0.0,0.0,0.0,0.0,0.0,0.0,0.0,0.0,0.0,0.9166666666666666,0.0,False,,0.3,1.0,0.1,1000.0,0.7,0.1,2.0
arm_4332,20265261,0.27,0,0.0,0.0,0.0,0.0,0.0,0.0,0.0,0.0,0.0,0.0,2.870967741935484,0.0,False,,0.3,1.0,0.1,1000.0,0.7,0.01,4.0
arm_4333,20265262,0.3,0,3.3217693548387094e-05,0.0,0.0,7.381709677419355e-05,0.03225806451612903,2.460570967741935,0.04921129032258064,0.0,0.0,2389.4870967741936,14.129032258064516,0.03225806451612903,False,,0.3,1.0,0.1,1000.0,0.7,0.05,4.0
arm_4334,20265263,0.28,0,0.000268818064516129,0.00268818064516129,0.0,0.0,0.25806451612903225,19.912387096774193,0.39824774193548385,19115.89677419355,0.0,0.0,17.838709677419356,0.25806451612903225,False,,0.3,1.0,0.1,1000.0,0.7,0.1,4.0
arm_4335,20265264,0.29,0,0.0,0.0,0.0,0.0,0.0,0.0,0.0,0.0,0.0,0.0,53.74193548387097,0.0,False,,0.3,1.0,0.1,1000.0,0.7,0.01,8.0
arm_4336,20265265,0.31,0,0.0,0.0,0.0,0.0,0.0,0.0,0.0,0.0,0.0,0.0,102.1774193548387,0.0,False,,0.3,1.0,0.1,1000.0,0.7,0.05,8.0
arm_4337,20265266,0.3,0,6.528505645161291e-05,0.0,3.5605e-05,0.00010947290322580646,0.06451612903225806,4.835933870967742,0.09671887096774194,0.0,1194.7435483870968,3584.230645161291,71.30645161290323,0.06451612903225806,False,,0.3,1.0,0.1,1000.0,0.7,0.1,8.0
arm_4338,20265267,0.17,0,,,,,,,,,,,,,,no tail rows,0.3,1.0,0.15,1000.0,0.7,0.01,2.0
arm_4339,20265268,0.27,0,0.0,0.0,0.0,0.0,0.0,0.0,0.0,0.0,0.0,0.0,1.0,0.0,False,,0.3,1.0,0.15,1000.0,0.7,0.05,2.0
arm_4340,20265269,0.2,0,,,,,,,,,,,,,,no tail rows,0.3,1.0,0.15,1000.0,0.7,0.1,2.0
arm_4341,20265270,0.28,0,0.0,0.0,0.0,0.0,0.0,0.0,0.0,0.0,0.0,0.0,18.629032258064516,0.0,False,,0.3,1.0,0.15,1000.0,0.7,0.01,4.0
arm_4342,20265271,0.29,0,0.0,0.0,0.0,0.0,0.0,0.0,0.0,0.0,0.0,0.0,16.451612903225808,0.0,False,,0.3,1.0,0.15,1000.0,0.7,0.05,4.0
arm_4343,20265272,0.27,0,0.0,0.0,0.0,0.0,0.0,0.0,0.0,0.0,0.0,0.0,20.14516129032258,0.0,False,,0.3,1.0,0.15,1000.0,0.7,0.1,4.0
arm_4344,20265273,0.3,0,0.0,0.0,0.0,0.0,0.0,0.0,0.0,0.0,0.0,0.0,95.29032258064517,0.0,False,,0.3,1.0,0.15,1000.0,0.7,0.01,8.0
arm_4345,20265274,0.3,0,0.0,0.0,0.0,0.0,0.0,0.0,0.0,0.0,0.0,0.0,75.12903225806451,0.0,False,,0.3,1.0,0.15,1000.0,0.7,0.05,8.0
arm_4346,20265275,0.31,0,1.649562096774194e-05,0.0,3.665693548387097e-05,0.0,0.016129032258064516,3.6656935483870967,0.07331370967741935,0.0,3584.2258064516127,0.0,90.2741935483871,0.04838709677419355,False,,0.3,1.0,0.15,1000.0,0.7,0.1,8.0
arm_4347,20265276,0.21,0,0.0,0.0,0.0,0.0,0.0,0.0,0.0,0.0,0.0,0.0,0.9090909090909091,0.0,False,,0.5,1.0,0.05,1000.0,0.7,0.01,2.0
arm_4348,20265277,0.22,0,0.0,0.0,0.0,0.0,0.0,0.0,0.0,0.0,0.0,0.0,0.9047619047619048,0.0,False,,0.5,1.0,0.05,1000.0,0.7,0.05,2.0
arm_4349,20265278,0.27,0,0.0,0.0,0.0,0.0,0.0,0.0,0.0,0.0,0.0,0.0,1.9661016949152543,0.0,False,,0.5,1.0,0.05,1000.0,0.7,0.1,2.0
arm_4350,20265279,0.26,0,0.0,0.0,0.0,0.0,0.0,0.0,0.0,0.0,0.0,0.0,14.03225806451613,0.0,False,,0.5,1.0,0.05,1000.0,0.7,0.01,4.0
arm_4351,20265280,0.27,0,0.0,0.0,0.0,0.0,0.0,0.0,0.0,0.0,0.0,0.0,18.774193548387096,0.0,False,,0.5,1.0,0.05,1000.0,0.7,0.05,4.0
arm_4352,20265281,0.28,0,0.0,0.0,0.0,0.0,0.0,0.0,0.0,0.0,0.0,0.0,19.903225806451612,0.0,False,,0.5,1.0,0.05,1000.0,0.7,0.1,4.0
arm_4353,20265282,0.29,0,1.554191129032258e-05,0.0,0.0,3.453758064516129e-05,0.016129032258064516,3.453758064516129,0.06907516129032258,0.0,0.0,3584.2258064516127,103.95161290322581,0.04838709677419355,False,,0.5,1.0,0.05,1000.0,0.7,0.01,8.0
arm_4354,20265283,0.29,0,1.672366935483871e-05,0.0,0.0,3.716370967741935e-05,0.016129032258064516,1.2387887096774195,0.024775806451612904,0.0,0.0,1194.7435483870968,78.04838709677419,0.016129032258064516,False,,0.5,1.0,0.05,1000.0,0.7,0.05,8.0
arm_4355,20265284,0.3,0,3.2620500000000004e-05,0.0,7.249e-05,0.0,0.03225806451612903,2.416335483870968,0.04832677419354839,0.0,2389.4870967741936,0.0,91.20967741935483,0.03225806451612903,False,,0.5,1.0,0.05,1000.0,0.7,0.1,8.0
arm_4356,20265285,0.17,0,,,,,,,,,,,,,,no tail rows,0.5,1.0,0.1,1000.0,0.7,0.01,2.0
arm_4357,20265286,0.22,0,0.0,0.0,0.0,0.0,0.0,0.0,0.0,0.0,0.0,0.0,2.3076923076923075,0.0,False,,0.5,1.0,0.1,1000.0,0.7,0.05,2.0
arm_4358,20265287,0.18,0,,,,,,,,,,,,,,no tail rows,0.5,1.0,0.1,1000.0,0.7,0.1,2.0
arm_4359,20265288,0.27,0,0.0,0.0,0.0,0.0,0.0,0.0,0.0,0.0,0.0,0.0,7.564516129032258,0.0,False,,0.5,1.0,0.1,1000.0,0.7,0.01,4.0
arm_4360,20265289,0.27,0,0.0,0.0,0.0,0.0,0.0,0.0,0.0,0.0,0.0,0.0,27.370967741935484,0.0,False,,0.5,1.0,0.1,1000.0,0.7,0.05,4.0
arm_4361,20265290,0.27,0,0.0,0.0,0.0,0.0,0.0,0.0,0.0,0.0,0.0,0.0,17.258064516129032,0.0,False,,0.5,1.0,0.1,1000.0,0.7,0.1,4.0
arm_4362,20265291,0.29,0,0.0,0.0,0.0,0.0,0.0,0.0,0.0,0.0,0.0,0.0,70.16129032258064,0.0,False,,0.5,1.0,0.1,1000.0,0.7,0.01,8.0
arm_4363,20265292,0.28,0,1.547564516129032e-05,0.0,0.0,3.439032258064516e-05,0.016129032258064516,4.585370967741936,0.09170741935483871,0.0,0.0,4778.967741935484,72.16129032258064,0.06451612903225806,False,,0.5,1.0,0.1,1000.0,0.7,0.05,8.0
arm_4364,20265293,0.28,0,0.0,0.0,0.0,0.0,0.0,0.0,0.0,0.0,0.0,0.0,63.806451612903224,0.0,False,,0.5,1.0,0.1,1000.0,0.7,0.1,8.0
arm_4365,20265294,0.19,0,,,,,,,,,,,,,,no tail rows,0.5,1.0,0.15,1000.0,0.7,0.01,2.0
arm_4366,20265295,0.15,0,,,,,,,,,,,,,,no tail rows,0.5,1.0,0.15,1000.0,0.7,0.05,2.0
arm_4367,20265296,0.22,0,0.0,0.0,0.0,0.0,0.0,0.0,0.0,0.0,0.0,0.0,2.75,0.0,False,,0.5,1.0,0.15,1000.0,0.7,0.1,2.0
arm_4368,20265297,0.29,0,0.0,0.0,0.0,0.0,0.0,0.0,0.0,0.0,0.0,0.0,13.064516129032258,0.0,False,,0.5,1.0,0.15,1000.0,0.7,0.01,4.0
arm_4369,20265298,0.28,0,0.0,0.0,0.0,0.0,0.0,0.0,0.0,0.0,0.0,0.0,8.096774193548388,0.0,False,,0.5,1.0,0.15,1000.0,0.7,0.05,4.0
arm_4370,20265299,0.28,0,0.0,0.0,0.0,0.0,0.0,0.0,0.0,0.0,0.0,0.0,12.903225806451612,0.0,False,,0.5,1.0,0.15,1000.0,0.7,0.1,4.0
arm_4371,20265300,0.28,0,0.0,0.0,0.0,0.0,0.0,0.0,0.0,0.0,0.0,0.0,98.75806451612904,0.0,False,,0.5,1.0,0.15,1000.0,0.7,0.01,8.0
arm_4372,20265301,0.25,0,0.0,0.0,0.0,0.0,0.0,0.0,0.0,0.0,0.0,0.0,67.61290322580645,0.0,False,,0.5,1.0,0.15,1000.0,0.7,0.05,8.0
arm_4373,20265302,0.22,0,0.0,0.0,0.0,0.0,0.0,0.0,0.0,0.0,0.0,0.0,60.24193548387097,0.0,False,,0.5,1.0,0.15,1000.0,0.7,0.1,8.0
