record_type,medium,rho_cells_mL,D_m2_s,Cinf_uM,Km_uM,q_mol_cell_s,q_factor,A10,A50,A90,A_dead_1e3,R10_um,R50_um,R90_um,Rdead_1e3_um,R_Da1_um,depletion_at_Da1,eta_at_Da1,planar_C_over_Cinf_1e3_um
factorial_sensitivity,oxygen,1000000000.0,1e-09,5.0,0.1,8.330000000000001e-20,0.1,0.20436361387272087,1.0345279268959588,1.9676986374952832,2.9469561152411092,110.7552415092485,249.19172181163103,343.6701353252604,420.5806963750618,244.99797877501265,0.48369175286437305,0.9876143734075993,461.27710408285435
factorial_sensitivity,oxygen,1000000000.0,1e-09,5.0,0.1,8.33e-19,1.0,0.20436361387272087,1.0345279268959588,1.9676986374952832,2.9469561152411092,35.02388259712501,78.80134149838143,108.67803914061146,132.9992940444918,77.47516350666292,0.48369175286437305,0.9876143734075993,145.86862813883744
factorial_sensitivity,oxygen,1000000000.0,1e-09,5.0,0.1,8.33e-18,10.0,0.20436361387272087,1.0345279268959588,1.9676986374952832,2.9469561152411092,11.075524150924851,24.919172181163106,34.36701353252604,42.05806963750618,24.499797877501265,0.48369175286437305,0.9876143734075993,46.12771040828543
factorial_sensitivity,oxygen,1000000000.0,1e-09,5.0,0.5,8.330000000000001e-20,0.1,0.22181954594683673,1.1727386508102164,2.656640521202081,7.4119271781160725,115.38846803832998,265.3158043521505,399.3272043808039,667.0034393631065,244.99797877501265,0.43214701686656054,0.953647205634119,695.7890245469051
factorial_sensitivity,oxygen,1000000000.0,1e-09,5.0,0.5,8.33e-19,1.0,0.22181954594683673,1.1727386508102164,2.656640521202081,7.4119271781160725,36.48903747186639,83.900224099241,126.27834975109087,210.9250075553426,77.47516350666292,0.43214701686656054,0.953647205634119,220.0278088515026
factorial_sensitivity,oxygen,1000000000.0,1e-09,5.0,0.5,8.33e-18,10.0,0.22181954594683673,1.1727386508102164,2.656640521202081,7.4119271781160725,11.538846803832998,26.53158043521505,39.93272043808039,66.70034393631066,24.499797877501265,0.43214701686656054,0.953647205634119,69.5789024546905
factorial_sensitivity,oxygen,1000000000.0,1e-09,5.0,1.0,8.330000000000001e-20,0.1,0.24364110921122342,1.3456837447979282,3.535307509271191,13.147707384714018,120.93103935377833,284.20649890789673,460.65532873182644,888.3569746045632,244.99797877501265,0.3858533129950865,0.9300583252085581,889.2681190404163
factorial_sensitivity,oxygen,1000000000.0,1e-09,5.0,1.0,8.33e-19,1.0,0.24364110921122342,1.3456837447979282,3.535307509271191,13.147707384714018,38.241752416939626,89.87398623711105,145.6720055086176,280.92314150467786,77.47516350666292,0.3858533129950865,0.9300583252085581,281.21127067414636
factorial_sensitivity,oxygen,1000000000.0,1e-09,5.0,1.0,8.33e-18,10.0,0.24364110921122342,1.3456837447979282,3.535307509271191,13.147707384714018,12.093103935377833,28.420649890789676,46.065532873182654,88.83569746045633,24.499797877501265,0.3858533129950865,0.9300583252085581,88.92681190404163
factorial_sensitivity,oxygen,1000000000.0,1e-09,5.0,5.0,8.330000000000001e-20,0.1,0.418217826300986,2.731537170114002,10.672144755729535,59.331014997101875,158.43961254177603,404.9170450007915,800.3654910798547,1887.13682969511,244.99797877501265,0.22412473348462636,0.9010069021507336,1766.1623127749126
factorial_sensitivity,oxygen,1000000000.0,1e-09,5.0,5.0,8.33e-19,1.0,0.418217826300986,2.731537170114002,10.672144755729535,59.331014997101875,50.103004722659215,128.04601256273975,253.09779124115184,596.7650638225825,77.47516350666292,0.22412473348462636,0.9010069021507336,558.5095625919424
factorial_sensitivity,oxygen,1000000000.0,1e-09,5.0,5.0,8.33e-18,10.0,0.418217826300986,2.731537170114002,10.672144755729535,59.331014997101875,15.843961254177605,40.49170450007915,80.03654910798546,188.71368296951098,24.499797877501265,0.22412473348462636,0.9010069021507336,176.61623127749127
factorial_sensitivity,oxygen,1000000000.0,1e-09,20.0,0.1,8.330000000000001e-20,0.1,0.201090316163493,1.0086276990053336,1.8409342525151382,2.2043587585437985,219.7293523281497,492.10518668998697,664.8315734169354,727.5010688463494,489.9959575500253,0.49574796246994735,0.9966964633145807,766.2116494183647
factorial_sensitivity,oxygen,1000000000.0,1e-09,20.0,0.1,8.33e-19,1.0,0.201090316163493,1.0086276990053336,1.8409342525151382,2.2043587585437985,69.48452221505747,155.61732383227354,210.23820323909683,230.05603777614286,154.95032701332585,0.49574796246994735,0.9966964633145807,242.29739819164612
factorial_sensitivity,oxygen,1000000000.0,1e-09,20.0,0.1,8.33e-18,10.0,0.201090316163493,1.0086276990053336,1.8409342525151382,2.2043587585437985,21.972935232814972,49.2105186689987,66.48315734169354,72.75010688463495,48.99959575500253,0.49574796246994735,0.9966964633145807,76.62116494183647
factorial_sensitivity,oxygen,1000000000.0,1e-09,20.0,0.5,8.330000000000001e-20,0.1,0.20545605483528057,1.043162057475908,2.009395607004634,3.211737582388286,222.1017443299379,500.45886686638687,694.5847139485958,878.1375006006596,489.9959575500253,0.47988468889074387,0.9848346186528878,963.4622101378475
factorial_sensitivity,oxygen,1000000000.0,1e-09,20.0,0.5,8.33e-19,1.0,0.20545605483528057,1.043162057475908,2.009395607004634,3.211737582388286,70.23473843789915,158.25898945247565,219.64697240140885,277.6914600705562,154.95032701332585,0.47988468889074387,0.9848346186528878,304.6735023535367
factorial_sensitivity,oxygen,1000000000.0,1e-09,20.0,0.5,8.33e-18,10.0,0.20545605483528057,1.043162057475908,2.009395607004634,3.211737582388286,22.210174432993792,50.04588668663869,69.45847139485959,87.81375006006594,48.99959575500253,0.47988468889074387,0.9848346186528878,96.34622101378474
factorial_sensitivity,oxygen,1000000000.0,1e-09,20.0,1.0,8.330000000000001e-20,0.1,0.21090928022331965,1.086337227545553,2.2235846021230494,4.581943243912859,225.029959442416,510.71054885993834,730.6667188610361,1048.8595812154883,489.9959575500253,0.46220229494829945,0.9724850167389639,1133.4100737412562
factorial_sensitivity,oxygen,1000000000.0,1e-09,20.0,1.0,8.33e-19,1.0,0.21090928022331965,1.086337227545553,2.2235846021230494,4.581943243912859,71.16072136133485,161.50085594721142,231.05710420827842,331.67852223313,154.95032701332585,0.46220229494829945,0.9724850167389639,358.415735600177
factorial_sensitivity,oxygen,1000000000.0,1e-09,20.0,1.0,8.33e-18,10.0,0.21090928022331965,1.086337227545553,2.2235846021230494,4.581943243912859,22.5029959442416,51.07105488599383,73.0666718861036,104.88595812154882,48.99959575500253,0.46220229494829945,0.9724850167389639,113.34100737412561
factorial_sensitivity,oxygen,1000000000.0,1e-09,20.0,5.0,8.330000000000001e-20,0.1,0.2545531639266818,1.432194502065142,3.977737599069876,16.02596006122412,247.21894390376642,586.3993743056933,977.2609883713394,1961.5732263932412,489.9959575500253,0.3672715860708574,0.9224736132029556,1939.343179048351
factorial_sensitivity,oxygen,1000000000.0,1e-09,20.0,5.0,8.33e-19,1.0,0.2545531639266818,1.432194502065142,3.977737599069876,16.02596006122412,78.17749434773002,185.43576413036095,309.0370591680757,620.3039192607757,154.95032701332585,0.3672715860708574,0.9224736132029556,613.2741610504527
factorial_sensitivity,oxygen,1000000000.0,1e-09,20.0,5.0,8.33e-18,10.0,0.2545531639266818,1.432194502065142,3.977737599069876,16.02596006122412,24.721894390376644,58.63993743056933,97.72609883713395,196.15732263932412,48.99959575500253,0.3672715860708574,0.9224736132029556,193.9343179048351
factorial_sensitivity,oxygen,1000000000.0,1e-09,55.0,0.1,8.330000000000001e-20,0.1,0.2003959398340824,1.0031344672200984,1.8141037890561804,2.169213829049196,363.750252218318,813.8388549571714,1094.434838546091,1196.7681599975756,812.5663699921729,0.49843929302051937,0.9987813930937915,1187.6405279121716
factorial_sensitivity,oxygen,1000000000.0,1e-09,55.0,0.1,8.33e-19,1.0,0.2003959398340824,1.0031344672200984,1.8141037890561804,2.169213829049196,115.02792964706005,257.3584430008077,346.09068404442905,378.451321676115,256.95604792303624,0.49843929302051937,0.9987813930937915,375.56491097272414
factorial_sensitivity,oxygen,1000000000.0,1e-09,55.0,0.1,8.33e-18,10.0,0.2003959398340824,1.0031344672200984,1.8141037890561804,2.169213829049196,36.3750252218318,81.38388549571715,109.4434838546091,119.67681599975758,81.25663699921729,0.49843929302051937,0.9987813930937915,118.76405279121718
factorial_sensitivity,oxygen,1000000000.0,1e-09,55.0,0.5,8.330000000000001e-20,0.1,0.2019831401298888,1.0156910607220897,1.8759194592243387,2.3937902677493805,365.1879206281003,818.9165707301971,1112.9251026019965,1257.1928214202794,812.5663699921729,0.49235956403281056,0.9941012757691957,1354.5837588750906
factorial_sensitivity,oxygen,1000000000.0,1e-09,55.0,0.5,8.33e-19,1.0,0.2019831401298888,1.0156910607220897,1.8759194592243387,2.3937902677493805,115.48256031655848,258.9641577161801,351.93781893988944,397.5592773701405,256.95604792303624,0.49235956403281056,0.9941012757691957,428.35699595176095
factorial_sensitivity,oxygen,1000000000.0,1e-09,55.0,0.5,8.33e-18,10.0,0.2019831401298888,1.0156910607220897,1.8759194592243387,2.3937902677493805,36.518792062810036,81.89165707301972,111.29251026019966,125.71928214202796,81.25663699921729,0.49235956403281056,0.9941012757691957,135.45837588750908
factorial_sensitivity,oxygen,1000000000.0,1e-09,55.0,1.0,8.330000000000001e-20,0.1,0.20396810221332506,1.031389331241043,1.9515133656847432,2.8520112002272895,366.9779510916555,825.2207912800261,1135.127405643414,1372.2538483822045,812.5663699921729,0.4851010834987869,0.9886541801558159,1503.6930691222565
factorial_sensitivity,oxygen,1000000000.0,1e-09,55.0,1.0,8.33e-19,1.0,0.20396810221332506,1.031389331241043,1.9515133656847432,2.8520112002272895,116.04861765115064,260.95772729712996,358.9588036311058,433.94476888191326,256.95604792303624,0.4851010834987869,0.9886541801558159,475.50950002353386
factorial_sensitivity,oxygen,1000000000.0,1e-09,55.0,1.0,8.33e-18,10.0,0.20396810221332506,1.031389331241043,1.9515133656847432,2.8520112002272895,36.69779510916556,82.52207912800262,113.51274056434141,137.22538483822046,81.25663699921729,0.4851010834987869,0.9886541801558159,150.36930691222568
factorial_sensitivity,oxygen,1000000000.0,1e-09,55.0,5.0,8.330000000000001e-20,0.1,0.21983791777916606,1.1570221888581227,2.5772272229818745,6.893607056141229,380.98698950058264,874.0367387785565,1304.4733141843126,2133.448217691782,812.5663699921729,0.4371771592002206,0.9566088417092756,2237.899136777122
factorial_sensitivity,oxygen,1000000000.0,1e-09,55.0,5.0,8.33e-19,1.0,0.21983791777916606,1.1570221888581227,2.5772272229818745,6.893607056141229,120.47866457124974,276.3946853205855,412.510681973086,674.6555637932767,256.95604792303624,0.4371771592002206,0.9566088417092756,707.6858445940394
factorial_sensitivity,oxygen,1000000000.0,1e-09,55.0,5.0,8.33e-18,10.0,0.21983791777916606,1.1570221888581227,2.5772272229818745,6.893607056141229,38.098698950058264,87.40367387785567,130.44733141843128,213.3448217691782,81.25663699921729,0.4371771592002206,0.9566088417092756,223.78991367771224
factorial_sensitivity,oxygen,1000000000.0,2e-09,5.0,0.1,8.330000000000001e-20,0.1,0.20436361387272087,1.0345279268959588,1.9676986374952832,2.9469561152411092,156.6315646462868,352.410312617112,486.02296635958015,594.7909248859331,346.47946433761854,0.48369175286437305,0.9876143734075993,652.3443366061583
factorial_sensitivity,oxygen,1000000000.0,2e-09,5.0,0.1,8.33e-19,1.0,0.20436361387272087,1.0345279268959588,1.9676986374952832,2.9469561152411092,49.531249775817216,111.44192588020482,153.6939568847668,188.08940542376752,109.56642697819579,0.48369175286437305,0.9876143734075993,206.2893922387016
factorial_sensitivity,oxygen,1000000000.0,2e-09,5.0,0.1,8.33e-18,10.0,0.20436361387272087,1.0345279268959588,1.9676986374952832,2.9469561152411092,15.663156464628681,35.2410312617112,48.60229663595801,59.47909248859332,34.64794643376185,0.48369175286437305,0.9876143734075993,65.23443366061584
factorial_sensitivity,oxygen,1000000000.0,2e-09,5.0,0.5,8.330000000000001e-20,0.1,0.22181954594683673,1.1727386508102164,2.656640521202081,7.4119271781160725,163.18393644126064,375.21320882673785,564.7339482598655,943.2853100968056,346.47946433761854,0.43214701686656054,0.953647205634119,983.9942750645796
factorial_sensitivity,oxygen,1000000000.0,2e-09,5.0,0.5,8.33e-19,1.0,0.22181954594683673,1.1727386508102164,2.656640521202081,7.4119271781160725,51.60329167065353,118.65283480728861,178.58455485208586,298.293006328413,109.56642697819579,0.43214701686656054,0.953647205634119,311.1663113770299
factorial_sensitivity,oxygen,1000000000.0,2e-09,5.0,0.5,8.33e-18,10.0,0.22181954594683673,1.1727386508102164,2.656640521202081,7.4119271781160725,16.318393644126065,37.521320882673784,56.47339482598656,94.32853100968056,34.64794643376185,0.43214701686656054,0.953647205634119,98.39942750645795
factorial_sensitivity,oxygen,1000000000.0,2e-09,5.0,1.0,8.330000000000001e-20,0.1,0.24364110921122342,1.3456837447979282,3.535307509271191,13.147707384714018,171.02231596598781,401.9286852701218,651.4650134719856,1256.3264817145046,346.47946433761854,0.3858533129950865,0.9300583252085581,1257.6150345329688
factorial_sensitivity,oxygen,1000000000.0,2e-09,5.0,1.0,8.33e-19,1.0,0.24364110921122342,1.3456837447979282,3.535307509271191,13.147707384714018,54.08200491695012,127.10101024105536,206.0113258483752,397.2853167003716,109.56642697819579,0.3858533129950865,0.9300583252085581,397.6927928795492
factorial_sensitivity,oxygen,1000000000.0,2e-09,5.0,1.0,8.33e-18,10.0,0.24364110921122342,1.3456837447979282,3.535307509271191,13.147707384714018,17.102231596598777,40.19286852701217,65.14650134719855,125.63264817145047,34.64794643376185,0.3858533129950865,0.9300583252085581,125.76150345329688
factorial_sensitivity,oxygen,1000000000.0,2e-09,5.0,5.0,8.330000000000001e-20,0.1,0.418217826300986,2.731537170114002,10.672144755729535,59.331014997101875,224.067448873718,572.6391766761561,1131.887732340533,2668.81449860859,346.47946433761854,0.22412473348462636,0.9010069021507336,2497.730696078514
factorial_sensitivity,oxygen,1000000000.0,2e-09,5.0,5.0,8.33e-19,1.0,0.418217826300986,2.731537170114002,10.672144755729535,59.331014997101875,70.8563487944279,181.08440757402226,357.9343289799113,843.9532468083419,109.56642697819579,0.22412473348462636,0.9010069021507336,789.85179813259
factorial_sensitivity,oxygen,1000000000.0,2e-09,5.0,5.0,8.33e-18,10.0,0.418217826300986,2.731537170114002,10.672144755729535,59.331014997101875,22.4067448873718,57.26391766761562,113.18877323405329,266.88144986085905,34.64794643376185,0.22412473348462636,0.9010069021507336,249.7730696078514
factorial_sensitivity,oxygen,1000000000.0,2e-09,20.0,0.1,8.330000000000001e-20,0.1,0.201090316163493,1.0086276990053336,1.8409342525151382,2.2043587585437985,310.7442301139255,695.9418291311234,940.2138278200741,1028.84187820343,692.9589286752371,0.49574796246994735,0.9966964633145807,1083.5869062557106
factorial_sensitivity,oxygen,1000000000.0,2e-09,20.0,0.1,8.33e-19,1.0,0.201090316163493,1.0086276990053336,1.8409342525151382,2.2043587585437985,98.26595369154887,220.07612990380713,297.32171834968193,325.34836872883835,219.13285395639159,0.49574796246994735,0.9966964633145807,342.66026665034013
factorial_sensitivity,oxygen,1000000000.0,2e-09,20.0,0.1,8.33e-18,10.0,0.201090316163493,1.0086276990053336,1.8409342525151382,2.2043587585437985,31.07442301139255,69.59418291311235,94.02138278200741,102.88418782034299,69.2958928675237,0.49574796246994735,0.9966964633145807,108.35869062557106
factorial_sensitivity,oxygen,1000000000.0,2e-09,20.0,0.5,8.330000000000001e-20,0.1,0.20545605483528057,1.043162057475908,2.009395607004634,3.211737582388286,314.0992990581198,707.7557169323155,982.2911226831409,1241.8739629778645,692.9589286752371,0.47988468889074387,0.9848346186528878,1362.5413244109009
factorial_sensitivity,oxygen,1000000000.0,2e-09,20.0,0.5,8.33e-19,1.0,0.20545605483528057,1.043162057475908,2.009395607004634,3.211737582388286,99.32691964860392,223.81200925115166,310.6277273042613,392.7150289869674,219.13285395639159,0.47988468889074387,0.9848346186528878,430.87339912408277
factorial_sensitivity,oxygen,1000000000.0,2e-09,20.0,0.5,8.33e-18,10.0,0.20545605483528057,1.043162057475908,2.009395607004634,3.211737582388286,31.409929905811985,70.77557169323154,98.22911226831408,124.18739629778644,69.2958928675237,0.47988468889074387,0.9848346186528878,136.25413244109006
factorial_sensitivity,oxygen,1000000000.0,2e-09,20.0,1.0,8.330000000000001e-20,0.1,0.21090928022331965,1.086337227545553,2.2235846021230494,4.581943243912859,318.2404205837322,722.2537846447319,1033.3187833879265,1483.3114447799082,692.9589286752371,0.46220229494829945,0.9724850167389639,1602.8838980151745
factorial_sensitivity,oxygen,1000000000.0,2e-09,20.0,1.0,8.33e-19,1.0,0.21090928022331965,1.086337227545553,2.2235846021230494,4.581943243912859,100.63645725745256,228.39670081540996,326.7640904540009,469.0642644899587,219.13285395639159,0.46220229494829945,0.9724850167389639,506.87639425369963
factorial_sensitivity,oxygen,1000000000.0,2e-09,20.0,1.0,8.33e-18,10.0,0.21090928022331965,1.086337227545553,2.2235846021230494,4.581943243912859,31.824042058373223,72.2253784644732,103.33187833879265,148.33114447799082,69.2958928675237,0.46220229494829945,0.9724850167389639,160.28838980151744
factorial_sensitivity,oxygen,1000000000.0,2e-09,20.0,5.0,8.330000000000001e-20,0.1,0.2545531639266818,1.432194502065142,3.977737599069876,16.02596006122412,349.62038334425984,829.2939481102086,1382.0557437328837,2774.083460353271,692.9589286752371,0.3672715860708574,0.9224736132029556,2742.645425905932
factorial_sensitivity,oxygen,1000000000.0,2e-09,20.0,5.0,8.33e-19,1.0,0.2545531639266818,1.432194502065142,3.977737599069876,16.02596006122412,110.55967277890578,262.24577258217477,437.0444003513893,877.2422154117744,219.13285395639159,0.3672715860708574,0.9224736132029556,867.3006360105317
factorial_sensitivity,oxygen,1000000000.0,2e-09,20.0,5.0,8.33e-18,10.0,0.2545531639266818,1.432194502065142,3.977737599069876,16.02596006122412,34.96203833442598,82.92939481102086,138.20557437328839,277.4083460353271,69.2958928675237,0.3672715860708574,0.9224736132029556,274.2645425905931
factorial_sensitivity,oxygen,1000000000.0,2e-09,55.0,0.1,8.330000000000001e-20,0.1,0.2003959398340824,1.0031344672200984,1.8141037890561804,2.169213829049196,514.4205400037794,1150.9419462666222,1547.7645918054902,1692.4857628848658,1149.1423807712054,0.49843929302051937,0.9987813930937915,1679.5773417973355
factorial_sensitivity,oxygen,1000000000.0,2e-09,55.0,0.1,8.33e-19,1.0,0.2003959398340824,1.0031344672200984,1.8141037890561804,2.169213829049196,162.67405815857055,363.9598004829654,489.4461391866133,535.2109918123848,363.39072790654876,0.49843929302051937,0.9987813930937915,531.1289906490705
factorial_sensitivity,oxygen,1000000000.0,2e-09,55.0,0.1,8.33e-18,10.0,0.2003959398340824,1.0031344672200984,1.8141037890561804,2.169213829049196,51.442054000377944,115.09419462666223,154.77645918054907,169.24857628848662,114.91423807712054,0.49843929302051937,0.9987813930937915,167.95773417973356
factorial_sensitivity,oxygen,1000000000.0,2e-09,55.0,0.5,8.330000000000001e-20,0.1,0.2019831401298888,1.0156910607220897,1.8759194592243387,2.3937902677493805,516.4537101670888,1158.1229207787107,1573.9137740052115,1777.9391385706558,1149.1423807712054,0.49235956403281056,0.9941012757691957,1915.6707231714793
factorial_sensitivity,oxygen,1000000000.0,2e-09,55.0,0.5,8.33e-19,1.0,0.2019831401298888,1.0156910607220897,1.8759194592243387,2.3937902677493805,163.31700301724598,366.230624010747,497.7152366567985,562.2337219040999,363.39072790654876,0.49235956403281056,0.9941012757691957,605.7882732123774
factorial_sensitivity,oxygen,1000000000.0,2e-09,55.0,0.5,8.33e-18,10.0,0.2019831401298888,1.0156910607220897,1.8759194592243387,2.3937902677493805,51.64537101670889,115.81229207787109,157.3913774005212,177.79391385706563,114.91423807712054,0.49235956403281056,0.9941012757691957,191.56707231714796
factorial_sensitivity,oxygen,1000000000.0,2e-09,55.0,1.0,8.330000000000001e-20,0.1,0.20396810221332506,1.031389331241043,1.9515133656847432,2.8520112002272895,518.9851955257096,1167.0384349804701,1605.3125720823018,1940.6600034007868,1149.1423807712054,0.4851010834987869,0.9886541801558159,2126.543131999119
factorial_sensitivity,oxygen,1000000000.0,2e-09,55.0,1.0,8.33e-19,1.0,0.20396810221332506,1.031389331241043,1.9515133656847432,2.8520112002272895,164.11752897690698,369.0499571496608,507.64440842833045,613.6905774736599,363.39072790654876,0.4851010834987869,0.9886541801558159,672.4719839705311
factorial_sensitivity,oxygen,1000000000.0,2e-09,55.0,1.0,8.33e-18,10.0,0.20396810221332506,1.031389331241043,1.9515133656847432,2.8520112002272895,51.898519552570974,116.70384349804702,160.53125720823022,194.0660003400787,114.91423807712054,0.4851010834987869,0.9886541801558159,212.6543131999119
factorial_sensitivity,oxygen,1000000000.0,2e-09,55.0,5.0,8.330000000000001e-20,0.1,0.21983791777916606,1.1570221888581227,2.5772272229818745,6.893607056141229,538.7969676394199,1236.0746099929847,1844.8038526732346,3017.151404080425,1149.1423807712054,0.4371771592002206,0.9566088417092756,3164.8673104532477
factorial_sensitivity,oxygen,1000000000.0,2e-09,55.0,5.0,8.33e-19,1.0,0.21983791777916606,1.1570221888581227,2.5772272229818745,6.893607056141229,170.3825614132603,390.8811125482158,583.3782010701128,954.1070482469187,363.39072790654876,0.4371771592002206,0.9566088417092756,1000.8189193243489
factorial_sensitivity,oxygen,1000000000.0,2e-09,55.0,5.0,8.33e-18,10.0,0.21983791777916606,1.1570221888581227,2.5772272229818745,6.893607056141229,53.87969676394201,123.6074609992985,184.4803852673235,301.71514040804254,114.91423807712054,0.4371771592002206,0.9566088417092756,316.48673104532486
factorial_sensitivity,oxygen,1000000000.0,2.1e-09,5.0,0.1,8.330000000000001e-20,0.1,0.20436361387272087,1.0345279268959588,1.9676986374952832,2.9469561152411092,160.49959313257187,361.11311228039773,498.02534074122553,609.4793323345731,355.03580124836316,0.48369175286437305,0.9876143734075993,668.4540299655879
factorial_sensitivity,oxygen,1000000000.0,2.1e-09,5.0,0.1,8.33e-19,1.0,0.20436361387272087,1.0345279268959588,1.9676986374952832,2.9469561152411092,50.75442778292463,114.19399277581775,157.48944092237227,192.734287697596,112.27217828476797,0.48369175286437305,0.9876143734075993,211.38372458097032
factorial_sensitivity,oxygen,1000000000.0,2.1e-09,5.0,0.1,8.33e-18,10.0,0.20436361387272087,1.0345279268959588,1.9676986374952832,2.9469561152411092,16.04995931325719,36.11131122803978,49.80253407412256,60.94793323345731,35.50358012483632,0.48369175286437305,0.9876143734075993,66.84540299655882
factorial_sensitivity,oxygen,1000000000.0,2.1e-09,5.0,0.5,8.330000000000001e-20,0.1,0.22181954594683673,1.1727386508102164,2.656640521202081,7.4119271781160725,167.2137762509078,384.47912775853,578.6800963684818,966.5798130814898,355.03580124836316,0.43214701686656054,0.953647205634119,1008.2940890572853
factorial_sensitivity,oxygen,1000000000.0,2.1e-09,5.0,0.5,8.33e-19,1.0,0.22181954594683673,1.1727386508102164,2.656640521202081,7.4119271781160725,52.87763891106397,121.58297565118238,182.99471411301352,305.65937496773233,112.27217828476797,0.43214701686656054,0.953647205634119,318.850587270568
factorial_sensitivity,oxygen,1000000000.0,2.1e-09,5.0,0.5,8.33e-18,10.0,0.22181954594683673,1.1727386508102164,2.656640521202081,7.4119271781160725,16.721377625090785,38.447912775853005,57.868009636848186,96.657981308149,35.50358012483632,0.43214701686656054,0.953647205634119,100.82940890572854
factorial_sensitivity,oxygen,1000000000.0,2.1e-09,5.0,1.0,8.330000000000001e-20,0.1,0.24364110921122342,1.3456837447979282,3.535307509271191,13.147707384714018,175.24572515838628,411.85434493898083,667.5529918792641,1287.3515604099769,355.03580124836316,0.3858533129950865,0.9300583252085581,1288.671934138991
factorial_sensitivity,oxygen,1000000000.0,2.1e-09,5.0,1.0,8.33e-19,1.0,0.24364110921122342,1.3456837447979282,3.535307509271191,13.147707384714018,55.417564170837274,130.23977942438208,211.09879131983607,407.0963080267374,112.27217828476797,0.3858533129950865,0.9300583252085581,407.51384686137084
factorial_sensitivity,oxygen,1000000000.0,2.1e-09,5.0,1.0,8.33e-18,10.0,0.24364110921122342,1.3456837447979282,3.535307509271191,13.147707384714018,17.52457251583863,41.185434493898086,66.75529918792643,128.7351560409977,35.50358012483632,0.3858533129950865,0.9300583252085581,128.86719341389912
factorial_sensitivity,oxygen,1000000000.0,2.1e-09,5.0,5.0,8.330000000000001e-20,0.1,0.418217826300986,2.731537170114002,10.672144755729535,59.331014997101875,229.60081168631575,586.7805450060212,1159.8397865887096,2734.721077072137,355.03580124836316,0.22412473348462636,0.9010069021507336,2559.4123469342526
factorial_sensitivity,oxygen,1000000000.0,2.1e-09,5.0,5.0,8.33e-19,1.0,0.418217826300986,2.731537170114002,10.672144755729535,59.331014997101875,72.60615175521633,185.55630088939674,366.7735446503937,864.7947368816829,112.27217828476797,0.22412473348462636,0.9010069021507336,809.3572487869309
factorial_sensitivity,oxygen,1000000000.0,2.1e-09,5.0,5.0,8.33e-18,10.0,0.418217826300986,2.731537170114002,10.672144755729535,59.331014997101875,22.96008116863158,58.67805450060213,115.98397865887097,273.4721077072138,35.50358012483632,0.22412473348462636,0.9010069021507336,255.94123469342532
factorial_sensitivity,oxygen,1000000000.0,2.1e-09,20.0,0.1,8.330000000000001e-20,0.1,0.201090316163493,1.0086276990053336,1.8409342525151382,2.2043587585437985,318.4180826783414,713.1281659078488,963.4324803146714,1054.2492071907948,710.0716024967263,0.49574796246994735,0.9966964633145807,1110.3461679040745
factorial_sensitivity,oxygen,1000000000.0,2.1e-09,20.0,0.1,8.33e-19,1.0,0.201090316163493,1.0086276990053336,1.8409342525151382,2.2043587585437985,100.69263894473673,225.51092678872402,304.66410095796977,333.38287161496754,224.54435656953595,0.49574796246994735,0.9966964633145807,351.1222881816623
factorial_sensitivity,oxygen,1000000000.0,2.1e-09,20.0,0.1,8.33e-18,10.0,0.201090316163493,1.0086276990053336,1.8409342525151382,2.2043587585437985,31.84180826783415,71.31281659078489,96.34324803146714,105.4249207190795,71.00716024967264,0.49574796246994735,0.9966964633145807,111.03461679040747
factorial_sensitivity,oxygen,1000000000.0,2.1e-09,20.0,0.5,8.330000000000001e-20,0.1,0.20545605483528057,1.043162057475908,2.009395607004634,3.211737582388286,321.85600530709735,725.2337985731874,1006.5488771973322,1272.542135616131,710.0716024967263,0.47988468889074387,0.9848346186528878,1396.1893867823883
factorial_sensitivity,oxygen,1000000000.0,2.1e-09,20.0,0.5,8.33e-19,1.0,0.20545605483528057,1.043162057475908,2.009395607004634,3.211737582388286,101.77980553736694,229.33906396270453,318.29870282286896,402.4131567081851,224.54435656953595,0.47988468889074387,0.9848346186528878,441.5138507186135
factorial_sensitivity,oxygen,1000000000.0,2.1e-09,20.0,0.5,8.33e-18,10.0,0.20545605483528057,1.043162057475908,2.009395607004634,3.211737582388286,32.18560053070975,72.52337985731876,100.65488771973325,127.25421356161313,71.00716024967264,0.47988468889074387,0.9848346186528878,139.61893867823886
factorial_sensitivity,oxygen,1000000000.0,2.1e-09,20.0,1.0,8.330000000000001e-20,0.1,0.21090928022331965,1.086337227545553,2.2235846021230494,4.581943243912859,326.0993921459779,740.0898971782553,1058.8366698917353,1519.9419345244119,710.0716024967263,0.46220229494829945,0.9724850167389639,1642.4672386510895
factorial_sensitivity,oxygen,1000000000.0,2.1e-09,20.0,1.0,8.33e-19,1.0,0.21090928022331965,1.086337227545553,2.2235846021230494,4.581943243912859,103.1216822777714,234.03697483631103,334.8335546965716,480.64784242996575,224.54435656953595,0.46220229494829945,0.9724850167389639,519.3937456344787
factorial_sensitivity,oxygen,1000000000.0,2.1e-09,20.0,1.0,8.33e-18,10.0,0.21090928022331965,1.086337227545553,2.2235846021230494,4.581943243912859,32.609939214597794,74.00898971782556,105.88366698917356,151.9941934524412,71.00716024967264,0.46220229494829945,0.9724850167389639,164.246723865109
factorial_sensitivity,oxygen,1000000000.0,2.1e-09,20.0,5.0,8.330000000000001e-20,0.1,0.2545531639266818,1.432194502065142,3.977737599069876,16.02596006122412,358.2542854904551,849.773425679356,1416.1857161842534,2842.5896638902805,710.0716024967263,0.3672715860708574,0.9224736132029556,2810.375264774237
factorial_sensitivity,oxygen,1000000000.0,2.1e-09,20.0,5.0,8.33e-19,1.0,0.2545531639266818,1.432194502065142,3.977737599069876,16.02596006122412,113.2899523666051,268.72195202305824,447.8372452939022,898.9057791145776,224.54435656953595,0.3672715860708574,0.9224736132029556,888.7186916485365
factorial_sensitivity,oxygen,1000000000.0,2.1e-09,20.0,5.0,8.33e-18,10.0,0.2545531639266818,1.432194502065142,3.977737599069876,16.02596006122412,35.82542854904552,84.97734256793562,141.61857161842536,284.25896638902805,71.00716024967264,0.3672715860708574,0.9224736132029556,281.03752647742374
factorial_sensitivity,oxygen,1000000000.0,2.1e-09,55.0,0.1,8.330000000000001e-20,0.1,0.2003959398340824,1.0031344672200984,1.8141037890561804,2.169213829049196,527.1241946417076,1179.3645457871794,1585.9867569526416,1734.281828436879,1177.520539884014,0.49843929302051937,0.9987813930937915,1721.0546329018596
factorial_sensitivity,oxygen,1000000000.0,2.1e-09,55.0,0.1,8.33e-19,1.0,0.2003959398340824,1.0031344672200984,1.8141037890561804,2.169213829049196,166.69130648497207,372.9478156337425,501.5330490834236,548.4280682501914,372.3646897664626,0.49843929302051937,0.9987813930937915,544.2452617554841
factorial_sensitivity,oxygen,1000000000.0,2.1e-09,55.0,0.1,8.33e-18,10.0,0.2003959398340824,1.0031344672200984,1.8141037890561804,2.169213829049196,52.71241946417077,117.93645457871796,158.59867569526418,173.42818284368795,117.7520539884014,0.49843929302051937,0.9987813930937915,172.10546329018595
factorial_sensitivity,oxygen,1000000000.0,2.1e-09,55.0,0.5,8.330000000000001e-20,0.1,0.2019831401298888,1.0156910607220897,1.8759194592243387,2.3937902677493805,529.2075740979327,1186.7228550148777,1612.7816952097066,1821.8454817806132,1177.520539884014,0.49235956403281056,0.9941012757691957,1962.978358412837
factorial_sensitivity,oxygen,1000000000.0,2.1e-09,55.0,0.5,8.33e-19,1.0,0.2019831401298888,1.0156910607220897,1.8759194592243387,2.3937902677493805,167.3501289161795,375.27471732247864,510.0063525490143,576.1181267313531,372.3646897664626,0.49235956403281056,0.9941012757691957,620.7482610202912
factorial_sensitivity,oxygen,1000000000.0,2.1e-09,55.0,0.5,8.33e-18,10.0,0.2019831401298888,1.0156910607220897,1.8759194592243387,2.3937902677493805,52.920757409793275,118.67228550148779,161.2781695209707,182.18454817806136,117.7520539884014,0.49235956403281056,0.9941012757691957,196.2978358412837
factorial_sensitivity,oxygen,1000000000.0,2.1e-09,55.0,1.0,8.330000000000001e-20,0.1,0.20396810221332506,1.031389331241043,1.9515133656847432,2.8520112002272895,531.8015746813862,1195.858538522742,1644.9558890103315,1988.5847508314848,1177.520539884014,0.4851010834987869,0.9886541801558159,2179.0582775284497
factorial_sensitivity,oxygen,1000000000.0,2.1e-09,55.0,1.0,8.33e-19,1.0,0.20396810221332506,1.031389331241043,1.9515133656847432,2.8520112002272895,168.17042392573137,378.1636741092074,520.1807259779788,628.8457132905908,372.3646897664626,0.4851010834987869,0.9886541801558159,689.0787311233206
factorial_sensitivity,oxygen,1000000000.0,2.1e-09,55.0,1.0,8.33e-18,10.0,0.20396810221332506,1.031389331241043,1.9515133656847432,2.8520112002272895,53.18015746813863,119.58585385227421,164.4955889010332,198.85847508314853,117.7520539884014,0.4851010834987869,0.9886541801558159,217.90582775284497
factorial_sensitivity,oxygen,1000000000.0,2.1e-09,55.0,5.0,8.330000000000001e-20,0.1,0.21983791777916606,1.1570221888581227,2.5772272229818745,6.893607056141229,552.1026000249464,1266.5995671650826,1890.361425119522,3091.6601891057985,1177.520539884014,0.4371771592002206,0.9566088417092756,3243.0239511009404
factorial_sensitivity,oxygen,1000000000.0,2.1e-09,55.0,5.0,8.33e-19,1.0,0.21983791777916606,1.1570221888581227,2.5772272229818745,6.893607056141229,174.5901718179766,400.533951562508,597.7847704299526,977.6687948841216,372.3646897664626,0.4371771592002206,0.9566088417092756,1025.5342191957498
factorial_sensitivity,oxygen,1000000000.0,2.1e-09,55.0,5.0,8.33e-18,10.0,0.21983791777916606,1.1570221888581227,2.5772272229818745,6.893607056141229,55.21026000249464,126.65995671650829,189.03614251195222,309.16601891057996,117.7520539884014,0.4371771592002206,0.9566088417092756,324.30239511009404
factorial_sensitivity,oxygen,10000000000.0,1e-09,5.0,0.1,8.330000000000001e-20,0.1,0.20436361387272087,1.0345279268959588,1.9676986374952832,2.9469561152411092,35.02388259712501,78.80134149838143,108.67803914061146,132.9992940444918,77.47516350666292,0.48369175286437305,0.9876143734075993,145.86862813883744
factorial_sensitivity,oxygen,10000000000.0,1e-09,5.0,0.1,8.33e-19,1.0,0.20436361387272087,1.0345279268959588,1.9676986374952832,2.9469561152411092,11.07552415092485,24.919172181163102,34.36701353252604,42.05806963750617,24.499797877501262,0.48369175286437305,0.9876143734075993,46.12771040828543
factorial_sensitivity,oxygen,10000000000.0,1e-09,5.0,0.1,8.33e-18,10.0,0.20436361387272087,1.0345279268959588,1.9676986374952832,2.9469561152411092,3.502388259712501,7.880134149838144,10.867803914061147,13.29992940444918,7.7475163506662925,0.48369175286437305,0.9876143734075993,14.586862813883746
factorial_sensitivity,oxygen,10000000000.0,1e-09,5.0,0.5,8.330000000000001e-20,0.1,0.22181954594683673,1.1727386508102164,2.656640521202081,7.4119271781160725,36.48903747186639,83.900224099241,126.27834975109087,210.9250075553426,77.47516350666292,0.43214701686656054,0.953647205634119,220.02780885150258
factorial_sensitivity,oxygen,10000000000.0,1e-09,5.0,0.5,8.33e-19,1.0,0.22181954594683673,1.1727386508102164,2.656640521202081,7.4119271781160725,11.538846803832996,26.531580435215048,39.93272043808039,66.70034393631065,24.499797877501262,0.43214701686656054,0.953647205634119,69.5789024546905
factorial_sensitivity,oxygen,10000000000.0,1e-09,5.0,0.5,8.33e-18,10.0,0.22181954594683673,1.1727386508102164,2.656640521202081,7.4119271781160725,3.6489037471866395,8.3900224099241,12.627834975109087,21.09250075553426,7.7475163506662925,0.43214701686656054,0.953647205634119,22.002780885150262
factorial_sensitivity,oxygen,10000000000.0,1e-09,5.0,1.0,8.330000000000001e-20,0.1,0.24364110921122342,1.3456837447979282,3.535307509271191,13.147707384714018,38.241752416939626,89.87398623711105,145.6720055086176,280.92314150467786,77.47516350666292,0.3858533129950865,0.9300583252085581,281.2112706741463
factorial_sensitivity,oxygen,10000000000.0,1e-09,5.0,1.0,8.33e-19,1.0,0.24364110921122342,1.3456837447979282,3.535307509271191,13.147707384714018,12.093103935377831,28.420649890789672,46.06553287318265,88.83569746045632,24.499797877501262,0.3858533129950865,0.9300583252085581,88.92681190404163
factorial_sensitivity,oxygen,10000000000.0,1e-09,5.0,1.0,8.33e-18,10.0,0.24364110921122342,1.3456837447979282,3.535307509271191,13.147707384714018,3.824175241693963,8.987398623711107,14.567200550861758,28.092314150467786,7.7475163506662925,0.3858533129950865,0.9300583252085581,28.121127067414637
factorial_sensitivity,oxygen,10000000000.0,1e-09,5.0,5.0,8.330000000000001e-20,0.1,0.418217826300986,2.731537170114002,10.672144755729535,59.331014997101875,50.103004722659215,128.04601256273975,253.09779124115184,596.7650638225825,77.47516350666292,0.22412473348462636,0.9010069021507336,558.5095625919424
factorial_sensitivity,oxygen,10000000000.0,1e-09,5.0,5.0,8.33e-19,1.0,0.418217826300986,2.731537170114002,10.672144755729535,59.331014997101875,15.843961254177602,40.491704500079145,80.03654910798546,188.71368296951096,24.499797877501262,0.22412473348462636,0.9010069021507336,176.61623127749127
factorial_sensitivity,oxygen,10000000000.0,1e-09,5.0,5.0,8.33e-18,10.0,0.418217826300986,2.731537170114002,10.672144755729535,59.331014997101875,5.0103004722659215,12.804601256273973,25.309779124115185,59.67650638225825,7.7475163506662925,0.22412473348462636,0.9010069021507336,55.85095625919424
factorial_sensitivity,oxygen,10000000000.0,1e-09,20.0,0.1,8.330000000000001e-20,0.1,0.201090316163493,1.0086276990053336,1.8409342525151382,2.2043587585437985,69.48452221505747,155.61732383227354,210.23820323909683,230.05603777614286,154.95032701332585,0.49574796246994735,0.9966964633145807,242.2973981916461
factorial_sensitivity,oxygen,10000000000.0,1e-09,20.0,0.1,8.33e-19,1.0,0.201090316163493,1.0086276990053336,1.8409342525151382,2.2043587585437985,21.97293523281497,49.210518668998695,66.48315734169354,72.75010688463493,48.999595755002524,0.49574796246994735,0.9966964633145807,76.62116494183647
factorial_sensitivity,oxygen,10000000000.0,1e-09,20.0,0.1,8.33e-18,10.0,0.201090316163493,1.0086276990053336,1.8409342525151382,2.2043587585437985,6.948452221505747,15.561732383227357,21.023820323909685,23.005603777614287,15.495032701332585,0.49574796246994735,0.9966964633145807,24.22973981916461
factorial_sensitivity,oxygen,10000000000.0,1e-09,20.0,0.5,8.330000000000001e-20,0.1,0.20545605483528057,1.043162057475908,2.009395607004634,3.211737582388286,70.23473843789915,158.25898945247565,219.64697240140885,277.6914600705562,154.95032701332585,0.47988468889074387,0.9848346186528878,304.6735023535367
factorial_sensitivity,oxygen,10000000000.0,1e-09,20.0,0.5,8.33e-19,1.0,0.20545605483528057,1.043162057475908,2.009395607004634,3.211737582388286,22.21017443299379,50.04588668663868,69.45847139485957,87.81375006006593,48.999595755002524,0.47988468889074387,0.9848346186528878,96.34622101378474
factorial_sensitivity,oxygen,10000000000.0,1e-09,20.0,0.5,8.33e-18,10.0,0.20545605483528057,1.043162057475908,2.009395607004634,3.211737582388286,7.023473843789916,15.825898945247564,21.964697240140886,27.76914600705562,15.495032701332585,0.47988468889074387,0.9848346186528878,30.467350235353678
factorial_sensitivity,oxygen,10000000000.0,1e-09,20.0,1.0,8.330000000000001e-20,0.1,0.21090928022331965,1.086337227545553,2.2235846021230494,4.581943243912859,71.16072136133485,161.50085594721142,231.05710420827842,331.67852223313,154.95032701332585,0.46220229494829945,0.9724850167389639,358.41573560017696
factorial_sensitivity,oxygen,10000000000.0,1e-09,20.0,1.0,8.33e-19,1.0,0.21090928022331965,1.086337227545553,2.2235846021230494,4.581943243912859,22.502995944241597,51.071054885993824,73.0666718861036,104.88595812154881,48.999595755002524,0.46220229494829945,0.9724850167389639,113.34100737412561
factorial_sensitivity,oxygen,10000000000.0,1e-09,20.0,1.0,8.33e-18,10.0,0.21090928022331965,1.086337227545553,2.2235846021230494,4.581943243912859,7.116072136133485,16.150085594721144,23.10571042082784,33.167852223313005,15.495032701332585,0.46220229494829945,0.9724850167389639,35.8415735600177
factorial_sensitivity,oxygen,10000000000.0,1e-09,20.0,5.0,8.330000000000001e-20,0.1,0.2545531639266818,1.432194502065142,3.977737599069876,16.02596006122412,78.17749434773002,185.43576413036095,309.0370591680757,620.3039192607757,154.95032701332585,0.3672715860708574,0.9224736132029556,613.2741610504526
factorial_sensitivity,oxygen,10000000000.0,1e-09,20.0,5.0,8.33e-19,1.0,0.2545531639266818,1.432194502065142,3.977737599069876,16.02596006122412,24.72189439037664,58.639937430569326,97.72609883713393,196.1573226393241,48.999595755002524,0.3672715860708574,0.9224736132029556,193.9343179048351
factorial_sensitivity,oxygen,10000000000.0,1e-09,20.0,5.0,8.33e-18,10.0,0.2545531639266818,1.432194502065142,3.977737599069876,16.02596006122412,7.817749434773003,18.543576413036096,30.90370591680757,62.03039192607757,15.495032701332585,0.3672715860708574,0.9224736132029556,61.32741610504525
factorial_sensitivity,oxygen,10000000000.0,1e-09,55.0,0.1,8.330000000000001e-20,0.1,0.2003959398340824,1.0031344672200984,1.8141037890561804,2.169213829049196,115.02792964706005,257.3584430008077,346.09068404442905,378.451321676115,256.95604792303624,0.49843929302051937,0.9987813930937915,375.56491097272414
factorial_sensitivity,oxygen,10000000000.0,1e-09,55.0,0.1,8.33e-19,1.0,0.2003959398340824,1.0031344672200984,1.8141037890561804,2.169213829049196,36.3750252218318,81.38388549571715,109.4434838546091,119.67681599975758,81.25663699921729,0.49843929302051937,0.9987813930937915,118.76405279121717
factorial_sensitivity,oxygen,10000000000.0,1e-09,55.0,0.1,8.33e-18,10.0,0.2003959398340824,1.0031344672200984,1.8141037890561804,2.169213829049196,11.502792964706005,25.735844300080775,34.60906840444291,37.8451321676115,25.695604792303623,0.49843929302051937,0.9987813930937915,37.55649109727242
factorial_sensitivity,oxygen,10000000000.0,1e-09,55.0,0.5,8.330000000000001e-20,0.1,0.2019831401298888,1.0156910607220897,1.8759194592243387,2.3937902677493805,115.48256031655848,258.9641577161801,351.93781893988944,397.5592773701405,256.95604792303624,0.49235956403281056,0.9941012757691957,428.35699595176095
factorial_sensitivity,oxygen,10000000000.0,1e-09,55.0,0.5,8.33e-19,1.0,0.2019831401298888,1.0156910607220897,1.8759194592243387,2.3937902677493805,36.518792062810036,81.89165707301972,111.29251026019966,125.71928214202796,81.25663699921729,0.49235956403281056,0.9941012757691957,135.45837588750905
factorial_sensitivity,oxygen,10000000000.0,1e-09,55.0,0.5,8.33e-18,10.0,0.2019831401298888,1.0156910607220897,1.8759194592243387,2.3937902677493805,11.548256031655848,25.89641577161801,35.19378189398895,39.75592773701405,25.695604792303623,0.49235956403281056,0.9941012757691957,42.8356995951761
factorial_sensitivity,oxygen,10000000000.0,1e-09,55.0,1.0,8.330000000000001e-20,0.1,0.20396810221332506,1.031389331241043,1.9515133656847432,2.8520112002272895,116.04861765115064,260.95772729712996,358.9588036311058,433.94476888191326,256.95604792303624,0.4851010834987869,0.9886541801558159,475.50950002353386
factorial_sensitivity,oxygen,10000000000.0,1e-09,55.0,1.0,8.33e-19,1.0,0.20396810221332506,1.031389331241043,1.9515133656847432,2.8520112002272895,36.69779510916556,82.52207912800262,113.51274056434141,137.22538483822046,81.25663699921729,0.4851010834987869,0.9886541801558159,150.36930691222562
factorial_sensitivity,oxygen,10000000000.0,1e-09,55.0,1.0,8.33e-18,10.0,0.20396810221332506,1.031389331241043,1.9515133656847432,2.8520112002272895,11.604861765115064,26.095772729712998,35.895880363110585,43.39447688819132,25.695604792303623,0.4851010834987869,0.9886541801558159,47.55095000235339
factorial_sensitivity,oxygen,10000000000.0,1e-09,55.0,5.0,8.330000000000001e-20,0.1,0.21983791777916606,1.1570221888581227,2.5772272229818745,6.893607056141229,120.47866457124974,276.3946853205855,412.510681973086,674.6555637932767,256.95604792303624,0.4371771592002206,0.9566088417092756,707.6858445940394
factorial_sensitivity,oxygen,10000000000.0,1e-09,55.0,5.0,8.33e-19,1.0,0.21983791777916606,1.1570221888581227,2.5772272229818745,6.893607056141229,38.098698950058264,87.40367387785567,130.44733141843128,213.3448217691782,81.25663699921729,0.4371771592002206,0.9566088417092756,223.78991367771218
factorial_sensitivity,oxygen,10000000000.0,1e-09,55.0,5.0,8.33e-18,10.0,0.21983791777916606,1.1570221888581227,2.5772272229818745,6.893607056141229,12.047866457124975,27.63946853205855,41.2510681973086,67.46555637932767,25.695604792303623,0.4371771592002206,0.9566088417092756,70.76858445940394
factorial_sensitivity,oxygen,10000000000.0,2e-09,5.0,0.1,8.330000000000001e-20,0.1,0.20436361387272087,1.0345279268959588,1.9676986374952832,2.9469561152411092,49.53124977581721,111.4419258802048,153.69395688476678,188.0894054237675,109.56642697819578,0.48369175286437305,0.9876143734075993,206.2893922387016
factorial_sensitivity,oxygen,10000000000.0,2e-09,5.0,0.1,8.33e-19,1.0,0.20436361387272087,1.0345279268959588,1.9676986374952832,2.9469561152411092,15.663156464628681,35.2410312617112,48.60229663595801,59.47909248859332,34.64794643376185,0.48369175286437305,0.9876143734075993,65.23443366061584
factorial_sensitivity,oxygen,10000000000.0,2e-09,5.0,0.1,8.33e-18,10.0,0.20436361387272087,1.0345279268959588,1.9676986374952832,2.9469561152411092,4.95312497758172,11.14419258802048,15.36939568847668,18.80894054237675,10.956642697819579,0.48369175286437305,0.9876143734075993,20.62893922387016
factorial_sensitivity,oxygen,10000000000.0,2e-09,5.0,0.5,8.330000000000001e-20,0.1,0.22181954594683673,1.1727386508102164,2.656640521202081,7.4119271781160725,51.603291670653526,118.6528348072886,178.58455485208583,298.293006328413,109.56642697819578,0.43214701686656054,0.953647205634119,311.1663113770299
factorial_sensitivity,oxygen,10000000000.0,2e-09,5.0,0.5,8.33e-19,1.0,0.22181954594683673,1.1727386508102164,2.656640521202081,7.4119271781160725,16.318393644126065,37.521320882673784,56.47339482598656,94.32853100968056,34.64794643376185,0.43214701686656054,0.953647205634119,98.39942750645794
factorial_sensitivity,oxygen,10000000000.0,2e-09,5.0,0.5,8.33e-18,10.0,0.22181954594683673,1.1727386508102164,2.656640521202081,7.4119271781160725,5.160329167065353,11.865283480728861,17.858455485208587,29.829300632841306,10.956642697819579,0.43214701686656054,0.953647205634119,31.116631137702992
factorial_sensitivity,oxygen,10000000000.0,2e-09,5.0,1.0,8.330000000000001e-20,0.1,0.24364110921122342,1.3456837447979282,3.535307509271191,13.147707384714018,54.08200491695011,127.10101024105536,206.01132584837518,397.28531670037154,109.56642697819578,0.3858533129950865,0.9300583252085581,397.6927928795492
factorial_sensitivity,oxygen,10000000000.0,2e-09,5.0,1.0,8.33e-19,1.0,0.24364110921122342,1.3456837447979282,3.535307509271191,13.147707384714018,17.102231596598777,40.19286852701217,65.14650134719855,125.63264817145047,34.64794643376185,0.3858533129950865,0.9300583252085581,125.76150345329685
factorial_sensitivity,oxygen,10000000000.0,2e-09,5.0,1.0,8.33e-18,10.0,0.24364110921122342,1.3456837447979282,3.535307509271191,13.147707384714018,5.408200491695011,12.710101024105535,20.60113258483752,39.72853167003716,10.956642697819579,0.3858533129950865,0.9300583252085581,39.769279287954916
factorial_sensitivity,oxygen,10000000000.0,2e-09,5.0,5.0,8.330000000000001e-20,0.1,0.418217826300986,2.731537170114002,10.672144755729535,59.331014997101875,70.85634879442789,181.08440757402224,357.93432897991124,843.9532468083419,109.56642697819578,0.22412473348462636,0.9010069021507336,789.85179813259
factorial_sensitivity,oxygen,10000000000.0,2e-09,5.0,5.0,8.33e-19,1.0,0.418217826300986,2.731537170114002,10.672144755729535,59.331014997101875,22.4067448873718,57.26391766761562,113.18877323405329,266.88144986085905,34.64794643376185,0.22412473348462636,0.9010069021507336,249.77306960785134
factorial_sensitivity,oxygen,10000000000.0,2e-09,5.0,5.0,8.33e-18,10.0,0.418217826300986,2.731537170114002,10.672144755729535,59.331014997101875,7.0856348794427895,18.108440757402224,35.79343289799113,84.3953246808342,10.956642697819579,0.22412473348462636,0.9010069021507336,78.985179813259
factorial_sensitivity,oxygen,10000000000.0,2e-09,20.0,0.1,8.330000000000001e-20,0.1,0.201090316163493,1.0086276990053336,1.8409342525151382,2.2043587585437985,98.26595369154886,220.0761299038071,297.3217183496819,325.3483687288383,219.13285395639156,0.49574796246994735,0.9966964633145807,342.66026665034013
factorial_sensitivity,oxygen,10000000000.0,2e-09,20.0,0.1,8.33e-19,1.0,0.201090316163493,1.0086276990053336,1.8409342525151382,2.2043587585437985,31.07442301139255,69.59418291311235,94.02138278200741,102.88418782034299,69.2958928675237,0.49574796246994735,0.9966964633145807,108.35869062557104
factorial_sensitivity,oxygen,10000000000.0,2e-09,20.0,0.1,8.33e-18,10.0,0.201090316163493,1.0086276990053336,1.8409342525151382,2.2043587585437985,9.826595369154887,22.00761299038071,29.732171834968195,32.53483687288384,21.913285395639157,0.49574796246994735,0.9966964633145807,34.26602666503402
factorial_sensitivity,oxygen,10000000000.0,2e-09,20.0,0.5,8.330000000000001e-20,0.1,0.20545605483528057,1.043162057475908,2.009395607004634,3.211737582388286,99.32691964860392,223.81200925115164,310.6277273042613,392.71502898696735,219.13285395639156,0.47988468889074387,0.9848346186528878,430.87339912408277
factorial_sensitivity,oxygen,10000000000.0,2e-09,20.0,0.5,8.33e-19,1.0,0.20545605483528057,1.043162057475908,2.009395607004634,3.211737582388286,31.409929905811985,70.77557169323154,98.22911226831408,124.18739629778644,69.2958928675237,0.47988468889074387,0.9848346186528878,136.25413244109006
factorial_sensitivity,oxygen,10000000000.0,2e-09,20.0,0.5,8.33e-18,10.0,0.20545605483528057,1.043162057475908,2.009395607004634,3.211737582388286,9.932691964860393,22.381200925115166,31.06277273042613,39.271502898696745,21.913285395639157,0.47988468889074387,0.9848346186528878,43.087339912408275
factorial_sensitivity,oxygen,10000000000.0,2e-09,20.0,1.0,8.330000000000001e-20,0.1,0.21090928022331965,1.086337227545553,2.2235846021230494,4.581943243912859,100.63645725745255,228.39670081540993,326.76409045400084,469.06426448995865,219.13285395639156,0.46220229494829945,0.9724850167389639,506.87639425369963
factorial_sensitivity,oxygen,10000000000.0,2e-09,20.0,1.0,8.33e-19,1.0,0.21090928022331965,1.086337227545553,2.2235846021230494,4.581943243912859,31.824042058373223,72.2253784644732,103.33187833879265,148.33114447799082,69.2958928675237,0.46220229494829945,0.9724850167389639,160.2883898015174
factorial_sensitivity,oxygen,10000000000.0,2e-09,20.0,1.0,8.33e-18,10.0,0.21090928022331965,1.086337227545553,2.2235846021230494,4.581943243912859,10.063645725745257,22.839670081540994,32.676409045400085,46.906426448995866,21.913285395639157,0.46220229494829945,0.9724850167389639,50.687639425369966
factorial_sensitivity,oxygen,10000000000.0,2e-09,20.0,5.0,8.330000000000001e-20,0.1,0.2545531639266818,1.432194502065142,3.977737599069876,16.02596006122412,110.55967277890576,262.24577258217477,437.04440035138924,877.2422154117743,219.13285395639156,0.3672715860708574,0.9224736132029556,867.3006360105317
factorial_sensitivity,oxygen,10000000000.0,2e-09,20.0,5.0,8.33e-19,1.0,0.2545531639266818,1.432194502065142,3.977737599069876,16.02596006122412,34.96203833442598,82.92939481102086,138.20557437328839,277.4083460353271,69.2958928675237,0.3672715860708574,0.9224736132029556,274.2645425905931
factorial_sensitivity,oxygen,10000000000.0,2e-09,20.0,5.0,8.33e-18,10.0,0.2545531639266818,1.432194502065142,3.977737599069876,16.02596006122412,11.055967277890579,26.224577258217476,43.70444003513893,87.72422154117744,21.913285395639157,0.3672715860708574,0.9224736132029556,86.73006360105317
factorial_sensitivity,oxygen,10000000000.0,2e-09,55.0,0.1,8.330000000000001e-20,0.1,0.2003959398340824,1.0031344672200984,1.8141037890561804,2.169213829049196,162.67405815857055,363.9598004829654,489.4461391866133,535.2109918123848,363.39072790654876,0.49843929302051937,0.9987813930937915,531.1289906490705
factorial_sensitivity,oxygen,10000000000.0,2e-09,55.0,0.1,8.33e-19,1.0,0.2003959398340824,1.0031344672200984,1.8141037890561804,2.169213829049196,51.44205400037793,115.0941946266622,154.77645918054904,169.24857628848656,114.91423807712053,0.49843929302051937,0.9987813930937915,167.95773417973356
factorial_sensitivity,oxygen,10000000000.0,2e-09,55.0,0.1,8.33e-18,10.0,0.2003959398340824,1.0031344672200984,1.8141037890561804,2.169213829049196,16.267405815857057,36.39598004829654,48.94461391866134,53.52109918123848,36.33907279065488,0.49843929302051937,0.9987813930937915,53.112899064907054
factorial_sensitivity,oxygen,10000000000.0,2e-09,55.0,0.5,8.330000000000001e-20,0.1,0.2019831401298888,1.0156910607220897,1.8759194592243387,2.3937902677493805,163.31700301724598,366.230624010747,497.7152366567985,562.2337219040999,363.39072790654876,0.49235956403281056,0.9941012757691957,605.7882732123774
factorial_sensitivity,oxygen,10000000000.0,2e-09,55.0,0.5,8.33e-19,1.0,0.2019831401298888,1.0156910607220897,1.8759194592243387,2.3937902677493805,51.64537101670888,115.81229207787106,157.39137740052115,177.79391385706558,114.91423807712053,0.49235956403281056,0.9941012757691957,191.56707231714796
factorial_sensitivity,oxygen,10000000000.0,2e-09,55.0,0.5,8.33e-18,10.0,0.2019831401298888,1.0156910607220897,1.8759194592243387,2.3937902677493805,16.3317003017246,36.62306240107471,49.77152366567985,56.22337219040999,36.33907279065488,0.49235956403281056,0.9941012757691957,60.57882732123773
factorial_sensitivity,oxygen,10000000000.0,2e-09,55.0,1.0,8.330000000000001e-20,0.1,0.20396810221332506,1.031389331241043,1.9515133656847432,2.8520112002272895,164.11752897690698,369.0499571496608,507.64440842833045,613.6905774736599,363.39072790654876,0.4851010834987869,0.9886541801558159,672.4719839705311
factorial_sensitivity,oxygen,10000000000.0,2e-09,55.0,1.0,8.33e-19,1.0,0.20396810221332506,1.031389331241043,1.9515133656847432,2.8520112002272895,51.89851955257096,116.70384349804701,160.53125720823016,194.06600034007866,114.91423807712053,0.4851010834987869,0.9886541801558159,212.6543131999119
factorial_sensitivity,oxygen,10000000000.0,2e-09,55.0,1.0,8.33e-18,10.0,0.20396810221332506,1.031389331241043,1.9515133656847432,2.8520112002272895,16.4117528976907,36.90499571496609,50.76444084283305,61.369057747366,36.33907279065488,0.4851010834987869,0.9886541801558159,67.24719839705311
factorial_sensitivity,oxygen,10000000000.0,2e-09,55.0,5.0,8.330000000000001e-20,0.1,0.21983791777916606,1.1570221888581227,2.5772272229818745,6.893607056141229,170.3825614132603,390.8811125482158,583.3782010701128,954.1070482469187,363.39072790654876,0.4371771592002206,0.9566088417092756,1000.8189193243489
factorial_sensitivity,oxygen,10000000000.0,2e-09,55.0,5.0,8.33e-19,1.0,0.21983791777916606,1.1570221888581227,2.5772272229818745,6.893607056141229,53.87969676394199,123.60746099929847,184.48038526732347,301.7151404080425,114.91423807712053,0.4371771592002206,0.9566088417092756,316.48673104532486
factorial_sensitivity,oxygen,10000000000.0,2e-09,55.0,5.0,8.33e-18,10.0,0.21983791777916606,1.1570221888581227,2.5772272229818745,6.893607056141229,17.03825614132603,39.08811125482159,58.33782010701129,95.41070482469188,36.33907279065488,0.4371771592002206,0.9566088417092756,100.0818919324349
factorial_sensitivity,oxygen,10000000000.0,2.1e-09,5.0,0.1,8.330000000000001e-20,0.1,0.20436361387272087,1.0345279268959588,1.9676986374952832,2.9469561152411092,50.75442778292463,114.19399277581775,157.48944092237227,192.734287697596,112.27217828476797,0.48369175286437305,0.9876143734075993,211.38372458097032
factorial_sensitivity,oxygen,10000000000.0,2.1e-09,5.0,0.1,8.33e-19,1.0,0.20436361387272087,1.0345279268959588,1.9676986374952832,2.9469561152411092,16.049959313257187,36.111311228039774,49.802534074122555,60.9479332334573,35.50358012483631,0.48369175286437305,0.9876143734075993,66.8454029965588
factorial_sensitivity,oxygen,10000000000.0,2.1e-09,5.0,0.1,8.33e-18,10.0,0.20436361387272087,1.0345279268959588,1.9676986374952832,2.9469561152411092,5.075442778292463,11.419399277581773,15.748944092237227,19.273428769759597,11.227217828476796,0.48369175286437305,0.9876143734075993,21.138372458097034
factorial_sensitivity,oxygen,10000000000.0,2.1e-09,5.0,0.5,8.330000000000001e-20,0.1,0.22181954594683673,1.1727386508102164,2.656640521202081,7.4119271781160725,52.87763891106397,121.58297565118238,182.99471411301352,305.65937496773233,112.27217828476797,0.43214701686656054,0.953647205634119,318.850587270568
factorial_sensitivity,oxygen,10000000000.0,2.1e-09,5.0,0.5,8.33e-19,1.0,0.22181954594683673,1.1727386508102164,2.656640521202081,7.4119271781160725,16.72137762509078,38.447912775853005,57.86800963684818,96.65798130814898,35.50358012483631,0.43214701686656054,0.953647205634119,100.82940890572853
factorial_sensitivity,oxygen,10000000000.0,2.1e-09,5.0,0.5,8.33e-18,10.0,0.22181954594683673,1.1727386508102164,2.656640521202081,7.4119271781160725,5.287763891106397,12.158297565118238,18.299471411301347,30.56593749677323,11.227217828476796,0.43214701686656054,0.953647205634119,31.885058727056798
factorial_sensitivity,oxygen,10000000000.0,2.1e-09,5.0,1.0,8.330000000000001e-20,0.1,0.24364110921122342,1.3456837447979282,3.535307509271191,13.147707384714018,55.417564170837274,130.23977942438208,211.09879131983607,407.0963080267374,112.27217828476797,0.3858533129950865,0.9300583252085581,407.51384686137084
factorial_sensitivity,oxygen,10000000000.0,2.1e-09,5.0,1.0,8.33e-19,1.0,0.24364110921122342,1.3456837447979282,3.535307509271191,13.147707384714018,17.524572515838628,41.18543449389808,66.75529918792641,128.73515604099768,35.50358012483631,0.3858533129950865,0.9300583252085581,128.8671934138991
factorial_sensitivity,oxygen,10000000000.0,2.1e-09,5.0,1.0,8.33e-18,10.0,0.24364110921122342,1.3456837447979282,3.535307509271191,13.147707384714018,5.541756417083727,13.02397794243821,21.109879131983604,40.70963080267374,11.227217828476796,0.3858533129950865,0.9300583252085581,40.75138468613709
factorial_sensitivity,oxygen,10000000000.0,2.1e-09,5.0,5.0,8.330000000000001e-20,0.1,0.418217826300986,2.731537170114002,10.672144755729535,59.331014997101875,72.60615175521633,185.55630088939674,366.7735446503937,864.7947368816829,112.27217828476797,0.22412473348462636,0.9010069021507336,809.3572487869309
factorial_sensitivity,oxygen,10000000000.0,2.1e-09,5.0,5.0,8.33e-19,1.0,0.418217826300986,2.731537170114002,10.672144755729535,59.331014997101875,22.960081168631575,58.67805450060212,115.98397865887095,273.47210770721375,35.50358012483631,0.22412473348462636,0.9010069021507336,255.94123469342526
factorial_sensitivity,oxygen,10000000000.0,2.1e-09,5.0,5.0,8.33e-18,10.0,0.418217826300986,2.731537170114002,10.672144755729535,59.331014997101875,7.260615175521633,18.55563008893967,36.677354465039365,86.47947368816827,11.227217828476796,0.22412473348462636,0.9010069021507336,80.9357248786931
factorial_sensitivity,oxygen,10000000000.0,2.1e-09,20.0,0.1,8.330000000000001e-20,0.1,0.201090316163493,1.0086276990053336,1.8409342525151382,2.2043587585437985,100.69263894473673,225.51092678872402,304.66410095796977,333.38287161496754,224.54435656953595,0.49574796246994735,0.9966964633145807,351.1222881816623
factorial_sensitivity,oxygen,10000000000.0,2.1e-09,20.0,0.1,8.33e-19,1.0,0.201090316163493,1.0086276990053336,1.8409342525151382,2.2043587585437985,31.841808267834143,71.31281659078489,96.34324803146713,105.42492071907947,71.00716024967262,0.49574796246994735,0.9966964633145807,111.03461679040745
factorial_sensitivity,oxygen,10000000000.0,2.1e-09,20.0,0.1,8.33e-18,10.0,0.201090316163493,1.0086276990053336,1.8409342525151382,2.2043587585437985,10.069263894473671,22.551092678872404,30.46641009579697,33.33828716149676,22.454435656953592,0.49574796246994735,0.9966964633145807,35.11222881816624
factorial_sensitivity,oxygen,10000000000.0,2.1e-09,20.0,0.5,8.330000000000001e-20,0.1,0.20545605483528057,1.043162057475908,2.009395607004634,3.211737582388286,101.77980553736694,229.33906396270453,318.29870282286896,402.4131567081851,224.54435656953595,0.47988468889074387,0.9848346186528878,441.5138507186135
factorial_sensitivity,oxygen,10000000000.0,2.1e-09,20.0,0.5,8.33e-19,1.0,0.20545605483528057,1.043162057475908,2.009395607004634,3.211737582388286,32.18560053070974,72.52337985731874,100.65488771973322,127.2542135616131,71.00716024967262,0.47988468889074387,0.9848346186528878,139.61893867823883
factorial_sensitivity,oxygen,10000000000.0,2.1e-09,20.0,0.5,8.33e-18,10.0,0.20545605483528057,1.043162057475908,2.009395607004634,3.211737582388286,10.177980553736695,22.93390639627045,31.829870282286898,40.241315670818516,22.454435656953592,0.47988468889074387,0.9848346186528878,44.151385071861355
factorial_sensitivity,oxygen,10000000000.0,2.1e-09,20.0,1.0,8.330000000000001e-20,0.1,0.21090928022331965,1.086337227545553,2.2235846021230494,4.581943243912859,103.1216822777714,234.03697483631103,334.8335546965716,480.64784242996575,224.54435656953595,0.46220229494829945,0.9724850167389639,519.3937456344787
factorial_sensitivity,oxygen,10000000000.0,2.1e-09,20.0,1.0,8.33e-19,1.0,0.21090928022331965,1.086337227545553,2.2235846021230494,4.581943243912859,32.60993921459779,74.00898971782554,105.88366698917353,151.99419345244118,71.00716024967262,0.46220229494829945,0.9724850167389639,164.24672386510898
factorial_sensitivity,oxygen,10000000000.0,2.1e-09,20.0,1.0,8.33e-18,10.0,0.21090928022331965,1.086337227545553,2.2235846021230494,4.581943243912859,10.31216822777714,23.403697483631102,33.483355469657155,48.06478424299657,22.454435656953592,0.46220229494829945,0.9724850167389639,51.93937456344787
factorial_sensitivity,oxygen,10000000000.0,2.1e-09,20.0,5.0,8.330000000000001e-20,0.1,0.2545531639266818,1.432194502065142,3.977737599069876,16.02596006122412,113.2899523666051,268.72195202305824,447.8372452939022,898.9057791145776,224.54435656953595,0.3672715860708574,0.9224736132029556,888.7186916485365
factorial_sensitivity,oxygen,10000000000.0,2.1e-09,20.0,5.0,8.33e-19,1.0,0.2545531639266818,1.432194502065142,3.977737599069876,16.02596006122412,35.82542854904551,84.97734256793561,141.61857161842534,284.258966389028,71.00716024967262,0.3672715860708574,0.9224736132029556,281.0375264774237
factorial_sensitivity,oxygen,10000000000.0,2.1e-09,20.0,5.0,8.33e-18,10.0,0.2545531639266818,1.432194502065142,3.977737599069876,16.02596006122412,11.328995236660512,26.872195202305818,44.78372452939021,89.89057791145775,22.454435656953592,0.3672715860708574,0.9224736132029556,88.87186916485365
factorial_sensitivity,oxygen,10000000000.0,2.1e-09,55.0,0.1,8.330000000000001e-20,0.1,0.2003959398340824,1.0031344672200984,1.8141037890561804,2.169213829049196,166.69130648497207,372.9478156337425,501.5330490834236,548.4280682501914,372.3646897664626,0.49843929302051937,0.9987813930937915,544.245261755484
factorial_sensitivity,oxygen,10000000000.0,2.1e-09,55.0,0.1,8.33e-19,1.0,0.2003959398340824,1.0031344672200984,1.8141037890561804,2.169213829049196,52.712419464170765,117.93645457871794,158.59867569526418,173.42818284368792,117.75205398840139,0.49843929302051937,0.9987813930937915,172.10546329018595
factorial_sensitivity,oxygen,10000000000.0,2.1e-09,55.0,0.1,8.33e-18,10.0,0.2003959398340824,1.0031344672200984,1.8141037890561804,2.169213829049196,16.66913064849721,37.29478156337425,50.153304908342356,54.84280682501913,37.236468976646265,0.49843929302051937,0.9987813930937915,54.424526175548415
factorial_sensitivity,oxygen,10000000000.0,2.1e-09,55.0,0.5,8.330000000000001e-20,0.1,0.2019831401298888,1.0156910607220897,1.8759194592243387,2.3937902677493805,167.3501289161795,375.27471732247864,510.0063525490143,576.1181267313531,372.3646897664626,0.49235956403281056,0.9941012757691957,620.7482610202911
factorial_sensitivity,oxygen,10000000000.0,2.1e-09,55.0,0.5,8.33e-19,1.0,0.2019831401298888,1.0156910607220897,1.8759194592243387,2.3937902677493805,52.920757409793275,118.67228550148778,161.27816952097066,182.18454817806133,117.75205398840139,0.49235956403281056,0.9941012757691957,196.2978358412837
factorial_sensitivity,oxygen,10000000000.0,2.1e-09,55.0,0.5,8.33e-18,10.0,0.2019831401298888,1.0156910607220897,1.8759194592243387,2.3937902677493805,16.73501289161795,37.52747173224786,51.00063525490144,57.61181267313532,37.236468976646265,0.49235956403281056,0.9941012757691957,62.07482610202913
factorial_sensitivity,oxygen,10000000000.0,2.1e-09,55.0,1.0,8.330000000000001e-20,0.1,0.20396810221332506,1.031389331241043,1.9515133656847432,2.8520112002272895,168.17042392573137,378.1636741092074,520.1807259779788,628.8457132905908,372.3646897664626,0.4851010834987869,0.9886541801558159,689.0787311233204
factorial_sensitivity,oxygen,10000000000.0,2.1e-09,55.0,1.0,8.33e-19,1.0,0.20396810221332506,1.031389331241043,1.9515133656847432,2.8520112002272895,53.180157468138624,119.5858538522742,164.49558890103316,198.8584750831485,117.75205398840139,0.4851010834987869,0.9886541801558159,217.90582775284497
factorial_sensitivity,oxygen,10000000000.0,2.1e-09,55.0,1.0,8.33e-18,10.0,0.20396810221332506,1.031389331241043,1.9515133656847432,2.8520112002272895,16.817042392573136,37.81636741092074,52.01807259779788,62.88457132905907,37.236468976646265,0.4851010834987869,0.9886541801558159,68.90787311233206
factorial_sensitivity,oxygen,10000000000.0,2.1e-09,55.0,5.0,8.330000000000001e-20,0.1,0.21983791777916606,1.1570221888581227,2.5772272229818745,6.893607056141229,174.5901718179766,400.533951562508,597.7847704299526,977.6687948841216,372.3646897664626,0.4371771592002206,0.9566088417092756,1025.5342191957495
factorial_sensitivity,oxygen,10000000000.0,2.1e-09,55.0,5.0,8.33e-19,1.0,0.21983791777916606,1.1570221888581227,2.5772272229818745,6.893607056141229,55.210260002494636,126.65995671650829,189.0361425119522,309.1660189105799,117.75205398840139,0.4371771592002206,0.9566088417092756,324.30239511009404
factorial_sensitivity,oxygen,10000000000.0,2.1e-09,55.0,5.0,8.33e-18,10.0,0.21983791777916606,1.1570221888581227,2.5772272229818745,6.893607056141229,17.45901718179766,40.053395156250794,59.77847704299525,97.76687948841214,37.236468976646265,0.4371771592002206,0.9566088417092756,102.55342191957496
factorial_sensitivity,oxygen,100000000000.0,1e-09,5.0,0.1,8.330000000000001e-20,0.1,0.20436361387272087,1.0345279268959588,1.9676986374952832,2.9469561152411092,11.07552415092485,24.919172181163102,34.36701353252604,42.05806963750617,24.499797877501262,0.48369175286437305,0.9876143734075993,46.12771040828543
factorial_sensitivity,oxygen,100000000000.0,1e-09,5.0,0.1,8.33e-19,1.0,0.20436361387272087,1.0345279268959588,1.9676986374952832,2.9469561152411092,3.502388259712501,7.880134149838144,10.867803914061147,13.29992940444918,7.7475163506662925,0.48369175286437305,0.9876143734075993,14.586862813883746
factorial_sensitivity,oxygen,100000000000.0,1e-09,5.0,0.1,8.33e-18,10.0,0.20436361387272087,1.0345279268959588,1.9676986374952832,2.9469561152411092,1.1075524150924851,2.4919172181163107,3.436701353252604,4.205806963750617,2.4499797877501264,0.48369175286437305,0.9876143734075993,4.612771040828543
factorial_sensitivity,oxygen,100000000000.0,1e-09,5.0,0.5,8.330000000000001e-20,0.1,0.22181954594683673,1.1727386508102164,2.656640521202081,7.4119271781160725,11.538846803832996,26.531580435215048,39.93272043808039,66.70034393631065,24.499797877501262,0.43214701686656054,0.953647205634119,69.5789024546905
factorial_sensitivity,oxygen,100000000000.0,1e-09,5.0,0.5,8.33e-19,1.0,0.22181954594683673,1.1727386508102164,2.656640521202081,7.4119271781160725,3.6489037471866395,8.3900224099241,12.627834975109087,21.09250075553426,7.7475163506662925,0.43214701686656054,0.953647205634119,22.002780885150262
factorial_sensitivity,oxygen,100000000000.0,1e-09,5.0,0.5,8.33e-18,10.0,0.22181954594683673,1.1727386508102164,2.656640521202081,7.4119271781160725,1.1538846803832998,2.653158043521505,3.9932720438080387,6.670034393631065,2.4499797877501264,0.43214701686656054,0.953647205634119,6.95789024546905
factorial_sensitivity,oxygen,100000000000.0,1e-09,5.0,1.0,8.330000000000001e-20,0.1,0.24364110921122342,1.3456837447979282,3.535307509271191,13.147707384714018,12.093103935377831,28.420649890789672,46.06553287318265,88.83569746045632,24.499797877501262,0.3858533129950865,0.9300583252085581,88.92681190404163
factorial_sensitivity,oxygen,100000000000.0,1e-09,5.0,1.0,8.33e-19,1.0,0.24364110921122342,1.3456837447979282,3.535307509271191,13.147707384714018,3.824175241693963,8.987398623711107,14.567200550861758,28.092314150467786,7.7475163506662925,0.3858533129950865,0.9300583252085581,28.121127067414637
factorial_sensitivity,oxygen,100000000000.0,1e-09,5.0,1.0,8.33e-18,10.0,0.24364110921122342,1.3456837447979282,3.535307509271191,13.147707384714018,1.2093103935377834,2.842064989078967,4.606553287318265,8.883569746045634,2.4499797877501264,0.3858533129950865,0.9300583252085581,8.892681190404163
factorial_sensitivity,oxygen,100000000000.0,1e-09,5.0,5.0,8.330000000000001e-20,0.1,0.418217826300986,2.731537170114002,10.672144755729535,59.331014997101875,15.843961254177602,40.491704500079145,80.03654910798546,188.71368296951096,24.499797877501262,0.22412473348462636,0.9010069021507336,176.61623127749127
factorial_sensitivity,oxygen,100000000000.0,1e-09,5.0,5.0,8.33e-19,1.0,0.418217826300986,2.731537170114002,10.672144755729535,59.331014997101875,5.0103004722659215,12.804601256273973,25.309779124115185,59.67650638225825,7.7475163506662925,0.22412473348462636,0.9010069021507336,55.85095625919424
factorial_sensitivity,oxygen,100000000000.0,1e-09,5.0,5.0,8.33e-18,10.0,0.418217826300986,2.731537170114002,10.672144755729535,59.331014997101875,1.5843961254177603,4.049170450007915,8.003654910798547,18.8713682969511,2.4499797877501264,0.22412473348462636,0.9010069021507336,17.661623127749127
factorial_sensitivity,oxygen,100000000000.0,1e-09,20.0,0.1,8.330000000000001e-20,0.1,0.201090316163493,1.0086276990053336,1.8409342525151382,2.2043587585437985,21.97293523281497,49.210518668998695,66.48315734169354,72.75010688463493,48.999595755002524,0.49574796246994735,0.9966964633145807,76.62116494183647
factorial_sensitivity,oxygen,100000000000.0,1e-09,20.0,0.1,8.33e-19,1.0,0.201090316163493,1.0086276990053336,1.8409342525151382,2.2043587585437985,6.948452221505747,15.561732383227357,21.023820323909685,23.005603777614287,15.495032701332585,0.49574796246994735,0.9966964633145807,24.22973981916461
factorial_sensitivity,oxygen,100000000000.0,1e-09,20.0,0.1,8.33e-18,10.0,0.201090316163493,1.0086276990053336,1.8409342525151382,2.2043587585437985,2.197293523281497,4.921051866899869,6.648315734169354,7.275010688463493,4.899959575500253,0.49574796246994735,0.9966964633145807,7.662116494183648
factorial_sensitivity,oxygen,100000000000.0,1e-09,20.0,0.5,8.330000000000001e-20,0.1,0.20545605483528057,1.043162057475908,2.009395607004634,3.211737582388286,22.21017443299379,50.04588668663868,69.45847139485957,87.81375006006593,48.999595755002524,0.47988468889074387,0.9848346186528878,96.34622101378474
factorial_sensitivity,oxygen,100000000000.0,1e-09,20.0,0.5,8.33e-19,1.0,0.20545605483528057,1.043162057475908,2.009395607004634,3.211737582388286,7.023473843789916,15.825898945247564,21.964697240140886,27.76914600705562,15.495032701332585,0.47988468889074387,0.9848346186528878,30.467350235353678
factorial_sensitivity,oxygen,100000000000.0,1e-09,20.0,0.5,8.33e-18,10.0,0.20545605483528057,1.043162057475908,2.009395607004634,3.211737582388286,2.221017443299379,5.004588668663869,6.9458471394859576,8.781375006006593,4.899959575500253,0.47988468889074387,0.9848346186528878,9.634622101378474
factorial_sensitivity,oxygen,100000000000.0,1e-09,20.0,1.0,8.330000000000001e-20,0.1,0.21090928022331965,1.086337227545553,2.2235846021230494,4.581943243912859,22.502995944241597,51.071054885993824,73.0666718861036,104.88595812154881,48.999595755002524,0.46220229494829945,0.9724850167389639,113.34100737412561
factorial_sensitivity,oxygen,100000000000.0,1e-09,20.0,1.0,8.33e-19,1.0,0.21090928022331965,1.086337227545553,2.2235846021230494,4.581943243912859,7.116072136133485,16.150085594721144,23.10571042082784,33.167852223313005,15.495032701332585,0.46220229494829945,0.9724850167389639,35.8415735600177
factorial_sensitivity,oxygen,100000000000.0,1e-09,20.0,1.0,8.33e-18,10.0,0.21090928022331965,1.086337227545553,2.2235846021230494,4.581943243912859,2.2502995944241597,5.107105488599383,7.306667188610361,10.488595812154882,4.899959575500253,0.46220229494829945,0.9724850167389639,11.334100737412562
factorial_sensitivity,oxygen,100000000000.0,1e-09,20.0,5.0,8.330000000000001e-20,0.1,0.2545531639266818,1.432194502065142,3.977737599069876,16.02596006122412,24.72189439037664,58.639937430569326,97.72609883713393,196.1573226393241,48.999595755002524,0.3672715860708574,0.9224736132029556,193.9343179048351
factorial_sensitivity,oxygen,100000000000.0,1e-09,20.0,5.0,8.33e-19,1.0,0.2545531639266818,1.432194502065142,3.977737599069876,16.02596006122412,7.817749434773003,18.543576413036096,30.90370591680757,62.03039192607757,15.495032701332585,0.3672715860708574,0.9224736132029556,61.32741610504525
factorial_sensitivity,oxygen,100000000000.0,1e-09,20.0,5.0,8.33e-18,10.0,0.2545531639266818,1.432194502065142,3.977737599069876,16.02596006122412,2.4721894390376637,5.863993743056933,9.772609883713393,19.61573226393241,4.899959575500253,0.3672715860708574,0.9224736132029556,19.39343179048351
factorial_sensitivity,oxygen,100000000000.0,1e-09,55.0,0.1,8.330000000000001e-20,0.1,0.2003959398340824,1.0031344672200984,1.8141037890561804,2.169213829049196,36.3750252218318,81.38388549571715,109.4434838546091,119.67681599975758,81.25663699921729,0.49843929302051937,0.9987813930937915,118.76405279121717
factorial_sensitivity,oxygen,100000000000.0,1e-09,55.0,0.1,8.33e-19,1.0,0.2003959398340824,1.0031344672200984,1.8141037890561804,2.169213829049196,11.502792964706005,25.735844300080775,34.60906840444291,37.8451321676115,25.695604792303623,0.49843929302051937,0.9987813930937915,37.55649109727242
factorial_sensitivity,oxygen,100000000000.0,1e-09,55.0,0.1,8.33e-18,10.0,0.2003959398340824,1.0031344672200984,1.8141037890561804,2.169213829049196,3.6375025221831803,8.138388549571715,10.944348385460911,11.967681599975759,8.12566369992173,0.49843929302051937,0.9987813930937915,11.87640527912172
factorial_sensitivity,oxygen,100000000000.0,1e-09,55.0,0.5,8.330000000000001e-20,0.1,0.2019831401298888,1.0156910607220897,1.8759194592243387,2.3937902677493805,36.518792062810036,81.89165707301972,111.29251026019966,125.71928214202796,81.25663699921729,0.49235956403281056,0.9941012757691957,135.45837588750905
factorial_sensitivity,oxygen,100000000000.0,1e-09,55.0,0.5,8.33e-19,1.0,0.2019831401298888,1.0156910607220897,1.8759194592243387,2.3937902677493805,11.548256031655848,25.89641577161801,35.19378189398895,39.75592773701405,25.695604792303623,0.49235956403281056,0.9941012757691957,42.8356995951761
factorial_sensitivity,oxygen,100000000000.0,1e-09,55.0,0.5,8.33e-18,10.0,0.2019831401298888,1.0156910607220897,1.8759194592243387,2.3937902677493805,3.651879206281003,8.18916570730197,11.129251026019967,12.571928214202797,8.12566369992173,0.49235956403281056,0.9941012757691957,13.545837588750906
factorial_sensitivity,oxygen,100000000000.0,1e-09,55.0,1.0,8.330000000000001e-20,0.1,0.20396810221332506,1.031389331241043,1.9515133656847432,2.8520112002272895,36.69779510916556,82.52207912800262,113.51274056434141,137.22538483822046,81.25663699921729,0.4851010834987869,0.9886541801558159,150.36930691222562
factorial_sensitivity,oxygen,100000000000.0,1e-09,55.0,1.0,8.33e-19,1.0,0.20396810221332506,1.031389331241043,1.9515133656847432,2.8520112002272895,11.604861765115064,26.095772729712998,35.895880363110585,43.39447688819132,25.695604792303623,0.4851010834987869,0.9886541801558159,47.55095000235339
factorial_sensitivity,oxygen,100000000000.0,1e-09,55.0,1.0,8.33e-18,10.0,0.20396810221332506,1.031389331241043,1.9515133656847432,2.8520112002272895,3.669779510916556,8.252207912800262,11.351274056434141,13.722538483822047,8.12566369992173,0.4851010834987869,0.9886541801558159,15.036930691222567
factorial_sensitivity,oxygen,100000000000.0,1e-09,55.0,5.0,8.330000000000001e-20,0.1,0.21983791777916606,1.1570221888581227,2.5772272229818745,6.893607056141229,38.098698950058264,87.40367387785567,130.44733141843128,213.3448217691782,81.25663699921729,0.4371771592002206,0.9566088417092756,223.78991367771218
factorial_sensitivity,oxygen,100000000000.0,1e-09,55.0,5.0,8.33e-19,1.0,0.21983791777916606,1.1570221888581227,2.5772272229818745,6.893607056141229,12.047866457124975,27.63946853205855,41.2510681973086,67.46555637932767,25.695604792303623,0.4371771592002206,0.9566088417092756,70.76858445940394
factorial_sensitivity,oxygen,100000000000.0,1e-09,55.0,5.0,8.33e-18,10.0,0.21983791777916606,1.1570221888581227,2.5772272229818745,6.893607056141229,3.8098698950058267,8.740367387785566,13.044733141843128,21.334482176917817,8.12566369992173,0.4371771592002206,0.9566088417092756,22.378991367771224
factorial_sensitivity,oxygen,100000000000.0,2e-09,5.0,0.1,8.330000000000001e-20,0.1,0.20436361387272087,1.0345279268959588,1.9676986374952832,2.9469561152411092,15.663156464628681,35.2410312617112,48.60229663595801,59.47909248859332,34.64794643376185,0.48369175286437305,0.9876143734075993,65.23443366061584
factorial_sensitivity,oxygen,100000000000.0,2e-09,5.0,0.1,8.33e-19,1.0,0.20436361387272087,1.0345279268959588,1.9676986374952832,2.9469561152411092,4.95312497758172,11.14419258802048,15.36939568847668,18.80894054237675,10.956642697819579,0.48369175286437305,0.9876143734075993,20.62893922387016
factorial_sensitivity,oxygen,100000000000.0,2e-09,5.0,0.1,8.33e-18,10.0,0.20436361387272087,1.0345279268959588,1.9676986374952832,2.9469561152411092,1.566315646462868,3.52410312617112,4.860229663595802,5.9479092488593315,3.4647946433761856,0.48369175286437305,0.9876143734075993,6.523443366061583
factorial_sensitivity,oxygen,100000000000.0,2e-09,5.0,0.5,8.330000000000001e-20,0.1,0.22181954594683673,1.1727386508102164,2.656640521202081,7.4119271781160725,16.318393644126065,37.521320882673784,56.47339482598656,94.32853100968056,34.64794643376185,0.43214701686656054,0.953647205634119,98.39942750645794
factorial_sensitivity,oxygen,100000000000.0,2e-09,5.0,0.5,8.33e-19,1.0,0.22181954594683673,1.1727386508102164,2.656640521202081,7.4119271781160725,5.160329167065353,11.865283480728861,17.858455485208587,29.829300632841306,10.956642697819579,0.43214701686656054,0.953647205634119,31.116631137702992
factorial_sensitivity,oxygen,100000000000.0,2e-09,5.0,0.5,8.33e-18,10.0,0.22181954594683673,1.1727386508102164,2.656640521202081,7.4119271781160725,1.6318393644126066,3.7521320882673788,5.647339482598657,9.432853100968055,3.4647946433761856,0.43214701686656054,0.953647205634119,9.839942750645795
factorial_sensitivity,oxygen,100000000000.0,2e-09,5.0,1.0,8.330000000000001e-20,0.1,0.24364110921122342,1.3456837447979282,3.535307509271191,13.147707384714018,17.102231596598777,40.19286852701217,65.14650134719855,125.63264817145047,34.64794643376185,0.3858533129950865,0.9300583252085581,125.76150345329685
factorial_sensitivity,oxygen,100000000000.0,2e-09,5.0,1.0,8.33e-19,1.0,0.24364110921122342,1.3456837447979282,3.535307509271191,13.147707384714018,5.408200491695011,12.710101024105535,20.60113258483752,39.72853167003716,10.956642697819579,0.3858533129950865,0.9300583252085581,39.769279287954916
factorial_sensitivity,oxygen,100000000000.0,2e-09,5.0,1.0,8.33e-18,10.0,0.24364110921122342,1.3456837447979282,3.535307509271191,13.147707384714018,1.7102231596598778,4.019286852701218,6.514650134719854,12.563264817145047,3.4647946433761856,0.3858533129950865,0.9300583252085581,12.576150345329687
factorial_sensitivity,oxygen,100000000000.0,2e-09,5.0,5.0,8.330000000000001e-20,0.1,0.418217826300986,2.731537170114002,10.672144755729535,59.331014997101875,22.4067448873718,57.26391766761562,113.18877323405329,266.88144986085905,34.64794643376185,0.22412473348462636,0.9010069021507336,249.77306960785134
factorial_sensitivity,oxygen,100000000000.0,2e-09,5.0,5.0,8.33e-19,1.0,0.418217826300986,2.731537170114002,10.672144755729535,59.331014997101875,7.0856348794427895,18.108440757402224,35.79343289799113,84.3953246808342,10.956642697819579,0.22412473348462636,0.9010069021507336,78.985179813259
factorial_sensitivity,oxygen,100000000000.0,2e-09,5.0,5.0,8.33e-18,10.0,0.418217826300986,2.731537170114002,10.672144755729535,59.331014997101875,2.2406744887371803,5.726391766761562,11.31887732340533,26.688144986085902,3.4647946433761856,0.22412473348462636,0.9010069021507336,24.97730696078514
factorial_sensitivity,oxygen,100000000000.0,2e-09,20.0,0.1,8.330000000000001e-20,0.1,0.201090316163493,1.0086276990053336,1.8409342525151382,2.2043587585437985,31.07442301139255,69.59418291311235,94.02138278200741,102.88418782034299,69.2958928675237,0.49574796246994735,0.9966964633145807,108.35869062557104
factorial_sensitivity,oxygen,100000000000.0,2e-09,20.0,0.1,8.33e-19,1.0,0.201090316163493,1.0086276990053336,1.8409342525151382,2.2043587585437985,9.826595369154887,22.00761299038071,29.732171834968195,32.53483687288384,21.913285395639157,0.49574796246994735,0.9966964633145807,34.26602666503402
factorial_sensitivity,oxygen,100000000000.0,2e-09,20.0,0.1,8.33e-18,10.0,0.201090316163493,1.0086276990053336,1.8409342525151382,2.2043587585437985,3.1074423011392547,6.959418291311235,9.402138278200741,10.288418782034299,6.929589286752371,0.49574796246994735,0.9966964633145807,10.835869062557107
factorial_sensitivity,oxygen,100000000000.0,2e-09,20.0,0.5,8.330000000000001e-20,0.1,0.20545605483528057,1.043162057475908,2.009395607004634,3.211737582388286,31.409929905811985,70.77557169323154,98.22911226831408,124.18739629778644,69.2958928675237,0.47988468889074387,0.9848346186528878,136.25413244109006
factorial_sensitivity,oxygen,100000000000.0,2e-09,20.0,0.5,8.33e-19,1.0,0.20545605483528057,1.043162057475908,2.009395607004634,3.211737582388286,9.932691964860393,22.381200925115166,31.06277273042613,39.271502898696745,21.913285395639157,0.47988468889074387,0.9848346186528878,43.087339912408275
factorial_sensitivity,oxygen,100000000000.0,2e-09,20.0,0.5,8.33e-18,10.0,0.20545605483528057,1.043162057475908,2.009395607004634,3.211737582388286,3.140992990581198,7.077557169323155,9.822911226831408,12.418739629778646,6.929589286752371,0.47988468889074387,0.9848346186528878,13.625413244109005
factorial_sensitivity,oxygen,100000000000.0,2e-09,20.0,1.0,8.330000000000001e-20,0.1,0.21090928022331965,1.086337227545553,2.2235846021230494,4.581943243912859,31.824042058373223,72.2253784644732,103.33187833879265,148.33114447799082,69.2958928675237,0.46220229494829945,0.9724850167389639,160.2883898015174
factorial_sensitivity,oxygen,100000000000.0,2e-09,20.0,1.0,8.33e-19,1.0,0.21090928022331965,1.086337227545553,2.2235846021230494,4.581943243912859,10.063645725745257,22.839670081540994,32.676409045400085,46.906426448995866,21.913285395639157,0.46220229494829945,0.9724850167389639,50.687639425369966
factorial_sensitivity,oxygen,100000000000.0,2e-09,20.0,1.0,8.33e-18,10.0,0.21090928022331965,1.086337227545553,2.2235846021230494,4.581943243912859,3.1824042058373223,7.22253784644732,10.333187833879265,14.833114447799082,6.929589286752371,0.46220229494829945,0.9724850167389639,16.028838980151743
factorial_sensitivity,oxygen,100000000000.0,2e-09,20.0,5.0,8.330000000000001e-20,0.1,0.2545531639266818,1.432194502065142,3.977737599069876,16.02596006122412,34.96203833442598,82.92939481102086,138.20557437328839,277.4083460353271,69.2958928675237,0.3672715860708574,0.9224736132029556,274.2645425905931
factorial_sensitivity,oxygen,100000000000.0,2e-09,20.0,5.0,8.33e-19,1.0,0.2545531639266818,1.432194502065142,3.977737599069876,16.02596006122412,11.055967277890579,26.224577258217476,43.70444003513893,87.72422154117744,21.913285395639157,0.3672715860708574,0.9224736132029556,86.73006360105317
factorial_sensitivity,oxygen,100000000000.0,2e-09,20.0,5.0,8.33e-18,10.0,0.2545531639266818,1.432194502065142,3.977737599069876,16.02596006122412,3.4962038334425984,8.292939481102085,13.820557437328837,27.740834603532715,6.929589286752371,0.3672715860708574,0.9224736132029556,27.426454259059316
factorial_sensitivity,oxygen,100000000000.0,2e-09,55.0,0.1,8.330000000000001e-20,0.1,0.2003959398340824,1.0031344672200984,1.8141037890561804,2.169213829049196,51.44205400037793,115.0941946266622,154.77645918054904,169.24857628848656,114.91423807712053,0.49843929302051937,0.9987813930937915,167.95773417973356
factorial_sensitivity,oxygen,100000000000.0,2e-09,55.0,0.1,8.33e-19,1.0,0.2003959398340824,1.0031344672200984,1.8141037890561804,2.169213829049196,16.267405815857057,36.39598004829654,48.94461391866134,53.52109918123848,36.33907279065488,0.49843929302051937,0.9987813930937915,53.112899064907054
factorial_sensitivity,oxygen,100000000000.0,2e-09,55.0,0.1,8.33e-18,10.0,0.2003959398340824,1.0031344672200984,1.8141037890561804,2.169213829049196,5.1442054000377935,11.509419462666221,15.477645918054908,16.92485762884866,11.491423807712055,0.49843929302051937,0.9987813930937915,16.795773417973358
factorial_sensitivity,oxygen,100000000000.0,2e-09,55.0,0.5,8.330000000000001e-20,0.1,0.2019831401298888,1.0156910607220897,1.8759194592243387,2.3937902677493805,51.64537101670888,115.81229207787106,157.39137740052115,177.79391385706558,114.91423807712053,0.49235956403281056,0.9941012757691957,191.56707231714796
factorial_sensitivity,oxygen,100000000000.0,2e-09,55.0,0.5,8.33e-19,1.0,0.2019831401298888,1.0156910607220897,1.8759194592243387,2.3937902677493805,16.3317003017246,36.62306240107471,49.77152366567985,56.22337219040999,36.33907279065488,0.49235956403281056,0.9941012757691957,60.57882732123773
factorial_sensitivity,oxygen,100000000000.0,2e-09,55.0,0.5,8.33e-18,10.0,0.2019831401298888,1.0156910607220897,1.8759194592243387,2.3937902677493805,5.164537101670888,11.581229207787109,15.739137740052119,17.779391385706564,11.491423807712055,0.49235956403281056,0.9941012757691957,19.156707231714794
factorial_sensitivity,oxygen,100000000000.0,2e-09,55.0,1.0,8.330000000000001e-20,0.1,0.20396810221332506,1.031389331241043,1.9515133656847432,2.8520112002272895,51.89851955257096,116.70384349804701,160.53125720823016,194.06600034007866,114.91423807712053,0.4851010834987869,0.9886541801558159,212.6543131999119
factorial_sensitivity,oxygen,100000000000.0,2e-09,55.0,1.0,8.33e-19,1.0,0.20396810221332506,1.031389331241043,1.9515133656847432,2.8520112002272895,16.4117528976907,36.90499571496609,50.76444084283305,61.369057747366,36.33907279065488,0.4851010834987869,0.9886541801558159,67.24719839705311
factorial_sensitivity,oxygen,100000000000.0,2e-09,55.0,1.0,8.33e-18,10.0,0.20396810221332506,1.031389331241043,1.9515133656847432,2.8520112002272895,5.1898519552570965,11.670384349804703,16.053125720823022,19.40660003400787,11.491423807712055,0.4851010834987869,0.9886541801558159,21.26543131999119
factorial_sensitivity,oxygen,100000000000.0,2e-09,55.0,5.0,8.330000000000001e-20,0.1,0.21983791777916606,1.1570221888581227,2.5772272229818745,6.893607056141229,53.87969676394199,123.60746099929847,184.48038526732347,301.7151404080425,114.91423807712053,0.4371771592002206,0.9566088417092756,316.48673104532486
factorial_sensitivity,oxygen,100000000000.0,2e-09,55.0,5.0,8.33e-19,1.0,0.21983791777916606,1.1570221888581227,2.5772272229818745,6.893607056141229,17.03825614132603,39.08811125482159,58.33782010701129,95.41070482469188,36.33907279065488,0.4371771592002206,0.9566088417092756,100.0818919324349
factorial_sensitivity,oxygen,100000000000.0,2e-09,55.0,5.0,8.33e-18,10.0,0.21983791777916606,1.1570221888581227,2.5772272229818745,6.893607056141229,5.3879696763942,12.36074609992985,18.448038526732347,30.171514040804254,11.491423807712055,0.4371771592002206,0.9566088417092756,31.648673104532485
factorial_sensitivity,oxygen,100000000000.0,2.1e-09,5.0,0.1,8.330000000000001e-20,0.1,0.20436361387272087,1.0345279268959588,1.9676986374952832,2.9469561152411092,16.049959313257187,36.111311228039774,49.802534074122555,60.9479332334573,35.50358012483631,0.48369175286437305,0.9876143734075993,66.8454029965588
factorial_sensitivity,oxygen,100000000000.0,2.1e-09,5.0,0.1,8.33e-19,1.0,0.20436361387272087,1.0345279268959588,1.9676986374952832,2.9469561152411092,5.075442778292463,11.419399277581773,15.748944092237227,19.273428769759597,11.227217828476796,0.48369175286437305,0.9876143734075993,21.138372458097034
factorial_sensitivity,oxygen,100000000000.0,2.1e-09,5.0,0.1,8.33e-18,10.0,0.20436361387272087,1.0345279268959588,1.9676986374952832,2.9469561152411092,1.604995931325719,3.6111311228039775,4.980253407412255,6.094793323345731,3.5503580124836316,0.48369175286437305,0.9876143734075993,6.68454029965588
factorial_sensitivity,oxygen,100000000000.0,2.1e-09,5.0,0.5,8.330000000000001e-20,0.1,0.22181954594683673,1.1727386508102164,2.656640521202081,7.4119271781160725,16.72137762509078,38.447912775853005,57.86800963684818,96.65798130814898,35.50358012483631,0.43214701686656054,0.953647205634119,100.82940890572853
factorial_sensitivity,oxygen,100000000000.0,2.1e-09,5.0,0.5,8.33e-19,1.0,0.22181954594683673,1.1727386508102164,2.656640521202081,7.4119271781160725,5.287763891106397,12.158297565118238,18.299471411301347,30.56593749677323,11.227217828476796,0.43214701686656054,0.953647205634119,31.885058727056798
factorial_sensitivity,oxygen,100000000000.0,2.1e-09,5.0,0.5,8.33e-18,10.0,0.22181954594683673,1.1727386508102164,2.656640521202081,7.4119271781160725,1.6721377625090783,3.8447912775853004,5.786800963684818,9.665798130814899,3.5503580124836316,0.43214701686656054,0.953647205634119,10.082940890572852
factorial_sensitivity,oxygen,100000000000.0,2.1e-09,5.0,1.0,8.330000000000001e-20,0.1,0.24364110921122342,1.3456837447979282,3.535307509271191,13.147707384714018,17.524572515838628,41.18543449389808,66.75529918792641,128.73515604099768,35.50358012483631,0.3858533129950865,0.9300583252085581,128.8671934138991
factorial_sensitivity,oxygen,100000000000.0,2.1e-09,5.0,1.0,8.33e-19,1.0,0.24364110921122342,1.3456837447979282,3.535307509271191,13.147707384714018,5.541756417083727,13.02397794243821,21.109879131983604,40.70963080267374,11.227217828476796,0.3858533129950865,0.9300583252085581,40.75138468613709
factorial_sensitivity,oxygen,100000000000.0,2.1e-09,5.0,1.0,8.33e-18,10.0,0.24364110921122342,1.3456837447979282,3.535307509271191,13.147707384714018,1.752457251583863,4.118543449389809,6.675529918792642,12.87351560409977,3.5503580124836316,0.3858533129950865,0.9300583252085581,12.88671934138991
factorial_sensitivity,oxygen,100000000000.0,2.1e-09,5.0,5.0,8.330000000000001e-20,0.1,0.418217826300986,2.731537170114002,10.672144755729535,59.331014997101875,22.960081168631575,58.67805450060212,115.98397865887095,273.47210770721375,35.50358012483631,0.22412473348462636,0.9010069021507336,255.94123469342526
factorial_sensitivity,oxygen,100000000000.0,2.1e-09,5.0,5.0,8.33e-19,1.0,0.418217826300986,2.731537170114002,10.672144755729535,59.331014997101875,7.260615175521633,18.55563008893967,36.677354465039365,86.47947368816827,11.227217828476796,0.22412473348462636,0.9010069021507336,80.9357248786931
factorial_sensitivity,oxygen,100000000000.0,2.1e-09,5.0,5.0,8.33e-18,10.0,0.418217826300986,2.731537170114002,10.672144755729535,59.331014997101875,2.296008116863158,5.867805450060212,11.598397865887096,27.34721077072137,3.5503580124836316,0.22412473348462636,0.9010069021507336,25.594123469342527
factorial_sensitivity,oxygen,100000000000.0,2.1e-09,20.0,0.1,8.330000000000001e-20,0.1,0.201090316163493,1.0086276990053336,1.8409342525151382,2.2043587585437985,31.841808267834143,71.31281659078489,96.34324803146713,105.42492071907947,71.00716024967262,0.49574796246994735,0.9966964633145807,111.03461679040745
factorial_sensitivity,oxygen,100000000000.0,2.1e-09,20.0,0.1,8.33e-19,1.0,0.201090316163493,1.0086276990053336,1.8409342525151382,2.2043587585437985,10.069263894473671,22.551092678872404,30.46641009579697,33.33828716149676,22.454435656953592,0.49574796246994735,0.9966964633145807,35.11222881816624
factorial_sensitivity,oxygen,100000000000.0,2.1e-09,20.0,0.1,8.33e-18,10.0,0.201090316163493,1.0086276990053336,1.8409342525151382,2.2043587585437985,3.1841808267834146,7.131281659078489,9.634324803146715,10.542492071907947,7.100716024967263,0.49574796246994735,0.9966964633145807,11.103461679040745
factorial_sensitivity,oxygen,100000000000.0,2.1e-09,20.0,0.5,8.330000000000001e-20,0.1,0.20545605483528057,1.043162057475908,2.009395607004634,3.211737582388286,32.18560053070974,72.52337985731874,100.65488771973322,127.2542135616131,71.00716024967262,0.47988468889074387,0.9848346186528878,139.61893867823883
factorial_sensitivity,oxygen,100000000000.0,2.1e-09,20.0,0.5,8.33e-19,1.0,0.20545605483528057,1.043162057475908,2.009395607004634,3.211737582388286,10.177980553736695,22.93390639627045,31.829870282286898,40.241315670818516,22.454435656953592,0.47988468889074387,0.9848346186528878,44.151385071861355
factorial_sensitivity,oxygen,100000000000.0,2.1e-09,20.0,0.5,8.33e-18,10.0,0.20545605483528057,1.043162057475908,2.009395607004634,3.211737582388286,3.218560053070974,7.2523379857318755,10.065488771973323,12.725421356161311,7.100716024967263,0.47988468889074387,0.9848346186528878,13.961893867823884
factorial_sensitivity,oxygen,100000000000.0,2.1e-09,20.0,1.0,8.330000000000001e-20,0.1,0.21090928022331965,1.086337227545553,2.2235846021230494,4.581943243912859,32.60993921459779,74.00898971782554,105.88366698917353,151.99419345244118,71.00716024967262,0.46220229494829945,0.9724850167389639,164.24672386510898
factorial_sensitivity,oxygen,100000000000.0,2.1e-09,20.0,1.0,8.33e-19,1.0,0.21090928022331965,1.086337227545553,2.2235846021230494,4.581943243912859,10.31216822777714,23.403697483631102,33.483355469657155,48.06478424299657,22.454435656953592,0.46220229494829945,0.9724850167389639,51.93937456344787
factorial_sensitivity,oxygen,100000000000.0,2.1e-09,20.0,1.0,8.33e-18,10.0,0.21090928022331965,1.086337227545553,2.2235846021230494,4.581943243912859,3.260993921459779,7.400898971782555,10.588366698917355,15.19941934524412,7.100716024967263,0.46220229494829945,0.9724850167389639,16.4246723865109
factorial_sensitivity,oxygen,100000000000.0,2.1e-09,20.0,5.0,8.330000000000001e-20,0.1,0.2545531639266818,1.432194502065142,3.977737599069876,16.02596006122412,35.82542854904551,84.97734256793561,141.61857161842534,284.258966389028,71.00716024967262,0.3672715860708574,0.9224736132029556,281.0375264774237
factorial_sensitivity,oxygen,100000000000.0,2.1e-09,20.0,5.0,8.33e-19,1.0,0.2545531639266818,1.432194502065142,3.977737599069876,16.02596006122412,11.328995236660512,26.872195202305818,44.78372452939021,89.89057791145775,22.454435656953592,0.3672715860708574,0.9224736132029556,88.87186916485365
factorial_sensitivity,oxygen,100000000000.0,2.1e-09,20.0,5.0,8.33e-18,10.0,0.2545531639266818,1.432194502065142,3.977737599069876,16.02596006122412,3.5825428549045517,8.49773425679356,14.161857161842535,28.425896638902802,7.100716024967263,0.3672715860708574,0.9224736132029556,28.103752647742375
factorial_sensitivity,oxygen,100000000000.0,2.1e-09,55.0,0.1,8.330000000000001e-20,0.1,0.2003959398340824,1.0031344672200984,1.8141037890561804,2.169213829049196,52.712419464170765,117.93645457871794,158.59867569526418,173.42818284368792,117.75205398840139,0.49843929302051937,0.9987813930937915,172.10546329018595
factorial_sensitivity,oxygen,100000000000.0,2.1e-09,55.0,0.1,8.33e-19,1.0,0.2003959398340824,1.0031344672200984,1.8141037890561804,2.169213829049196,16.66913064849721,37.29478156337425,50.153304908342356,54.84280682501913,37.236468976646265,0.49843929302051937,0.9987813930937915,54.424526175548415
factorial_sensitivity,oxygen,100000000000.0,2.1e-09,55.0,0.1,8.33e-18,10.0,0.2003959398340824,1.0031344672200984,1.8141037890561804,2.169213829049196,5.271241946417077,11.793645457871794,15.859867569526417,17.342818284368793,11.77520539884014,0.49843929302051937,0.9987813930937915,17.210546329018598
factorial_sensitivity,oxygen,100000000000.0,2.1e-09,55.0,0.5,8.330000000000001e-20,0.1,0.2019831401298888,1.0156910607220897,1.8759194592243387,2.3937902677493805,52.920757409793275,118.67228550148778,161.27816952097066,182.18454817806133,117.75205398840139,0.49235956403281056,0.9941012757691957,196.2978358412837
factorial_sensitivity,oxygen,100000000000.0,2.1e-09,55.0,0.5,8.33e-19,1.0,0.2019831401298888,1.0156910607220897,1.8759194592243387,2.3937902677493805,16.73501289161795,37.52747173224786,51.00063525490144,57.61181267313532,37.236468976646265,0.49235956403281056,0.9941012757691957,62.07482610202913
factorial_sensitivity,oxygen,100000000000.0,2.1e-09,55.0,0.5,8.33e-18,10.0,0.2019831401298888,1.0156910607220897,1.8759194592243387,2.3937902677493805,5.292075740979327,11.867228550148779,16.127816952097067,18.218454817806133,11.77520539884014,0.49235956403281056,0.9941012757691957,19.629783584128376
factorial_sensitivity,oxygen,100000000000.0,2.1e-09,55.0,1.0,8.330000000000001e-20,0.1,0.20396810221332506,1.031389331241043,1.9515133656847432,2.8520112002272895,53.180157468138624,119.5858538522742,164.49558890103316,198.8584750831485,117.75205398840139,0.4851010834987869,0.9886541801558159,217.90582775284497
factorial_sensitivity,oxygen,100000000000.0,2.1e-09,55.0,1.0,8.33e-19,1.0,0.20396810221332506,1.031389331241043,1.9515133656847432,2.8520112002272895,16.817042392573136,37.81636741092074,52.01807259779788,62.88457132905907,37.236468976646265,0.4851010834987869,0.9886541801558159,68.90787311233206
factorial_sensitivity,oxygen,100000000000.0,2.1e-09,55.0,1.0,8.33e-18,10.0,0.20396810221332506,1.031389331241043,1.9515133656847432,2.8520112002272895,5.318015746813862,11.958585385227419,16.449558890103315,19.88584750831485,11.77520539884014,0.4851010834987869,0.9886541801558159,21.790582775284502
factorial_sensitivity,oxygen,100000000000.0,2.1e-09,55.0,5.0,8.330000000000001e-20,0.1,0.21983791777916606,1.1570221888581227,2.5772272229818745,6.893607056141229,55.210260002494636,126.65995671650829,189.0361425119522,309.1660189105799,117.75205398840139,0.4371771592002206,0.9566088417092756,324.30239511009404
factorial_sensitivity,oxygen,100000000000.0,2.1e-09,55.0,5.0,8.33e-19,1.0,0.21983791777916606,1.1570221888581227,2.5772272229818745,6.893607056141229,17.45901718179766,40.053395156250794,59.77847704299525,97.76687948841214,37.236468976646265,0.4371771592002206,0.9566088417092756,102.55342191957496
factorial_sensitivity,oxygen,100000000000.0,2.1e-09,55.0,5.0,8.33e-18,10.0,0.21983791777916606,1.1570221888581227,2.5772272229818745,6.893607056141229,5.5210260002494636,12.665995671650828,18.903614251195222,30.91660189105799,11.77520539884014,0.4371771592002206,0.9566088417092756,32.43023951100941
factorial_sensitivity,oxygen,1000000000000.0,1e-09,5.0,0.1,8.330000000000001e-20,0.1,0.20436361387272087,1.0345279268959588,1.9676986374952832,2.9469561152411092,3.502388259712501,7.880134149838144,10.867803914061147,13.29992940444918,7.7475163506662925,0.48369175286437305,0.9876143734075993,14.586862813883743
factorial_sensitivity,oxygen,1000000000000.0,1e-09,5.0,0.1,8.33e-19,1.0,0.20436361387272087,1.0345279268959588,1.9676986374952832,2.9469561152411092,1.1075524150924851,2.4919172181163107,3.436701353252604,4.205806963750617,2.4499797877501264,0.48369175286437305,0.9876143734075993,4.612771040828543
factorial_sensitivity,oxygen,1000000000000.0,1e-09,5.0,0.1,8.33e-18,10.0,0.20436361387272087,1.0345279268959588,1.9676986374952832,2.9469561152411092,0.35023882597125006,0.7880134149838143,1.0867803914061147,1.3299929404449178,0.7747516350666291,0.48369175286437305,0.9876143734075993,1.4586862813883743
factorial_sensitivity,oxygen,1000000000000.0,1e-09,5.0,0.5,8.330000000000001e-20,0.1,0.22181954594683673,1.1727386508102164,2.656640521202081,7.4119271781160725,3.6489037471866395,8.3900224099241,12.627834975109087,21.09250075553426,7.7475163506662925,0.43214701686656054,0.953647205634119,22.00278088515026
factorial_sensitivity,oxygen,1000000000000.0,1e-09,5.0,0.5,8.33e-19,1.0,0.22181954594683673,1.1727386508102164,2.656640521202081,7.4119271781160725,1.1538846803832998,2.653158043521505,3.9932720438080387,6.670034393631065,2.4499797877501264,0.43214701686656054,0.953647205634119,6.95789024546905
factorial_sensitivity,oxygen,1000000000000.0,1e-09,5.0,0.5,8.33e-18,10.0,0.22181954594683673,1.1727386508102164,2.656640521202081,7.4119271781160725,0.3648903747186639,0.8390022409924099,1.2627834975109085,2.1092500755534256,0.7747516350666291,0.43214701686656054,0.953647205634119,2.200278088515026
factorial_sensitivity,oxygen,1000000000000.0,1e-09,5.0,1.0,8.330000000000001e-20,0.1,0.24364110921122342,1.3456837447979282,3.535307509271191,13.147707384714018,3.824175241693963,8.987398623711107,14.567200550861758,28.092314150467786,7.7475163506662925,0.3858533129950865,0.9300583252085581,28.121127067414633
factorial_sensitivity,oxygen,1000000000000.0,1e-09,5.0,1.0,8.33e-19,1.0,0.24364110921122342,1.3456837447979282,3.535307509271191,13.147707384714018,1.2093103935377834,2.842064989078967,4.606553287318265,8.883569746045634,2.4499797877501264,0.3858533129950865,0.9300583252085581,8.892681190404163
factorial_sensitivity,oxygen,1000000000000.0,1e-09,5.0,1.0,8.33e-18,10.0,0.24364110921122342,1.3456837447979282,3.535307509271191,13.147707384714018,0.3824175241693963,0.8987398623711106,1.4567200550861756,2.8092314150467783,0.7747516350666291,0.3858533129950865,0.9300583252085581,2.812112706741463
factorial_sensitivity,oxygen,1000000000000.0,1e-09,5.0,5.0,8.330000000000001e-20,0.1,0.418217826300986,2.731537170114002,10.672144755729535,59.331014997101875,5.0103004722659215,12.804601256273973,25.309779124115185,59.67650638225825,7.7475163506662925,0.22412473348462636,0.9010069021507336,55.850956259194234
factorial_sensitivity,oxygen,1000000000000.0,1e-09,5.0,5.0,8.33e-19,1.0,0.418217826300986,2.731537170114002,10.672144755729535,59.331014997101875,1.5843961254177603,4.049170450007915,8.003654910798547,18.8713682969511,2.4499797877501264,0.22412473348462636,0.9010069021507336,17.661623127749127
factorial_sensitivity,oxygen,1000000000000.0,1e-09,5.0,5.0,8.33e-18,10.0,0.418217826300986,2.731537170114002,10.672144755729535,59.331014997101875,0.5010300472265921,1.2804601256273973,2.5309779124115184,5.967650638225824,0.7747516350666291,0.22412473348462636,0.9010069021507336,5.585095625919424
factorial_sensitivity,oxygen,1000000000000.0,1e-09,20.0,0.1,8.330000000000001e-20,0.1,0.201090316163493,1.0086276990053336,1.8409342525151382,2.2043587585437985,6.948452221505747,15.561732383227357,21.023820323909685,23.005603777614287,15.495032701332585,0.49574796246994735,0.9966964633145807,24.229739819164607
factorial_sensitivity,oxygen,1000000000000.0,1e-09,20.0,0.1,8.33e-19,1.0,0.201090316163493,1.0086276990053336,1.8409342525151382,2.2043587585437985,2.197293523281497,4.921051866899869,6.648315734169354,7.275010688463493,4.899959575500253,0.49574796246994735,0.9966964633145807,7.662116494183648
factorial_sensitivity,oxygen,1000000000000.0,1e-09,20.0,0.1,8.33e-18,10.0,0.201090316163493,1.0086276990053336,1.8409342525151382,2.2043587585437985,0.6948452221505745,1.5561732383227354,2.1023820323909685,2.3005603777614287,1.5495032701332583,0.49574796246994735,0.9966964633145807,2.422973981916461
factorial_sensitivity,oxygen,1000000000000.0,1e-09,20.0,0.5,8.330000000000001e-20,0.1,0.20545605483528057,1.043162057475908,2.009395607004634,3.211737582388286,7.023473843789916,15.825898945247564,21.964697240140886,27.76914600705562,15.495032701332585,0.47988468889074387,0.9848346186528878,30.46735023535367
factorial_sensitivity,oxygen,1000000000000.0,1e-09,20.0,0.5,8.33e-19,1.0,0.20545605483528057,1.043162057475908,2.009395607004634,3.211737582388286,2.221017443299379,5.004588668663869,6.9458471394859576,8.781375006006593,4.899959575500253,0.47988468889074387,0.9848346186528878,9.634622101378474
factorial_sensitivity,oxygen,1000000000000.0,1e-09,20.0,0.5,8.33e-18,10.0,0.20545605483528057,1.043162057475908,2.009395607004634,3.211737582388286,0.7023473843789916,1.5825898945247563,2.1964697240140887,2.776914600705562,1.5495032701332583,0.47988468889074387,0.9848346186528878,3.0467350235353674
factorial_sensitivity,oxygen,1000000000000.0,1e-09,20.0,1.0,8.330000000000001e-20,0.1,0.21090928022331965,1.086337227545553,2.2235846021230494,4.581943243912859,7.116072136133485,16.150085594721144,23.10571042082784,33.167852223313005,15.495032701332585,0.46220229494829945,0.9724850167389639,35.84157356001769
factorial_sensitivity,oxygen,1000000000000.0,1e-09,20.0,1.0,8.33e-19,1.0,0.21090928022331965,1.086337227545553,2.2235846021230494,4.581943243912859,2.2502995944241597,5.107105488599383,7.306667188610361,10.488595812154882,4.899959575500253,0.46220229494829945,0.9724850167389639,11.334100737412562
factorial_sensitivity,oxygen,1000000000000.0,1e-09,20.0,1.0,8.33e-18,10.0,0.21090928022331965,1.086337227545553,2.2235846021230494,4.581943243912859,0.7116072136133484,1.6150085594721144,2.310571042082784,3.3167852223313,1.5495032701332583,0.46220229494829945,0.9724850167389639,3.5841573560017697
factorial_sensitivity,oxygen,1000000000000.0,1e-09,20.0,5.0,8.330000000000001e-20,0.1,0.2545531639266818,1.432194502065142,3.977737599069876,16.02596006122412,7.817749434773003,18.543576413036096,30.90370591680757,62.03039192607757,15.495032701332585,0.3672715860708574,0.9224736132029556,61.32741610504525
factorial_sensitivity,oxygen,1000000000000.0,1e-09,20.0,5.0,8.33e-19,1.0,0.2545531639266818,1.432194502065142,3.977737599069876,16.02596006122412,2.4721894390376637,5.863993743056933,9.772609883713393,19.61573226393241,4.899959575500253,0.3672715860708574,0.9224736132029556,19.39343179048351
factorial_sensitivity,oxygen,1000000000000.0,1e-09,20.0,5.0,8.33e-18,10.0,0.2545531639266818,1.432194502065142,3.977737599069876,16.02596006122412,0.7817749434773003,1.8543576413036094,3.090370591680757,6.203039192607757,1.5495032701332583,0.3672715860708574,0.9224736132029556,6.132741610504525
factorial_sensitivity,oxygen,1000000000000.0,1e-09,55.0,0.1,8.330000000000001e-20,0.1,0.2003959398340824,1.0031344672200984,1.8141037890561804,2.169213829049196,11.502792964706005,25.735844300080775,34.60906840444291,37.8451321676115,25.695604792303623,0.49843929302051937,0.9987813930937915,37.55649109727241
factorial_sensitivity,oxygen,1000000000000.0,1e-09,55.0,0.1,8.33e-19,1.0,0.2003959398340824,1.0031344672200984,1.8141037890561804,2.169213829049196,3.6375025221831803,8.138388549571715,10.944348385460911,11.967681599975759,8.12566369992173,0.49843929302051937,0.9987813930937915,11.87640527912172
factorial_sensitivity,oxygen,1000000000000.0,1e-09,55.0,0.1,8.33e-18,10.0,0.2003959398340824,1.0031344672200984,1.8141037890561804,2.169213829049196,1.1502792964706006,2.573584430008077,3.4609068404442906,3.784513216761151,2.569560479230362,0.49843929302051937,0.9987813930937915,3.755649109727241
factorial_sensitivity,oxygen,1000000000000.0,1e-09,55.0,0.5,8.330000000000001e-20,0.1,0.2019831401298888,1.0156910607220897,1.8759194592243387,2.3937902677493805,11.548256031655848,25.89641577161801,35.19378189398895,39.75592773701405,25.695604792303623,0.49235956403281056,0.9941012757691957,42.835699595176095
factorial_sensitivity,oxygen,1000000000000.0,1e-09,55.0,0.5,8.33e-19,1.0,0.2019831401298888,1.0156910607220897,1.8759194592243387,2.3937902677493805,3.651879206281003,8.18916570730197,11.129251026019967,12.571928214202797,8.12566369992173,0.49235956403281056,0.9941012757691957,13.545837588750906
factorial_sensitivity,oxygen,1000000000000.0,1e-09,55.0,0.5,8.33e-18,10.0,0.2019831401298888,1.0156910607220897,1.8759194592243387,2.3937902677493805,1.1548256031655848,2.589641577161801,3.519378189398895,3.9755927737014054,2.569560479230362,0.49235956403281056,0.9941012757691957,4.283569959517609
factorial_sensitivity,oxygen,1000000000000.0,1e-09,55.0,1.0,8.330000000000001e-20,0.1,0.20396810221332506,1.031389331241043,1.9515133656847432,2.8520112002272895,11.604861765115064,26.095772729712998,35.895880363110585,43.39447688819132,25.695604792303623,0.4851010834987869,0.9886541801558159,47.55095000235338
factorial_sensitivity,oxygen,1000000000000.0,1e-09,55.0,1.0,8.33e-19,1.0,0.20396810221332506,1.031389331241043,1.9515133656847432,2.8520112002272895,3.669779510916556,8.252207912800262,11.351274056434141,13.722538483822047,8.12566369992173,0.4851010834987869,0.9886541801558159,15.036930691222567
factorial_sensitivity,oxygen,1000000000000.0,1e-09,55.0,1.0,8.33e-18,10.0,0.20396810221332506,1.031389331241043,1.9515133656847432,2.8520112002272895,1.1604861765115064,2.6095772729712996,3.589588036311058,4.339447688819132,2.569560479230362,0.4851010834987869,0.9886541801558159,4.755095000235339
factorial_sensitivity,oxygen,1000000000000.0,1e-09,55.0,5.0,8.330000000000001e-20,0.1,0.21983791777916606,1.1570221888581227,2.5772272229818745,6.893607056141229,12.047866457124975,27.63946853205855,41.2510681973086,67.46555637932767,25.695604792303623,0.4371771592002206,0.9566088417092756,70.76858445940393
factorial_sensitivity,oxygen,1000000000000.0,1e-09,55.0,5.0,8.33e-19,1.0,0.21983791777916606,1.1570221888581227,2.5772272229818745,6.893607056141229,3.8098698950058267,8.740367387785566,13.044733141843128,21.334482176917817,8.12566369992173,0.4371771592002206,0.9566088417092756,22.378991367771224
factorial_sensitivity,oxygen,1000000000000.0,1e-09,55.0,5.0,8.33e-18,10.0,0.21983791777916606,1.1570221888581227,2.5772272229818745,6.893607056141229,1.2047866457124974,2.7639468532058546,4.12510681973086,6.746555637932767,2.569560479230362,0.4371771592002206,0.9566088417092756,7.076858445940394
factorial_sensitivity,oxygen,1000000000000.0,2e-09,5.0,0.1,8.330000000000001e-20,0.1,0.20436361387272087,1.0345279268959588,1.9676986374952832,2.9469561152411092,4.95312497758172,11.144192588020479,15.36939568847668,18.808940542376746,10.956642697819577,0.48369175286437305,0.9876143734075993,20.62893922387016
factorial_sensitivity,oxygen,1000000000000.0,2e-09,5.0,0.1,8.33e-19,1.0,0.20436361387272087,1.0345279268959588,1.9676986374952832,2.9469561152411092,1.566315646462868,3.52410312617112,4.860229663595802,5.9479092488593315,3.4647946433761856,0.48369175286437305,0.9876143734075993,6.523443366061583
factorial_sensitivity,oxygen,1000000000000.0,2e-09,5.0,0.1,8.33e-18,10.0,0.20436361387272087,1.0345279268959588,1.9676986374952832,2.9469561152411092,0.49531249775817204,1.114419258802048,1.5369395688476681,1.8808940542376749,1.0956642697819579,0.48369175286437305,0.9876143734075993,2.062893922387016
factorial_sensitivity,oxygen,1000000000000.0,2e-09,5.0,0.5,8.330000000000001e-20,0.1,0.22181954594683673,1.1727386508102164,2.656640521202081,7.4119271781160725,5.160329167065352,11.86528348072886,17.858455485208584,29.8293006328413,10.956642697819577,0.43214701686656054,0.953647205634119,31.116631137702992
factorial_sensitivity,oxygen,1000000000000.0,2e-09,5.0,0.5,8.33e-19,1.0,0.22181954594683673,1.1727386508102164,2.656640521202081,7.4119271781160725,1.6318393644126066,3.7521320882673788,5.647339482598657,9.432853100968055,3.4647946433761856,0.43214701686656054,0.953647205634119,9.839942750645795
factorial_sensitivity,oxygen,1000000000000.0,2e-09,5.0,0.5,8.33e-18,10.0,0.22181954594683673,1.1727386508102164,2.656640521202081,7.4119271781160725,0.5160329167065353,1.186528348072886,1.7858455485208584,2.98293006328413,1.0956642697819579,0.43214701686656054,0.953647205634119,3.111663113770299
factorial_sensitivity,oxygen,1000000000000.0,2e-09,5.0,1.0,8.330000000000001e-20,0.1,0.24364110921122342,1.3456837447979282,3.535307509271191,13.147707384714018,5.40820049169501,12.710101024105535,20.601132584837515,39.72853167003715,10.956642697819577,0.3858533129950865,0.9300583252085581,39.769279287954916
factorial_sensitivity,oxygen,1000000000000.0,2e-09,5.0,1.0,8.33e-19,1.0,0.24364110921122342,1.3456837447979282,3.535307509271191,13.147707384714018,1.7102231596598778,4.019286852701218,6.514650134719854,12.563264817145047,3.4647946433761856,0.3858533129950865,0.9300583252085581,12.576150345329687
factorial_sensitivity,oxygen,1000000000000.0,2e-09,5.0,1.0,8.33e-18,10.0,0.24364110921122342,1.3456837447979282,3.535307509271191,13.147707384714018,0.5408200491695011,1.2710101024105536,2.060113258483752,3.9728531670037155,1.0956642697819579,0.3858533129950865,0.9300583252085581,3.9769279287954915
factorial_sensitivity,oxygen,1000000000000.0,2e-09,5.0,5.0,8.330000000000001e-20,0.1,0.418217826300986,2.731537170114002,10.672144755729535,59.331014997101875,7.085634879442789,18.10844075740222,35.793432897991124,84.39532468083418,10.956642697819577,0.22412473348462636,0.9010069021507336,78.985179813259
factorial_sensitivity,oxygen,1000000000000.0,2e-09,5.0,5.0,8.33e-19,1.0,0.418217826300986,2.731537170114002,10.672144755729535,59.331014997101875,2.2406744887371803,5.726391766761562,11.31887732340533,26.688144986085902,3.4647946433761856,0.22412473348462636,0.9010069021507336,24.97730696078514
factorial_sensitivity,oxygen,1000000000000.0,2e-09,5.0,5.0,8.33e-18,10.0,0.418217826300986,2.731537170114002,10.672144755729535,59.331014997101875,0.7085634879442789,1.8108440757402222,3.579343289799113,8.439532468083417,1.0956642697819579,0.22412473348462636,0.9010069021507336,7.8985179813259
factorial_sensitivity,oxygen,1000000000000.0,2e-09,20.0,0.1,8.330000000000001e-20,0.1,0.201090316163493,1.0086276990053336,1.8409342525151382,2.2043587585437985,9.826595369154887,22.00761299038071,29.732171834968188,32.53483687288383,21.913285395639154,0.49574796246994735,0.9966964633145807,34.26602666503402
factorial_sensitivity,oxygen,1000000000000.0,2e-09,20.0,0.1,8.33e-19,1.0,0.201090316163493,1.0086276990053336,1.8409342525151382,2.2043587585437985,3.1074423011392547,6.959418291311235,9.402138278200741,10.288418782034299,6.929589286752371,0.49574796246994735,0.9966964633145807,10.835869062557107
factorial_sensitivity,oxygen,1000000000000.0,2e-09,20.0,0.1,8.33e-18,10.0,0.201090316163493,1.0086276990053336,1.8409342525151382,2.2043587585437985,0.9826595369154888,2.2007612990380707,2.9732171834968195,3.253483687288383,2.1913285395639157,0.49574796246994735,0.9966964633145807,3.4266026665034013
factorial_sensitivity,oxygen,1000000000000.0,2e-09,20.0,0.5,8.330000000000001e-20,0.1,0.20545605483528057,1.043162057475908,2.009395607004634,3.211737582388286,9.93269196486039,22.381200925115163,31.06277273042613,39.27150289869674,21.913285395639154,0.47988468889074387,0.9848346186528878,43.087339912408275
factorial_sensitivity,oxygen,1000000000000.0,2e-09,20.0,0.5,8.33e-19,1.0,0.20545605483528057,1.043162057475908,2.009395607004634,3.211737582388286,3.140992990581198,7.077557169323155,9.822911226831408,12.418739629778646,6.929589286752371,0.47988468889074387,0.9848346186528878,13.625413244109005
factorial_sensitivity,oxygen,1000000000000.0,2e-09,20.0,0.5,8.33e-18,10.0,0.20545605483528057,1.043162057475908,2.009395607004634,3.211737582388286,0.9932691964860391,2.238120092511516,3.106277273042613,3.927150289869674,2.1913285395639157,0.47988468889074387,0.9848346186528878,4.308733991240827
factorial_sensitivity,oxygen,1000000000000.0,2e-09,20.0,1.0,8.330000000000001e-20,0.1,0.21090928022331965,1.086337227545553,2.2235846021230494,4.581943243912859,10.063645725745255,22.83967008154099,32.67640904540008,46.90642644899586,21.913285395639154,0.46220229494829945,0.9724850167389639,50.687639425369966
factorial_sensitivity,oxygen,1000000000000.0,2e-09,20.0,1.0,8.33e-19,1.0,0.21090928022331965,1.086337227545553,2.2235846021230494,4.581943243912859,3.1824042058373223,7.22253784644732,10.333187833879265,14.833114447799082,6.929589286752371,0.46220229494829945,0.9724850167389639,16.028838980151743
factorial_sensitivity,oxygen,1000000000000.0,2e-09,20.0,1.0,8.33e-18,10.0,0.21090928022331965,1.086337227545553,2.2235846021230494,4.581943243912859,1.0063645725745256,2.2839670081540993,3.2676409045400083,4.690642644899586,2.1913285395639157,0.46220229494829945,0.9724850167389639,5.068763942536997
factorial_sensitivity,oxygen,1000000000000.0,2e-09,20.0,5.0,8.330000000000001e-20,0.1,0.2545531639266818,1.432194502065142,3.977737599069876,16.02596006122412,11.055967277890577,26.224577258217472,43.70444003513892,87.72422154117743,21.913285395639154,0.3672715860708574,0.9224736132029556,86.73006360105317
factorial_sensitivity,oxygen,1000000000000.0,2e-09,20.0,5.0,8.33e-19,1.0,0.2545531639266818,1.432194502065142,3.977737599069876,16.02596006122412,3.4962038334425984,8.292939481102085,13.820557437328837,27.740834603532715,6.929589286752371,0.3672715860708574,0.9224736132029556,27.426454259059316
factorial_sensitivity,oxygen,1000000000000.0,2e-09,20.0,5.0,8.33e-18,10.0,0.2545531639266818,1.432194502065142,3.977737599069876,16.02596006122412,1.1055967277890577,2.6224577258217474,4.370444003513892,8.772422154117743,2.1913285395639157,0.3672715860708574,0.9224736132029556,8.673006360105317
factorial_sensitivity,oxygen,1000000000000.0,2e-09,55.0,0.1,8.330000000000001e-20,0.1,0.2003959398340824,1.0031344672200984,1.8141037890561804,2.169213829049196,16.267405815857053,36.395980048296536,48.944613918661325,53.521099181238476,36.339072790654875,0.49843929302051937,0.9987813930937915,53.112899064907054
factorial_sensitivity,oxygen,1000000000000.0,2e-09,55.0,0.1,8.33e-19,1.0,0.2003959398340824,1.0031344672200984,1.8141037890561804,2.169213829049196,5.1442054000377935,11.509419462666221,15.477645918054908,16.92485762884866,11.491423807712055,0.49843929302051937,0.9987813930937915,16.795773417973358
factorial_sensitivity,oxygen,1000000000000.0,2e-09,55.0,0.1,8.33e-18,10.0,0.2003959398340824,1.0031344672200984,1.8141037890561804,2.169213829049196,1.6267405815857054,3.6395980048296543,4.894461391866133,5.352109918123848,3.633907279065488,0.49843929302051937,0.9987813930937915,5.311289906490705
factorial_sensitivity,oxygen,1000000000000.0,2e-09,55.0,0.5,8.330000000000001e-20,0.1,0.2019831401298888,1.0156910607220897,1.8759194592243387,2.3937902677493805,16.3317003017246,36.623062401074705,49.77152366567984,56.223372190409975,36.339072790654875,0.49235956403281056,0.9941012757691957,60.57882732123773
factorial_sensitivity,oxygen,1000000000000.0,2e-09,55.0,0.5,8.33e-19,1.0,0.2019831401298888,1.0156910607220897,1.8759194592243387,2.3937902677493805,5.164537101670888,11.581229207787109,15.739137740052119,17.779391385706564,11.491423807712055,0.49235956403281056,0.9941012757691957,19.156707231714794
factorial_sensitivity,oxygen,1000000000000.0,2e-09,55.0,0.5,8.33e-18,10.0,0.2019831401298888,1.0156910607220897,1.8759194592243387,2.3937902677493805,1.6331700301724597,3.6623062401074704,4.977152366567984,5.622337219040998,3.633907279065488,0.49235956403281056,0.9941012757691957,6.057882732123773
factorial_sensitivity,oxygen,1000000000000.0,2e-09,55.0,1.0,8.330000000000001e-20,0.1,0.20396810221332506,1.031389331241043,1.9515133656847432,2.8520112002272895,16.411752897690697,36.904995714966084,50.76444084283304,61.369057747365986,36.339072790654875,0.4851010834987869,0.9886541801558159,67.24719839705311
factorial_sensitivity,oxygen,1000000000000.0,2e-09,55.0,1.0,8.33e-19,1.0,0.20396810221332506,1.031389331241043,1.9515133656847432,2.8520112002272895,5.1898519552570965,11.670384349804703,16.053125720823022,19.40660003400787,11.491423807712055,0.4851010834987869,0.9886541801558159,21.26543131999119
factorial_sensitivity,oxygen,1000000000000.0,2e-09,55.0,1.0,8.33e-18,10.0,0.20396810221332506,1.031389331241043,1.9515133656847432,2.8520112002272895,1.64117528976907,3.6904995714966082,5.076444084283304,6.136905774736599,3.633907279065488,0.4851010834987869,0.9886541801558159,6.724719839705312
factorial_sensitivity,oxygen,1000000000000.0,2e-09,55.0,5.0,8.330000000000001e-20,0.1,0.21983791777916606,1.1570221888581227,2.5772272229818745,6.893607056141229,17.03825614132603,39.08811125482158,58.33782010701128,95.41070482469186,36.339072790654875,0.4371771592002206,0.9566088417092756,100.0818919324349
factorial_sensitivity,oxygen,1000000000000.0,2e-09,55.0,5.0,8.33e-19,1.0,0.21983791777916606,1.1570221888581227,2.5772272229818745,6.893607056141229,5.3879696763942,12.36074609992985,18.448038526732347,30.171514040804254,11.491423807712055,0.4371771592002206,0.9566088417092756,31.648673104532485
factorial_sensitivity,oxygen,1000000000000.0,2e-09,55.0,5.0,8.33e-18,10.0,0.21983791777916606,1.1570221888581227,2.5772272229818745,6.893607056141229,1.703825614132603,3.9088111254821576,5.833782010701128,9.541070482469186,3.633907279065488,0.4371771592002206,0.9566088417092756,10.008189193243489
factorial_sensitivity,oxygen,1000000000000.0,2.1e-09,5.0,0.1,8.330000000000001e-20,0.1,0.20436361387272087,1.0345279268959588,1.9676986374952832,2.9469561152411092,5.075442778292462,11.419399277581771,15.748944092237224,19.273428769759597,11.227217828476794,0.48369175286437305,0.9876143734075993,21.13837245809703
factorial_sensitivity,oxygen,1000000000000.0,2.1e-09,5.0,0.1,8.33e-19,1.0,0.20436361387272087,1.0345279268959588,1.9676986374952832,2.9469561152411092,1.604995931325719,3.6111311228039775,4.980253407412255,6.094793323345731,3.5503580124836316,0.48369175286437305,0.9876143734075993,6.68454029965588
factorial_sensitivity,oxygen,1000000000000.0,2.1e-09,5.0,0.1,8.33e-18,10.0,0.20436361387272087,1.0345279268959588,1.9676986374952832,2.9469561152411092,0.5075442778292463,1.1419399277581777,1.5748944092237227,1.9273428769759602,1.1227217828476797,0.48369175286437305,0.9876143734075993,2.1138372458097034
factorial_sensitivity,oxygen,1000000000000.0,2.1e-09,5.0,0.5,8.330000000000001e-20,0.1,0.22181954594683673,1.1727386508102164,2.656640521202081,7.4119271781160725,5.287763891106396,12.158297565118234,18.299471411301347,30.56593749677323,11.227217828476794,0.43214701686656054,0.953647205634119,31.88505872705679
factorial_sensitivity,oxygen,1000000000000.0,2.1e-09,5.0,0.5,8.33e-19,1.0,0.22181954594683673,1.1727386508102164,2.656640521202081,7.4119271781160725,1.6721377625090783,3.8447912775853004,5.786800963684818,9.665798130814899,3.5503580124836316,0.43214701686656054,0.953647205634119,10.082940890572852
factorial_sensitivity,oxygen,1000000000000.0,2.1e-09,5.0,0.5,8.33e-18,10.0,0.22181954594683673,1.1727386508102164,2.656640521202081,7.4119271781160725,0.5287763891106398,1.215829756511824,1.8299471411301351,3.0565937496773237,1.1227217828476797,0.43214701686656054,0.953647205634119,3.1885058727056794
factorial_sensitivity,oxygen,1000000000000.0,2.1e-09,5.0,1.0,8.330000000000001e-20,0.1,0.24364110921122342,1.3456837447979282,3.535307509271191,13.147707384714018,5.541756417083726,13.023977942438206,21.1098791319836,40.709630802673736,11.227217828476794,0.3858533129950865,0.9300583252085581,40.75138468613707
factorial_sensitivity,oxygen,1000000000000.0,2.1e-09,5.0,1.0,8.33e-19,1.0,0.24364110921122342,1.3456837447979282,3.535307509271191,13.147707384714018,1.752457251583863,4.118543449389809,6.675529918792642,12.87351560409977,3.5503580124836316,0.3858533129950865,0.9300583252085581,12.88671934138991
factorial_sensitivity,oxygen,1000000000000.0,2.1e-09,5.0,1.0,8.33e-18,10.0,0.24364110921122342,1.3456837447979282,3.535307509271191,13.147707384714018,0.5541756417083727,1.302397794243821,2.1109879131983607,4.070963080267374,1.1227217828476797,0.3858533129950865,0.9300583252085581,4.075138468613708
factorial_sensitivity,oxygen,1000000000000.0,2.1e-09,5.0,5.0,8.330000000000001e-20,0.1,0.418217826300986,2.731537170114002,10.672144755729535,59.331014997101875,7.2606151755216315,18.55563008893967,36.67735446503936,86.47947368816827,11.227217828476794,0.22412473348462636,0.9010069021507336,80.93572487869308
factorial_sensitivity,oxygen,1000000000000.0,2.1e-09,5.0,5.0,8.33e-19,1.0,0.418217826300986,2.731537170114002,10.672144755729535,59.331014997101875,2.296008116863158,5.867805450060212,11.598397865887096,27.34721077072137,3.5503580124836316,0.22412473348462636,0.9010069021507336,25.594123469342527
factorial_sensitivity,oxygen,1000000000000.0,2.1e-09,5.0,5.0,8.33e-18,10.0,0.418217826300986,2.731537170114002,10.672144755729535,59.331014997101875,0.7260615175521634,1.8555630088939674,3.6677354465039373,8.647947368816828,1.1227217828476797,0.22412473348462636,0.9010069021507336,8.09357248786931
factorial_sensitivity,oxygen,1000000000000.0,2.1e-09,20.0,0.1,8.330000000000001e-20,0.1,0.201090316163493,1.0086276990053336,1.8409342525151382,2.2043587585437985,10.06926389447367,22.5510926788724,30.466410095796967,33.33828716149675,22.45443565695359,0.49574796246994735,0.9966964633145807,35.11222881816622
factorial_sensitivity,oxygen,1000000000000.0,2.1e-09,20.0,0.1,8.33e-19,1.0,0.201090316163493,1.0086276990053336,1.8409342525151382,2.2043587585437985,3.1841808267834146,7.131281659078489,9.634324803146715,10.542492071907947,7.100716024967263,0.49574796246994735,0.9966964633145807,11.103461679040745
factorial_sensitivity,oxygen,1000000000000.0,2.1e-09,20.0,0.1,8.33e-18,10.0,0.201090316163493,1.0086276990053336,1.8409342525151382,2.2043587585437985,1.0069263894473672,2.2551092678872404,3.0466410095796976,3.333828716149676,2.2454435656953593,0.49574796246994735,0.9966964633145807,3.511222881816623
factorial_sensitivity,oxygen,1000000000000.0,2.1e-09,20.0,0.5,8.330000000000001e-20,0.1,0.20545605483528057,1.043162057475908,2.009395607004634,3.211737582388286,10.177980553736694,22.933906396270448,31.82987028228689,40.24131567081851,22.45443565695359,0.47988468889074387,0.9848346186528878,44.15138507186135
factorial_sensitivity,oxygen,1000000000000.0,2.1e-09,20.0,0.5,8.33e-19,1.0,0.20545605483528057,1.043162057475908,2.009395607004634,3.211737582388286,3.218560053070974,7.2523379857318755,10.065488771973323,12.725421356161311,7.100716024967263,0.47988468889074387,0.9848346186528878,13.961893867823884
factorial_sensitivity,oxygen,1000000000000.0,2.1e-09,20.0,0.5,8.33e-18,10.0,0.20545605483528057,1.043162057475908,2.009395607004634,3.211737582388286,1.0177980553736694,2.293390639627045,3.18298702822869,4.024131567081851,2.2454435656953593,0.47988468889074387,0.9848346186528878,4.4151385071861355
factorial_sensitivity,oxygen,1000000000000.0,2.1e-09,20.0,1.0,8.330000000000001e-20,0.1,0.21090928022331965,1.086337227545553,2.2235846021230494,4.581943243912859,10.312168227777137,23.4036974836311,33.483355469657155,48.064784242996566,22.45443565695359,0.46220229494829945,0.9724850167389639,51.93937456344786
factorial_sensitivity,oxygen,1000000000000.0,2.1e-09,20.0,1.0,8.33e-19,1.0,0.21090928022331965,1.086337227545553,2.2235846021230494,4.581943243912859,3.260993921459779,7.400898971782555,10.588366698917355,15.19941934524412,7.100716024967263,0.46220229494829945,0.9724850167389639,16.4246723865109
factorial_sensitivity,oxygen,1000000000000.0,2.1e-09,20.0,1.0,8.33e-18,10.0,0.21090928022331965,1.086337227545553,2.2235846021230494,4.581943243912859,1.0312168227777139,2.3403697483631105,3.348335546965716,4.806478424299658,2.2454435656953593,0.46220229494829945,0.9724850167389639,5.193937456344787
factorial_sensitivity,oxygen,1000000000000.0,2.1e-09,20.0,5.0,8.330000000000001e-20,0.1,0.2545531639266818,1.432194502065142,3.977737599069876,16.02596006122412,11.32899523666051,26.872195202305818,44.783724529390206,89.89057791145774,22.45443565695359,0.3672715860708574,0.9224736132029556,88.87186916485363
factorial_sensitivity,oxygen,1000000000000.0,2.1e-09,20.0,5.0,8.33e-19,1.0,0.2545531639266818,1.432194502065142,3.977737599069876,16.02596006122412,3.5825428549045517,8.49773425679356,14.161857161842535,28.425896638902802,7.100716024967263,0.3672715860708574,0.9224736132029556,28.103752647742375
factorial_sensitivity,oxygen,1000000000000.0,2.1e-09,20.0,5.0,8.33e-18,10.0,0.2545531639266818,1.432194502065142,3.977737599069876,16.02596006122412,1.1328995236660513,2.6872195202305824,4.4783724529390225,8.989057791145777,2.2454435656953593,0.3672715860708574,0.9224736132029556,8.887186916485366
factorial_sensitivity,oxygen,1000000000000.0,2.1e-09,55.0,0.1,8.330000000000001e-20,0.1,0.2003959398340824,1.0031344672200984,1.8141037890561804,2.169213829049196,16.66913064849721,37.29478156337425,50.153304908342356,54.84280682501913,37.236468976646265,0.49843929302051937,0.9987813930937915,54.42452617554841
factorial_sensitivity,oxygen,1000000000000.0,2.1e-09,55.0,0.1,8.33e-19,1.0,0.2003959398340824,1.0031344672200984,1.8141037890561804,2.169213829049196,5.271241946417077,11.793645457871794,15.859867569526417,17.342818284368793,11.77520539884014,0.49843929302051937,0.9987813930937915,17.210546329018598
factorial_sensitivity,oxygen,1000000000000.0,2.1e-09,55.0,0.1,8.33e-18,10.0,0.2003959398340824,1.0031344672200984,1.8141037890561804,2.169213829049196,1.6669130648497208,3.7294781563374255,5.015330490834236,5.484280682501913,3.7236468976646266,0.49843929302051937,0.9987813930937915,5.442452617554841
factorial_sensitivity,oxygen,1000000000000.0,2.1e-09,55.0,0.5,8.330000000000001e-20,0.1,0.2019831401298888,1.0156910607220897,1.8759194592243387,2.3937902677493805,16.73501289161795,37.52747173224786,51.00063525490144,57.61181267313532,37.236468976646265,0.49235956403281056,0.9941012757691957,62.074826102029114
factorial_sensitivity,oxygen,1000000000000.0,2.1e-09,55.0,0.5,8.33e-19,1.0,0.2019831401298888,1.0156910607220897,1.8759194592243387,2.3937902677493805,5.292075740979327,11.867228550148779,16.127816952097067,18.218454817806133,11.77520539884014,0.49235956403281056,0.9941012757691957,19.629783584128376
factorial_sensitivity,oxygen,1000000000000.0,2.1e-09,55.0,0.5,8.33e-18,10.0,0.2019831401298888,1.0156910607220897,1.8759194592243387,2.3937902677493805,1.673501289161795,3.752747173224787,5.100063525490143,5.761181267313532,3.7236468976646266,0.49235956403281056,0.9941012757691957,6.207482610202912
factorial_sensitivity,oxygen,1000000000000.0,2.1e-09,55.0,1.0,8.330000000000001e-20,0.1,0.20396810221332506,1.031389331241043,1.9515133656847432,2.8520112002272895,16.817042392573136,37.81636741092074,52.01807259779788,62.88457132905907,37.236468976646265,0.4851010834987869,0.9886541801558159,68.90787311233206
factorial_sensitivity,oxygen,1000000000000.0,2.1e-09,55.0,1.0,8.33e-19,1.0,0.20396810221332506,1.031389331241043,1.9515133656847432,2.8520112002272895,5.318015746813862,11.958585385227419,16.449558890103315,19.88584750831485,11.77520539884014,0.4851010834987869,0.9886541801558159,21.790582775284502
factorial_sensitivity,oxygen,1000000000000.0,2.1e-09,55.0,1.0,8.33e-18,10.0,0.20396810221332506,1.031389331241043,1.9515133656847432,2.8520112002272895,1.6817042392573138,3.781636741092074,5.2018072597797875,6.288457132905909,3.7236468976646266,0.4851010834987869,0.9886541801558159,6.890787311233206
factorial_sensitivity,oxygen,1000000000000.0,2.1e-09,55.0,5.0,8.330000000000001e-20,0.1,0.21983791777916606,1.1570221888581227,2.5772272229818745,6.893607056141229,17.45901718179766,40.053395156250794,59.77847704299525,97.76687948841214,37.236468976646265,0.4371771592002206,0.9566088417092756,102.55342191957494
factorial_sensitivity,oxygen,1000000000000.0,2.1e-09,55.0,5.0,8.33e-19,1.0,0.21983791777916606,1.1570221888581227,2.5772272229818745,6.893607056141229,5.5210260002494636,12.665995671650828,18.903614251195222,30.91660189105799,11.77520539884014,0.4371771592002206,0.9566088417092756,32.43023951100941
factorial_sensitivity,oxygen,1000000000000.0,2.1e-09,55.0,5.0,8.33e-18,10.0,0.21983791777916606,1.1570221888581227,2.5772272229818745,6.893607056141229,1.745901718179766,4.005339515625081,5.977847704299525,9.776687948841216,3.7236468976646266,0.4371771592002206,0.9566088417092756,10.255342191957496
factorial_sensitivity,carbon_glucose,1000000000.0,6e-10,10.0,1.0,8.333333333333334e-20,0.1,0.22181954594683673,1.1727386508102164,2.656640521202081,7.4119271781160725,126.3764507658458,290.5807682182969,437.3535383720473,730.5195115972997,268.32815729997475,0.43214701686656054,0.953647205634119,762.0462330330845
factorial_sensitivity,carbon_glucose,1000000000.0,6e-10,10.0,1.0,8.333333333333333e-19,1.0,0.22181954594683673,1.1727386508102164,2.656640521202081,7.4119271781160725,39.96374270282032,91.88970718112861,138.3033323989519,231.01055318412563,84.8528137423857,0.43214701686656054,0.953647205634119,240.98017787359896
factorial_sensitivity,carbon_glucose,1000000000.0,6e-10,10.0,1.0,8.333333333333334e-18,10.0,0.22181954594683673,1.1727386508102164,2.656640521202081,7.4119271781160725,12.637645076584578,29.058076821829687,43.73535383720472,73.05195115972997,26.832815729997478,0.43214701686656054,0.953647205634119,76.20462330330844
supplied_q_scenario,carbon_glucose,1000000000.0,6e-10,10.0,1.0,2.8e-19,0.336,0.22181954594683673,1.1727386508102164,2.656640521202081,7.4119271781160725,68.94400615408908,158.52480545937664,238.59591607698573,398.53106649247576,146.38501094227996,0.43214701686656054,0.953647205634119,415.73030308691267
factorial_sensitivity,carbon_glucose,1000000000.0,6e-10,10.0,3.1622776601683795,8.333333333333334e-20,0.1,0.26900592207517426,1.5468091864002285,4.565702638967743,19.8436270843776,139.17049396122925,333.72183240060343,573.3503204897313,1195.2996068246603,268.32815729997475,0.3459006919902734,0.915100428064792,1167.460735633851
factorial_sensitivity,carbon_glucose,1000000000.0,6e-10,10.0,3.1622776601683795,8.333333333333333e-19,1.0,0.26900592207517426,1.5468091864002285,4.565702638967743,19.8436270843776,44.00957440081936,105.53210953108844,181.30929099350578,377.98692438696713,84.8528137423857,0.3459006919902734,0.915100428064792,369.1835003418669
factorial_sensitivity,carbon_glucose,1000000000.0,6e-10,10.0,3.1622776601683795,8.333333333333334e-18,10.0,0.26900592207517426,1.5468091864002285,4.565702638967743,19.8436270843776,13.917049396122923,33.372183240060345,57.33503204897312,119.52996068246603,26.832815729997478,0.3459006919902734,0.915100428064792,116.7460735633851
supplied_q_scenario,carbon_glucose,1000000000.0,6e-10,10.0,3.1622776601683795,2.8e-19,0.336,0.26900592207517426,1.5468091864002285,4.565702638967743,19.8436270843776,75.9237289383009,182.0601854803728,312.7882432584981,652.0893960029714,146.38501094227996,0.3459006919902734,0.915100428064792,636.9020466584465
factorial_sensitivity,carbon_glucose,1000000000.0,6e-10,10.0,10.0,8.333333333333334e-20,0.1,0.418217826300986,2.731537170114002,10.672144755729535,59.331014997101875,173.52718373116932,443.4756771776871,876.5810985941498,2066.8413291279367,268.32815729997475,0.22412473348462636,0.9010069021507336,1934.3468923666412
factorial_sensitivity,carbon_glucose,1000000000.0,6e-10,10.0,10.0,8.333333333333333e-19,1.0,0.418217826300986,2.731537170114002,10.672144755729535,59.331014997101875,54.87411365450106,140.2393226767044,277.1992825410136,653.5926162213995,84.8528137423857,0.22412473348462636,0.9010069021507336,611.6941964747158
factorial_sensitivity,carbon_glucose,1000000000.0,6e-10,10.0,10.0,8.333333333333334e-18,10.0,0.418217826300986,2.731537170114002,10.672144755729535,59.331014997101875,17.35271837311693,44.34756771776871,87.65810985941498,206.68413291279364,26.832815729997478,0.22412473348462636,0.9010069021507336,193.4346892366641
supplied_q_scenario,carbon_glucose,1000000000.0,6e-10,10.0,10.0,2.8e-19,0.336,0.418217826300986,2.731537170114002,10.672144755729535,59.331014997101875,94.66683983102297,241.9358166117323,478.2141948899095,1127.5543857371317,146.38501094227996,0.22412473348462636,0.9010069021507336,1055.2727445919916
factorial_sensitivity,carbon_glucose,1000000000.0,6e-10,100.0,1.0,8.333333333333334e-20,0.1,0.2021817649368431,1.0172630068357709,1.8836323290357497,2.4438854179511167,381.53750897457905,855.8208719830074,1164.5665618184903,1326.4982099214474,848.528137423857,0.49161720939290043,0.9935371441834155,1432.0210481150375
factorial_sensitivity,carbon_glucose,1000000000.0,6e-10,100.0,1.0,8.333333333333333e-19,1.0,0.2021817649368431,1.0172630068357709,1.8836323290357497,2.4438854179511167,120.6527541146604,270.6343224577687,368.268282221771,419.47556554879384,268.32815729997475,0.49161720939290043,0.9935371441834155,452.8448169345092
factorial_sensitivity,carbon_glucose,1000000000.0,6e-10,100.0,1.0,8.333333333333334e-18,10.0,0.2021817649368431,1.0172630068357709,1.8836323290357497,2.4438854179511167,38.153750897457904,85.58208719830074,116.45665618184903,132.64982099214473,84.85281374238569,0.49161720939290043,0.9935371441834155,143.20210481150374
supplied_q_scenario,carbon_glucose,1000000000.0,6e-10,100.0,1.0,2.8e-19,0.336,0.2021817649368431,1.0172630068357709,1.8836323290357497,2.4438854179511167,208.14577563582162,466.8885627601479,635.3231453985358,723.6641019271968,462.9100498862757,0.49161720939290043,0.9935371441834155,781.231529732995
factorial_sensitivity,carbon_glucose,1000000000.0,6e-10,100.0,3.1622776601683795,8.333333333333334e-20,0.1,0.2069009579992735,1.0545982635506757,2.0657223639628444,3.568198680989166,385.96462241956436,871.3843869134255,1219.5573385672556,1602.8421788536134,848.528137423857,0.47498961975903997,0.981323103261245,1754.5198883692954
factorial_sensitivity,carbon_glucose,1000000000.0,6e-10,100.0,3.1622776601683795,8.333333333333333e-19,1.0,0.2069009579992735,1.0545982635506757,2.0657223639628444,3.568198680989166,122.05273030927121,275.5559380155845,385.6578927045638,506.8632014964392,268.32815729997475,0.47498961975903997,0.981323103261245,554.8279047311343
factorial_sensitivity,carbon_glucose,1000000000.0,6e-10,100.0,3.1622776601683795,8.333333333333334e-18,10.0,0.2069009579992735,1.0545982635506757,2.0657223639628444,3.568198680989166,38.59646224195644,87.13843869134254,121.95573385672556,160.28421788536136,84.85281374238569,0.47498961975903997,0.981323103261245,175.45198883692956
supplied_q_scenario,carbon_glucose,1000000000.0,6e-10,100.0,3.1622776601683795,2.8e-19,0.336,0.2069009579992735,1.0545982635506757,2.0657223639628444,3.568198680989166,210.56096402532185,475.37915624207847,665.323073609921,874.4220966267417,462.9100498862757,0.47498961975903997,0.981323103261245,957.1690710425912
factorial_sensitivity,carbon_glucose,1000000000.0,6e-10,100.0,10.0,8.333333333333334e-20,0.1,0.22181954594683673,1.1727386508102164,2.656640521202081,7.4119271781160725,399.6374270282032,918.897071811286,1383.0333239895192,2310.1055318412564,848.528137423857,0.432147016866563,0.9536472056341185,2409.801778735991
factorial_sensitivity,carbon_glucose,1000000000.0,6e-10,100.0,10.0,8.333333333333333e-19,1.0,0.22181954594683673,1.1727386508102164,2.656640521202081,7.4119271781160725,126.3764507658458,290.5807682182969,437.3535383720473,730.5195115972997,268.32815729997475,0.432147016866563,0.9536472056341185,762.0462330330848
factorial_sensitivity,carbon_glucose,1000000000.0,6e-10,100.0,10.0,8.333333333333334e-18,10.0,0.22181954594683673,1.1727386508102164,2.656640521202081,7.4119271781160725,39.96374270282032,91.8897071811286,138.30333239895188,231.0105531841256,84.85281374238569,0.432147016866563,0.9536472056341185,240.98017787359908
supplied_q_scenario,carbon_glucose,1000000000.0,6e-10,100.0,10.0,2.8e-19,0.336,0.22181954594683673,1.1727386508102164,2.656640521202081,7.4119271781160725,218.02009046358714,501.2994508867251,754.5065352176614,1260.265888452235,462.9100498862757,0.432147016866563,0.9536472056341185,1314.654650106774
factorial_sensitivity,carbon_glucose,1000000000.0,6e-10,1000.0,1.0,8.333333333333334e-20,0.1,0.20021738065890712,1.0017220337188173,1.8071135812831736,2.0362704615803664,1200.6519648691421,2685.5909299026694,3607.106566936837,3828.987767462654,2683.281572999748,0.4991395242145529,0.9993272706176572,3831.7435285534975
factorial_sensitivity,carbon_glucose,1000000000.0,6e-10,1000.0,1.0,8.333333333333333e-19,1.0,0.20021738065890712,1.0017220337188173,1.8071135812831736,2.0362704615803664,379.67948861429574,849.2584201982036,1140.6672514471015,1210.8322478105147,848.5281374238571,0.4991395242145529,0.9993272706176572,1211.7036959839486
factorial_sensitivity,carbon_glucose,1000000000.0,6e-10,1000.0,1.0,8.333333333333334e-18,10.0,0.20021738065890712,1.0017220337188173,1.8071135812831736,2.0362704615803664,120.06519648691419,268.55909299026695,360.7106566936837,382.89877674626536,268.32815729997475,0.4991395242145529,0.9993272706176572,383.17435285534975
supplied_q_scenario,carbon_glucose,1000000000.0,6e-10,1000.0,1.0,2.8e-19,0.336,0.20021738065890712,1.0017220337188173,1.8071135812831736,2.0362704615803664,655.0093467036074,1465.1099669006933,1967.8379622333746,2088.8840808878067,1463.8501094227997,0.4991395242145529,0.9993272706176572,2090.387471815903
factorial_sensitivity,carbon_glucose,1000000000.0,6e-10,1000.0,3.1622776601683795,8.333333333333334e-20,0.1,0.20068925962583942,1.005454900574495,1.8254089070225823,2.191750017875802,1202.0660003951714,2690.59013677973,3625.319865965291,3972.480349694102,2683.281572999748,0.49729627963627565,0.9978933688559677,4047.7818917309387
factorial_sensitivity,carbon_glucose,1000000000.0,6e-10,1000.0,3.1622776601683795,8.333333333333333e-19,1.0,0.20068925962583942,1.005454900574495,1.8254089070225823,2.191750017875802,380.12664590976044,850.8393082207923,1146.4268023106663,1256.2085865295533,848.5281374238571,0.49729627963627565,0.9978933688559677,1280.0210249454851
factorial_sensitivity,carbon_glucose,1000000000.0,6e-10,1000.0,3.1622776601683795,8.333333333333334e-18,10.0,0.20068925962583942,1.005454900574495,1.8254089070225823,2.191750017875802,120.20660003951713,269.059013677973,362.53198659652907,397.24803496941024,268.32815729997475,0.49729627963627565,0.9978933688559677,404.77818917309384
supplied_q_scenario,carbon_glucose,1000000000.0,6e-10,1000.0,3.1622776601683795,2.8e-19,0.336,0.20068925962583942,1.005454900574495,1.8254089070225823,2.191750017875802,655.7807663266295,1467.837257844607,1977.774131453941,2167.16570228546,1463.8501094227997,0.49729627963627565,0.9978933688559677,2208.246061372449
factorial_sensitivity,carbon_glucose,1000000000.0,6e-10,1000.0,10.0,8.333333333333334e-20,0.1,0.2021817649368431,1.0172630068357709,1.8836323290357497,2.4438854179511167,1206.527541146604,2706.343224577687,3682.68282221771,4194.755655487938,2683.281572999748,0.49161720939290043,0.9935371441834155,4528.448169345091
factorial_sensitivity,carbon_glucose,1000000000.0,6e-10,1000.0,10.0,8.333333333333333e-19,1.0,0.2021817649368431,1.0172630068357709,1.8836323290357497,2.4438854179511167,381.5375089745791,855.8208719830075,1164.5665618184905,1326.4982099214474,848.5281374238571,0.49161720939290043,0.9935371441834155,1432.0210481150377
factorial_sensitivity,carbon_glucose,1000000000.0,6e-10,1000.0,10.0,8.333333333333334e-18,10.0,0.2021817649368431,1.0172630068357709,1.8836323290357497,2.4438854179511167,120.6527541146604,270.6343224577687,368.268282221771,419.47556554879384,268.32815729997475,0.49161720939290043,0.9935371441834155,452.84481693450914
supplied_q_scenario,carbon_glucose,1000000000.0,6e-10,1000.0,10.0,2.8e-19,0.336,0.2021817649368431,1.0172630068357709,1.8836323290357497,2.4438854179511167,658.2147363515785,1476.431271804538,2009.068189681697,2288.4268229901877,1463.8501094227997,0.49161720939290043,0.9935371441834155,2470.4710138938194
factorial_sensitivity,carbon_glucose,10000000000.0,6e-10,10.0,1.0,8.333333333333334e-20,0.1,0.22181954594683673,1.1727386508102164,2.656640521202081,7.4119271781160725,39.96374270282032,91.8897071811286,138.30333239895188,231.0105531841256,84.85281374238569,0.43214701686656054,0.953647205634119,240.98017787359896
factorial_sensitivity,carbon_glucose,10000000000.0,6e-10,10.0,1.0,8.333333333333333e-19,1.0,0.22181954594683673,1.1727386508102164,2.656640521202081,7.4119271781160725,12.637645076584578,29.058076821829687,43.73535383720472,73.05195115972997,26.832815729997478,0.43214701686656054,0.953647205634119,76.20462330330844
factorial_sensitivity,carbon_glucose,10000000000.0,6e-10,10.0,1.0,8.333333333333334e-18,10.0,0.22181954594683673,1.1727386508102164,2.656640521202081,7.4119271781160725,3.9963742702820317,9.18897071811286,13.83033323989519,23.10105531841256,8.48528137423857,0.43214701686656054,0.953647205634119,24.098017787359897
supplied_q_scenario,carbon_glucose,10000000000.0,6e-10,10.0,1.0,2.8e-19,0.336,0.22181954594683673,1.1727386508102164,2.656640521202081,7.4119271781160725,21.802009046358716,50.129945088672514,75.45065352176614,126.0265888452235,46.29100498862758,0.43214701686656054,0.953647205634119,131.46546501067735
factorial_sensitivity,carbon_glucose,10000000000.0,6e-10,10.0,3.1622776601683795,8.333333333333334e-20,0.1,0.26900592207517426,1.5468091864002285,4.565702638967743,19.8436270843776,44.00957440081935,105.53210953108842,181.30929099350575,377.986924386967,84.85281374238569,0.3459006919902734,0.915100428064792,369.1835003418669
factorial_sensitivity,carbon_glucose,10000000000.0,6e-10,10.0,3.1622776601683795,8.333333333333333e-19,1.0,0.26900592207517426,1.5468091864002285,4.565702638967743,19.8436270843776,13.917049396122923,33.372183240060345,57.33503204897312,119.52996068246603,26.832815729997478,0.3459006919902734,0.915100428064792,116.7460735633851
factorial_sensitivity,carbon_glucose,10000000000.0,6e-10,10.0,3.1622776601683795,8.333333333333334e-18,10.0,0.26900592207517426,1.5468091864002285,4.565702638967743,19.8436270843776,4.4009574400819345,10.553210953108843,18.130929099350578,37.798692438696705,8.48528137423857,0.3459006919902734,0.915100428064792,36.91835003418669
supplied_q_scenario,carbon_glucose,10000000000.0,6e-10,10.0,3.1622776601683795,2.8e-19,0.336,0.26900592207517426,1.5468091864002285,4.565702638967743,19.8436270843776,24.009191189826847,57.57248573506945,98.91232740196611,206.20877294128886,46.29100498862758,0.3459006919902734,0.915100428064792,201.40611138635242
factorial_sensitivity,carbon_glucose,10000000000.0,6e-10,10.0,10.0,8.333333333333334e-20,0.1,0.418217826300986,2.731537170114002,10.672144755729535,59.331014997101875,54.87411365450105,140.23932267670438,277.19928254101353,653.5926162213993,84.85281374238569,0.22412473348462636,0.9010069021507336,611.6941964747158
factorial_sensitivity,carbon_glucose,10000000000.0,6e-10,10.0,10.0,8.333333333333333e-19,1.0,0.418217826300986,2.731537170114002,10.672144755729535,59.331014997101875,17.35271837311693,44.34756771776871,87.65810985941498,206.68413291279364,26.832815729997478,0.22412473348462636,0.9010069021507336,193.4346892366641
factorial_sensitivity,carbon_glucose,10000000000.0,6e-10,10.0,10.0,8.333333333333334e-18,10.0,0.418217826300986,2.731537170114002,10.672144755729535,59.331014997101875,5.487411365450105,14.023932267670439,27.719928254101355,65.35926162213994,8.48528137423857,0.22412473348462636,0.9010069021507336,61.16941964747158
supplied_q_scenario,carbon_glucose,10000000000.0,6e-10,10.0,10.0,2.8e-19,0.336,0.418217826300986,2.731537170114002,10.672144755729535,59.331014997101875,29.936283275638207,76.5068228065875,151.22460652757684,356.5640044641411,46.29100498862758,0.22412473348462636,0.9010069021507336,333.70654256078274
factorial_sensitivity,carbon_glucose,10000000000.0,6e-10,100.0,1.0,8.333333333333334e-20,0.1,0.2021817649368431,1.0172630068357709,1.8836323290357497,2.4438854179511167,120.6527541146604,270.6343224577687,368.268282221771,419.47556554879384,268.32815729997475,0.49161720939290043,0.9935371441834155,452.84481693450914
factorial_sensitivity,carbon_glucose,10000000000.0,6e-10,100.0,1.0,8.333333333333333e-19,1.0,0.2021817649368431,1.0172630068357709,1.8836323290357497,2.4438854179511167,38.153750897457904,85.58208719830074,116.45665618184903,132.64982099214473,84.85281374238569,0.49161720939290043,0.9935371441834155,143.20210481150374
factorial_sensitivity,carbon_glucose,10000000000.0,6e-10,100.0,1.0,8.333333333333334e-18,10.0,0.2021817649368431,1.0172630068357709,1.8836323290357497,2.4438854179511167,12.06527541146604,27.063432245776866,36.8268282221771,41.947556554879384,26.832815729997478,0.49161720939290043,0.9935371441834155,45.28448169345091
supplied_q_scenario,carbon_glucose,10000000000.0,6e-10,100.0,1.0,2.8e-19,0.336,0.2021817649368431,1.0172630068357709,1.8836323290357497,2.4438854179511167,65.82147363515784,147.64312718045383,200.90681896816972,228.84268229901878,146.38501094227996,0.49161720939290043,0.9935371441834155,247.04710138938194
factorial_sensitivity,carbon_glucose,10000000000.0,6e-10,100.0,3.1622776601683795,8.333333333333334e-20,0.1,0.2069009579992735,1.0545982635506757,2.0657223639628444,3.568198680989166,122.05273030927121,275.5559380155845,385.6578927045638,506.8632014964392,268.32815729997475,0.47498961975903997,0.981323103261245,554.8279047311343
factorial_sensitivity,carbon_glucose,10000000000.0,6e-10,100.0,3.1622776601683795,8.333333333333333e-19,1.0,0.2069009579992735,1.0545982635506757,2.0657223639628444,3.568198680989166,38.59646224195644,87.13843869134254,121.95573385672556,160.28421788536136,84.85281374238569,0.47498961975903997,0.981323103261245,175.45198883692956
factorial_sensitivity,carbon_glucose,10000000000.0,6e-10,100.0,3.1622776601683795,8.333333333333334e-18,10.0,0.2069009579992735,1.0545982635506757,2.0657223639628444,3.568198680989166,12.205273030927122,27.55559380155845,38.56578927045637,50.68632014964392,26.832815729997478,0.47498961975903997,0.981323103261245,55.48279047311342
supplied_q_scenario,carbon_glucose,10000000000.0,6e-10,100.0,3.1622776601683795,2.8e-19,0.336,0.2069009579992735,1.0545982635506757,2.0657223639628444,3.568198680989166,66.58522326407932,150.32808858940186,210.39362924712154,276.51654617203417,146.38501094227996,0.47498961975903997,0.981323103261245,302.6834370362107
factorial_sensitivity,carbon_glucose,10000000000.0,6e-10,100.0,10.0,8.333333333333334e-20,0.1,0.22181954594683673,1.1727386508102164,2.656640521202081,7.4119271781160725,126.3764507658458,290.5807682182969,437.3535383720473,730.5195115972997,268.32815729997475,0.432147016866563,0.9536472056341185,762.0462330330847
factorial_sensitivity,carbon_glucose,10000000000.0,6e-10,100.0,10.0,8.333333333333333e-19,1.0,0.22181954594683673,1.1727386508102164,2.656640521202081,7.4119271781160725,39.96374270282032,91.8897071811286,138.30333239895188,231.0105531841256,84.85281374238569,0.432147016866563,0.9536472056341185,240.98017787359908
factorial_sensitivity,carbon_glucose,10000000000.0,6e-10,100.0,10.0,8.333333333333334e-18,10.0,0.22181954594683673,1.1727386508102164,2.656640521202081,7.4119271781160725,12.637645076584578,29.058076821829687,43.73535383720472,73.05195115972997,26.832815729997478,0.432147016866563,0.9536472056341185,76.20462330330847
supplied_q_scenario,carbon_glucose,10000000000.0,6e-10,100.0,10.0,2.8e-19,0.336,0.22181954594683673,1.1727386508102164,2.656640521202081,7.4119271781160725,68.94400615408908,158.52480545937664,238.59591607698573,398.53106649247576,146.38501094227996,0.432147016866563,0.9536472056341185,415.7303030869129
factorial_sensitivity,carbon_glucose,10000000000.0,6e-10,1000.0,1.0,8.333333333333334e-20,0.1,0.20021738065890712,1.0017220337188173,1.8071135812831736,2.0362704615803664,379.67948861429574,849.2584201982035,1140.6672514471015,1210.8322478105144,848.528137423857,0.4991395242145529,0.9993272706176572,1211.7036959839484
factorial_sensitivity,carbon_glucose,10000000000.0,6e-10,1000.0,1.0,8.333333333333333e-19,1.0,0.20021738065890712,1.0017220337188173,1.8071135812831736,2.0362704615803664,120.06519648691419,268.55909299026695,360.7106566936837,382.89877674626536,268.32815729997475,0.4991395242145529,0.9993272706176572,383.17435285534975
factorial_sensitivity,carbon_glucose,10000000000.0,6e-10,1000.0,1.0,8.333333333333334e-18,10.0,0.20021738065890712,1.0017220337188173,1.8071135812831736,2.0362704615803664,37.96794886142957,84.92584201982034,114.06672514471015,121.08322478105146,84.85281374238569,0.4991395242145529,0.9993272706176572,121.17036959839483
supplied_q_scenario,carbon_glucose,10000000000.0,6e-10,1000.0,1.0,2.8e-19,0.336,0.20021738065890712,1.0017220337188173,1.8071135812831736,2.0362704615803664,207.13214242823028,463.30845180200964,622.2850026801868,660.5631463672871,462.9100498862758,0.4991395242145529,0.9993272706176572,661.0385603219289
factorial_sensitivity,carbon_glucose,10000000000.0,6e-10,1000.0,3.1622776601683795,8.333333333333334e-20,0.1,0.20068925962583942,1.005454900574495,1.8254089070225823,2.191750017875802,380.1266459097604,850.8393082207923,1146.426802310666,1256.208586529553,848.528137423857,0.49729627963627565,0.9978933688559677,1280.021024945485
factorial_sensitivity,carbon_glucose,10000000000.0,6e-10,1000.0,3.1622776601683795,8.333333333333333e-19,1.0,0.20068925962583942,1.005454900574495,1.8254089070225823,2.191750017875802,120.20660003951713,269.059013677973,362.53198659652907,397.24803496941024,268.32815729997475,0.49729627963627565,0.9978933688559677,404.77818917309384
factorial_sensitivity,carbon_glucose,10000000000.0,6e-10,1000.0,3.1622776601683795,8.333333333333334e-18,10.0,0.20068925962583942,1.005454900574495,1.8254089070225823,2.191750017875802,38.012664590976044,85.08393082207921,114.64268023106662,125.6208586529553,84.85281374238569,0.49729627963627565,0.9978933688559677,128.00210249454847
supplied_q_scenario,carbon_glucose,10000000000.0,6e-10,1000.0,3.1622776601683795,2.8e-19,0.336,0.20068925962583942,1.005454900574495,1.8254089070225823,2.191750017875802,207.3760867322801,464.1708969244814,625.4270952755718,685.3179686220428,462.9100498862758,0.49729627963627565,0.9978933688559677,698.3087188032907
factorial_sensitivity,carbon_glucose,10000000000.0,6e-10,1000.0,10.0,8.333333333333334e-20,0.1,0.2021817649368431,1.0172630068357709,1.8836323290357497,2.4438854179511167,381.53750897457905,855.8208719830074,1164.5665618184903,1326.4982099214474,848.528137423857,0.49161720939290043,0.9935371441834155,1432.0210481150375
factorial_sensitivity,carbon_glucose,10000000000.0,6e-10,1000.0,10.0,8.333333333333333e-19,1.0,0.2021817649368431,1.0172630068357709,1.8836323290357497,2.4438854179511167,120.6527541146604,270.6343224577687,368.268282221771,419.47556554879384,268.32815729997475,0.49161720939290043,0.9935371441834155,452.84481693450914
factorial_sensitivity,carbon_glucose,10000000000.0,6e-10,1000.0,10.0,8.333333333333334e-18,10.0,0.2021817649368431,1.0172630068357709,1.8836323290357497,2.4438854179511167,38.153750897457904,85.58208719830074,116.45665618184903,132.64982099214473,84.85281374238569,0.49161720939290043,0.9935371441834155,143.20210481150374
supplied_q_scenario,carbon_glucose,10000000000.0,6e-10,1000.0,10.0,2.8e-19,0.336,0.2021817649368431,1.0172630068357709,1.8836323290357497,2.4438854179511167,208.14577563582165,466.888562760148,635.3231453985359,723.664101927197,462.9100498862758,0.49161720939290043,0.9935371441834155,781.2315297329951
factorial_sensitivity,carbon_glucose,100000000000.0,6e-10,10.0,1.0,8.333333333333334e-20,0.1,0.22181954594683673,1.1727386508102164,2.656640521202081,7.4119271781160725,12.637645076584578,29.058076821829687,43.73535383720472,73.05195115972997,26.832815729997478,0.43214701686656054,0.953647205634119,76.20462330330844
factorial_sensitivity,carbon_glucose,100000000000.0,6e-10,10.0,1.0,8.333333333333333e-19,1.0,0.22181954594683673,1.1727386508102164,2.656640521202081,7.4119271781160725,3.9963742702820326,9.188970718112861,13.830333239895193,23.101055318412566,8.485281374238571,0.43214701686656054,0.953647205634119,24.098017787359897
factorial_sensitivity,carbon_glucose,100000000000.0,6e-10,10.0,1.0,8.333333333333334e-18,10.0,0.22181954594683673,1.1727386508102164,2.656640521202081,7.4119271781160725,1.263764507658458,2.905807682182969,4.373535383720473,7.305195115972997,2.6832815729997477,0.43214701686656054,0.953647205634119,7.620462330330844
supplied_q_scenario,carbon_glucose,100000000000.0,6e-10,10.0,1.0,2.8e-19,0.336,0.22181954594683673,1.1727386508102164,2.656640521202081,7.4119271781160725,6.894400615408908,15.852480545937665,23.85959160769857,39.85310664924757,14.638501094227998,0.43214701686656054,0.953647205634119,41.57303030869127
factorial_sensitivity,carbon_glucose,100000000000.0,6e-10,10.0,3.1622776601683795,8.333333333333334e-20,0.1,0.26900592207517426,1.5468091864002285,4.565702638967743,19.8436270843776,13.917049396122923,33.372183240060345,57.33503204897312,119.52996068246603,26.832815729997478,0.3459006919902734,0.915100428064792,116.7460735633851
factorial_sensitivity,carbon_glucose,100000000000.0,6e-10,10.0,3.1622776601683795,8.333333333333333e-19,1.0,0.26900592207517426,1.5468091864002285,4.565702638967743,19.8436270843776,4.400957440081935,10.553210953108845,18.13092909935058,37.79869243869671,8.485281374238571,0.3459006919902734,0.915100428064792,36.91835003418669
factorial_sensitivity,carbon_glucose,100000000000.0,6e-10,10.0,3.1622776601683795,8.333333333333334e-18,10.0,0.26900592207517426,1.5468091864002285,4.565702638967743,19.8436270843776,1.3917049396122922,3.3372183240060345,5.733503204897312,11.952996068246604,2.6832815729997477,0.3459006919902734,0.915100428064792,11.674607356338509
supplied_q_scenario,carbon_glucose,100000000000.0,6e-10,10.0,3.1622776601683795,2.8e-19,0.336,0.26900592207517426,1.5468091864002285,4.565702638967743,19.8436270843776,7.59237289383009,18.20601854803728,31.2788243258498,65.20893960029714,14.638501094227998,0.3459006919902734,0.915100428064792,63.690204665844654
factorial_sensitivity,carbon_glucose,100000000000.0,6e-10,10.0,10.0,8.333333333333334e-20,0.1,0.418217826300986,2.731537170114002,10.672144755729535,59.331014997101875,17.35271837311693,44.34756771776871,87.65810985941498,206.68413291279364,26.832815729997478,0.22412473348462636,0.9010069021507336,193.4346892366641
factorial_sensitivity,carbon_glucose,100000000000.0,6e-10,10.0,10.0,8.333333333333333e-19,1.0,0.418217826300986,2.731537170114002,10.672144755729535,59.331014997101875,5.487411365450106,14.02393226767044,27.719928254101358,65.35926162213995,8.485281374238571,0.22412473348462636,0.9010069021507336,61.16941964747158
factorial_sensitivity,carbon_glucose,100000000000.0,6e-10,10.0,10.0,8.333333333333334e-18,10.0,0.418217826300986,2.731537170114002,10.672144755729535,59.331014997101875,1.735271837311693,4.434756771776871,8.7658109859415,20.668413291279364,2.6832815729997477,0.22412473348462636,0.9010069021507336,19.34346892366641
supplied_q_scenario,carbon_glucose,100000000000.0,6e-10,10.0,10.0,2.8e-19,0.336,0.418217826300986,2.731537170114002,10.672144755729535,59.331014997101875,9.466683983102296,24.193581661173226,47.82141948899095,112.75543857371316,14.638501094227998,0.22412473348462636,0.9010069021507336,105.52727445919916
factorial_sensitivity,carbon_glucose,100000000000.0,6e-10,100.0,1.0,8.333333333333334e-20,0.1,0.2021817649368431,1.0172630068357709,1.8836323290357497,2.4438854179511167,38.153750897457904,85.58208719830074,116.45665618184903,132.64982099214473,84.85281374238569,0.49161720939290043,0.9935371441834155,143.20210481150374
factorial_sensitivity,carbon_glucose,100000000000.0,6e-10,100.0,1.0,8.333333333333333e-19,1.0,0.2021817649368431,1.0172630068357709,1.8836323290357497,2.4438854179511167,12.06527541146604,27.063432245776866,36.8268282221771,41.947556554879384,26.832815729997478,0.49161720939290043,0.9935371441834155,45.28448169345091
factorial_sensitivity,carbon_glucose,100000000000.0,6e-10,100.0,1.0,8.333333333333334e-18,10.0,0.2021817649368431,1.0172630068357709,1.8836323290357497,2.4438854179511167,3.815375089745791,8.558208719830073,11.645665618184903,13.264982099214471,8.48528137423857,0.49161720939290043,0.9935371441834155,14.320210481150378
supplied_q_scenario,carbon_glucose,100000000000.0,6e-10,100.0,1.0,2.8e-19,0.336,0.2021817649368431,1.0172630068357709,1.8836323290357497,2.4438854179511167,20.814577563582166,46.688856276014796,63.532314539853594,72.3664101927197,46.29100498862758,0.49161720939290043,0.9935371441834155,78.12315297329951
factorial_sensitivity,carbon_glucose,100000000000.0,6e-10,100.0,3.1622776601683795,8.333333333333334e-20,0.1,0.2069009579992735,1.0545982635506757,2.0657223639628444,3.568198680989166,38.59646224195644,87.13843869134254,121.95573385672556,160.28421788536136,84.85281374238569,0.47498961975903997,0.981323103261245,175.45198883692956
factorial_sensitivity,carbon_glucose,100000000000.0,6e-10,100.0,3.1622776601683795,8.333333333333333e-19,1.0,0.2069009579992735,1.0545982635506757,2.0657223639628444,3.568198680989166,12.205273030927122,27.55559380155845,38.56578927045637,50.68632014964392,26.832815729997478,0.47498961975903997,0.981323103261245,55.48279047311342
factorial_sensitivity,carbon_glucose,100000000000.0,6e-10,100.0,3.1622776601683795,8.333333333333334e-18,10.0,0.2069009579992735,1.0545982635506757,2.0657223639628444,3.568198680989166,3.8596462241956435,8.713843869134255,12.195573385672557,16.028421788536136,8.48528137423857,0.47498961975903997,0.981323103261245,17.545198883692958
supplied_q_scenario,carbon_glucose,100000000000.0,6e-10,100.0,3.1622776601683795,2.8e-19,0.336,0.2069009579992735,1.0545982635506757,2.0657223639628444,3.568198680989166,21.056096402532187,47.53791562420785,66.5323073609921,87.44220966267417,46.29100498862758,0.47498961975903997,0.981323103261245,95.71690710425914
factorial_sensitivity,carbon_glucose,100000000000.0,6e-10,100.0,10.0,8.333333333333334e-20,0.1,0.22181954594683673,1.1727386508102164,2.656640521202081,7.4119271781160725,39.96374270282032,91.8897071811286,138.30333239895188,231.0105531841256,84.85281374238569,0.432147016866563,0.9536472056341185,240.98017787359908
factorial_sensitivity,carbon_glucose,100000000000.0,6e-10,100.0,10.0,8.333333333333333e-19,1.0,0.22181954594683673,1.1727386508102164,2.656640521202081,7.4119271781160725,12.637645076584578,29.058076821829687,43.73535383720472,73.05195115972997,26.832815729997478,0.432147016866563,0.9536472056341185,76.20462330330847
factorial_sensitivity,carbon_glucose,100000000000.0,6e-10,100.0,10.0,8.333333333333334e-18,10.0,0.22181954594683673,1.1727386508102164,2.656640521202081,7.4119271781160725,3.9963742702820317,9.18897071811286,13.83033323989519,23.10105531841256,8.48528137423857,0.432147016866563,0.9536472056341185,24.098017787359908
supplied_q_scenario,carbon_glucose,100000000000.0,6e-10,100.0,10.0,2.8e-19,0.336,0.22181954594683673,1.1727386508102164,2.656640521202081,7.4119271781160725,21.802009046358716,50.129945088672514,75.45065352176614,126.0265888452235,46.29100498862758,0.432147016866563,0.9536472056341185,131.4654650106774
factorial_sensitivity,carbon_glucose,100000000000.0,6e-10,1000.0,1.0,8.333333333333334e-20,0.1,0.20021738065890712,1.0017220337188173,1.8071135812831736,2.0362704615803664,120.06519648691419,268.55909299026695,360.7106566936837,382.89877674626536,268.32815729997475,0.4991395242145529,0.9993272706176572,383.17435285534975
factorial_sensitivity,carbon_glucose,100000000000.0,6e-10,1000.0,1.0,8.333333333333333e-19,1.0,0.20021738065890712,1.0017220337188173,1.8071135812831736,2.0362704615803664,37.96794886142957,84.92584201982034,114.06672514471015,121.08322478105146,84.85281374238569,0.4991395242145529,0.9993272706176572,121.17036959839484
factorial_sensitivity,carbon_glucose,100000000000.0,6e-10,1000.0,1.0,8.333333333333334e-18,10.0,0.20021738065890712,1.0017220337188173,1.8071135812831736,2.0362704615803664,12.00651964869142,26.855909299026692,36.071065669368366,38.28987767462654,26.832815729997478,0.4991395242145529,0.9993272706176572,38.31743528553497
supplied_q_scenario,carbon_glucose,100000000000.0,6e-10,1000.0,1.0,2.8e-19,0.336,0.20021738065890712,1.0017220337188173,1.8071135812831736,2.0362704615803664,65.50093467036073,146.51099669006936,196.78379622333748,208.88840808878072,146.38501094227996,0.4991395242145529,0.9993272706176572,209.0387471815903
factorial_sensitivity,carbon_glucose,100000000000.0,6e-10,1000.0,3.1622776601683795,8.333333333333334e-20,0.1,0.20068925962583942,1.005454900574495,1.8254089070225823,2.191750017875802,120.20660003951713,269.059013677973,362.53198659652907,397.24803496941024,268.32815729997475,0.49729627963627565,0.9978933688559677,404.77818917309384
factorial_sensitivity,carbon_glucose,100000000000.0,6e-10,1000.0,3.1622776601683795,8.333333333333333e-19,1.0,0.20068925962583942,1.005454900574495,1.8254089070225823,2.191750017875802,38.012664590976044,85.08393082207921,114.64268023106662,125.6208586529553,84.85281374238569,0.49729627963627565,0.9978933688559677,128.0021024945485
factorial_sensitivity,carbon_glucose,100000000000.0,6e-10,1000.0,3.1622776601683795,8.333333333333334e-18,10.0,0.20068925962583942,1.005454900574495,1.8254089070225823,2.191750017875802,12.020660003951713,26.905901367797295,36.2531986596529,39.72480349694102,26.832815729997478,0.49729627963627565,0.9978933688559677,40.477818917309385
supplied_q_scenario,carbon_glucose,100000000000.0,6e-10,1000.0,3.1622776601683795,2.8e-19,0.336,0.20068925962583942,1.005454900574495,1.8254089070225823,2.191750017875802,65.57807663266296,146.78372578446067,197.7774131453941,216.71657022854606,146.38501094227996,0.49729627963627565,0.9978933688559677,220.8246061372449
factorial_sensitivity,carbon_glucose,100000000000.0,6e-10,1000.0,10.0,8.333333333333334e-20,0.1,0.2021817649368431,1.0172630068357709,1.8836323290357497,2.4438854179511167,120.6527541146604,270.6343224577687,368.268282221771,419.47556554879384,268.32815729997475,0.49161720939290043,0.9935371441834155,452.84481693450914
factorial_sensitivity,carbon_glucose,100000000000.0,6e-10,1000.0,10.0,8.333333333333333e-19,1.0,0.2021817649368431,1.0172630068357709,1.8836323290357497,2.4438854179511167,38.153750897457904,85.58208719830074,116.45665618184903,132.64982099214473,84.85281374238569,0.49161720939290043,0.9935371441834155,143.20210481150374
factorial_sensitivity,carbon_glucose,100000000000.0,6e-10,1000.0,10.0,8.333333333333334e-18,10.0,0.2021817649368431,1.0172630068357709,1.8836323290357497,2.4438854179511167,12.06527541146604,27.063432245776866,36.8268282221771,41.947556554879384,26.832815729997478,0.49161720939290043,0.9935371441834155,45.28448169345091
supplied_q_scenario,carbon_glucose,100000000000.0,6e-10,1000.0,10.0,2.8e-19,0.336,0.2021817649368431,1.0172630068357709,1.8836323290357497,2.4438854179511167,65.82147363515784,147.64312718045383,200.90681896816972,228.84268229901878,146.38501094227996,0.49161720939290043,0.9935371441834155,247.04710138938194
factorial_sensitivity,carbon_glucose,1000000000000.0,6e-10,10.0,1.0,8.333333333333334e-20,0.1,0.22181954594683673,1.1727386508102164,2.656640521202081,7.4119271781160725,3.9963742702820326,9.188970718112861,13.830333239895193,23.101055318412566,8.485281374238571,0.43214701686656054,0.953647205634119,24.098017787359897
factorial_sensitivity,carbon_glucose,1000000000000.0,6e-10,10.0,1.0,8.333333333333333e-19,1.0,0.22181954594683673,1.1727386508102164,2.656640521202081,7.4119271781160725,1.263764507658458,2.905807682182969,4.373535383720473,7.305195115972997,2.6832815729997477,0.43214701686656054,0.953647205634119,7.620462330330844
factorial_sensitivity,carbon_glucose,1000000000000.0,6e-10,10.0,1.0,8.333333333333334e-18,10.0,0.22181954594683673,1.1727386508102164,2.656640521202081,7.4119271781160725,0.39963742702820315,0.918897071811286,1.383033323989519,2.310105531841256,0.848528137423857,0.43214701686656054,0.953647205634119,2.4098017787359898
supplied_q_scenario,carbon_glucose,1000000000000.0,6e-10,10.0,1.0,2.8e-19,0.336,0.22181954594683673,1.1727386508102164,2.656640521202081,7.4119271781160725,2.1802009046358717,5.0129945088672505,7.545065352176614,12.60265888452235,4.6291004988627575,0.43214701686656054,0.953647205634119,13.146546501067736
factorial_sensitivity,carbon_glucose,1000000000000.0,6e-10,10.0,3.1622776601683795,8.333333333333334e-20,0.1,0.26900592207517426,1.5468091864002285,4.565702638967743,19.8436270843776,4.400957440081935,10.553210953108845,18.13092909935058,37.79869243869671,8.485281374238571,0.3459006919902734,0.915100428064792,36.91835003418669
factorial_sensitivity,carbon_glucose,1000000000000.0,6e-10,10.0,3.1622776601683795,8.333333333333333e-19,1.0,0.26900592207517426,1.5468091864002285,4.565702638967743,19.8436270843776,1.3917049396122922,3.3372183240060345,5.733503204897312,11.952996068246604,2.6832815729997477,0.3459006919902734,0.915100428064792,11.674607356338509
factorial_sensitivity,carbon_glucose,1000000000000.0,6e-10,10.0,3.1622776601683795,8.333333333333334e-18,10.0,0.26900592207517426,1.5468091864002285,4.565702638967743,19.8436270843776,0.44009574400819357,1.0553210953108842,1.8130929099350575,3.7798692438696704,0.848528137423857,0.3459006919902734,0.915100428064792,3.691835003418669
supplied_q_scenario,carbon_glucose,1000000000000.0,6e-10,10.0,3.1622776601683795,2.8e-19,0.336,0.26900592207517426,1.5468091864002285,4.565702638967743,19.8436270843776,2.4009191189826846,5.757248573506946,9.89123274019661,20.62087729412888,4.6291004988627575,0.3459006919902734,0.915100428064792,20.14061113863524
factorial_sensitivity,carbon_glucose,1000000000000.0,6e-10,10.0,10.0,8.333333333333334e-20,0.1,0.418217826300986,2.731537170114002,10.672144755729535,59.331014997101875,5.487411365450106,14.02393226767044,27.719928254101358,65.35926162213995,8.485281374238571,0.22412473348462636,0.9010069021507336,61.16941964747158
factorial_sensitivity,carbon_glucose,1000000000000.0,6e-10,10.0,10.0,8.333333333333333e-19,1.0,0.418217826300986,2.731537170114002,10.672144755729535,59.331014997101875,1.735271837311693,4.434756771776871,8.7658109859415,20.668413291279364,2.6832815729997477,0.22412473348462636,0.9010069021507336,19.34346892366641
factorial_sensitivity,carbon_glucose,1000000000000.0,6e-10,10.0,10.0,8.333333333333334e-18,10.0,0.418217826300986,2.731537170114002,10.672144755729535,59.331014997101875,0.5487411365450106,1.402393226767044,2.7719928254101354,6.535926162213994,0.848528137423857,0.22412473348462636,0.9010069021507336,6.1169419647471575
supplied_q_scenario,carbon_glucose,1000000000000.0,6e-10,10.0,10.0,2.8e-19,0.336,0.418217826300986,2.731537170114002,10.672144755729535,59.331014997101875,2.9936283275638202,7.650682280658749,15.122460652757685,35.65640044641411,4.6291004988627575,0.22412473348462636,0.9010069021507336,33.37065425607827
factorial_sensitivity,carbon_glucose,1000000000000.0,6e-10,100.0,1.0,8.333333333333334e-20,0.1,0.2021817649368431,1.0172630068357709,1.8836323290357497,2.4438854179511167,12.06527541146604,27.063432245776866,36.8268282221771,41.947556554879384,26.832815729997478,0.49161720939290043,0.9935371441834155,45.28448169345091
factorial_sensitivity,carbon_glucose,1000000000000.0,6e-10,100.0,1.0,8.333333333333333e-19,1.0,0.2021817649368431,1.0172630068357709,1.8836323290357497,2.4438854179511167,3.815375089745791,8.558208719830073,11.645665618184903,13.264982099214471,8.48528137423857,0.49161720939290043,0.9935371441834155,14.320210481150378
factorial_sensitivity,carbon_glucose,1000000000000.0,6e-10,100.0,1.0,8.333333333333334e-18,10.0,0.2021817649368431,1.0172630068357709,1.8836323290357497,2.4438854179511167,1.2065275411466039,2.7063432245776866,3.6826828222177097,4.1947556554879375,2.6832815729997472,0.49161720939290043,0.9935371441834155,4.528448169345091
supplied_q_scenario,carbon_glucose,1000000000000.0,6e-10,100.0,1.0,2.8e-19,0.336,0.2021817649368431,1.0172630068357709,1.8836323290357497,2.4438854179511167,6.5821473635157846,14.764312718045382,20.09068189681697,22.884268229901878,14.638501094227998,0.49161720939290043,0.9935371441834155,24.704710138938193
factorial_sensitivity,carbon_glucose,1000000000000.0,6e-10,100.0,3.1622776601683795,8.333333333333334e-20,0.1,0.2069009579992735,1.0545982635506757,2.0657223639628444,3.568198680989166,12.205273030927122,27.55559380155845,38.56578927045637,50.68632014964392,26.832815729997478,0.47498961975903997,0.981323103261245,55.48279047311342
factorial_sensitivity,carbon_glucose,1000000000000.0,6e-10,100.0,3.1622776601683795,8.333333333333333e-19,1.0,0.2069009579992735,1.0545982635506757,2.0657223639628444,3.568198680989166,3.8596462241956435,8.713843869134255,12.195573385672557,16.028421788536136,8.48528137423857,0.47498961975903997,0.981323103261245,17.545198883692958
factorial_sensitivity,carbon_glucose,1000000000000.0,6e-10,100.0,3.1622776601683795,8.333333333333334e-18,10.0,0.2069009579992735,1.0545982635506757,2.0657223639628444,3.568198680989166,1.220527303092712,2.755559380155845,3.8565789270456374,5.0686320149643915,2.6832815729997472,0.47498961975903997,0.981323103261245,5.548279047311342
supplied_q_scenario,carbon_glucose,1000000000000.0,6e-10,100.0,3.1622776601683795,2.8e-19,0.336,0.2069009579992735,1.0545982635506757,2.0657223639628444,3.568198680989166,6.658522326407931,15.032808858940184,21.039362924712155,27.651654617203413,14.638501094227998,0.47498961975903997,0.981323103261245,30.26834370362107
factorial_sensitivity,carbon_glucose,1000000000000.0,6e-10,100.0,10.0,8.333333333333334e-20,0.1,0.22181954594683673,1.1727386508102164,2.656640521202081,7.4119271781160725,12.637645076584578,29.058076821829687,43.73535383720472,73.05195115972997,26.832815729997478,0.432147016866563,0.9536472056341185,76.20462330330847
factorial_sensitivity,carbon_glucose,1000000000000.0,6e-10,100.0,10.0,8.333333333333333e-19,1.0,0.22181954594683673,1.1727386508102164,2.656640521202081,7.4119271781160725,3.9963742702820317,9.18897071811286,13.83033323989519,23.10105531841256,8.48528137423857,0.432147016866563,0.9536472056341185,24.098017787359908
factorial_sensitivity,carbon_glucose,1000000000000.0,6e-10,100.0,10.0,8.333333333333334e-18,10.0,0.22181954594683673,1.1727386508102164,2.656640521202081,7.4119271781160725,1.2637645076584578,2.9058076821829686,4.373535383720472,7.305195115972996,2.6832815729997472,0.432147016866563,0.9536472056341185,7.620462330330847
supplied_q_scenario,carbon_glucose,1000000000000.0,6e-10,100.0,10.0,2.8e-19,0.336,0.22181954594683673,1.1727386508102164,2.656640521202081,7.4119271781160725,6.894400615408908,15.852480545937665,23.85959160769857,39.85310664924757,14.638501094227998,0.432147016866563,0.9536472056341185,41.57303030869129
factorial_sensitivity,carbon_glucose,1000000000000.0,6e-10,1000.0,1.0,8.333333333333334e-20,0.1,0.20021738065890712,1.0017220337188173,1.8071135812831736,2.0362704615803664,37.96794886142957,84.92584201982034,114.06672514471015,121.08322478105146,84.85281374238569,0.4991395242145529,0.9993272706176572,121.17036959839484
factorial_sensitivity,carbon_glucose,1000000000000.0,6e-10,1000.0,1.0,8.333333333333333e-19,1.0,0.20021738065890712,1.0017220337188173,1.8071135812831736,2.0362704615803664,12.00651964869142,26.855909299026692,36.071065669368366,38.28987767462654,26.832815729997478,0.4991395242145529,0.9993272706176572,38.31743528553497
factorial_sensitivity,carbon_glucose,1000000000000.0,6e-10,1000.0,1.0,8.333333333333334e-18,10.0,0.20021738065890712,1.0017220337188173,1.8071135812831736,2.0362704615803664,3.796794886142957,8.492584201982034,11.406672514471014,12.108322478105146,8.48528137423857,0.4991395242145529,0.9993272706176572,12.117036959839485
supplied_q_scenario,carbon_glucose,1000000000000.0,6e-10,1000.0,1.0,2.8e-19,0.336,0.20021738065890712,1.0017220337188173,1.8071135812831736,2.0362704615803664,20.713214242823025,46.33084518020096,62.22850026801868,66.05631463672869,46.29100498862757,0.4991395242145529,0.9993272706176572,66.10385603219287
factorial_sensitivity,carbon_glucose,1000000000000.0,6e-10,1000.0,3.1622776601683795,8.333333333333334e-20,0.1,0.20068925962583942,1.005454900574495,1.8254089070225823,2.191750017875802,38.012664590976044,85.08393082207921,114.64268023106662,125.6208586529553,84.85281374238569,0.49729627963627565,0.9978933688559677,128.0021024945485
factorial_sensitivity,carbon_glucose,1000000000000.0,6e-10,1000.0,3.1622776601683795,8.333333333333333e-19,1.0,0.20068925962583942,1.005454900574495,1.8254089070225823,2.191750017875802,12.020660003951713,26.905901367797295,36.2531986596529,39.72480349694102,26.832815729997478,0.49729627963627565,0.9978933688559677,40.477818917309385
factorial_sensitivity,carbon_glucose,1000000000000.0,6e-10,1000.0,3.1622776601683795,8.333333333333334e-18,10.0,0.20068925962583942,1.005454900574495,1.8254089070225823,2.191750017875802,3.801266459097604,8.508393082207922,11.464268023106662,12.56208586529553,8.48528137423857,0.49729627963627565,0.9978933688559677,12.80021024945485
supplied_q_scenario,carbon_glucose,1000000000000.0,6e-10,1000.0,3.1622776601683795,2.8e-19,0.336,0.20068925962583942,1.005454900574495,1.8254089070225823,2.191750017875802,20.73760867322801,46.41708969244813,62.542709527557165,68.53179686220429,46.29100498862757,0.49729627963627565,0.9978933688559677,69.83087188032906
factorial_sensitivity,carbon_glucose,1000000000000.0,6e-10,1000.0,10.0,8.333333333333334e-20,0.1,0.2021817649368431,1.0172630068357709,1.8836323290357497,2.4438854179511167,38.153750897457904,85.58208719830074,116.45665618184903,132.64982099214473,84.85281374238569,0.49161720939290043,0.9935371441834155,143.20210481150374
factorial_sensitivity,carbon_glucose,1000000000000.0,6e-10,1000.0,10.0,8.333333333333333e-19,1.0,0.2021817649368431,1.0172630068357709,1.8836323290357497,2.4438854179511167,12.06527541146604,27.063432245776866,36.8268282221771,41.947556554879384,26.832815729997478,0.49161720939290043,0.9935371441834155,45.28448169345091
factorial_sensitivity,carbon_glucose,1000000000000.0,6e-10,1000.0,10.0,8.333333333333334e-18,10.0,0.2021817649368431,1.0172630068357709,1.8836323290357497,2.4438854179511167,3.815375089745791,8.558208719830073,11.645665618184903,13.264982099214471,8.48528137423857,0.49161720939290043,0.9935371441834155,14.320210481150378
supplied_q_scenario,carbon_glucose,1000000000000.0,6e-10,1000.0,10.0,2.8e-19,0.336,0.2021817649368431,1.0172630068357709,1.8836323290357497,2.4438854179511167,20.814577563582162,46.68885627601479,63.53231453985358,72.36641019271968,46.29100498862757,0.49161720939290043,0.9935371441834155,78.1231529732995
